"","iso","iso3","country","isoName","year","survey","population","fr_urban","excreted_urban","excreted_rural","flushSewer","flushSeptic","flushPit","flushOpen","flushUnknown","pitSlab","pitNoSlab","compostingTwinSlab","compostingTwinNoSlab","compostingToilet","bucketLatrine","containerBased","hangingToilet","openDefecation","other","coverBury","sewageTreated","fecalSludgeTreated","isWatertight","hasLeach","emptyFrequency","pitAdditive","urine","region"
"1","ALB.1_1","ALB","Albania","Berat",2018,"DHS18",2880547,0.49792785,5.24e+18,5.28e+18,0.7182038537,0.00986126285,0.260822314,NA,0.00947165672,0.00081228797,0,0,0,0,NA,0,0,0,0.00082862472,0.0008206,0.4005493,0.0003355,0.0003355,0.0003355,3,"None","Fresh Urine","ALB.1_1 Berat"
"2","ALB.4_1","ALB","Albania","Elbasan",2018,"DHS18",3890014,0.197156697,2.8e+18,1.14e+19,0.5072926292,0.1228768212,0.3418153492,NA,0.02334176416,0.00043597221,0,0,0,0,NA,0,0,0,0.00423746402,0.0008206,0.4005493,0.0003355,0.0003355,0.0003355,3,"None","Fresh Urine","ALB.4_1 Elbasan"
"3","ALB.5_1","ALB","Albania","Fier",2018,"DHS18",7008509,0.407145292,1.04e+19,1.52e+19,0.4745140493,0.02417065602,0.4263661762,NA,0.06921696184,0,0.00232916368,0,0,0.00078696682,NA,0,0.00033476683,0,0.00228125931,0.0008206,0.4005493,0.0003355,0.0003355,0.0003355,3,"None","Fresh Urine","ALB.5_1 Fier"
"4","ARM.1_1","ARM","Armenia","Aragatsotn",2016,"DHS16",1868717,0.959456473,6.54e+18,2.77e+17,0.2807092249,0.06767401874,NA,NA,0.11794388199,0.2074484207,0.3262244537,0,0,NA,0,0,NA,0,NA,0.0026381,0.4487889,0.001195,0.001195,0.001195,3,"None","Fresh Urine","ARM.1_1 Aragatsotn"
"5","ARM.10_1","ARM","Armenia","Tavush",2016,"DHS16",7381199,0.397025542,1.07e+19,1.62e+19,0.6151415413,0,NA,NA,0,0.1515626415,0.232841103,0,0,NA,0.00045471418,0,NA,0,NA,0.0026381,0.4487889,0.001195,0.001195,0.001195,3,"None","Fresh Urine","ARM.10_1 Tavush"
"6","ARM.11_1","ARM","Armenia","Vayots Dzor",2016,"DHS16",7229779,0.07264117,1.92e+18,2.45e+19,0.6026210408,0,NA,NA,0.00078916077,0.09839710994,0.2981926885,0,0,NA,0,0,NA,0,NA,0.0026381,0.4487889,0.001195,0.001195,0.001195,3,"None","Fresh Urine","ARM.11_1 Vayots Dzor"
"7","ARM.2_1","ARM","Armenia","Ararat",2016,"DHS16",5989187,0.093091834,2.04e+18,1.98e+19,0.3844192116,0.04537289705,NA,NA,0.00328537688,0.1734824009,0.3932363727,0,0,NA,0,0,NA,0.00020374086,NA,0.0026381,0.4487889,0.001195,0.001195,0.001195,3,"None","Fresh Urine","ARM.2_1 Ararat"
"8","ARM.3_1","ARM","Armenia","Armavir",2016,"DHS16",1061649,0.822267886,3.19e+18,6.89e+17,0.3838492716,0.1434584217,NA,NA,0.00570785646,0.00244869446,0.4645357558,0,0,NA,0,0,NA,0,NA,0.0026381,0.4487889,0.001195,0.001195,0.001195,3,"None","Fresh Urine","ARM.3_1 Armavir"
"9","ARM.5_1","ARM","Armenia","Gegharkunik",2016,"DHS16",3677967,0.144014065,1.93e+18,1.15e+19,0.3788385947,0.03137908443,NA,NA,0.07415629301,0.00468790486,0.510938123,0,0,NA,0,0,NA,0,NA,0.0026381,0.4487889,0.001195,0.001195,0.001195,3,"None","Fresh Urine","ARM.5_1 Gegharkunik"
"10","ARM.6_1","ARM","Armenia","Kotayk",2016,"DHS16",3089393,0.237907343,2.68e+18,8.59e+18,0.7615851265,0.00075898218,NA,NA,0.09423023829,0.04200698,0.101418673,0,0,NA,0,0,NA,0,NA,0.0026381,0.4487889,0.001195,0.001195,0.001195,3,"None","Fresh Urine","ARM.6_1 Kotayk"
"11","ARM.7_1","ARM","Armenia","Lori",2016,"DHS16",4605782,0.200291607,3.37e+18,1.34e+19,0.625379499,0.00136015863,NA,NA,0,0.01692663177,0.3563337106,0,0,NA,0,0,NA,0,NA,0.0026381,0.4487889,0.001195,0.001195,0.001195,3,"None","Fresh Urine","ARM.7_1 Lori"
"12","ARM.8_1","ARM","Armenia","Shirak",2016,"DHS16",2836572,0.709915069,7.35e+18,3e+18,0.6968693284,0.0008772636,NA,NA,0.00948395021,0.2265088393,0.06626061848,0,0,NA,0,0,NA,0,NA,0.0026381,0.4487889,0.001195,0.001195,0.001195,3,"None","Fresh Urine","ARM.8_1 Shirak"
"13","ARM.9_1","ARM","Armenia","Syunik",2016,"DHS16",5355288,0.402404926,7.87e+18,1.17e+19,0.7588446485,0.01061595098,NA,NA,0.0933291607,0.062665994,0.07454424581,0,0,NA,0,0,NA,0,NA,0.0026381,0.4487889,0.001195,0.001195,0.001195,3,"None","Fresh Urine","ARM.9_1 Syunik"
"14","CRI.1_1","CRI","Costa Rica","Alajuela",2011,"MICS11",6243814,0.017535447,4e+17,2.24e+19,0.1053605805,0.8399108161,0.02169257407,0.00367011079,NA,0.00330966138,0.00137546425,0,0,0,NA,0,0,0,0.0246807929,NA,0.1261448,NA,NA,NA,3,"None","Fresh Urine","CRI.1_1 Alajuela"
"15","CRI.2_1","CRI","Costa Rica","Cartago",2011,"MICS11",5965152,0.762475796,1.66e+19,5.17e+18,0.1101823881,0.8677701492,0.0109324278,0,NA,0,0,0,0,0,NA,0,0,0,0.01111503498,NA,0.1261448,NA,NA,NA,3,"None","Fresh Urine","CRI.2_1 Cartago"
"16","CRI.3_1","CRI","Costa Rica","Guanacaste",2011,"MICS11",6835492,0.454656382,1.13e+19,1.36e+19,0.08184471398,0.8085606178,0.06345573081,0.0006832439,NA,0.0228849122,0.01591659339,0,0,0.00092874424,NA,0,0,0,0.00572544372,NA,0.1261448,NA,NA,NA,3,"None","Fresh Urine","CRI.3_1 Guanacaste"
"17","CRI.4_1","CRI","Costa Rica","Heredia",2011,"MICS11",4758204,0.8307143,1.44e+19,2.94e+18,0.1030651108,0.8729231628,0.0048918036,0,NA,0,0,0,0,0,NA,0,0,0,0.01911992276,NA,0.1261448,NA,NA,NA,3,"None","Fresh Urine","CRI.4_1 Heredia"
"18","CRI.5_1","CRI","Costa Rica","Limón",2011,"MICS11",7007934,0.238767674,6.11e+18,1.95e+19,0.1129400456,0.8283355872,0.02831677564,0.00376468214,NA,0.00470680955,0.01168513016,0,0,0.00090347632,NA,0,0.00145046187,0.00085746213,0.00703956938,NA,0.1261448,NA,NA,NA,3,"None","Fresh Urine","CRI.5_1 Limón"
"19","CRI.6_1","CRI","Costa Rica","Puntarenas",2011,"MICS11",6719239,0.948508437,2.33e+19,1.26e+18,0.0668012904,0.8526089793,0.02748514217,0.0050881046,NA,0.02261548156,0.01741810058,0,0,0,NA,0,0,0.00028111173,0.00770178969,NA,0.1261448,NA,NA,NA,3,"None","Fresh Urine","CRI.6_1 Puntarenas"
"20","CRI.7_1","CRI","Costa Rica","San José",2011,"MICS11",9515670,0.824995169,2.87e+19,6.08e+18,0.4148295533,0.5551395093,0.00302129301,0.00316840638,NA,0.0015994882,0,0,0,0,NA,0,0.00137923247,0,0.02086251734,NA,0.1261448,NA,NA,NA,3,"None","Fresh Urine","CRI.7_1 San José"
"21","GEO.12_1","GEO","Georgia","Tbilisi",2013,"WMS13",530140,0.809522523,1.57e+18,3.69e+17,0.9499231231,NA,0,NA,0,NA,0,0,0,NA,NA,0,NA,NA,NA,0.0549422,0.0973355,0.0063738,0.0063738,0.0063738,3,"None","Fresh Urine","GEO.12_1 Tbilisi"
"22","GEO.3_1","GEO","Georgia","Guria",2013,"WMS13",5270496,0.486758122,9.36e+18,9.87e+18,0.1124576036,NA,0.02195990764,NA,0.04076126752,NA,0.3638927203,0,0,NA,NA,0,NA,NA,NA,0.0549422,0.0973355,0.0063738,0.0063738,0.0063738,3,"None","Fresh Urine","GEO.3_1 Guria"
"23","GEO.5_1","GEO","Georgia","Kakheti",2013,"WMS13",7578134,0.347838722,9.62e+18,1.8e+19,0.1091778241,NA,0.04007656685,NA,0.00766071249,NA,0.1795390476,0,0,NA,NA,0,NA,NA,NA,0.0549422,0.0973355,0.0063738,0.0063738,0.0063738,3,"None","Fresh Urine","GEO.5_1 Kakheti"
"24","HND.1_1","HND","Honduras","Atlántida",2012,"DHS12",2633657,0.853350409,8.2e+18,1.41e+18,NA,0.4884047357,NA,0.00048627091,0.18197485694,NA,NA,0,0,0,NA,0,NA,0.05715128793,0.00063966595,0.0858043,0.2265949,0.0327772,0.0327772,0.0327772,3,"None","Fresh Urine","HND.1_1 Atlántida"
"25","HND.10_1","HND","Honduras","Intibucá",2012,"DHS12",7258033,0.993801678,2.63e+19,1.64e+17,NA,0.09505880276,NA,0,0.5069963553,NA,NA,0,0,0.00090198684,NA,0,NA,0.2289027185,0,0.0858043,0.2265949,0.0327772,0.0327772,0.0327772,3,"None","Fresh Urine","HND.10_1 Intibucá"
"26","HND.11_1","HND","Honduras","Islas de la Bahía",2012,"DHS12",4235269,0.745056889,1.15e+19,3.94e+18,NA,0.6878583988,NA,0.11947246319,0.07526322636,NA,NA,0,0,0,NA,0,NA,0.0256464379,0,0.0858043,0.2265949,0.0327772,0.0327772,0.0327772,3,"None","Fresh Urine","HND.11_1 Islas de la Bahía"
"27","HND.12_1","HND","Honduras","La Paz",2012,"DHS12",6080030,0.692965418,1.54e+19,6.81e+18,NA,0.1690405171,NA,0.0084544391,0.40800971909,NA,NA,0,0,0.00348059103,NA,0,NA,0.1155932832,0,0.0858043,0.2265949,0.0327772,0.0327772,0.0327772,3,"None","Fresh Urine","HND.12_1 La Paz"
"28","HND.13_1","HND","Honduras","Lempira",2012,"DHS12",8254183,0.264674808,7.97e+18,2.22e+19,NA,0.1662185443,NA,0.02239504101,0.3873422901,NA,NA,0,0,0.00392090403,NA,0,NA,0.3281671,0,0.0858043,0.2265949,0.0327772,0.0327772,0.0327772,3,"None","Fresh Urine","HND.13_1 Lempira"
"29","HND.14_1","HND","Honduras","Ocotepeque",2012,"DHS12",7610051,0.490918911,1.36e+19,1.41e+19,NA,0.1964086979,NA,0.05605467656,0.35905508312,NA,NA,0,0,0,NA,0,NA,0.1352874025,0.00043571552,0.0858043,0.2265949,0.0327772,0.0327772,0.0327772,3,"None","Fresh Urine","HND.14_1 Ocotepeque"
"30","HND.15_1","HND","Honduras","Olancho",2012,"DHS12",3612750,0.539566411,7.12e+18,6.07e+18,NA,0.1857224573,NA,0.00718852179,0.3004946376,NA,NA,0,0,0.00911971346,NA,0,NA,0.1538782887,0,0.0858043,0.2265949,0.0327772,0.0327772,0.0327772,3,"None","Fresh Urine","HND.15_1 Olancho"
"31","HND.16_1","HND","Honduras","Santa Bárbara",2012,"DHS12",6297665,0.92313592,2.12e+19,1.77e+18,NA,0.244257901,NA,0.04744987261,0.30204366816,NA,NA,0,0,0.00069458442,NA,0,NA,0.1519553474,0,0.0858043,0.2265949,0.0327772,0.0327772,0.0327772,3,"None","Fresh Urine","HND.16_1 Santa Bárbara"
"32","HND.17_1","HND","Honduras","Valle",2012,"DHS12",7149049,0.015328945,4e+17,2.57e+19,NA,0.1760535801,NA,0.01027756155,0.28359424137,NA,NA,0,0,0.00026402216,NA,0,NA,0.1896930981,0.00090521884,0.0858043,0.2265949,0.0327772,0.0327772,0.0327772,3,"None","Fresh Urine","HND.17_1 Valle"
"33","HND.18_1","HND","Honduras","Yoro",2012,"DHS12",9205918,0.663363014,2.23e+19,1.13e+19,NA,0.3137602327,NA,0.00225649258,0.19531645589,NA,NA,0,0,0.00050737803,NA,0,NA,0.1087059214,8.089955e-05,0.0858043,0.2265949,0.0327772,0.0327772,0.0327772,3,"None","Fresh Urine","HND.18_1 Yoro"
"34","HND.2_1","HND","Honduras","Choluteca",2012,"DHS12",7675854,0.909246361,2.55e+19,2.54e+18,NA,0.08922351481,NA,0,0.2122483202,NA,NA,0,0,0.00060608425,NA,0,NA,0.1240469167,0,0.0858043,0.2265949,0.0327772,0.0327772,0.0327772,3,"None","Fresh Urine","HND.2_1 Choluteca"
"35","HND.3_1","HND","Honduras","Colón",2012,"DHS12",8321512,0.782692637,2.38e+19,6.6e+18,NA,0.5607723617,NA,0.00335503321,0.25529375379,NA,NA,0,0,0,NA,0,NA,0.06407081874,0.00253766474,0.0858043,0.2265949,0.0327772,0.0327772,0.0327772,3,"None","Fresh Urine","HND.3_1 Colón"
"36","HND.4_1","HND","Honduras","Comayagua",2012,"DHS12",5653399,0.736697489,1.52e+19,5.43e+18,NA,0.2970151629,NA,0.00491364706,0.19805132377,NA,NA,0,0,0.00059347735,NA,0,NA,0.1093895762,0,0.0858043,0.2265949,0.0327772,0.0327772,0.0327772,3,"None","Fresh Urine","HND.4_1 Comayagua"
"37","HND.5_1","HND","Honduras","Copán",2012,"DHS12",9203865,0.807895333,2.71e+19,6.45e+18,NA,0.1079960003,NA,0.05241791126,0.3150472371,NA,NA,0,0,0,NA,0,NA,0.1817437529,0,0.0858043,0.2265949,0.0327772,0.0327772,0.0327772,3,"None","Fresh Urine","HND.5_1 Copán"
"38","HND.6_1","HND","Honduras","Cortés",2012,"DHS12",4165727,0.547864041,8.33e+18,6.87e+18,NA,0.2979885714,NA,0.01468016861,0.07686133805,NA,NA,0,0,0.00080235707,NA,0,NA,0.01634672985,0.00041304526,0.0858043,0.2265949,0.0327772,0.0327772,0.0327772,3,"None","Fresh Urine","HND.6_1 Cortés"
"39","HND.7_1","HND","Honduras","El Paraíso",2012,"DHS12",2772391,0.856432636,8.67e+18,1.45e+18,NA,0.1410485643,NA,0.00507248559,0.3520717329,NA,NA,0,0,0.00321518399,NA,0,NA,0.1120591526,0,0.0858043,0.2265949,0.0327772,0.0327772,0.0327772,3,"None","Fresh Urine","HND.7_1 El Paraíso"
"40","HND.8_1","HND","Honduras","Francisco Morazán",2012,"DHS12",3251390,0.357034304,4.24e+18,7.63e+18,NA,0.1148620621,NA,0.00476406322,0.11745830727,NA,NA,0,0,0.01279643159,NA,0,NA,0.04224292787,0,0.0858043,0.2265949,0.0327772,0.0327772,0.0327772,3,"None","Fresh Urine","HND.8_1 Francisco Morazán"
"41","HND.9_1","HND","Honduras","Gracias a Dios",2012,"DHS12",413854,0.906874152,1.37e+18,1.41e+17,NA,0.05159282314,NA,0.05838826165,0.03331215063,NA,NA,0,0,0.00780285329,NA,0,NA,0.4245991715,0,0.0858043,0.2265949,0.0327772,0.0327772,0.0327772,3,"None","Fresh Urine","HND.9_1 Gracias a Dios"
"42","IND.10_1","IND","India","Goa",2016,"DHS16",2679407,0.868645634,8.5e+18,1.28e+18,0.1230716477,0.6939860777,0.02934100636,NA,0.00341693996,0.01121879621,0.00053968119,0,0,0.000478563,NA,0,NA,0.1116780045,0.02626928341,NA,0.0883698,NA,NA,NA,3,"None","Fresh Urine","IND.10_1 Goa"
"43","IND.11_1","IND","India","Gujarat",2016,"DHS16",1553538,0.463833592,2.63e+18,3.04e+18,0.309287186,0.1353318539,0.1877706407,NA,0.01057139009,0.04512835997,0.00561010009,0,0,0.00278358465,NA,0,NA,0.3026638919,0.00085299263,NA,0.0883698,NA,NA,NA,3,"None","Fresh Urine","IND.11_1 Gujarat"
"44","IND.12_1","IND","India","Haryana",2016,"DHS16",5412632,0.408727588,8.07e+18,1.17e+19,0.2030557695,0.3145580345,0.1826658269,NA,0.00371477696,0.18167409698,0.01097515674,0,0,0.00080043793,NA,0,NA,0.1019843214,0.00057157917,NA,0.0883698,NA,NA,NA,3,"None","Fresh Urine","IND.12_1 Haryana"
"45","IND.13_1","IND","India","Himachal Pradesh",2016,"DHS16",6492249,0.292020108,6.92e+18,1.68e+19,0.06909032484,0.5648015406,0.1950887197,NA,0.00501652752,0.01750130389,0.00269555055,0,0,0.00036962745,NA,0,NA,0.1441283479,0.00130805759,NA,0.0883698,NA,NA,NA,3,"None","Fresh Urine","IND.13_1 Himachal Pradesh"
"46","IND.14_1","IND","India","Jammu and Kashmir",2016,"DHS16",9212894,0.572487486,1.93e+19,1.44e+19,0.06938075421,0.4429224432,0.0519532573,NA,0.04397173914,0.17159602389,0.01142005522,0,0,0.000667526,NA,0,NA,0.2077779931,0.00031020789,NA,0.0883698,NA,NA,NA,3,"None","Fresh Urine","IND.14_1 Jammu and Kashmir"
"47","IND.15_1","IND","India","Jharkhand",2016,"DHS16",4350121,0.608751112,9.67e+18,6.21e+18,0.01540804276,0.2300106385,0.03728446427,NA,0.00361865336,0.01187505131,0.00132804436,0,0,0.00202064816,NA,0,NA,0.6979430514,0.00051140585,NA,0.0883698,NA,NA,NA,3,"None","Fresh Urine","IND.15_1 Jharkhand"
"48","IND.16_1","IND","India","Karnataka",2016,"DHS16",9248757,0.645547873,2.18e+19,1.2e+19,0.1576924346,0.1837304121,0.1413236834,NA,0.02244149692,0.1236513562,0.01539927891,0,0,0.00082567268,NA,0,NA,0.3518134128,0.00312225247,NA,0.0883698,NA,NA,NA,3,"None","Fresh Urine","IND.16_1 Karnataka"
"49","IND.17_1","IND","India","Kerala",2016,"DHS16",6148432,0.472052162,1.06e+19,1.18e+19,0.01265477436,0.6336917606,0.2470796719,NA,0.00166769799,0.09599215718,0.00116221189,0,0,0.00103228488,NA,0,NA,0.00671944124,0,NA,0.0883698,NA,NA,NA,3,"None","Fresh Urine","IND.17_1 Kerala"
"50","IND.18_1","IND","India","Lakshadweep",2016,"DHS16",9397424,0.672589592,2.31e+19,1.12e+19,0,0.5844617655,0.2863800652,NA,0,0.12805862313,0,0,0,0.00109954623,NA,0,NA,0,0,NA,0.0883698,NA,NA,NA,3,"None","Fresh Urine","IND.18_1 Lakshadweep"
"51","IND.19_1","IND","India","Madhya Pradesh",2016,"DHS16",7084803,0.77174358,2e+19,5.9e+18,0.04169542781,0.2944087605,0.04240263258,NA,0.0053703328,0.03148931512,0.00835335739,0,0,0.0026078142,NA,0,NA,0.5713981394,0.00227422025,NA,0.0883698,NA,NA,NA,3,"None","Fresh Urine","IND.19_1 Madhya Pradesh"
"52","IND.2_1","IND","India","Andhra Pradesh",2016,"DHS16",4667257,0.742472311,1.26e+19,4.39e+18,0.02964837461,0.546069658,0.01034894864,NA,0.01038818835,0.01327612429,0.00334895236,0,0,0.00014356102,NA,0,NA,0.3848602943,0.00191589847,NA,0.0883698,NA,NA,NA,3,"None","Fresh Urine","IND.2_1 Andhra Pradesh"
"53","IND.20_1","IND","India","Maharashtra",2016,"DHS16",5915654,0.908002674,1.96e+19,1.99e+18,0.1640556573,0.4175565997,0.04533120432,NA,0.03316300013,0.03269647113,0.00313735713,0,0,0.00267731343,NA,0,NA,0.2927739498,0.00860844713,NA,0.0883698,NA,NA,NA,3,"None","Fresh Urine","IND.20_1 Maharashtra"
"54","IND.21_1","IND","India","Manipur",2016,"DHS16",8252807,0.384159972,1.16e+19,1.86e+19,0.00366458072,0.3364165451,0.1766032047,NA,0.01899890322,0.30293923992,0.1356741726,0,0,0.01135745555,NA,0,NA,0.01158821496,0.00275768327,NA,0.0883698,NA,NA,NA,3,"None","Fresh Urine","IND.21_1 Manipur"
"55","IND.22_1","IND","India","Meghalaya",2016,"DHS16",4703048,0.784822188,1.35e+19,3.69e+18,0.00769593049,0.3668978885,0.1519969624,NA,0.00541122773,0.17222728923,0.1828787115,0,0,0.0341791311,NA,0,NA,0.07714347032,0.00156938881,NA,0.0883698,NA,NA,NA,3,"None","Fresh Urine","IND.22_1 Meghalaya"
"56","IND.23_1","IND","India","Mizoram",2016,"DHS16",10762,0.09837288,3.86e+15,3.54e+16,0.00775607083,0.65030078,0.1607970738,NA,0.00415579059,0.07986852936,0.08815398007,0,0,0.00064607681,NA,0,NA,0.00779986958,0.00052182897,NA,0.0883698,NA,NA,NA,3,"None","Fresh Urine","IND.23_1 Mizoram"
"57","IND.24_1","IND","India","Nagaland",2016,"DHS16",8951560,0.211133831,6.9e+18,2.58e+19,0.01267871633,0.4705888814,0.3349820144,NA,0.01481357875,0.10121624403,0.04824789729,0,0,0.00088458501,NA,0,NA,0.01514020572,0.00144787706,NA,0.0883698,NA,NA,NA,3,"None","Fresh Urine","IND.24_1 Nagaland"
"58","IND.26_1","IND","India","Odisha",2016,"DHS16",6212419,0.18437222,4.18e+18,1.85e+19,0.01723354548,0.2091221244,0.05086462252,NA,0.0033593707,0.06310254841,0.00760110981,0,0,0.00036841468,NA,0,NA,0.6473792914,0.0009689726,NA,0.0883698,NA,NA,NA,3,"None","Fresh Urine","IND.26_1 Odisha"
"59","IND.27_1","IND","India","Puducherry",2016,"DHS16",1357255,0.801326386,3.97e+18,9.84e+17,0.03110235147,0.6167669865,0.03918651262,NA,0.00012137841,0,0.00077278608,0,0,0,NA,0,NA,0.3117653352,0.00028464966,NA,0.0883698,NA,NA,NA,3,"None","Fresh Urine","IND.27_1 Puducherry"
"60","IND.28_1","IND","India","Punjab",2016,"DHS16",9995273,0.940894289,3.43e+19,2.16e+18,0.2683032294,0.4177870142,0.1514447092,NA,0.00640982271,0.0720339105,0.01426504435,0,0,0.00031338788,NA,0,NA,0.06944288167,0,NA,0.0883698,NA,NA,NA,3,"None","Fresh Urine","IND.28_1 Punjab"
"61","IND.29_1","IND","India","Rajasthan",2016,"DHS16",1250571,0.851426469,3.89e+18,6.78e+17,0.05502241337,0.3280439936,0.09731704182,NA,0.01260753605,0.03461493391,0.01500770623,0,0,0.00028407385,NA,0,NA,0.456528235,0.00057406615,NA,0.0883698,NA,NA,NA,3,"None","Fresh Urine","IND.29_1 Rajasthan"
"62","IND.3_1","IND","India","Arunachal Pradesh",2016,"DHS16",2471151,0.51160108,4.61e+18,4.41e+18,0.01962142545,0.3505496161,0.1622458392,NA,0.0471165113,0.19209411695,0.1285764088,0,0,0.00512070303,NA,0,NA,0.09087477525,0.00380060387,NA,0.0883698,NA,NA,NA,3,"None","Fresh Urine","IND.3_1 Arunachal Pradesh"
"63","IND.30_1","IND","India","Sikkim",2016,"DHS16",9126362,0.976729975,3.25e+19,7.75e+17,0.1080569955,0.8472137367,0.01950871614,NA,0.00470432245,0.01495000113,0.0022753718,0,0,0.00060666114,NA,0,NA,0.00233237639,0.00035181878,NA,0.0883698,NA,NA,NA,3,"None","Fresh Urine","IND.30_1 Sikkim"
"64","IND.31_1","IND","India","Tamil Nadu",2016,"DHS16",2788724,0.679170691,6.91e+18,3.27e+18,0.04090698464,0.5107404782,0.0288287602,NA,0.00692360398,0.01484777182,0.00859855998,0,0,0.00174472583,NA,0,NA,0.3827428112,0.00466630417,NA,0.0883698,NA,NA,NA,3,"None","Fresh Urine","IND.31_1 Tamil Nadu"
"65","IND.32_1","IND","India","Telangana",2016,"DHS16",421974,0.013878854,2.14e+16,1.52e+18,0.1429546855,0.4314617825,0.02878055712,NA,0.07281565187,0.01505326083,0.00594951053,0,0,0.00071887985,NA,0,NA,0.3005549787,0.00171069317,NA,0.0883698,NA,NA,NA,3,"None","Fresh Urine","IND.32_1 Telangana"
"66","IND.33_1","IND","India","Tripura",2016,"DHS16",4468966,0.634950711,1.04e+19,5.95e+18,0.00911574231,0.2615370108,0.08911261138,NA,0.00074508789,0.48862554341,0.1271488637,0,0,0.00150993821,NA,0,NA,0.02190560589,0.00029959637,NA,0.0883698,NA,NA,NA,3,"None","Fresh Urine","IND.33_1 Tripura"
"67","IND.34_1","IND","India","Uttar Pradesh",2016,"DHS16",7662494,0.882662191,2.47e+19,3.28e+18,0.04634326862,0.3312303198,0.05507684164,NA,0.00794049659,0.01553266836,0.00423707064,0,0,0.00053174847,NA,0,NA,0.5370849969,0.00202258896,NA,0.0883698,NA,NA,NA,3,"None","Fresh Urine","IND.34_1 Uttar Pradesh"
"68","IND.35_1","IND","India","Uttarakhand",2016,"DHS16",909939,0.312942004,1.04e+18,2.28e+18,0.0935460943,0.2227296985,0.3530374566,NA,0.01211324673,0.13773015178,0.00928349041,0,0,0.00044340549,NA,0,NA,0.1707045599,0.00041189637,NA,0.0883698,NA,NA,NA,3,"None","Fresh Urine","IND.35_1 Uttarakhand"
"69","IND.36_1","IND","India","West Bengal",2016,"DHS16",6072723,0.297020137,6.58e+18,1.56e+19,0.01499583657,0.3260837611,0.1915266774,NA,0.0139805166,0.18707194747,0.01373136689,0,0,0.00183554244,NA,0,NA,0.2500064153,0.00076793625,NA,0.0883698,NA,NA,NA,3,"None","Fresh Urine","IND.36_1 West Bengal"
"70","IND.4_1","IND","India","Assam",2016,"DHS16",7630670,0.567426707,1.58e+19,1.2e+19,0.00932753104,0.1846702169,0.1424895983,NA,0.00631999334,0.27810969497,0.2591002456,0,0,0.01317614242,NA,0,NA,0.1065028795,0.00030369797,NA,0.0883698,NA,NA,NA,3,"None","Fresh Urine","IND.4_1 Assam"
"71","IND.5_1","IND","India","Bihar",2016,"DHS16",9143845,0.919518728,3.07e+19,2.69e+18,0.00530931973,0.2415899193,0.0405471112,NA,0.00599495187,0.03897236627,0.00672683126,0,0,0.00200336104,NA,0,NA,0.6581889312,0.00066720812,NA,0.0883698,NA,NA,NA,3,"None","Fresh Urine","IND.5_1 Bihar"
"72","IND.6_1","IND","India","Chandigarh",2016,"DHS16",2489708,0.820565864,7.46e+18,1.63e+18,0.8904614337,0.0334207768,0.01015210375,NA,0.03436428978,0.01015725007,0,0,0,0.00171847822,NA,0,NA,0.01793436085,0.00179130684,NA,0.0883698,NA,NA,NA,3,"None","Fresh Urine","IND.6_1 Chandigarh"
"73","IND.7_1","IND","India","Chhattisgarh",2016,"DHS16",1913074,0.920614922,6.43e+18,5.54e+17,0.01212288373,0.301388584,0.0703813182,NA,0.00428950781,0.03285152279,0.00293695812,0,0,0.00138688158,NA,0,NA,0.5729067396,0.00173560414,NA,0.0883698,NA,NA,NA,3,"None","Fresh Urine","IND.7_1 Chhattisgarh"
"74","IND.8_1","IND","India","Dadra and Nagar Haveli",2016,"DHS16",7472613,0.579758238,1.58e+19,1.15e+19,0.2093556452,0.2024183324,0.04915330786,NA,0.00809205952,0.05251481786,0.01029749122,0,0,0,NA,0,NA,0.4681683459,0,NA,0.0883698,NA,NA,NA,3,"None","Fresh Urine","IND.8_1 Dadra and Nagar Haveli"
"75","IND.9_1","IND","India","Daman and Diu",2016,"DHS16",1137114,0.758081053,3.15e+18,1e+18,0.3594606949,0.2156287819,0.1733628569,NA,0.00768229551,0.16416105797,0.00463480341,0,0,0,NA,0,NA,0.07007790045,0.00499160901,NA,0.0883698,NA,NA,NA,3,"None","Fresh Urine","IND.9_1 Daman and Diu"
"76","KAZ.13_1","KAZ","Kazakhstan","West Kazakhstan",2015,"MICS15",7648972,0.761154862,2.13e+19,6.67e+18,0.2412577951,0.110126158,0,NA,0,0.64861604678,0,0,0,NA,NA,0,NA,0,0,0.1546609,0.5997312,0.150895,0.150895,0.150895,3,"None","Fresh Urine","KAZ.13_1 West Kazakhstan"
"77","KAZ.14_1","KAZ","Kazakhstan","Zhambyl",2015,"MICS15",9339796,0.032370631,1.1e+18,3.3e+19,0.1772198637,0.1118928955,0,NA,0,0.71088724082,0,0,0,NA,NA,0,NA,0,0,0.1546609,0.5997312,0.150895,0.150895,0.150895,3,"None","Fresh Urine","KAZ.14_1 Zhambyl"
"78","KAZ.4_1","KAZ","Kazakhstan","Atyrau",2015,"MICS15",3773268,0.005786305,7.97e+16,1.37e+19,0.3709710574,0.100810427,0,NA,0,0.5282185156,0,0,0,NA,NA,0,NA,0,0,0.1546609,0.5997312,0.150895,0.150895,0.150895,3,"None","Fresh Urine","KAZ.4_1 Atyrau"
"79","KAZ.5_1","KAZ","Kazakhstan","East Kazakhstan",2015,"MICS15",3949967,0.614186533,8.85e+18,5.56e+18,0.4495153565,0.04567755161,0.00619366712,NA,0.0013971873,0.4972162374,0,0,0,NA,NA,0,NA,0,0,0.1546609,0.5997312,0.150895,0.150895,0.150895,3,"None","Fresh Urine","KAZ.5_1 East Kazakhstan"
"80","KAZ.7_1","KAZ","Kazakhstan","North Kazakhstan",2015,"MICS15",1765383,0.817955473,5.27e+18,1.17e+18,0.2972913973,0.0790146603,0,NA,0,0.6122146033,0,0,0,NA,NA,0,NA,0.00403603866,0.00744330044,0.1546609,0.5997312,0.150895,0.150895,0.150895,3,"None","Fresh Urine","KAZ.7_1 North Kazakhstan"
"81","KAZ.8_1","KAZ","Kazakhstan","Pavlodar",2015,"MICS15",6479627,0.109834968,2.6e+18,2.11e+19,0.6593787893,0.03360895855,0.00747592997,NA,0,0.2995363222,0,0,0,NA,NA,0,NA,0,0,0.1546609,0.5997312,0.150895,0.150895,0.150895,3,"None","Fresh Urine","KAZ.8_1 Pavlodar"
"82","KGZ.1_1","KGZ","Kyrgyzstan","Batken",2014,"MICS14",3523729,0.390981484,5.03e+18,7.83e+18,0.07158152785,0.00116051297,0.00319441241,NA,NA,0.92319528754,0,0,0,NA,0,0,NA,0.00086825925,0,NA,0.3321959,NA,NA,NA,3,"None","Fresh Urine","KGZ.1_1 Batken"
"83","KGZ.5_1","KGZ","Kyrgyzstan","Naryn",2014,"MICS14",6405713,0.34224841,8e+18,1.54e+19,0.05678551041,0,0.00403311948,NA,NA,0.93918137016,0,0,0,NA,0,0,NA,0,0,NA,0.3321959,NA,NA,NA,3,"None","Fresh Urine","KGZ.5_1 Naryn"
"84","KGZ.8_1","KGZ","Kyrgyzstan","Talas",2014,"MICS14",1187884,0.777476656,3.37e+18,9.65e+17,0.01407056692,0,0.00167855476,NA,NA,0.9757337977,0.00298588167,0,0,NA,0,0,NA,0,0.00553119893,NA,0.3321959,NA,NA,NA,3,"None","Fresh Urine","KGZ.8_1 Talas"
"85","MLI.1_1","MLI","Mali","Bamako",2015,"MICS15",5084323,0.429474832,7.97e+18,1.06e+19,0.05198511727,0.1546861095,0.04084967669,NA,0.00109339577,0.6830177479,0.05805693987,0,0,0.00535705618,0,0,0.00035714456,0.00418455932,0.00041225298,0.081946,0.0091684,0,0,0,3,"None","Fresh Urine","MLI.1_1 Bamako"
"86","MLI.2_1","MLI","Mali","Gao",2015,"MICS15",8303016,0.199419369,6.04e+18,2.43e+19,0.00133108453,0.00359403513,0.00337488811,NA,0.06333463437,0.17791484723,0.4310908117,0,0,0.00629916084,0,0,0.03592845021,0.2771320878,0,0.081946,0.0091684,0,0,0,3,"None","Fresh Urine","MLI.2_1 Gao"
"87","MLI.3_1","MLI","Mali","Kayes",2015,"MICS15",9187010,0.760822269,2.55e+19,8.02e+18,0.00622244838,0.04811125164,0.01398010093,NA,0.00354970589,0.46470892787,0.3562363352,0,0,0.01774052797,0.00044627384,0,0.01319963983,0.07483506225,0.00096972617,0.081946,0.0091684,0,0,0,3,"None","Fresh Urine","MLI.3_1 Kayes"
"88","MLI.5_1","MLI","Mali","Koulikoro",2015,"MICS15",5198081,0.343998,6.53e+18,1.24e+19,0.00676071838,0.02284609896,0.0346356778,NA,0.00408744198,0.23654142787,0.6329250802,0,0,0.02113278577,0,0,0.00052985372,0.03936062315,0.00118029215,0.081946,0.0091684,0,0,0,3,"None","Fresh Urine","MLI.5_1 Koulikoro"
"89","MLI.6_1","MLI","Mali","Mopti",2015,"MICS15",7882139,0.775703882,2.23e+19,6.45e+18,0.00114299234,0.00315788706,0.00026986798,NA,0.00183645819,0.34754532583,0.2882210543,0,0,0.00349514831,0,0,0.00877124807,0.3446370683,0.00092294963,0.081946,0.0091684,0,0,0,3,"None","Fresh Urine","MLI.6_1 Mopti"
"90","MLI.7_1","MLI","Mali","Ségou",2015,"MICS15",7342315,0.294741156,7.9e+18,1.89e+19,0.00869459546,0.00732630454,0.00433437505,NA,0.02067500753,0.27319051414,0.6038493382,0,0,0.00271462643,0,0,0.00487970534,0.06839490806,0.0059406252,0.081946,0.0091684,0,0,0,3,"None","Fresh Urine","MLI.7_1 Ségou"
"91","MLI.8_1","MLI","Mali","Sikasso",2015,"MICS15",5741764,0.686236082,1.44e+19,6.58e+18,0.00071321845,0.00633140659,0.00848028962,NA,0.01183369562,0.36030718328,0.552792187,0,0,0.00186945108,0.00032854634,0,0.00227504708,0.05447778985,0.00059118505,0.081946,0.0091684,0,0,0,3,"None","Fresh Urine","MLI.8_1 Sikasso"
"92","MNG.21_1","MNG","Mongolia","Ulaanbaatar",2014,"MICS14",557963,0.782759952,1.59e+18,4.42e+17,0.4948825913,0.00588916594,0.0011028147,NA,0.00075396195,0.03647479773,NA,0,0,0.00091145583,NA,0,NA,0.00133797573,0.00034243715,NA,0.0890717,NA,NA,NA,3,"None","Fresh Urine","MNG.21_1 Ulaanbaatar"
"93","NER.1_1","NER","Niger","Agadez",2012,"DHS12",8315114,0.257541816,7.82e+18,2.25e+19,0.00740644747,0.1406423667,NA,NA,NA,0.33956595555,0.03380866337,0,0,NA,0,0,NA,0.4785765669,0,0.2256812,0.0086009,0,0,0,3,"None","Fresh Urine","NER.1_1 Agadez"
"94","NER.2_1","NER","Niger","Diffa",2012,"DHS12",7950351,0.125782049,3.65e+18,2.54e+19,0.00326491591,0.08610036924,NA,NA,NA,0.13907076747,0.1059951348,0,0,NA,0,0,NA,0.6655688126,0,0.2256812,0.0086009,0,0,0,3,"None","Fresh Urine","NER.2_1 Diffa"
"95","NER.3_1","NER","Niger","Dosso",2012,"DHS12",2126401,0.886653483,6.88e+18,8.8e+17,0.00042254402,0.00602944229,NA,NA,NA,0.11977963976,0.02966380475,0,0,NA,0.03455900433,0,NA,0.807499991,0.00204557376,0.2256812,0.0086009,0,0,0,3,"None","Fresh Urine","NER.3_1 Dosso"
"96","NER.4_1","NER","Niger","Maradi",2012,"DHS12",1138130,0.374309161,1.55e+18,2.6e+18,0.00173403864,0.0107418905,NA,NA,NA,0.18577822375,0.06612656802,0,0,NA,0.00055641158,0,NA,0.7350628675,0,0.2256812,0.0086009,0,0,0,3,"None","Fresh Urine","NER.4_1 Maradi"
"97","NER.5_1","NER","Niger","Niamey",2012,"DHS12",2378500,0.887600327,7.71e+18,9.76e+17,0.05854411532,0.1117885996,NA,NA,NA,0.67424807146,0.08879988023,0,0,NA,0.00211052467,0,NA,0.06050743984,0.00400136885,0.2256812,0.0086009,0,0,0,3,"None","Fresh Urine","NER.5_1 Niamey"
"98","NER.6_1","NER","Niger","Tahoua",2012,"DHS12",3155098,0.841287225,9.69e+18,1.83e+18,0.00018296789,0.02619867146,NA,NA,NA,0.09571133277,0.08809147787,0,0,NA,0,0,NA,0.78981555,0,0.2256812,0.0086009,0,0,0,3,"None","Fresh Urine","NER.6_1 Tahoua"
"99","NER.8_1","NER","Niger","Zinder",2012,"DHS12",6133606,0.702670412,1.57e+19,6.66e+18,0.00238833483,0.00138282722,NA,NA,NA,0.15229545132,0.08083102606,0,0,NA,0.00039064407,0,NA,0.7626520625,5.965399e-05,0.2256812,0.0086009,0,0,0,3,"None","Fresh Urine","NER.8_1 Zinder"
"100","PER.1_1","PER","Peru","Amazonas",2016,"ENDES16",507500,0.577031524,1.07e+18,7.83e+17,NA,0.02416065957,NA,NA,0.4299262367,0.45110808271,NA,0,0,NA,NA,0,0,0.07120086751,0.02360415347,0.0229054,0.4747096,0.0146407,0.0146407,0.0146407,3,"None","Fresh Urine","PER.1_1 Amazonas"
"101","PER.11_1","PER","Peru","Ica",2016,"ENDES16",5927366,0.441720133,9.56e+18,1.21e+19,NA,0.00354816577,NA,NA,0.8542200303,0.10424599128,NA,0,0,NA,NA,0,0,0.02828137394,0.00970443876,0.0229054,0.4747096,0.0146407,0.0146407,0.0146407,3,"None","Fresh Urine","PER.11_1 Ica"
"102","PER.13_1","PER","Peru","La Libertad",2016,"ENDES16",6286082,0.336733458,7.73e+18,1.52e+19,NA,0.02586953424,NA,NA,0.7187622331,0.18342775835,NA,0,0,NA,NA,0,0,0.05690913995,0.01503133438,0.0229054,0.4747096,0.0146407,0.0146407,0.0146407,3,"None","Fresh Urine","PER.13_1 La Libertad"
"103","PER.14_1","PER","Peru","Lambayeque",2016,"ENDES16",1792913,0.266876336,1.75e+18,4.8e+18,NA,0.00885146178,NA,NA,0.7208028275,0.20155499148,NA,0,0,NA,NA,0,0,0.05466158348,0.0141291357,0.0229054,0.4747096,0.0146407,0.0146407,0.0146407,3,"None","Fresh Urine","PER.14_1 Lambayeque"
"104","PER.16_1","PER","Peru","Lima",2016,"ENDES16",1921737,0.448553189,3.15e+18,3.87e+18,NA,0.01111912081,NA,NA,0.8786578265,0.05881090412,NA,0,0,NA,NA,0,3.955938e-05,0.01504592835,0.0363266608,0.0229054,0.4747096,0.0146407,0.0146407,0.0146407,3,"None","Fresh Urine","PER.16_1 Lima"
"105","PER.17_1","PER","Peru","Loreto",2016,"ENDES16",1933687,0.103427533,7.3e+17,6.33e+18,NA,0.02272161192,NA,NA,0.3523962374,0.3403438561,NA,0,0,NA,NA,0,0.00067350254,0.27771220555,0.00615258648,0.0229054,0.4747096,0.0146407,0.0146407,0.0146407,3,"None","Fresh Urine","PER.17_1 Loreto"
"106","PER.18_1","PER","Peru","Madre de Dios",2016,"ENDES16",6802937,0.0785374,1.95e+18,2.29e+19,NA,0.00081406492,NA,NA,0.3494409723,0.5004694547,NA,0,0,NA,NA,0,0,0.06141227915,0.08786322886,0.0229054,0.4747096,0.0146407,0.0146407,0.0146407,3,"None","Fresh Urine","PER.18_1 Madre de Dios"
"107","PER.19_1","PER","Peru","Moquegua",2016,"ENDES16",6546005,0.976959823,2.33e+19,5.5e+17,NA,0.02512108151,NA,NA,0.8637327011,0.07141069358,NA,0,0,NA,NA,0,0,0.03303010313,0.00670542071,0.0229054,0.4747096,0.0146407,0.0146407,0.0146407,3,"None","Fresh Urine","PER.19_1 Moquegua"
"108","PER.2_1","PER","Peru","Ancash",2016,"ENDES16",6873284,0.758292058,1.9e+19,6.06e+18,NA,0.00961727997,NA,NA,0.6195071472,0.2462494002,NA,0,0,NA,NA,0,0.0004430365,0.10328404816,0.0208990879,0.0229054,0.4747096,0.0146407,0.0146407,0.0146407,3,"None","Fresh Urine","PER.2_1 Ancash"
"109","PER.20_1","PER","Peru","Pasco",2016,"ENDES16",8111641,0.490610117,1.45e+19,1.51e+19,NA,0.0638126386,NA,NA,0.4264926907,0.22840594299,NA,0,0,NA,NA,0,0,0.16532657165,0.11596215608,0.0229054,0.4747096,0.0146407,0.0146407,0.0146407,3,"None","Fresh Urine","PER.20_1 Pasco"
"110","PER.21_1","PER","Peru","Piura",2016,"ENDES16",957740,0.982084645,3.43e+18,6.26e+16,NA,0.05505332524,NA,NA,0.5839617019,0.2535877725,NA,0,0,NA,NA,0,0,0.1073972004,0,0.0229054,0.4747096,0.0146407,0.0146407,0.0146407,3,"None","Fresh Urine","PER.21_1 Piura"
"111","PER.22_1","PER","Peru","Puno",2016,"ENDES16",2916307,0.562691991,5.99e+18,4.65e+18,NA,0.03166619508,NA,NA,0.3949744477,0.34476505893,NA,0,0,NA,NA,0,0,0.17242833395,0.05616596431,0.0229054,0.4747096,0.0146407,0.0146407,0.0146407,3,"None","Fresh Urine","PER.22_1 Puno"
"112","PER.24_1","PER","Peru","Tacna",2016,"ENDES16",668675,0.913888326,2.23e+18,2.1e+17,NA,0.01430391459,NA,NA,0.8481464003,0.09857293133,NA,0,0,NA,NA,0,0,0.02107071229,0.01790604146,0.0229054,0.4747096,0.0146407,0.0146407,0.0146407,3,"None","Fresh Urine","PER.24_1 Tacna"
"113","PER.25_1","PER","Peru","Tumbes",2016,"ENDES16",7670789,0.117876906,3.3e+18,2.47e+19,NA,0.00060794157,NA,NA,0.7048430869,0.22330343935,NA,0,0,NA,NA,0,0,0.07055274787,0.00069278432,0.0229054,0.4747096,0.0146407,0.0146407,0.0146407,3,"None","Fresh Urine","PER.25_1 Tumbes"
"114","PER.26_1","PER","Peru","Ucayali",2016,"ENDES16",6585715,0.73096772,1.76e+19,6.47e+18,NA,0.03218300069,NA,NA,0.3455796071,0.48471367579,NA,0,0,NA,NA,0,0,0.11970349446,0.017820222,0.0229054,0.4747096,0.0146407,0.0146407,0.0146407,3,"None","Fresh Urine","PER.26_1 Ucayali"
"115","PER.4_1","PER","Peru","Arequipa",2016,"ENDES16",552103,0.136355191,2.75e+17,1.74e+18,NA,0.02223305651,NA,NA,0.805974896,0.14192581657,NA,0,0,NA,NA,0,0,0.02131761747,0.00854861344,0.0229054,0.4747096,0.0146407,0.0146407,0.0146407,3,"None","Fresh Urine","PER.4_1 Arequipa"
"116","PER.5_1","PER","Peru","Ayacucho",2016,"ENDES16",1558847,0.071579624,4.07e+17,5.28e+18,NA,0.0338034637,NA,NA,0.4937684881,0.30411953921,NA,0,0,NA,NA,0,0,0.09910143939,0.06920706953,0.0229054,0.4747096,0.0146407,0.0146407,0.0146407,3,"None","Fresh Urine","PER.5_1 Ayacucho"
"117","PER.6_1","PER","Peru","Cajamarca",2016,"ENDES16",7733660,0.521258612,1.47e+19,1.35e+19,NA,0.03103020386,NA,NA,0.3686676088,0.46642213765,NA,0,0,NA,NA,0,0,0.10250693853,0.03137311115,0.0229054,0.4747096,0.0146407,0.0146407,0.0146407,3,"None","Fresh Urine","PER.6_1 Cajamarca"
"118","PER.7_1","PER","Peru","Callao",2016,"ENDES16",5020692,0.546379888,1e+19,8.31e+18,NA,0.00068188734,NA,NA,0.8276898855,0.14252075368,NA,0,0,NA,NA,0,0.00054936591,0.00742519129,0.02113291627,0.0229054,0.4747096,0.0146407,0.0146407,0.0146407,3,"None","Fresh Urine","PER.7_1 Callao"
"119","PER.8_1","PER","Peru","Cusco",2016,"ENDES16",1189726,0.403606474,1.75e+18,2.59e+18,NA,0.07409966281,NA,NA,0.4832987423,0.20233206919,NA,0,0,NA,NA,0,0,0.09433117928,0.14593834648,0.0229054,0.4747096,0.0146407,0.0146407,0.0146407,3,"None","Fresh Urine","PER.8_1 Cusco"
"120","PER.9_1","PER","Peru","Huancavelica",2016,"ENDES16",8854978,0.965529097,3.12e+19,1.11e+18,NA,0.00800648761,NA,NA,0.3358869295,0.4198218758,NA,0,0,NA,NA,0,0.00078358186,0.1861812301,0.04931989512,0.0229054,0.4747096,0.0146407,0.0146407,0.0146407,3,"None","Fresh Urine","PER.9_1 Huancavelica"
"121","PRY.1_1","PRY","Paraguay","Alto Paraguay",2016,"MICS16",9815173,0.203314292,7.28e+18,2.85e+19,0.01643371099,0.2641327562,0.1564893996,NA,NA,0.22140865565,0.29976489597,0,0,NA,NA,0,NA,0.02783308379,0.01393749778,0.4667753,0.0688401,0,0,0,3,"None","Fresh Urine","PRY.1_1 Alto Paraguay"
"122","PRY.13_1","PRY","Paraguay","Itapúa",2016,"MICS16",3716859,0.191346942,2.6e+18,1.1e+19,0.125787322,0.3672200623,0.1694399843,NA,NA,0.18690552968,0.1297477232,0,0,NA,NA,0,NA,0.01095959297,0.00993978558,0.4667753,0.0688401,0,0,0,3,"None","Fresh Urine","PRY.13_1 Itapúa"
"123","PRY.18_1","PRY","Paraguay","San Pedro",2016,"MICS16",6324407,0.824622678,1.9e+19,4.05e+18,0.03308922831,0.2567093693,0.2492972119,NA,NA,0.16751043666,0.2745148995,0,0,NA,NA,0,NA,0.01134916118,0.00752969324,0.4667753,0.0688401,0,0,0,3,"None","Fresh Urine","PRY.18_1 San Pedro"
"124","PRY.2_1","PRY","Paraguay","Alto Paraná",2016,"MICS16",1320449,0.446646586,2.15e+18,2.67e+18,0.00786373002,0.6356238607,0.1774112035,NA,NA,0.06843991142,0.10334063959,0,0,NA,NA,0,NA,0.00032295714,0.00699769763,0.4667753,0.0688401,0,0,0,3,"None","Fresh Urine","PRY.2_1 Alto Paraná"
"125","PRY.4_1","PRY","Paraguay","Asunción",2016,"MICS16",5330743,0.482952532,9.4e+18,1.01e+19,0.6529451731,0.1828439622,0.1153722319,NA,NA,0.00036607553,0.00472504963,0,0,NA,NA,0,NA,0.00155716199,0.0421903456,0.4667753,0.0688401,0,0,0,3,"None","Fresh Urine","PRY.4_1 Asunción"
"126","PRY.5_1","PRY","Paraguay","Boquerón",2016,"MICS16",4647684,0.864042993,1.47e+19,2.31e+18,0,0.2519697554,0.1789879137,NA,NA,0.34035379992,0.18975216806,0,0,NA,NA,0,NA,0.03810541599,0.00083094698,0.4667753,0.0688401,0,0,0,3,"None","Fresh Urine","PRY.5_1 Boquerón"
"127","PRY.6_1","PRY","Paraguay","Caaguazú",2016,"MICS16",4913801,0.520234901,9.33e+18,8.6e+18,0.04168591917,0.3318995136,0.2340807815,NA,NA,0.09839617218,0.27023574599,0,0,NA,NA,0,NA,0.01509944131,0.00860242632,0.4667753,0.0688401,0,0,0,3,"None","Fresh Urine","PRY.6_1 Caaguazú"
"128","PRY.9_1","PRY","Paraguay","Central",2016,"MICS16",1132508,0.632977732,2.62e+18,1.52e+18,0.06549517821,0.5732577757,0.3169898769,NA,NA,0.01043991647,0.01088020135,0,0,NA,NA,0,NA,0.00512125064,0.01781580072,0.4667753,0.0688401,0,0,0,3,"None","Fresh Urine","PRY.9_1 Central"
"129","SEN.1_1","SEN","Senegal","Dakar",2017,"DHS17",3208566,0.191256666,2.24e+18,9.47e+18,0.3696804705,0.5876696036,0.02023642996,NA,0.00486301497,0.01472746416,0,0,0,0,NA,0,0,0,0.00282301688,0.1757086,0.0429374,0,0,0,3,"None","Fresh Urine","SEN.1_1 Dakar"
"130","SEN.10_1","SEN","Senegal","Saint-Louis",2017,"DHS17",6365643,0.999819444,2.32e+19,4.2e+15,0.02962059665,0.5691884534,0.04922781286,NA,0.00125153977,0.04601053499,0.08652522026,0,0,0,NA,0,0.09195259945,0.1237208771,0.00250236556,0.1757086,0.0429374,0,0,0,3,"None","Fresh Urine","SEN.10_1 Saint-Louis"
"131","SEN.12_1","SEN","Senegal","Tambacounda",2017,"DHS17",9790651,0.72278354,2.58e+19,9.91e+18,0.00756321052,0.1199212692,0.00653749337,NA,0.02002659771,0.09136889785,0.4339595847,0,0,0,NA,0,0.1569502996,0.1582407735,0.00543187355,0.1757086,0.0429374,0,0,0,3,"None","Fresh Urine","SEN.12_1 Tambacounda"
"132","SEN.14_1","SEN","Senegal","Ziguinchor",2017,"DHS17",4480711,0.998068375,1.63e+19,3.16e+16,0.00434013388,0.2781005265,0.07125203471,NA,0.00910522798,0.47860164,0.1216581123,0,0,0,NA,0,0,0.0320358473,0.00490647728,0.1757086,0.0429374,0,0,0,3,"None","Fresh Urine","SEN.14_1 Ziguinchor"
"133","SEN.2_1","SEN","Senegal","Diourbel",2017,"DHS17",8251,0.016788144,5.06e+14,2.96e+16,0.00271051158,0.5381486623,0.0408573285,NA,0.00350531607,0.18463301563,0.05450669507,0,0,0.0072944556,NA,0,0.00144540118,0.1626942058,0.00420440829,0.1757086,0.0429374,0,0,0,3,"None","Fresh Urine","SEN.2_1 Diourbel"
"134","SEN.3_1","SEN","Senegal","Fatick",2017,"DHS17",9393979,0.218864953,7.5e+18,2.68e+19,0,0.2604652945,0.01955710785,NA,0.00224430625,0.32456274482,0.1063469291,0,0,0.00072665155,NA,0,0.0046142343,0.2639186087,0.01756412295,0.1757086,0.0429374,0,0,0,3,"None","Fresh Urine","SEN.3_1 Fatick"
"135","SEN.4_1","SEN","Senegal","Kaffrine",2017,"DHS17",3434682,0.922139014,1.16e+19,9.76e+17,0,0.1076509516,0.03780111269,NA,0.0044021331,0.13604045857,0.3563142307,0,0,0,NA,0,0,0.3339739583,0.02381715503,0.1757086,0.0429374,0,0,0,3,"None","Fresh Urine","SEN.4_1 Kaffrine"
"136","SEN.5_1","SEN","Senegal","Kaolack",2017,"DHS17",9956793,0.790538214,2.87e+19,7.61e+18,0.03251935095,0.3485407308,0.0847950229,NA,0.02415433386,0.20065598198,0.1168226334,0,0,0,NA,0,0.00455775332,0.1561756428,0.03177854997,0.1757086,0.0429374,0,0,0,3,"None","Fresh Urine","SEN.5_1 Kaolack"
"137","SEN.7_1","SEN","Senegal","Kolda",2017,"DHS17",7130255,0.839666918,2.19e+19,4.17e+18,0.00215392383,0.04718288164,0.01701745327,NA,0.0024001671,0.13981426802,0.6129575033,0,0,0,NA,0,0.00319155913,0.1725002402,0.00278200348,0.1757086,0.0429374,0,0,0,3,"None","Fresh Urine","SEN.7_1 Kolda"
"138","SEN.8_1","SEN","Senegal","Louga",2017,"DHS17",4894785,0.843708933,1.51e+19,2.79e+18,0.01315595729,0.5426921647,0.04209521604,NA,0.01691381818,0.10418981517,0.04685748701,0,0,0,NA,0,0.02800501665,0.2017844449,0.00430608002,0.1757086,0.0429374,0,0,0,3,"None","Fresh Urine","SEN.8_1 Louga"
"139","SEN.9_1","SEN","Senegal","Matam",2017,"DHS17",5500549,0.007763115,1.56e+17,1.99e+19,0,0.3264818792,0.0001793698,NA,0,0.08593450478,0.192742068,0,0,0.0007174792,NA,0,0.2226651418,0.1646460977,0.00663345951,0.1757086,0.0429374,0,0,0,3,"None","Fresh Urine","SEN.9_1 Matam"
"140","TUN.8_1","TUN","Tunisia","Kairouan",2012,"MICS12",2746618,0.808890875,8.11e+18,1.92e+18,0.2935447819,0.2489143085,0.2655330437,NA,0,0.00988847227,0.00104383578,0,0,NA,0,0,0,0.18107555783,NA,0.0614009,0.7608197,0.0607068,0.0607068,0.0607068,3,"None","Fresh Urine","TUN.8_1 Kairouan"
"141","UGA.16_1","UGA","Uganda","Kampala",2016,"DHS16",8325306,0.087082302,2.65e+18,2.77e+19,0.05700171765,0.1678772161,0.05678368773,NA,0.0103157866,0.6441046384,0.05845426045,0,0,0.00251138108,0,0,0.00088613871,0.00133830531,0.00072686795,NA,0.0042451,NA,NA,NA,3,"None","Fresh Urine","UGA.16_1 Kampala"
"142","YEM.10_1","YEM","Yemen","Amran",2013,"DHS13",6298561,0.95785883,2.2e+19,9.69e+17,0.07449876488,0.3001937502,NA,NA,NA,0.23665584742,NA,0,0,NA,0.02222209306,0,NA,0.3611435612,0.00528598329,0.0690338,0.5434455,0.0576051,0.0576051,0.0576051,3,"None","Fresh Urine","YEM.10_1 Amran"
"143","YEM.11_1","YEM","Yemen","Dhamar",2013,"DHS13",4541967,0.845096063,1.4e+19,2.57e+18,0.124398508,0.2381306516,NA,NA,NA,0.19226148954,NA,0,0,NA,0.0998118463,0,NA,0.3361140246,0.00928347999,0.0690338,0.5434455,0.0576051,0.0576051,0.0576051,3,"None","Fresh Urine","YEM.11_1 Dhamar"
"144","YEM.13_1","YEM","Yemen","Hajjah",2013,"DHS13",7438392,0.707192971,1.92e+19,7.95e+18,0.0473319712,0.2128801274,NA,NA,NA,0.12023274135,NA,0,0,NA,0.1468000539,0,NA,0.4706155355,0.0021395706,0.0690338,0.5434455,0.0576051,0.0576051,0.0576051,3,"None","Fresh Urine","YEM.13_1 Hajjah"
"145","YEM.14_1","YEM","Yemen","Ibb",2013,"DHS13",9850829,0.397813409,1.43e+19,2.17e+19,0.2028830012,0.4057903351,NA,NA,NA,0.12160463996,NA,0,0,NA,0.07696015907,0,NA,0.1914007201,0.00136114456,0.0690338,0.5434455,0.0576051,0.0576051,0.0576051,3,"None","Fresh Urine","YEM.14_1 Ibb"
"146","YEM.2_1","YEM","Yemen","Abyan",2013,"DHS13",3996042,0.675266532,9.85e+18,4.74e+18,0.2131506374,0.4499928859,NA,NA,NA,0.08398989347,NA,0,0,NA,0.04603885514,0,NA,0.2020886918,0.00473903629,0.0690338,0.5434455,0.0576051,0.0576051,0.0576051,3,"None","Fresh Urine","YEM.2_1 Abyan"
"147","YEM.20_1","YEM","Yemen","Shabwah",2013,"DHS13",9376659,0.365791442,1.25e+19,2.17e+19,0.2394810175,0.3402208811,NA,NA,NA,0.13358213899,NA,0,0,NA,0.09074697031,0,NA,0.1925247296,0.00344426246,0.0690338,0.5434455,0.0576051,0.0576051,0.0576051,3,"None","Fresh Urine","YEM.20_1 Shabwah"
"148","ZWE.1_1","ZWE","Zimbabwe","Bulawayo",2015,"DHS15",3698510,0.999695543,1.35e+19,4.11e+15,0.9496383891,0.03022291501,0,NA,0.00128548487,0.00906467616,0,0,0,NA,0.00829058642,0,NA,0.00149794847,0,0.0343757,0.1174992,0.0110469,0.0110469,0.0110469,3,"None","Fresh Urine","ZWE.1_1 Bulawayo"
"149","ZWE.10_1","ZWE","Zimbabwe","Midlands",2015,"DHS15",4093876,0.825606309,1.23e+19,2.61e+18,0.1752192065,0.01972133052,0.00690284977,NA,0.00383591096,0.37976988029,0.1376660833,0,0,NA,0.00021127196,0,NA,0.2723936265,0.00427984024,0.0343757,0.1174992,0.0110469,0.0110469,0.0110469,3,"None","Fresh Urine","ZWE.10_1 Midlands"
"150","ZWE.2_1","ZWE","Zimbabwe","Harare",2015,"DHS15",673596,0.243838747,6e+17,1.86e+18,0.7484586419,0.1414368555,0.04069186832,NA,0.00522486807,0.03586565563,0.01699999237,0,0,NA,0.01100277887,0,NA,0.00031933933,0,0.0343757,0.1174992,0.0110469,0.0110469,0.0110469,3,"None","Fresh Urine","ZWE.2_1 Harare"
"151","ZWE.3_1","ZWE","Zimbabwe","Manicaland",2015,"DHS15",3989940,0.682024369,9.93e+18,4.63e+18,0.09605864428,0.01194832054,0.0013051291,NA,0.0054444867,0.5465694097,0.1656465352,0,0,NA,0.0009470609,0,NA,0.1712789411,0.00080147246,0.0343757,0.1174992,0.0110469,0.0110469,0.0110469,3,"None","Fresh Urine","ZWE.3_1 Manicaland"
"152","ZWE.4_1","ZWE","Zimbabwe","Mashonaland Central",2015,"DHS15",8145661,0.180607967,5.37e+18,2.44e+19,0.03754852407,0.0218035888,0.0002975346,NA,0.00015794487,0.4682027388,0.2711369701,0,0,NA,0,0,NA,0.1999711836,0.00088151512,0.0343757,0.1174992,0.0110469,0.0110469,0.0110469,3,"None","Fresh Urine","ZWE.4_1 Mashonaland Central"
"153","ZWE.5_1","ZWE","Zimbabwe","Mashonaland East",2015,"DHS15",2195977,0.290023174,2.32e+18,5.69e+18,0.08276282993,0.04997004118,0.00515976882,NA,0.00353331305,0.5394246091,0.09435251886,0,0,NA,0.00134314959,0,NA,0.2219694959,0.00148427352,0.0343757,0.1174992,0.0110469,0.0110469,0.0110469,3,"None","Fresh Urine","ZWE.5_1 Mashonaland East"
"154","ZWE.6_1","ZWE","Zimbabwe","Mashonaland West",2015,"DHS15",6270244,0.589689548,1.35e+19,9.39e+18,0.1221929038,0.09459579811,0.01099075699,NA,0.00232071186,0.33549166635,0.1379993697,0,0,NA,0.00322643075,0,NA,0.2931823624,0,0.0343757,0.1174992,0.0110469,0.0110469,0.0110469,3,"None","Fresh Urine","ZWE.6_1 Mashonaland West"
"155","ZWE.7_1","ZWE","Zimbabwe","Masvingo",2015,"DHS15",3220629,0.063429741,7.46e+17,1.1e+19,0.1537185231,0.01282966235,0.00043213369,NA,0,0.3368281789,0.04722753125,0,0,NA,0,0,NA,0.4485632525,0.00040071828,0.0343757,0.1174992,0.0110469,0.0110469,0.0110469,3,"None","Fresh Urine","ZWE.7_1 Masvingo"
"156","ZWE.8_1","ZWE","Zimbabwe","Matabeleland North",2015,"DHS15",5813279,0.879125718,1.87e+19,2.56e+18,0.07340734111,0.01624881037,0.00071487583,NA,0.00174330676,0.2747291402,0.02468374302,0,0,NA,0.00072540564,0,NA,0.6074393965,0.00030798059,0.0343757,0.1174992,0.0110469,0.0110469,0.0110469,3,"None","Fresh Urine","ZWE.8_1 Matabeleland North"
"157","ZWE.9_1","ZWE","Zimbabwe","Matabeleland South",2015,"DHS15",7012222,0.844109269,2.16e+19,3.99e+18,0.07532111681,0.02599875067,0.00312169488,NA,0.02248493457,0.4584746719,0.06395632983,0,0,NA,0.00132068558,0,NA,0.3493218157,0,0.0343757,0.1174992,0.0110469,0.0110469,0.0110469,3,"None","Fresh Urine","ZWE.9_1 Matabeleland South"
