country,alpha-2,alpha-3,numeric,context,classific_id,classification,percentage,source
Antigua and Barbuda,AG,ATG,028,Urban,1,Flush and pour flush - to piped sewer system,0.0,Census - CEN01
Antigua and Barbuda,AG,ATG,028,Urban,2,Flush and pour flush - to septic tank,0.0,Census - CEN01
Antigua and Barbuda,AG,ATG,028,Urban,3,Flush and pour flush - to pit,0.0,Census - CEN01
Antigua and Barbuda,AG,ATG,028,Urban,4,Flush and pour flush - to unknown place/ not sure/DK,0.0,Census - CEN01
Antigua and Barbuda,AG,ATG,028,Urban,5,Flush and pour flush - to elsewhere,0.0,Census - CEN01
Antigua and Barbuda,AG,ATG,028,Urban,6,Dry latrines - Ventilated Improved Pit latrine,0.0,Census - CEN01
Antigua and Barbuda,AG,ATG,028,Urban,7,Dry latrines - Pit latrine with slab/covered latrine,0.0,Census - CEN01
Antigua and Barbuda,AG,ATG,028,Urban,8,Dry latrines - Traditional latrine,0.0,Census - CEN01
Antigua and Barbuda,AG,ATG,028,Urban,9,Dry latrines - Pit latrine without slab/open pit,0.0,Census - CEN01
Antigua and Barbuda,AG,ATG,028,Urban,10,Dry latrines - Hanging toilet/hanging latrine,0.0,Census - CEN01
Antigua and Barbuda,AG,ATG,028,Urban,11,Dry latrines - Bucket latrine,0.0,Census - CEN01
Antigua and Barbuda,AG,ATG,028,Urban,12,Dry latrines - Other,0.0,Census - CEN01
Antigua and Barbuda,AG,ATG,028,Urban,13,Composting toilets,0.0,Census - CEN01
Antigua and Barbuda,AG,ATG,028,Urban,14,Other improved,0.0,Census - CEN01
Antigua and Barbuda,AG,ATG,028,Urban,15,"No facility, bush, field",0.0,Census - CEN01
Antigua and Barbuda,AG,ATG,028,Urban,16,Other unimproved,0.0,Census - CEN01
Antigua and Barbuda,AG,ATG,028,Urban,17,DK/missing information,0.0,Census - CEN01
Antigua and Barbuda,AG,ATG,028,Rural,1,Flush and pour flush - to piped sewer system,0.0,Census - CEN01
Antigua and Barbuda,AG,ATG,028,Rural,2,Flush and pour flush - to septic tank,0.0,Census - CEN01
Antigua and Barbuda,AG,ATG,028,Rural,3,Flush and pour flush - to pit,0.0,Census - CEN01
Antigua and Barbuda,AG,ATG,028,Rural,4,Flush and pour flush - to unknown place/ not sure/DK,0.0,Census - CEN01
Antigua and Barbuda,AG,ATG,028,Rural,5,Flush and pour flush - to elsewhere,0.0,Census - CEN01
Antigua and Barbuda,AG,ATG,028,Rural,6,Dry latrines - Ventilated Improved Pit latrine,0.0,Census - CEN01
Antigua and Barbuda,AG,ATG,028,Rural,7,Dry latrines - Pit latrine with slab/covered latrine,0.0,Census - CEN01
Antigua and Barbuda,AG,ATG,028,Rural,8,Dry latrines - Traditional latrine,0.0,Census - CEN01
Antigua and Barbuda,AG,ATG,028,Rural,9,Dry latrines - Pit latrine without slab/open pit,0.0,Census - CEN01
Antigua and Barbuda,AG,ATG,028,Rural,10,Dry latrines - Hanging toilet/hanging latrine,0.0,Census - CEN01
Antigua and Barbuda,AG,ATG,028,Rural,11,Dry latrines - Bucket latrine,0.0,Census - CEN01
Antigua and Barbuda,AG,ATG,028,Rural,12,Dry latrines - Other,0.0,Census - CEN01
Antigua and Barbuda,AG,ATG,028,Rural,13,Composting toilets,0.0,Census - CEN01
Antigua and Barbuda,AG,ATG,028,Rural,14,Other improved,0.0,Census - CEN01
Antigua and Barbuda,AG,ATG,028,Rural,15,"No facility, bush, field",0.0,Census - CEN01
Antigua and Barbuda,AG,ATG,028,Rural,16,Other unimproved,0.0,Census - CEN01
Antigua and Barbuda,AG,ATG,028,Rural,17,DK/missing information,0.0,Census - CEN01
Antigua and Barbuda,AG,ATG,028,National,1,Flush and pour flush - to piped sewer system,0.727,Census - CEN01
Antigua and Barbuda,AG,ATG,028,National,2,Flush and pour flush - to septic tank,0.0,Census - CEN01
Antigua and Barbuda,AG,ATG,028,National,3,Flush and pour flush - to pit,0.0,Census - CEN01
Antigua and Barbuda,AG,ATG,028,National,4,Flush and pour flush - to unknown place/ not sure/DK,0.0,Census - CEN01
Antigua and Barbuda,AG,ATG,028,National,5,Flush and pour flush - to elsewhere,0.0,Census - CEN01
Antigua and Barbuda,AG,ATG,028,National,6,Dry latrines - Ventilated Improved Pit latrine,0.0,Census - CEN01
Antigua and Barbuda,AG,ATG,028,National,7,Dry latrines - Pit latrine with slab/covered latrine,0.0,Census - CEN01
Antigua and Barbuda,AG,ATG,028,National,8,Dry latrines - Traditional latrine,0.253,Census - CEN01
Antigua and Barbuda,AG,ATG,028,National,9,Dry latrines - Pit latrine without slab/open pit,0.0,Census - CEN01
Antigua and Barbuda,AG,ATG,028,National,10,Dry latrines - Hanging toilet/hanging latrine,0.0,Census - CEN01
Antigua and Barbuda,AG,ATG,028,National,11,Dry latrines - Bucket latrine,0.0,Census - CEN01
Antigua and Barbuda,AG,ATG,028,National,12,Dry latrines - Other,0.0,Census - CEN01
Antigua and Barbuda,AG,ATG,028,National,13,Composting toilets,0.0,Census - CEN01
Antigua and Barbuda,AG,ATG,028,National,14,Other improved,0.0,Census - CEN01
Antigua and Barbuda,AG,ATG,028,National,15,"No facility, bush, field",0.014,Census - CEN01
Antigua and Barbuda,AG,ATG,028,National,16,Other unimproved,0.006,Census - CEN01
Antigua and Barbuda,AG,ATG,028,National,17,DK/missing information,0.0,Census - CEN01
Antigua and Barbuda,AG,ATG,028,Urban,1,Flush and pour flush - to piped sewer system,0.0,Living Conditions/Household Budget survey - LCHBS05
Antigua and Barbuda,AG,ATG,028,Urban,2,Flush and pour flush - to septic tank,0.0,Living Conditions/Household Budget survey - LCHBS05
Antigua and Barbuda,AG,ATG,028,Urban,3,Flush and pour flush - to pit,0.0,Living Conditions/Household Budget survey - LCHBS05
Antigua and Barbuda,AG,ATG,028,Urban,4,Flush and pour flush - to unknown place/ not sure/DK,0.0,Living Conditions/Household Budget survey - LCHBS05
Antigua and Barbuda,AG,ATG,028,Urban,5,Flush and pour flush - to elsewhere,0.0,Living Conditions/Household Budget survey - LCHBS05
Antigua and Barbuda,AG,ATG,028,Urban,6,Dry latrines - Ventilated Improved Pit latrine,0.0,Living Conditions/Household Budget survey - LCHBS05
Antigua and Barbuda,AG,ATG,028,Urban,7,Dry latrines - Pit latrine with slab/covered latrine,0.0,Living Conditions/Household Budget survey - LCHBS05
Antigua and Barbuda,AG,ATG,028,Urban,8,Dry latrines - Traditional latrine,0.0,Living Conditions/Household Budget survey - LCHBS05
Antigua and Barbuda,AG,ATG,028,Urban,9,Dry latrines - Pit latrine without slab/open pit,0.0,Living Conditions/Household Budget survey - LCHBS05
Antigua and Barbuda,AG,ATG,028,Urban,10,Dry latrines - Hanging toilet/hanging latrine,0.0,Living Conditions/Household Budget survey - LCHBS05
Antigua and Barbuda,AG,ATG,028,Urban,11,Dry latrines - Bucket latrine,0.0,Living Conditions/Household Budget survey - LCHBS05
Antigua and Barbuda,AG,ATG,028,Urban,12,Dry latrines - Other,0.0,Living Conditions/Household Budget survey - LCHBS05
Antigua and Barbuda,AG,ATG,028,Urban,13,Composting toilets,0.0,Living Conditions/Household Budget survey - LCHBS05
Antigua and Barbuda,AG,ATG,028,Urban,14,Other improved,0.0,Living Conditions/Household Budget survey - LCHBS05
Antigua and Barbuda,AG,ATG,028,Urban,15,"No facility, bush, field",0.0,Living Conditions/Household Budget survey - LCHBS05
Antigua and Barbuda,AG,ATG,028,Urban,16,Other unimproved,0.0,Living Conditions/Household Budget survey - LCHBS05
Antigua and Barbuda,AG,ATG,028,Urban,17,DK/missing information,0.0,Living Conditions/Household Budget survey - LCHBS05
Antigua and Barbuda,AG,ATG,028,Rural,1,Flush and pour flush - to piped sewer system,0.0,Living Conditions/Household Budget survey - LCHBS05
Antigua and Barbuda,AG,ATG,028,Rural,2,Flush and pour flush - to septic tank,0.0,Living Conditions/Household Budget survey - LCHBS05
Antigua and Barbuda,AG,ATG,028,Rural,3,Flush and pour flush - to pit,0.0,Living Conditions/Household Budget survey - LCHBS05
Antigua and Barbuda,AG,ATG,028,Rural,4,Flush and pour flush - to unknown place/ not sure/DK,0.0,Living Conditions/Household Budget survey - LCHBS05
Antigua and Barbuda,AG,ATG,028,Rural,5,Flush and pour flush - to elsewhere,0.0,Living Conditions/Household Budget survey - LCHBS05
Antigua and Barbuda,AG,ATG,028,Rural,6,Dry latrines - Ventilated Improved Pit latrine,0.0,Living Conditions/Household Budget survey - LCHBS05
Antigua and Barbuda,AG,ATG,028,Rural,7,Dry latrines - Pit latrine with slab/covered latrine,0.0,Living Conditions/Household Budget survey - LCHBS05
Antigua and Barbuda,AG,ATG,028,Rural,8,Dry latrines - Traditional latrine,0.0,Living Conditions/Household Budget survey - LCHBS05
Antigua and Barbuda,AG,ATG,028,Rural,9,Dry latrines - Pit latrine without slab/open pit,0.0,Living Conditions/Household Budget survey - LCHBS05
Antigua and Barbuda,AG,ATG,028,Rural,10,Dry latrines - Hanging toilet/hanging latrine,0.0,Living Conditions/Household Budget survey - LCHBS05
Antigua and Barbuda,AG,ATG,028,Rural,11,Dry latrines - Bucket latrine,0.0,Living Conditions/Household Budget survey - LCHBS05
Antigua and Barbuda,AG,ATG,028,Rural,12,Dry latrines - Other,0.0,Living Conditions/Household Budget survey - LCHBS05
Antigua and Barbuda,AG,ATG,028,Rural,13,Composting toilets,0.0,Living Conditions/Household Budget survey - LCHBS05
Antigua and Barbuda,AG,ATG,028,Rural,14,Other improved,0.0,Living Conditions/Household Budget survey - LCHBS05
Antigua and Barbuda,AG,ATG,028,Rural,15,"No facility, bush, field",0.0,Living Conditions/Household Budget survey - LCHBS05
Antigua and Barbuda,AG,ATG,028,Rural,16,Other unimproved,0.0,Living Conditions/Household Budget survey - LCHBS05
Antigua and Barbuda,AG,ATG,028,Rural,17,DK/missing information,0.0,Living Conditions/Household Budget survey - LCHBS05
Antigua and Barbuda,AG,ATG,028,National,1,Flush and pour flush - to piped sewer system,0.042,Living Conditions/Household Budget survey - LCHBS05
Antigua and Barbuda,AG,ATG,028,National,2,Flush and pour flush - to septic tank,0.729,Living Conditions/Household Budget survey - LCHBS05
Antigua and Barbuda,AG,ATG,028,National,3,Flush and pour flush - to pit,0.0,Living Conditions/Household Budget survey - LCHBS05
Antigua and Barbuda,AG,ATG,028,National,4,Flush and pour flush - to unknown place/ not sure/DK,0.0,Living Conditions/Household Budget survey - LCHBS05
Antigua and Barbuda,AG,ATG,028,National,5,Flush and pour flush - to elsewhere,0.0,Living Conditions/Household Budget survey - LCHBS05
Antigua and Barbuda,AG,ATG,028,National,6,Dry latrines - Ventilated Improved Pit latrine,0.02,Living Conditions/Household Budget survey - LCHBS05
Antigua and Barbuda,AG,ATG,028,National,7,Dry latrines - Pit latrine with slab/covered latrine,0.0,Living Conditions/Household Budget survey - LCHBS05
Antigua and Barbuda,AG,ATG,028,National,8,Dry latrines - Traditional latrine,0.193,Living Conditions/Household Budget survey - LCHBS05
Antigua and Barbuda,AG,ATG,028,National,9,Dry latrines - Pit latrine without slab/open pit,0.0,Living Conditions/Household Budget survey - LCHBS05
Antigua and Barbuda,AG,ATG,028,National,10,Dry latrines - Hanging toilet/hanging latrine,0.0,Living Conditions/Household Budget survey - LCHBS05
Antigua and Barbuda,AG,ATG,028,National,11,Dry latrines - Bucket latrine,0.0,Living Conditions/Household Budget survey - LCHBS05
Antigua and Barbuda,AG,ATG,028,National,12,Dry latrines - Other,0.0,Living Conditions/Household Budget survey - LCHBS05
Antigua and Barbuda,AG,ATG,028,National,13,Composting toilets,0.0,Living Conditions/Household Budget survey - LCHBS05
Antigua and Barbuda,AG,ATG,028,National,14,Other improved,0.0,Living Conditions/Household Budget survey - LCHBS05
Antigua and Barbuda,AG,ATG,028,National,15,"No facility, bush, field",0.007,Living Conditions/Household Budget survey - LCHBS05
Antigua and Barbuda,AG,ATG,028,National,16,Other unimproved,0.002,Living Conditions/Household Budget survey - LCHBS05
Antigua and Barbuda,AG,ATG,028,National,17,DK/missing information,0.007,Living Conditions/Household Budget survey - LCHBS05
Antigua and Barbuda,AG,ATG,028,Urban,1,Flush and pour flush - to piped sewer system,0.0,Census - CEN11
Antigua and Barbuda,AG,ATG,028,Urban,2,Flush and pour flush - to septic tank,0.0,Census - CEN11
Antigua and Barbuda,AG,ATG,028,Urban,3,Flush and pour flush - to pit,0.0,Census - CEN11
Antigua and Barbuda,AG,ATG,028,Urban,4,Flush and pour flush - to unknown place/ not sure/DK,0.0,Census - CEN11
Antigua and Barbuda,AG,ATG,028,Urban,5,Flush and pour flush - to elsewhere,0.0,Census - CEN11
Antigua and Barbuda,AG,ATG,028,Urban,6,Dry latrines - Ventilated Improved Pit latrine,0.0,Census - CEN11
Antigua and Barbuda,AG,ATG,028,Urban,7,Dry latrines - Pit latrine with slab/covered latrine,0.0,Census - CEN11
Antigua and Barbuda,AG,ATG,028,Urban,8,Dry latrines - Traditional latrine,0.0,Census - CEN11
Antigua and Barbuda,AG,ATG,028,Urban,9,Dry latrines - Pit latrine without slab/open pit,0.0,Census - CEN11
Antigua and Barbuda,AG,ATG,028,Urban,10,Dry latrines - Hanging toilet/hanging latrine,0.0,Census - CEN11
Antigua and Barbuda,AG,ATG,028,Urban,11,Dry latrines - Bucket latrine,0.0,Census - CEN11
Antigua and Barbuda,AG,ATG,028,Urban,12,Dry latrines - Other,0.0,Census - CEN11
Antigua and Barbuda,AG,ATG,028,Urban,13,Composting toilets,0.0,Census - CEN11
Antigua and Barbuda,AG,ATG,028,Urban,14,Other improved,0.0,Census - CEN11
Antigua and Barbuda,AG,ATG,028,Urban,15,"No facility, bush, field",0.0,Census - CEN11
Antigua and Barbuda,AG,ATG,028,Urban,16,Other unimproved,0.0,Census - CEN11
Antigua and Barbuda,AG,ATG,028,Urban,17,DK/missing information,0.0,Census - CEN11
Antigua and Barbuda,AG,ATG,028,Rural,1,Flush and pour flush - to piped sewer system,0.0,Census - CEN11
Antigua and Barbuda,AG,ATG,028,Rural,2,Flush and pour flush - to septic tank,0.0,Census - CEN11
Antigua and Barbuda,AG,ATG,028,Rural,3,Flush and pour flush - to pit,0.0,Census - CEN11
Antigua and Barbuda,AG,ATG,028,Rural,4,Flush and pour flush - to unknown place/ not sure/DK,0.0,Census - CEN11
Antigua and Barbuda,AG,ATG,028,Rural,5,Flush and pour flush - to elsewhere,0.0,Census - CEN11
Antigua and Barbuda,AG,ATG,028,Rural,6,Dry latrines - Ventilated Improved Pit latrine,0.0,Census - CEN11
Antigua and Barbuda,AG,ATG,028,Rural,7,Dry latrines - Pit latrine with slab/covered latrine,0.0,Census - CEN11
Antigua and Barbuda,AG,ATG,028,Rural,8,Dry latrines - Traditional latrine,0.0,Census - CEN11
Antigua and Barbuda,AG,ATG,028,Rural,9,Dry latrines - Pit latrine without slab/open pit,0.0,Census - CEN11
Antigua and Barbuda,AG,ATG,028,Rural,10,Dry latrines - Hanging toilet/hanging latrine,0.0,Census - CEN11
Antigua and Barbuda,AG,ATG,028,Rural,11,Dry latrines - Bucket latrine,0.0,Census - CEN11
Antigua and Barbuda,AG,ATG,028,Rural,12,Dry latrines - Other,0.0,Census - CEN11
Antigua and Barbuda,AG,ATG,028,Rural,13,Composting toilets,0.0,Census - CEN11
Antigua and Barbuda,AG,ATG,028,Rural,14,Other improved,0.0,Census - CEN11
Antigua and Barbuda,AG,ATG,028,Rural,15,"No facility, bush, field",0.0,Census - CEN11
Antigua and Barbuda,AG,ATG,028,Rural,16,Other unimproved,0.0,Census - CEN11
Antigua and Barbuda,AG,ATG,028,Rural,17,DK/missing information,0.0,Census - CEN11
Antigua and Barbuda,AG,ATG,028,National,1,Flush and pour flush - to piped sewer system,0.019,Census - CEN11
Antigua and Barbuda,AG,ATG,028,National,2,Flush and pour flush - to septic tank,0.777,Census - CEN11
Antigua and Barbuda,AG,ATG,028,National,3,Flush and pour flush - to pit,0.0,Census - CEN11
Antigua and Barbuda,AG,ATG,028,National,4,Flush and pour flush - to unknown place/ not sure/DK,0.0,Census - CEN11
Antigua and Barbuda,AG,ATG,028,National,5,Flush and pour flush - to elsewhere,0.0,Census - CEN11
Antigua and Barbuda,AG,ATG,028,National,6,Dry latrines - Ventilated Improved Pit latrine,0.025,Census - CEN11
Antigua and Barbuda,AG,ATG,028,National,7,Dry latrines - Pit latrine with slab/covered latrine,0.0,Census - CEN11
Antigua and Barbuda,AG,ATG,028,National,8,Dry latrines - Traditional latrine,0.092,Census - CEN11
Antigua and Barbuda,AG,ATG,028,National,9,Dry latrines - Pit latrine without slab/open pit,0.0,Census - CEN11
Antigua and Barbuda,AG,ATG,028,National,10,Dry latrines - Hanging toilet/hanging latrine,0.0,Census - CEN11
Antigua and Barbuda,AG,ATG,028,National,11,Dry latrines - Bucket latrine,0.0,Census - CEN11
Antigua and Barbuda,AG,ATG,028,National,12,Dry latrines - Other,0.0,Census - CEN11
Antigua and Barbuda,AG,ATG,028,National,13,Composting toilets,0.0,Census - CEN11
Antigua and Barbuda,AG,ATG,028,National,14,Other improved,0.0,Census - CEN11
Antigua and Barbuda,AG,ATG,028,National,15,"No facility, bush, field",0.005,Census - CEN11
Antigua and Barbuda,AG,ATG,028,National,16,Other unimproved,0.001,Census - CEN11
Antigua and Barbuda,AG,ATG,028,National,17,DK/missing information,0.08,Census - CEN11
