country,alpha-2,alpha-3,numeric,context,classific_id,classification,percentage,source
Australia,AU,AUS,036,Urban,1,Flush and pour flush - to piped sewer system,0.0,OECD - OECD01
Australia,AU,AUS,036,Urban,2,Flush and pour flush - to septic tank,0.0,OECD - OECD01
Australia,AU,AUS,036,Urban,3,Flush and pour flush - to pit,0.0,OECD - OECD01
Australia,AU,AUS,036,Urban,4,Flush and pour flush - to unknown place/ not sure/DK,0.0,OECD - OECD01
Australia,AU,AUS,036,Urban,5,Flush and pour flush - to elsewhere,0.0,OECD - OECD01
Australia,AU,AUS,036,Urban,6,Dry latrines - Ventilated Improved Pit latrine,0.0,OECD - OECD01
Australia,AU,AUS,036,Urban,7,Dry latrines - Pit latrine with slab/covered latrine,0.0,OECD - OECD01
Australia,AU,AUS,036,Urban,8,Dry latrines - Traditional latrine,0.0,OECD - OECD01
Australia,AU,AUS,036,Urban,9,Dry latrines - Pit latrine without slab/open pit,0.0,OECD - OECD01
Australia,AU,AUS,036,Urban,10,Dry latrines - Hanging toilet/hanging latrine,0.0,OECD - OECD01
Australia,AU,AUS,036,Urban,11,Dry latrines - Bucket latrine,0.0,OECD - OECD01
Australia,AU,AUS,036,Urban,12,Dry latrines - Other,0.0,OECD - OECD01
Australia,AU,AUS,036,Urban,13,Composting toilets,0.0,OECD - OECD01
Australia,AU,AUS,036,Urban,14,Other improved,0.0,OECD - OECD01
Australia,AU,AUS,036,Urban,15,"No facility, bush, field",0.0,OECD - OECD01
Australia,AU,AUS,036,Urban,16,Other unimproved,0.0,OECD - OECD01
Australia,AU,AUS,036,Urban,17,DK/missing information,0.0,OECD - OECD01
Australia,AU,AUS,036,Rural,1,Flush and pour flush - to piped sewer system,0.0,OECD - OECD01
Australia,AU,AUS,036,Rural,2,Flush and pour flush - to septic tank,0.0,OECD - OECD01
Australia,AU,AUS,036,Rural,3,Flush and pour flush - to pit,0.0,OECD - OECD01
Australia,AU,AUS,036,Rural,4,Flush and pour flush - to unknown place/ not sure/DK,0.0,OECD - OECD01
Australia,AU,AUS,036,Rural,5,Flush and pour flush - to elsewhere,0.0,OECD - OECD01
Australia,AU,AUS,036,Rural,6,Dry latrines - Ventilated Improved Pit latrine,0.0,OECD - OECD01
Australia,AU,AUS,036,Rural,7,Dry latrines - Pit latrine with slab/covered latrine,0.0,OECD - OECD01
Australia,AU,AUS,036,Rural,8,Dry latrines - Traditional latrine,0.0,OECD - OECD01
Australia,AU,AUS,036,Rural,9,Dry latrines - Pit latrine without slab/open pit,0.0,OECD - OECD01
Australia,AU,AUS,036,Rural,10,Dry latrines - Hanging toilet/hanging latrine,0.0,OECD - OECD01
Australia,AU,AUS,036,Rural,11,Dry latrines - Bucket latrine,0.0,OECD - OECD01
Australia,AU,AUS,036,Rural,12,Dry latrines - Other,0.0,OECD - OECD01
Australia,AU,AUS,036,Rural,13,Composting toilets,0.0,OECD - OECD01
Australia,AU,AUS,036,Rural,14,Other improved,0.0,OECD - OECD01
Australia,AU,AUS,036,Rural,15,"No facility, bush, field",0.0,OECD - OECD01
Australia,AU,AUS,036,Rural,16,Other unimproved,0.0,OECD - OECD01
Australia,AU,AUS,036,Rural,17,DK/missing information,0.0,OECD - OECD01
Australia,AU,AUS,036,National,1,Flush and pour flush - to piped sewer system,0.9,OECD - OECD01
Australia,AU,AUS,036,National,2,Flush and pour flush - to septic tank,0.1,OECD - OECD01
Australia,AU,AUS,036,National,3,Flush and pour flush - to pit,0.0,OECD - OECD01
Australia,AU,AUS,036,National,4,Flush and pour flush - to unknown place/ not sure/DK,0.0,OECD - OECD01
Australia,AU,AUS,036,National,5,Flush and pour flush - to elsewhere,0.0,OECD - OECD01
Australia,AU,AUS,036,National,6,Dry latrines - Ventilated Improved Pit latrine,0.0,OECD - OECD01
Australia,AU,AUS,036,National,7,Dry latrines - Pit latrine with slab/covered latrine,0.0,OECD - OECD01
Australia,AU,AUS,036,National,8,Dry latrines - Traditional latrine,0.0,OECD - OECD01
Australia,AU,AUS,036,National,9,Dry latrines - Pit latrine without slab/open pit,0.0,OECD - OECD01
Australia,AU,AUS,036,National,10,Dry latrines - Hanging toilet/hanging latrine,0.0,OECD - OECD01
Australia,AU,AUS,036,National,11,Dry latrines - Bucket latrine,0.0,OECD - OECD01
Australia,AU,AUS,036,National,12,Dry latrines - Other,0.0,OECD - OECD01
Australia,AU,AUS,036,National,13,Composting toilets,0.0,OECD - OECD01
Australia,AU,AUS,036,National,14,Other improved,0.0,OECD - OECD01
Australia,AU,AUS,036,National,15,"No facility, bush, field",0.0,OECD - OECD01
Australia,AU,AUS,036,National,16,Other unimproved,0.0,OECD - OECD01
Australia,AU,AUS,036,National,17,DK/missing information,0.0,OECD - OECD01
Australia,AU,AUS,036,Urban,1,Flush and pour flush - to piped sewer system,0.0,OECD - OECD04
Australia,AU,AUS,036,Urban,2,Flush and pour flush - to septic tank,0.0,OECD - OECD04
Australia,AU,AUS,036,Urban,3,Flush and pour flush - to pit,0.0,OECD - OECD04
Australia,AU,AUS,036,Urban,4,Flush and pour flush - to unknown place/ not sure/DK,0.0,OECD - OECD04
Australia,AU,AUS,036,Urban,5,Flush and pour flush - to elsewhere,0.0,OECD - OECD04
Australia,AU,AUS,036,Urban,6,Dry latrines - Ventilated Improved Pit latrine,0.0,OECD - OECD04
Australia,AU,AUS,036,Urban,7,Dry latrines - Pit latrine with slab/covered latrine,0.0,OECD - OECD04
Australia,AU,AUS,036,Urban,8,Dry latrines - Traditional latrine,0.0,OECD - OECD04
Australia,AU,AUS,036,Urban,9,Dry latrines - Pit latrine without slab/open pit,0.0,OECD - OECD04
Australia,AU,AUS,036,Urban,10,Dry latrines - Hanging toilet/hanging latrine,0.0,OECD - OECD04
Australia,AU,AUS,036,Urban,11,Dry latrines - Bucket latrine,0.0,OECD - OECD04
Australia,AU,AUS,036,Urban,12,Dry latrines - Other,0.0,OECD - OECD04
Australia,AU,AUS,036,Urban,13,Composting toilets,0.0,OECD - OECD04
Australia,AU,AUS,036,Urban,14,Other improved,0.0,OECD - OECD04
Australia,AU,AUS,036,Urban,15,"No facility, bush, field",0.0,OECD - OECD04
Australia,AU,AUS,036,Urban,16,Other unimproved,0.0,OECD - OECD04
Australia,AU,AUS,036,Urban,17,DK/missing information,0.0,OECD - OECD04
Australia,AU,AUS,036,Rural,1,Flush and pour flush - to piped sewer system,0.0,OECD - OECD04
Australia,AU,AUS,036,Rural,2,Flush and pour flush - to septic tank,0.0,OECD - OECD04
Australia,AU,AUS,036,Rural,3,Flush and pour flush - to pit,0.0,OECD - OECD04
Australia,AU,AUS,036,Rural,4,Flush and pour flush - to unknown place/ not sure/DK,0.0,OECD - OECD04
Australia,AU,AUS,036,Rural,5,Flush and pour flush - to elsewhere,0.0,OECD - OECD04
Australia,AU,AUS,036,Rural,6,Dry latrines - Ventilated Improved Pit latrine,0.0,OECD - OECD04
Australia,AU,AUS,036,Rural,7,Dry latrines - Pit latrine with slab/covered latrine,0.0,OECD - OECD04
Australia,AU,AUS,036,Rural,8,Dry latrines - Traditional latrine,0.0,OECD - OECD04
Australia,AU,AUS,036,Rural,9,Dry latrines - Pit latrine without slab/open pit,0.0,OECD - OECD04
Australia,AU,AUS,036,Rural,10,Dry latrines - Hanging toilet/hanging latrine,0.0,OECD - OECD04
Australia,AU,AUS,036,Rural,11,Dry latrines - Bucket latrine,0.0,OECD - OECD04
Australia,AU,AUS,036,Rural,12,Dry latrines - Other,0.0,OECD - OECD04
Australia,AU,AUS,036,Rural,13,Composting toilets,0.0,OECD - OECD04
Australia,AU,AUS,036,Rural,14,Other improved,0.0,OECD - OECD04
Australia,AU,AUS,036,Rural,15,"No facility, bush, field",0.0,OECD - OECD04
Australia,AU,AUS,036,Rural,16,Other unimproved,0.0,OECD - OECD04
Australia,AU,AUS,036,Rural,17,DK/missing information,0.0,OECD - OECD04
Australia,AU,AUS,036,National,1,Flush and pour flush - to piped sewer system,0.87,OECD - OECD04
Australia,AU,AUS,036,National,2,Flush and pour flush - to septic tank,0.13,OECD - OECD04
Australia,AU,AUS,036,National,3,Flush and pour flush - to pit,0.0,OECD - OECD04
Australia,AU,AUS,036,National,4,Flush and pour flush - to unknown place/ not sure/DK,0.0,OECD - OECD04
Australia,AU,AUS,036,National,5,Flush and pour flush - to elsewhere,0.0,OECD - OECD04
Australia,AU,AUS,036,National,6,Dry latrines - Ventilated Improved Pit latrine,0.0,OECD - OECD04
Australia,AU,AUS,036,National,7,Dry latrines - Pit latrine with slab/covered latrine,0.0,OECD - OECD04
Australia,AU,AUS,036,National,8,Dry latrines - Traditional latrine,0.0,OECD - OECD04
Australia,AU,AUS,036,National,9,Dry latrines - Pit latrine without slab/open pit,0.0,OECD - OECD04
Australia,AU,AUS,036,National,10,Dry latrines - Hanging toilet/hanging latrine,0.0,OECD - OECD04
Australia,AU,AUS,036,National,11,Dry latrines - Bucket latrine,0.0,OECD - OECD04
Australia,AU,AUS,036,National,12,Dry latrines - Other,0.0,OECD - OECD04
Australia,AU,AUS,036,National,13,Composting toilets,0.0,OECD - OECD04
Australia,AU,AUS,036,National,14,Other improved,0.0,OECD - OECD04
Australia,AU,AUS,036,National,15,"No facility, bush, field",0.0,OECD - OECD04
Australia,AU,AUS,036,National,16,Other unimproved,0.0,OECD - OECD04
Australia,AU,AUS,036,National,17,DK/missing information,0.0,OECD - OECD04
Australia,AU,AUS,036,Urban,1,Flush and pour flush - to piped sewer system,0.0,Environmental Issues - EI07
Australia,AU,AUS,036,Urban,2,Flush and pour flush - to septic tank,0.0,Environmental Issues - EI07
Australia,AU,AUS,036,Urban,3,Flush and pour flush - to pit,0.0,Environmental Issues - EI07
Australia,AU,AUS,036,Urban,4,Flush and pour flush - to unknown place/ not sure/DK,0.0,Environmental Issues - EI07
Australia,AU,AUS,036,Urban,5,Flush and pour flush - to elsewhere,0.0,Environmental Issues - EI07
Australia,AU,AUS,036,Urban,6,Dry latrines - Ventilated Improved Pit latrine,0.0,Environmental Issues - EI07
Australia,AU,AUS,036,Urban,7,Dry latrines - Pit latrine with slab/covered latrine,0.0,Environmental Issues - EI07
Australia,AU,AUS,036,Urban,8,Dry latrines - Traditional latrine,0.0,Environmental Issues - EI07
Australia,AU,AUS,036,Urban,9,Dry latrines - Pit latrine without slab/open pit,0.0,Environmental Issues - EI07
Australia,AU,AUS,036,Urban,10,Dry latrines - Hanging toilet/hanging latrine,0.0,Environmental Issues - EI07
Australia,AU,AUS,036,Urban,11,Dry latrines - Bucket latrine,0.0,Environmental Issues - EI07
Australia,AU,AUS,036,Urban,12,Dry latrines - Other,0.0,Environmental Issues - EI07
Australia,AU,AUS,036,Urban,13,Composting toilets,0.0,Environmental Issues - EI07
Australia,AU,AUS,036,Urban,14,Other improved,0.0,Environmental Issues - EI07
Australia,AU,AUS,036,Urban,15,"No facility, bush, field",0.0,Environmental Issues - EI07
Australia,AU,AUS,036,Urban,16,Other unimproved,0.0,Environmental Issues - EI07
Australia,AU,AUS,036,Urban,17,DK/missing information,0.0,Environmental Issues - EI07
Australia,AU,AUS,036,Rural,1,Flush and pour flush - to piped sewer system,0.0,Environmental Issues - EI07
Australia,AU,AUS,036,Rural,2,Flush and pour flush - to septic tank,0.0,Environmental Issues - EI07
Australia,AU,AUS,036,Rural,3,Flush and pour flush - to pit,0.0,Environmental Issues - EI07
Australia,AU,AUS,036,Rural,4,Flush and pour flush - to unknown place/ not sure/DK,0.0,Environmental Issues - EI07
Australia,AU,AUS,036,Rural,5,Flush and pour flush - to elsewhere,0.0,Environmental Issues - EI07
Australia,AU,AUS,036,Rural,6,Dry latrines - Ventilated Improved Pit latrine,0.0,Environmental Issues - EI07
Australia,AU,AUS,036,Rural,7,Dry latrines - Pit latrine with slab/covered latrine,0.0,Environmental Issues - EI07
Australia,AU,AUS,036,Rural,8,Dry latrines - Traditional latrine,0.0,Environmental Issues - EI07
Australia,AU,AUS,036,Rural,9,Dry latrines - Pit latrine without slab/open pit,0.0,Environmental Issues - EI07
Australia,AU,AUS,036,Rural,10,Dry latrines - Hanging toilet/hanging latrine,0.0,Environmental Issues - EI07
Australia,AU,AUS,036,Rural,11,Dry latrines - Bucket latrine,0.0,Environmental Issues - EI07
Australia,AU,AUS,036,Rural,12,Dry latrines - Other,0.0,Environmental Issues - EI07
Australia,AU,AUS,036,Rural,13,Composting toilets,0.0,Environmental Issues - EI07
Australia,AU,AUS,036,Rural,14,Other improved,0.0,Environmental Issues - EI07
Australia,AU,AUS,036,Rural,15,"No facility, bush, field",0.0,Environmental Issues - EI07
Australia,AU,AUS,036,Rural,16,Other unimproved,0.0,Environmental Issues - EI07
Australia,AU,AUS,036,Rural,17,DK/missing information,0.0,Environmental Issues - EI07
Australia,AU,AUS,036,National,1,Flush and pour flush - to piped sewer system,0.0,Environmental Issues - EI07
Australia,AU,AUS,036,National,2,Flush and pour flush - to septic tank,0.0,Environmental Issues - EI07
Australia,AU,AUS,036,National,3,Flush and pour flush - to pit,0.0,Environmental Issues - EI07
Australia,AU,AUS,036,National,4,Flush and pour flush - to unknown place/ not sure/DK,0.0,Environmental Issues - EI07
Australia,AU,AUS,036,National,5,Flush and pour flush - to elsewhere,0.0,Environmental Issues - EI07
Australia,AU,AUS,036,National,6,Dry latrines - Ventilated Improved Pit latrine,0.0,Environmental Issues - EI07
Australia,AU,AUS,036,National,7,Dry latrines - Pit latrine with slab/covered latrine,0.0,Environmental Issues - EI07
Australia,AU,AUS,036,National,8,Dry latrines - Traditional latrine,0.0,Environmental Issues - EI07
Australia,AU,AUS,036,National,9,Dry latrines - Pit latrine without slab/open pit,0.0,Environmental Issues - EI07
Australia,AU,AUS,036,National,10,Dry latrines - Hanging toilet/hanging latrine,0.0,Environmental Issues - EI07
Australia,AU,AUS,036,National,11,Dry latrines - Bucket latrine,0.0,Environmental Issues - EI07
Australia,AU,AUS,036,National,12,Dry latrines - Other,0.0,Environmental Issues - EI07
Australia,AU,AUS,036,National,13,Composting toilets,0.0,Environmental Issues - EI07
Australia,AU,AUS,036,National,14,Other improved,0.0,Environmental Issues - EI07
Australia,AU,AUS,036,National,15,"No facility, bush, field",0.0,Environmental Issues - EI07
Australia,AU,AUS,036,National,16,Other unimproved,0.002,Environmental Issues - EI07
Australia,AU,AUS,036,National,17,DK/missing information,0.0,Environmental Issues - EI07
Australia,AU,AUS,036,Urban,1,Flush and pour flush - to piped sewer system,0.0,Environmental Issues - EI10
Australia,AU,AUS,036,Urban,2,Flush and pour flush - to septic tank,0.0,Environmental Issues - EI10
Australia,AU,AUS,036,Urban,3,Flush and pour flush - to pit,0.0,Environmental Issues - EI10
Australia,AU,AUS,036,Urban,4,Flush and pour flush - to unknown place/ not sure/DK,0.0,Environmental Issues - EI10
Australia,AU,AUS,036,Urban,5,Flush and pour flush - to elsewhere,0.0,Environmental Issues - EI10
Australia,AU,AUS,036,Urban,6,Dry latrines - Ventilated Improved Pit latrine,0.0,Environmental Issues - EI10
Australia,AU,AUS,036,Urban,7,Dry latrines - Pit latrine with slab/covered latrine,0.0,Environmental Issues - EI10
Australia,AU,AUS,036,Urban,8,Dry latrines - Traditional latrine,0.0,Environmental Issues - EI10
Australia,AU,AUS,036,Urban,9,Dry latrines - Pit latrine without slab/open pit,0.0,Environmental Issues - EI10
Australia,AU,AUS,036,Urban,10,Dry latrines - Hanging toilet/hanging latrine,0.0,Environmental Issues - EI10
Australia,AU,AUS,036,Urban,11,Dry latrines - Bucket latrine,0.0,Environmental Issues - EI10
Australia,AU,AUS,036,Urban,12,Dry latrines - Other,0.0,Environmental Issues - EI10
Australia,AU,AUS,036,Urban,13,Composting toilets,0.0,Environmental Issues - EI10
Australia,AU,AUS,036,Urban,14,Other improved,0.0,Environmental Issues - EI10
Australia,AU,AUS,036,Urban,15,"No facility, bush, field",0.0,Environmental Issues - EI10
Australia,AU,AUS,036,Urban,16,Other unimproved,0.0,Environmental Issues - EI10
Australia,AU,AUS,036,Urban,17,DK/missing information,0.0,Environmental Issues - EI10
Australia,AU,AUS,036,Rural,1,Flush and pour flush - to piped sewer system,0.0,Environmental Issues - EI10
Australia,AU,AUS,036,Rural,2,Flush and pour flush - to septic tank,0.0,Environmental Issues - EI10
Australia,AU,AUS,036,Rural,3,Flush and pour flush - to pit,0.0,Environmental Issues - EI10
Australia,AU,AUS,036,Rural,4,Flush and pour flush - to unknown place/ not sure/DK,0.0,Environmental Issues - EI10
Australia,AU,AUS,036,Rural,5,Flush and pour flush - to elsewhere,0.0,Environmental Issues - EI10
Australia,AU,AUS,036,Rural,6,Dry latrines - Ventilated Improved Pit latrine,0.0,Environmental Issues - EI10
Australia,AU,AUS,036,Rural,7,Dry latrines - Pit latrine with slab/covered latrine,0.0,Environmental Issues - EI10
Australia,AU,AUS,036,Rural,8,Dry latrines - Traditional latrine,0.0,Environmental Issues - EI10
Australia,AU,AUS,036,Rural,9,Dry latrines - Pit latrine without slab/open pit,0.0,Environmental Issues - EI10
Australia,AU,AUS,036,Rural,10,Dry latrines - Hanging toilet/hanging latrine,0.0,Environmental Issues - EI10
Australia,AU,AUS,036,Rural,11,Dry latrines - Bucket latrine,0.0,Environmental Issues - EI10
Australia,AU,AUS,036,Rural,12,Dry latrines - Other,0.0,Environmental Issues - EI10
Australia,AU,AUS,036,Rural,13,Composting toilets,0.0,Environmental Issues - EI10
Australia,AU,AUS,036,Rural,14,Other improved,0.0,Environmental Issues - EI10
Australia,AU,AUS,036,Rural,15,"No facility, bush, field",0.0,Environmental Issues - EI10
Australia,AU,AUS,036,Rural,16,Other unimproved,0.0,Environmental Issues - EI10
Australia,AU,AUS,036,Rural,17,DK/missing information,0.0,Environmental Issues - EI10
Australia,AU,AUS,036,National,1,Flush and pour flush - to piped sewer system,0.0,Environmental Issues - EI10
Australia,AU,AUS,036,National,2,Flush and pour flush - to septic tank,0.0,Environmental Issues - EI10
Australia,AU,AUS,036,National,3,Flush and pour flush - to pit,0.0,Environmental Issues - EI10
Australia,AU,AUS,036,National,4,Flush and pour flush - to unknown place/ not sure/DK,0.0,Environmental Issues - EI10
Australia,AU,AUS,036,National,5,Flush and pour flush - to elsewhere,0.0,Environmental Issues - EI10
Australia,AU,AUS,036,National,6,Dry latrines - Ventilated Improved Pit latrine,0.0,Environmental Issues - EI10
Australia,AU,AUS,036,National,7,Dry latrines - Pit latrine with slab/covered latrine,0.0,Environmental Issues - EI10
Australia,AU,AUS,036,National,8,Dry latrines - Traditional latrine,0.0,Environmental Issues - EI10
Australia,AU,AUS,036,National,9,Dry latrines - Pit latrine without slab/open pit,0.0,Environmental Issues - EI10
Australia,AU,AUS,036,National,10,Dry latrines - Hanging toilet/hanging latrine,0.0,Environmental Issues - EI10
Australia,AU,AUS,036,National,11,Dry latrines - Bucket latrine,0.0,Environmental Issues - EI10
Australia,AU,AUS,036,National,12,Dry latrines - Other,0.0,Environmental Issues - EI10
Australia,AU,AUS,036,National,13,Composting toilets,0.0,Environmental Issues - EI10
Australia,AU,AUS,036,National,14,Other improved,0.0,Environmental Issues - EI10
Australia,AU,AUS,036,National,15,"No facility, bush, field",0.0,Environmental Issues - EI10
Australia,AU,AUS,036,National,16,Other unimproved,0.003,Environmental Issues - EI10
Australia,AU,AUS,036,National,17,DK/missing information,0.0,Environmental Issues - EI10
Australia,AU,AUS,036,Urban,1,Flush and pour flush - to piped sewer system,0.0,Environmental Issues - EI13
Australia,AU,AUS,036,Urban,2,Flush and pour flush - to septic tank,0.0,Environmental Issues - EI13
Australia,AU,AUS,036,Urban,3,Flush and pour flush - to pit,0.0,Environmental Issues - EI13
Australia,AU,AUS,036,Urban,4,Flush and pour flush - to unknown place/ not sure/DK,0.0,Environmental Issues - EI13
Australia,AU,AUS,036,Urban,5,Flush and pour flush - to elsewhere,0.0,Environmental Issues - EI13
Australia,AU,AUS,036,Urban,6,Dry latrines - Ventilated Improved Pit latrine,0.0,Environmental Issues - EI13
Australia,AU,AUS,036,Urban,7,Dry latrines - Pit latrine with slab/covered latrine,0.0,Environmental Issues - EI13
Australia,AU,AUS,036,Urban,8,Dry latrines - Traditional latrine,0.0,Environmental Issues - EI13
Australia,AU,AUS,036,Urban,9,Dry latrines - Pit latrine without slab/open pit,0.0,Environmental Issues - EI13
Australia,AU,AUS,036,Urban,10,Dry latrines - Hanging toilet/hanging latrine,0.0,Environmental Issues - EI13
Australia,AU,AUS,036,Urban,11,Dry latrines - Bucket latrine,0.0,Environmental Issues - EI13
Australia,AU,AUS,036,Urban,12,Dry latrines - Other,0.0,Environmental Issues - EI13
Australia,AU,AUS,036,Urban,13,Composting toilets,0.0,Environmental Issues - EI13
Australia,AU,AUS,036,Urban,14,Other improved,0.0,Environmental Issues - EI13
Australia,AU,AUS,036,Urban,15,"No facility, bush, field",0.0,Environmental Issues - EI13
Australia,AU,AUS,036,Urban,16,Other unimproved,0.0,Environmental Issues - EI13
Australia,AU,AUS,036,Urban,17,DK/missing information,0.0,Environmental Issues - EI13
Australia,AU,AUS,036,Rural,1,Flush and pour flush - to piped sewer system,0.0,Environmental Issues - EI13
Australia,AU,AUS,036,Rural,2,Flush and pour flush - to septic tank,0.0,Environmental Issues - EI13
Australia,AU,AUS,036,Rural,3,Flush and pour flush - to pit,0.0,Environmental Issues - EI13
Australia,AU,AUS,036,Rural,4,Flush and pour flush - to unknown place/ not sure/DK,0.0,Environmental Issues - EI13
Australia,AU,AUS,036,Rural,5,Flush and pour flush - to elsewhere,0.0,Environmental Issues - EI13
Australia,AU,AUS,036,Rural,6,Dry latrines - Ventilated Improved Pit latrine,0.0,Environmental Issues - EI13
Australia,AU,AUS,036,Rural,7,Dry latrines - Pit latrine with slab/covered latrine,0.0,Environmental Issues - EI13
Australia,AU,AUS,036,Rural,8,Dry latrines - Traditional latrine,0.0,Environmental Issues - EI13
Australia,AU,AUS,036,Rural,9,Dry latrines - Pit latrine without slab/open pit,0.0,Environmental Issues - EI13
Australia,AU,AUS,036,Rural,10,Dry latrines - Hanging toilet/hanging latrine,0.0,Environmental Issues - EI13
Australia,AU,AUS,036,Rural,11,Dry latrines - Bucket latrine,0.0,Environmental Issues - EI13
Australia,AU,AUS,036,Rural,12,Dry latrines - Other,0.0,Environmental Issues - EI13
Australia,AU,AUS,036,Rural,13,Composting toilets,0.0,Environmental Issues - EI13
Australia,AU,AUS,036,Rural,14,Other improved,0.0,Environmental Issues - EI13
Australia,AU,AUS,036,Rural,15,"No facility, bush, field",0.0,Environmental Issues - EI13
Australia,AU,AUS,036,Rural,16,Other unimproved,0.0,Environmental Issues - EI13
Australia,AU,AUS,036,Rural,17,DK/missing information,0.0,Environmental Issues - EI13
Australia,AU,AUS,036,National,1,Flush and pour flush - to piped sewer system,0.0,Environmental Issues - EI13
Australia,AU,AUS,036,National,2,Flush and pour flush - to septic tank,0.0,Environmental Issues - EI13
Australia,AU,AUS,036,National,3,Flush and pour flush - to pit,0.0,Environmental Issues - EI13
Australia,AU,AUS,036,National,4,Flush and pour flush - to unknown place/ not sure/DK,0.0,Environmental Issues - EI13
Australia,AU,AUS,036,National,5,Flush and pour flush - to elsewhere,0.0,Environmental Issues - EI13
Australia,AU,AUS,036,National,6,Dry latrines - Ventilated Improved Pit latrine,0.0,Environmental Issues - EI13
Australia,AU,AUS,036,National,7,Dry latrines - Pit latrine with slab/covered latrine,0.0,Environmental Issues - EI13
Australia,AU,AUS,036,National,8,Dry latrines - Traditional latrine,0.0,Environmental Issues - EI13
Australia,AU,AUS,036,National,9,Dry latrines - Pit latrine without slab/open pit,0.0,Environmental Issues - EI13
Australia,AU,AUS,036,National,10,Dry latrines - Hanging toilet/hanging latrine,0.0,Environmental Issues - EI13
Australia,AU,AUS,036,National,11,Dry latrines - Bucket latrine,0.0,Environmental Issues - EI13
Australia,AU,AUS,036,National,12,Dry latrines - Other,0.0,Environmental Issues - EI13
Australia,AU,AUS,036,National,13,Composting toilets,0.0,Environmental Issues - EI13
Australia,AU,AUS,036,National,14,Other improved,0.0,Environmental Issues - EI13
Australia,AU,AUS,036,National,15,"No facility, bush, field",0.0,Environmental Issues - EI13
Australia,AU,AUS,036,National,16,Other unimproved,0.004,Environmental Issues - EI13
Australia,AU,AUS,036,National,17,DK/missing information,0.0,Environmental Issues - EI13
