country,alpha-2,alpha-3,numeric,context,classific_id,classification,percentage,source
Belgium,BE,BEL,056,Urban,1,Flush and pour flush - to piped sewer system,0.0,Eurostat environmental database - ES05
Belgium,BE,BEL,056,Urban,2,Flush and pour flush - to septic tank,0.0,Eurostat environmental database - ES05
Belgium,BE,BEL,056,Urban,3,Flush and pour flush - to pit,0.0,Eurostat environmental database - ES05
Belgium,BE,BEL,056,Urban,4,Flush and pour flush - to unknown place/ not sure/DK,0.0,Eurostat environmental database - ES05
Belgium,BE,BEL,056,Urban,5,Flush and pour flush - to elsewhere,0.0,Eurostat environmental database - ES05
Belgium,BE,BEL,056,Urban,6,Dry latrines - Ventilated Improved Pit latrine,0.0,Eurostat environmental database - ES05
Belgium,BE,BEL,056,Urban,7,Dry latrines - Pit latrine with slab/covered latrine,0.0,Eurostat environmental database - ES05
Belgium,BE,BEL,056,Urban,8,Dry latrines - Traditional latrine,0.0,Eurostat environmental database - ES05
Belgium,BE,BEL,056,Urban,9,Dry latrines - Pit latrine without slab/open pit,0.0,Eurostat environmental database - ES05
Belgium,BE,BEL,056,Urban,10,Dry latrines - Hanging toilet/hanging latrine,0.0,Eurostat environmental database - ES05
Belgium,BE,BEL,056,Urban,11,Dry latrines - Bucket latrine,0.0,Eurostat environmental database - ES05
Belgium,BE,BEL,056,Urban,12,Dry latrines - Other,0.0,Eurostat environmental database - ES05
Belgium,BE,BEL,056,Urban,13,Composting toilets,0.0,Eurostat environmental database - ES05
Belgium,BE,BEL,056,Urban,14,Other improved,0.0,Eurostat environmental database - ES05
Belgium,BE,BEL,056,Urban,15,"No facility, bush, field",0.0,Eurostat environmental database - ES05
Belgium,BE,BEL,056,Urban,16,Other unimproved,0.0,Eurostat environmental database - ES05
Belgium,BE,BEL,056,Urban,17,DK/missing information,0.0,Eurostat environmental database - ES05
Belgium,BE,BEL,056,Rural,1,Flush and pour flush - to piped sewer system,0.0,Eurostat environmental database - ES05
Belgium,BE,BEL,056,Rural,2,Flush and pour flush - to septic tank,0.0,Eurostat environmental database - ES05
Belgium,BE,BEL,056,Rural,3,Flush and pour flush - to pit,0.0,Eurostat environmental database - ES05
Belgium,BE,BEL,056,Rural,4,Flush and pour flush - to unknown place/ not sure/DK,0.0,Eurostat environmental database - ES05
Belgium,BE,BEL,056,Rural,5,Flush and pour flush - to elsewhere,0.0,Eurostat environmental database - ES05
Belgium,BE,BEL,056,Rural,6,Dry latrines - Ventilated Improved Pit latrine,0.0,Eurostat environmental database - ES05
Belgium,BE,BEL,056,Rural,7,Dry latrines - Pit latrine with slab/covered latrine,0.0,Eurostat environmental database - ES05
Belgium,BE,BEL,056,Rural,8,Dry latrines - Traditional latrine,0.0,Eurostat environmental database - ES05
Belgium,BE,BEL,056,Rural,9,Dry latrines - Pit latrine without slab/open pit,0.0,Eurostat environmental database - ES05
Belgium,BE,BEL,056,Rural,10,Dry latrines - Hanging toilet/hanging latrine,0.0,Eurostat environmental database - ES05
Belgium,BE,BEL,056,Rural,11,Dry latrines - Bucket latrine,0.0,Eurostat environmental database - ES05
Belgium,BE,BEL,056,Rural,12,Dry latrines - Other,0.0,Eurostat environmental database - ES05
Belgium,BE,BEL,056,Rural,13,Composting toilets,0.0,Eurostat environmental database - ES05
Belgium,BE,BEL,056,Rural,14,Other improved,0.0,Eurostat environmental database - ES05
Belgium,BE,BEL,056,Rural,15,"No facility, bush, field",0.0,Eurostat environmental database - ES05
Belgium,BE,BEL,056,Rural,16,Other unimproved,0.0,Eurostat environmental database - ES05
Belgium,BE,BEL,056,Rural,17,DK/missing information,0.0,Eurostat environmental database - ES05
Belgium,BE,BEL,056,National,1,Flush and pour flush - to piped sewer system,0.525,Eurostat environmental database - ES05
Belgium,BE,BEL,056,National,2,Flush and pour flush - to septic tank,0.189,Eurostat environmental database - ES05
Belgium,BE,BEL,056,National,3,Flush and pour flush - to pit,0.0,Eurostat environmental database - ES05
Belgium,BE,BEL,056,National,4,Flush and pour flush - to unknown place/ not sure/DK,0.0,Eurostat environmental database - ES05
Belgium,BE,BEL,056,National,5,Flush and pour flush - to elsewhere,0.0,Eurostat environmental database - ES05
Belgium,BE,BEL,056,National,6,Dry latrines - Ventilated Improved Pit latrine,0.0,Eurostat environmental database - ES05
Belgium,BE,BEL,056,National,7,Dry latrines - Pit latrine with slab/covered latrine,0.0,Eurostat environmental database - ES05
Belgium,BE,BEL,056,National,8,Dry latrines - Traditional latrine,0.0,Eurostat environmental database - ES05
Belgium,BE,BEL,056,National,9,Dry latrines - Pit latrine without slab/open pit,0.0,Eurostat environmental database - ES05
Belgium,BE,BEL,056,National,10,Dry latrines - Hanging toilet/hanging latrine,0.0,Eurostat environmental database - ES05
Belgium,BE,BEL,056,National,11,Dry latrines - Bucket latrine,0.0,Eurostat environmental database - ES05
Belgium,BE,BEL,056,National,12,Dry latrines - Other,0.0,Eurostat environmental database - ES05
Belgium,BE,BEL,056,National,13,Composting toilets,0.0,Eurostat environmental database - ES05
Belgium,BE,BEL,056,National,14,Other improved,0.0,Eurostat environmental database - ES05
Belgium,BE,BEL,056,National,15,"No facility, bush, field",0.0,Eurostat environmental database - ES05
Belgium,BE,BEL,056,National,16,Other unimproved,0.286,Eurostat environmental database - ES05
Belgium,BE,BEL,056,National,17,DK/missing information,0.0,Eurostat environmental database - ES05
Belgium,BE,BEL,056,Urban,1,Flush and pour flush - to piped sewer system,0.0,Eurostat environmental database - ES06
Belgium,BE,BEL,056,Urban,2,Flush and pour flush - to septic tank,0.0,Eurostat environmental database - ES06
Belgium,BE,BEL,056,Urban,3,Flush and pour flush - to pit,0.0,Eurostat environmental database - ES06
Belgium,BE,BEL,056,Urban,4,Flush and pour flush - to unknown place/ not sure/DK,0.0,Eurostat environmental database - ES06
Belgium,BE,BEL,056,Urban,5,Flush and pour flush - to elsewhere,0.0,Eurostat environmental database - ES06
Belgium,BE,BEL,056,Urban,6,Dry latrines - Ventilated Improved Pit latrine,0.0,Eurostat environmental database - ES06
Belgium,BE,BEL,056,Urban,7,Dry latrines - Pit latrine with slab/covered latrine,0.0,Eurostat environmental database - ES06
Belgium,BE,BEL,056,Urban,8,Dry latrines - Traditional latrine,0.0,Eurostat environmental database - ES06
Belgium,BE,BEL,056,Urban,9,Dry latrines - Pit latrine without slab/open pit,0.0,Eurostat environmental database - ES06
Belgium,BE,BEL,056,Urban,10,Dry latrines - Hanging toilet/hanging latrine,0.0,Eurostat environmental database - ES06
Belgium,BE,BEL,056,Urban,11,Dry latrines - Bucket latrine,0.0,Eurostat environmental database - ES06
Belgium,BE,BEL,056,Urban,12,Dry latrines - Other,0.0,Eurostat environmental database - ES06
Belgium,BE,BEL,056,Urban,13,Composting toilets,0.0,Eurostat environmental database - ES06
Belgium,BE,BEL,056,Urban,14,Other improved,0.0,Eurostat environmental database - ES06
Belgium,BE,BEL,056,Urban,15,"No facility, bush, field",0.0,Eurostat environmental database - ES06
Belgium,BE,BEL,056,Urban,16,Other unimproved,0.0,Eurostat environmental database - ES06
Belgium,BE,BEL,056,Urban,17,DK/missing information,0.0,Eurostat environmental database - ES06
Belgium,BE,BEL,056,Rural,1,Flush and pour flush - to piped sewer system,0.0,Eurostat environmental database - ES06
Belgium,BE,BEL,056,Rural,2,Flush and pour flush - to septic tank,0.0,Eurostat environmental database - ES06
Belgium,BE,BEL,056,Rural,3,Flush and pour flush - to pit,0.0,Eurostat environmental database - ES06
Belgium,BE,BEL,056,Rural,4,Flush and pour flush - to unknown place/ not sure/DK,0.0,Eurostat environmental database - ES06
Belgium,BE,BEL,056,Rural,5,Flush and pour flush - to elsewhere,0.0,Eurostat environmental database - ES06
Belgium,BE,BEL,056,Rural,6,Dry latrines - Ventilated Improved Pit latrine,0.0,Eurostat environmental database - ES06
Belgium,BE,BEL,056,Rural,7,Dry latrines - Pit latrine with slab/covered latrine,0.0,Eurostat environmental database - ES06
Belgium,BE,BEL,056,Rural,8,Dry latrines - Traditional latrine,0.0,Eurostat environmental database - ES06
Belgium,BE,BEL,056,Rural,9,Dry latrines - Pit latrine without slab/open pit,0.0,Eurostat environmental database - ES06
Belgium,BE,BEL,056,Rural,10,Dry latrines - Hanging toilet/hanging latrine,0.0,Eurostat environmental database - ES06
Belgium,BE,BEL,056,Rural,11,Dry latrines - Bucket latrine,0.0,Eurostat environmental database - ES06
Belgium,BE,BEL,056,Rural,12,Dry latrines - Other,0.0,Eurostat environmental database - ES06
Belgium,BE,BEL,056,Rural,13,Composting toilets,0.0,Eurostat environmental database - ES06
Belgium,BE,BEL,056,Rural,14,Other improved,0.0,Eurostat environmental database - ES06
Belgium,BE,BEL,056,Rural,15,"No facility, bush, field",0.0,Eurostat environmental database - ES06
Belgium,BE,BEL,056,Rural,16,Other unimproved,0.0,Eurostat environmental database - ES06
Belgium,BE,BEL,056,Rural,17,DK/missing information,0.0,Eurostat environmental database - ES06
Belgium,BE,BEL,056,National,1,Flush and pour flush - to piped sewer system,0.495,Eurostat environmental database - ES06
Belgium,BE,BEL,056,National,2,Flush and pour flush - to septic tank,0.264,Eurostat environmental database - ES06
Belgium,BE,BEL,056,National,3,Flush and pour flush - to pit,0.0,Eurostat environmental database - ES06
Belgium,BE,BEL,056,National,4,Flush and pour flush - to unknown place/ not sure/DK,0.0,Eurostat environmental database - ES06
Belgium,BE,BEL,056,National,5,Flush and pour flush - to elsewhere,0.0,Eurostat environmental database - ES06
Belgium,BE,BEL,056,National,6,Dry latrines - Ventilated Improved Pit latrine,0.0,Eurostat environmental database - ES06
Belgium,BE,BEL,056,National,7,Dry latrines - Pit latrine with slab/covered latrine,0.0,Eurostat environmental database - ES06
Belgium,BE,BEL,056,National,8,Dry latrines - Traditional latrine,0.0,Eurostat environmental database - ES06
Belgium,BE,BEL,056,National,9,Dry latrines - Pit latrine without slab/open pit,0.0,Eurostat environmental database - ES06
Belgium,BE,BEL,056,National,10,Dry latrines - Hanging toilet/hanging latrine,0.0,Eurostat environmental database - ES06
Belgium,BE,BEL,056,National,11,Dry latrines - Bucket latrine,0.0,Eurostat environmental database - ES06
Belgium,BE,BEL,056,National,12,Dry latrines - Other,0.0,Eurostat environmental database - ES06
Belgium,BE,BEL,056,National,13,Composting toilets,0.0,Eurostat environmental database - ES06
Belgium,BE,BEL,056,National,14,Other improved,0.0,Eurostat environmental database - ES06
Belgium,BE,BEL,056,National,15,"No facility, bush, field",0.0,Eurostat environmental database - ES06
Belgium,BE,BEL,056,National,16,Other unimproved,0.241,Eurostat environmental database - ES06
Belgium,BE,BEL,056,National,17,DK/missing information,0.0,Eurostat environmental database - ES06
Belgium,BE,BEL,056,Urban,1,Flush and pour flush - to piped sewer system,0.0,Eurostat environmental database - ES07
Belgium,BE,BEL,056,Urban,2,Flush and pour flush - to septic tank,0.0,Eurostat environmental database - ES07
Belgium,BE,BEL,056,Urban,3,Flush and pour flush - to pit,0.0,Eurostat environmental database - ES07
Belgium,BE,BEL,056,Urban,4,Flush and pour flush - to unknown place/ not sure/DK,0.0,Eurostat environmental database - ES07
Belgium,BE,BEL,056,Urban,5,Flush and pour flush - to elsewhere,0.0,Eurostat environmental database - ES07
Belgium,BE,BEL,056,Urban,6,Dry latrines - Ventilated Improved Pit latrine,0.0,Eurostat environmental database - ES07
Belgium,BE,BEL,056,Urban,7,Dry latrines - Pit latrine with slab/covered latrine,0.0,Eurostat environmental database - ES07
Belgium,BE,BEL,056,Urban,8,Dry latrines - Traditional latrine,0.0,Eurostat environmental database - ES07
Belgium,BE,BEL,056,Urban,9,Dry latrines - Pit latrine without slab/open pit,0.0,Eurostat environmental database - ES07
Belgium,BE,BEL,056,Urban,10,Dry latrines - Hanging toilet/hanging latrine,0.0,Eurostat environmental database - ES07
Belgium,BE,BEL,056,Urban,11,Dry latrines - Bucket latrine,0.0,Eurostat environmental database - ES07
Belgium,BE,BEL,056,Urban,12,Dry latrines - Other,0.0,Eurostat environmental database - ES07
Belgium,BE,BEL,056,Urban,13,Composting toilets,0.0,Eurostat environmental database - ES07
Belgium,BE,BEL,056,Urban,14,Other improved,0.0,Eurostat environmental database - ES07
Belgium,BE,BEL,056,Urban,15,"No facility, bush, field",0.0,Eurostat environmental database - ES07
Belgium,BE,BEL,056,Urban,16,Other unimproved,0.0,Eurostat environmental database - ES07
Belgium,BE,BEL,056,Urban,17,DK/missing information,0.0,Eurostat environmental database - ES07
Belgium,BE,BEL,056,Rural,1,Flush and pour flush - to piped sewer system,0.0,Eurostat environmental database - ES07
Belgium,BE,BEL,056,Rural,2,Flush and pour flush - to septic tank,0.0,Eurostat environmental database - ES07
Belgium,BE,BEL,056,Rural,3,Flush and pour flush - to pit,0.0,Eurostat environmental database - ES07
Belgium,BE,BEL,056,Rural,4,Flush and pour flush - to unknown place/ not sure/DK,0.0,Eurostat environmental database - ES07
Belgium,BE,BEL,056,Rural,5,Flush and pour flush - to elsewhere,0.0,Eurostat environmental database - ES07
Belgium,BE,BEL,056,Rural,6,Dry latrines - Ventilated Improved Pit latrine,0.0,Eurostat environmental database - ES07
Belgium,BE,BEL,056,Rural,7,Dry latrines - Pit latrine with slab/covered latrine,0.0,Eurostat environmental database - ES07
Belgium,BE,BEL,056,Rural,8,Dry latrines - Traditional latrine,0.0,Eurostat environmental database - ES07
Belgium,BE,BEL,056,Rural,9,Dry latrines - Pit latrine without slab/open pit,0.0,Eurostat environmental database - ES07
Belgium,BE,BEL,056,Rural,10,Dry latrines - Hanging toilet/hanging latrine,0.0,Eurostat environmental database - ES07
Belgium,BE,BEL,056,Rural,11,Dry latrines - Bucket latrine,0.0,Eurostat environmental database - ES07
Belgium,BE,BEL,056,Rural,12,Dry latrines - Other,0.0,Eurostat environmental database - ES07
Belgium,BE,BEL,056,Rural,13,Composting toilets,0.0,Eurostat environmental database - ES07
Belgium,BE,BEL,056,Rural,14,Other improved,0.0,Eurostat environmental database - ES07
Belgium,BE,BEL,056,Rural,15,"No facility, bush, field",0.0,Eurostat environmental database - ES07
Belgium,BE,BEL,056,Rural,16,Other unimproved,0.0,Eurostat environmental database - ES07
Belgium,BE,BEL,056,Rural,17,DK/missing information,0.0,Eurostat environmental database - ES07
Belgium,BE,BEL,056,National,1,Flush and pour flush - to piped sewer system,0.593,Eurostat environmental database - ES07
Belgium,BE,BEL,056,National,2,Flush and pour flush - to septic tank,0.246,Eurostat environmental database - ES07
Belgium,BE,BEL,056,National,3,Flush and pour flush - to pit,0.0,Eurostat environmental database - ES07
Belgium,BE,BEL,056,National,4,Flush and pour flush - to unknown place/ not sure/DK,0.0,Eurostat environmental database - ES07
Belgium,BE,BEL,056,National,5,Flush and pour flush - to elsewhere,0.0,Eurostat environmental database - ES07
Belgium,BE,BEL,056,National,6,Dry latrines - Ventilated Improved Pit latrine,0.0,Eurostat environmental database - ES07
Belgium,BE,BEL,056,National,7,Dry latrines - Pit latrine with slab/covered latrine,0.0,Eurostat environmental database - ES07
Belgium,BE,BEL,056,National,8,Dry latrines - Traditional latrine,0.0,Eurostat environmental database - ES07
Belgium,BE,BEL,056,National,9,Dry latrines - Pit latrine without slab/open pit,0.0,Eurostat environmental database - ES07
Belgium,BE,BEL,056,National,10,Dry latrines - Hanging toilet/hanging latrine,0.0,Eurostat environmental database - ES07
Belgium,BE,BEL,056,National,11,Dry latrines - Bucket latrine,0.0,Eurostat environmental database - ES07
Belgium,BE,BEL,056,National,12,Dry latrines - Other,0.0,Eurostat environmental database - ES07
Belgium,BE,BEL,056,National,13,Composting toilets,0.0,Eurostat environmental database - ES07
Belgium,BE,BEL,056,National,14,Other improved,0.0,Eurostat environmental database - ES07
Belgium,BE,BEL,056,National,15,"No facility, bush, field",0.0,Eurostat environmental database - ES07
Belgium,BE,BEL,056,National,16,Other unimproved,0.161,Eurostat environmental database - ES07
Belgium,BE,BEL,056,National,17,DK/missing information,0.0,Eurostat environmental database - ES07
Belgium,BE,BEL,056,Urban,1,Flush and pour flush - to piped sewer system,0.0,Eurostat environmental database - ES08
Belgium,BE,BEL,056,Urban,2,Flush and pour flush - to septic tank,0.0,Eurostat environmental database - ES08
Belgium,BE,BEL,056,Urban,3,Flush and pour flush - to pit,0.0,Eurostat environmental database - ES08
Belgium,BE,BEL,056,Urban,4,Flush and pour flush - to unknown place/ not sure/DK,0.0,Eurostat environmental database - ES08
Belgium,BE,BEL,056,Urban,5,Flush and pour flush - to elsewhere,0.0,Eurostat environmental database - ES08
Belgium,BE,BEL,056,Urban,6,Dry latrines - Ventilated Improved Pit latrine,0.0,Eurostat environmental database - ES08
Belgium,BE,BEL,056,Urban,7,Dry latrines - Pit latrine with slab/covered latrine,0.0,Eurostat environmental database - ES08
Belgium,BE,BEL,056,Urban,8,Dry latrines - Traditional latrine,0.0,Eurostat environmental database - ES08
Belgium,BE,BEL,056,Urban,9,Dry latrines - Pit latrine without slab/open pit,0.0,Eurostat environmental database - ES08
Belgium,BE,BEL,056,Urban,10,Dry latrines - Hanging toilet/hanging latrine,0.0,Eurostat environmental database - ES08
Belgium,BE,BEL,056,Urban,11,Dry latrines - Bucket latrine,0.0,Eurostat environmental database - ES08
Belgium,BE,BEL,056,Urban,12,Dry latrines - Other,0.0,Eurostat environmental database - ES08
Belgium,BE,BEL,056,Urban,13,Composting toilets,0.0,Eurostat environmental database - ES08
Belgium,BE,BEL,056,Urban,14,Other improved,0.0,Eurostat environmental database - ES08
Belgium,BE,BEL,056,Urban,15,"No facility, bush, field",0.0,Eurostat environmental database - ES08
Belgium,BE,BEL,056,Urban,16,Other unimproved,0.0,Eurostat environmental database - ES08
Belgium,BE,BEL,056,Urban,17,DK/missing information,0.0,Eurostat environmental database - ES08
Belgium,BE,BEL,056,Rural,1,Flush and pour flush - to piped sewer system,0.0,Eurostat environmental database - ES08
Belgium,BE,BEL,056,Rural,2,Flush and pour flush - to septic tank,0.0,Eurostat environmental database - ES08
Belgium,BE,BEL,056,Rural,3,Flush and pour flush - to pit,0.0,Eurostat environmental database - ES08
Belgium,BE,BEL,056,Rural,4,Flush and pour flush - to unknown place/ not sure/DK,0.0,Eurostat environmental database - ES08
Belgium,BE,BEL,056,Rural,5,Flush and pour flush - to elsewhere,0.0,Eurostat environmental database - ES08
Belgium,BE,BEL,056,Rural,6,Dry latrines - Ventilated Improved Pit latrine,0.0,Eurostat environmental database - ES08
Belgium,BE,BEL,056,Rural,7,Dry latrines - Pit latrine with slab/covered latrine,0.0,Eurostat environmental database - ES08
Belgium,BE,BEL,056,Rural,8,Dry latrines - Traditional latrine,0.0,Eurostat environmental database - ES08
Belgium,BE,BEL,056,Rural,9,Dry latrines - Pit latrine without slab/open pit,0.0,Eurostat environmental database - ES08
Belgium,BE,BEL,056,Rural,10,Dry latrines - Hanging toilet/hanging latrine,0.0,Eurostat environmental database - ES08
Belgium,BE,BEL,056,Rural,11,Dry latrines - Bucket latrine,0.0,Eurostat environmental database - ES08
Belgium,BE,BEL,056,Rural,12,Dry latrines - Other,0.0,Eurostat environmental database - ES08
Belgium,BE,BEL,056,Rural,13,Composting toilets,0.0,Eurostat environmental database - ES08
Belgium,BE,BEL,056,Rural,14,Other improved,0.0,Eurostat environmental database - ES08
Belgium,BE,BEL,056,Rural,15,"No facility, bush, field",0.0,Eurostat environmental database - ES08
Belgium,BE,BEL,056,Rural,16,Other unimproved,0.0,Eurostat environmental database - ES08
Belgium,BE,BEL,056,Rural,17,DK/missing information,0.0,Eurostat environmental database - ES08
Belgium,BE,BEL,056,National,1,Flush and pour flush - to piped sewer system,0.629,Eurostat environmental database - ES08
Belgium,BE,BEL,056,National,2,Flush and pour flush - to septic tank,0.218,Eurostat environmental database - ES08
Belgium,BE,BEL,056,National,3,Flush and pour flush - to pit,0.0,Eurostat environmental database - ES08
Belgium,BE,BEL,056,National,4,Flush and pour flush - to unknown place/ not sure/DK,0.0,Eurostat environmental database - ES08
Belgium,BE,BEL,056,National,5,Flush and pour flush - to elsewhere,0.0,Eurostat environmental database - ES08
Belgium,BE,BEL,056,National,6,Dry latrines - Ventilated Improved Pit latrine,0.0,Eurostat environmental database - ES08
Belgium,BE,BEL,056,National,7,Dry latrines - Pit latrine with slab/covered latrine,0.0,Eurostat environmental database - ES08
Belgium,BE,BEL,056,National,8,Dry latrines - Traditional latrine,0.0,Eurostat environmental database - ES08
Belgium,BE,BEL,056,National,9,Dry latrines - Pit latrine without slab/open pit,0.0,Eurostat environmental database - ES08
Belgium,BE,BEL,056,National,10,Dry latrines - Hanging toilet/hanging latrine,0.0,Eurostat environmental database - ES08
Belgium,BE,BEL,056,National,11,Dry latrines - Bucket latrine,0.0,Eurostat environmental database - ES08
Belgium,BE,BEL,056,National,12,Dry latrines - Other,0.0,Eurostat environmental database - ES08
Belgium,BE,BEL,056,National,13,Composting toilets,0.0,Eurostat environmental database - ES08
Belgium,BE,BEL,056,National,14,Other improved,0.0,Eurostat environmental database - ES08
Belgium,BE,BEL,056,National,15,"No facility, bush, field",0.0,Eurostat environmental database - ES08
Belgium,BE,BEL,056,National,16,Other unimproved,0.152,Eurostat environmental database - ES08
Belgium,BE,BEL,056,National,17,DK/missing information,0.0,Eurostat environmental database - ES08
Belgium,BE,BEL,056,Urban,1,Flush and pour flush - to piped sewer system,0.0,Eurostat environmental database - ES09
Belgium,BE,BEL,056,Urban,2,Flush and pour flush - to septic tank,0.0,Eurostat environmental database - ES09
Belgium,BE,BEL,056,Urban,3,Flush and pour flush - to pit,0.0,Eurostat environmental database - ES09
Belgium,BE,BEL,056,Urban,4,Flush and pour flush - to unknown place/ not sure/DK,0.0,Eurostat environmental database - ES09
Belgium,BE,BEL,056,Urban,5,Flush and pour flush - to elsewhere,0.0,Eurostat environmental database - ES09
Belgium,BE,BEL,056,Urban,6,Dry latrines - Ventilated Improved Pit latrine,0.0,Eurostat environmental database - ES09
Belgium,BE,BEL,056,Urban,7,Dry latrines - Pit latrine with slab/covered latrine,0.0,Eurostat environmental database - ES09
Belgium,BE,BEL,056,Urban,8,Dry latrines - Traditional latrine,0.0,Eurostat environmental database - ES09
Belgium,BE,BEL,056,Urban,9,Dry latrines - Pit latrine without slab/open pit,0.0,Eurostat environmental database - ES09
Belgium,BE,BEL,056,Urban,10,Dry latrines - Hanging toilet/hanging latrine,0.0,Eurostat environmental database - ES09
Belgium,BE,BEL,056,Urban,11,Dry latrines - Bucket latrine,0.0,Eurostat environmental database - ES09
Belgium,BE,BEL,056,Urban,12,Dry latrines - Other,0.0,Eurostat environmental database - ES09
Belgium,BE,BEL,056,Urban,13,Composting toilets,0.0,Eurostat environmental database - ES09
Belgium,BE,BEL,056,Urban,14,Other improved,0.0,Eurostat environmental database - ES09
Belgium,BE,BEL,056,Urban,15,"No facility, bush, field",0.0,Eurostat environmental database - ES09
Belgium,BE,BEL,056,Urban,16,Other unimproved,0.0,Eurostat environmental database - ES09
Belgium,BE,BEL,056,Urban,17,DK/missing information,0.0,Eurostat environmental database - ES09
Belgium,BE,BEL,056,Rural,1,Flush and pour flush - to piped sewer system,0.0,Eurostat environmental database - ES09
Belgium,BE,BEL,056,Rural,2,Flush and pour flush - to septic tank,0.0,Eurostat environmental database - ES09
Belgium,BE,BEL,056,Rural,3,Flush and pour flush - to pit,0.0,Eurostat environmental database - ES09
Belgium,BE,BEL,056,Rural,4,Flush and pour flush - to unknown place/ not sure/DK,0.0,Eurostat environmental database - ES09
Belgium,BE,BEL,056,Rural,5,Flush and pour flush - to elsewhere,0.0,Eurostat environmental database - ES09
Belgium,BE,BEL,056,Rural,6,Dry latrines - Ventilated Improved Pit latrine,0.0,Eurostat environmental database - ES09
Belgium,BE,BEL,056,Rural,7,Dry latrines - Pit latrine with slab/covered latrine,0.0,Eurostat environmental database - ES09
Belgium,BE,BEL,056,Rural,8,Dry latrines - Traditional latrine,0.0,Eurostat environmental database - ES09
Belgium,BE,BEL,056,Rural,9,Dry latrines - Pit latrine without slab/open pit,0.0,Eurostat environmental database - ES09
Belgium,BE,BEL,056,Rural,10,Dry latrines - Hanging toilet/hanging latrine,0.0,Eurostat environmental database - ES09
Belgium,BE,BEL,056,Rural,11,Dry latrines - Bucket latrine,0.0,Eurostat environmental database - ES09
Belgium,BE,BEL,056,Rural,12,Dry latrines - Other,0.0,Eurostat environmental database - ES09
Belgium,BE,BEL,056,Rural,13,Composting toilets,0.0,Eurostat environmental database - ES09
Belgium,BE,BEL,056,Rural,14,Other improved,0.0,Eurostat environmental database - ES09
Belgium,BE,BEL,056,Rural,15,"No facility, bush, field",0.0,Eurostat environmental database - ES09
Belgium,BE,BEL,056,Rural,16,Other unimproved,0.0,Eurostat environmental database - ES09
Belgium,BE,BEL,056,Rural,17,DK/missing information,0.0,Eurostat environmental database - ES09
Belgium,BE,BEL,056,National,1,Flush and pour flush - to piped sewer system,0.648,Eurostat environmental database - ES09
Belgium,BE,BEL,056,National,2,Flush and pour flush - to septic tank,0.213,Eurostat environmental database - ES09
Belgium,BE,BEL,056,National,3,Flush and pour flush - to pit,0.0,Eurostat environmental database - ES09
Belgium,BE,BEL,056,National,4,Flush and pour flush - to unknown place/ not sure/DK,0.0,Eurostat environmental database - ES09
Belgium,BE,BEL,056,National,5,Flush and pour flush - to elsewhere,0.0,Eurostat environmental database - ES09
Belgium,BE,BEL,056,National,6,Dry latrines - Ventilated Improved Pit latrine,0.0,Eurostat environmental database - ES09
Belgium,BE,BEL,056,National,7,Dry latrines - Pit latrine with slab/covered latrine,0.0,Eurostat environmental database - ES09
Belgium,BE,BEL,056,National,8,Dry latrines - Traditional latrine,0.0,Eurostat environmental database - ES09
Belgium,BE,BEL,056,National,9,Dry latrines - Pit latrine without slab/open pit,0.0,Eurostat environmental database - ES09
Belgium,BE,BEL,056,National,10,Dry latrines - Hanging toilet/hanging latrine,0.0,Eurostat environmental database - ES09
Belgium,BE,BEL,056,National,11,Dry latrines - Bucket latrine,0.0,Eurostat environmental database - ES09
Belgium,BE,BEL,056,National,12,Dry latrines - Other,0.0,Eurostat environmental database - ES09
Belgium,BE,BEL,056,National,13,Composting toilets,0.0,Eurostat environmental database - ES09
Belgium,BE,BEL,056,National,14,Other improved,0.0,Eurostat environmental database - ES09
Belgium,BE,BEL,056,National,15,"No facility, bush, field",0.0,Eurostat environmental database - ES09
Belgium,BE,BEL,056,National,16,Other unimproved,0.14,Eurostat environmental database - ES09
Belgium,BE,BEL,056,National,17,DK/missing information,0.0,Eurostat environmental database - ES09
Belgium,BE,BEL,056,Urban,1,Flush and pour flush - to piped sewer system,0.0,Eurostat environmental database - ES10
Belgium,BE,BEL,056,Urban,2,Flush and pour flush - to septic tank,0.0,Eurostat environmental database - ES10
Belgium,BE,BEL,056,Urban,3,Flush and pour flush - to pit,0.0,Eurostat environmental database - ES10
Belgium,BE,BEL,056,Urban,4,Flush and pour flush - to unknown place/ not sure/DK,0.0,Eurostat environmental database - ES10
Belgium,BE,BEL,056,Urban,5,Flush and pour flush - to elsewhere,0.0,Eurostat environmental database - ES10
Belgium,BE,BEL,056,Urban,6,Dry latrines - Ventilated Improved Pit latrine,0.0,Eurostat environmental database - ES10
Belgium,BE,BEL,056,Urban,7,Dry latrines - Pit latrine with slab/covered latrine,0.0,Eurostat environmental database - ES10
Belgium,BE,BEL,056,Urban,8,Dry latrines - Traditional latrine,0.0,Eurostat environmental database - ES10
Belgium,BE,BEL,056,Urban,9,Dry latrines - Pit latrine without slab/open pit,0.0,Eurostat environmental database - ES10
Belgium,BE,BEL,056,Urban,10,Dry latrines - Hanging toilet/hanging latrine,0.0,Eurostat environmental database - ES10
Belgium,BE,BEL,056,Urban,11,Dry latrines - Bucket latrine,0.0,Eurostat environmental database - ES10
Belgium,BE,BEL,056,Urban,12,Dry latrines - Other,0.0,Eurostat environmental database - ES10
Belgium,BE,BEL,056,Urban,13,Composting toilets,0.0,Eurostat environmental database - ES10
Belgium,BE,BEL,056,Urban,14,Other improved,0.0,Eurostat environmental database - ES10
Belgium,BE,BEL,056,Urban,15,"No facility, bush, field",0.0,Eurostat environmental database - ES10
Belgium,BE,BEL,056,Urban,16,Other unimproved,0.0,Eurostat environmental database - ES10
Belgium,BE,BEL,056,Urban,17,DK/missing information,0.0,Eurostat environmental database - ES10
Belgium,BE,BEL,056,Rural,1,Flush and pour flush - to piped sewer system,0.0,Eurostat environmental database - ES10
Belgium,BE,BEL,056,Rural,2,Flush and pour flush - to septic tank,0.0,Eurostat environmental database - ES10
Belgium,BE,BEL,056,Rural,3,Flush and pour flush - to pit,0.0,Eurostat environmental database - ES10
Belgium,BE,BEL,056,Rural,4,Flush and pour flush - to unknown place/ not sure/DK,0.0,Eurostat environmental database - ES10
Belgium,BE,BEL,056,Rural,5,Flush and pour flush - to elsewhere,0.0,Eurostat environmental database - ES10
Belgium,BE,BEL,056,Rural,6,Dry latrines - Ventilated Improved Pit latrine,0.0,Eurostat environmental database - ES10
Belgium,BE,BEL,056,Rural,7,Dry latrines - Pit latrine with slab/covered latrine,0.0,Eurostat environmental database - ES10
Belgium,BE,BEL,056,Rural,8,Dry latrines - Traditional latrine,0.0,Eurostat environmental database - ES10
Belgium,BE,BEL,056,Rural,9,Dry latrines - Pit latrine without slab/open pit,0.0,Eurostat environmental database - ES10
Belgium,BE,BEL,056,Rural,10,Dry latrines - Hanging toilet/hanging latrine,0.0,Eurostat environmental database - ES10
Belgium,BE,BEL,056,Rural,11,Dry latrines - Bucket latrine,0.0,Eurostat environmental database - ES10
Belgium,BE,BEL,056,Rural,12,Dry latrines - Other,0.0,Eurostat environmental database - ES10
Belgium,BE,BEL,056,Rural,13,Composting toilets,0.0,Eurostat environmental database - ES10
Belgium,BE,BEL,056,Rural,14,Other improved,0.0,Eurostat environmental database - ES10
Belgium,BE,BEL,056,Rural,15,"No facility, bush, field",0.0,Eurostat environmental database - ES10
Belgium,BE,BEL,056,Rural,16,Other unimproved,0.0,Eurostat environmental database - ES10
Belgium,BE,BEL,056,Rural,17,DK/missing information,0.0,Eurostat environmental database - ES10
Belgium,BE,BEL,056,National,1,Flush and pour flush - to piped sewer system,0.781,Eurostat environmental database - ES10
Belgium,BE,BEL,056,National,2,Flush and pour flush - to septic tank,0.219,Eurostat environmental database - ES10
Belgium,BE,BEL,056,National,3,Flush and pour flush - to pit,0.0,Eurostat environmental database - ES10
Belgium,BE,BEL,056,National,4,Flush and pour flush - to unknown place/ not sure/DK,0.0,Eurostat environmental database - ES10
Belgium,BE,BEL,056,National,5,Flush and pour flush - to elsewhere,0.0,Eurostat environmental database - ES10
Belgium,BE,BEL,056,National,6,Dry latrines - Ventilated Improved Pit latrine,0.0,Eurostat environmental database - ES10
Belgium,BE,BEL,056,National,7,Dry latrines - Pit latrine with slab/covered latrine,0.0,Eurostat environmental database - ES10
Belgium,BE,BEL,056,National,8,Dry latrines - Traditional latrine,0.0,Eurostat environmental database - ES10
Belgium,BE,BEL,056,National,9,Dry latrines - Pit latrine without slab/open pit,0.0,Eurostat environmental database - ES10
Belgium,BE,BEL,056,National,10,Dry latrines - Hanging toilet/hanging latrine,0.0,Eurostat environmental database - ES10
Belgium,BE,BEL,056,National,11,Dry latrines - Bucket latrine,0.0,Eurostat environmental database - ES10
Belgium,BE,BEL,056,National,12,Dry latrines - Other,0.0,Eurostat environmental database - ES10
Belgium,BE,BEL,056,National,13,Composting toilets,0.0,Eurostat environmental database - ES10
Belgium,BE,BEL,056,National,14,Other improved,0.0,Eurostat environmental database - ES10
Belgium,BE,BEL,056,National,15,"No facility, bush, field",0.0,Eurostat environmental database - ES10
Belgium,BE,BEL,056,National,16,Other unimproved,0.0,Eurostat environmental database - ES10
Belgium,BE,BEL,056,National,17,DK/missing information,0.0,Eurostat environmental database - ES10
Belgium,BE,BEL,056,Urban,1,Flush and pour flush - to piped sewer system,0.0,Eurostat environmental database - ES11
Belgium,BE,BEL,056,Urban,2,Flush and pour flush - to septic tank,0.0,Eurostat environmental database - ES11
Belgium,BE,BEL,056,Urban,3,Flush and pour flush - to pit,0.0,Eurostat environmental database - ES11
Belgium,BE,BEL,056,Urban,4,Flush and pour flush - to unknown place/ not sure/DK,0.0,Eurostat environmental database - ES11
Belgium,BE,BEL,056,Urban,5,Flush and pour flush - to elsewhere,0.0,Eurostat environmental database - ES11
Belgium,BE,BEL,056,Urban,6,Dry latrines - Ventilated Improved Pit latrine,0.0,Eurostat environmental database - ES11
Belgium,BE,BEL,056,Urban,7,Dry latrines - Pit latrine with slab/covered latrine,0.0,Eurostat environmental database - ES11
Belgium,BE,BEL,056,Urban,8,Dry latrines - Traditional latrine,0.0,Eurostat environmental database - ES11
Belgium,BE,BEL,056,Urban,9,Dry latrines - Pit latrine without slab/open pit,0.0,Eurostat environmental database - ES11
Belgium,BE,BEL,056,Urban,10,Dry latrines - Hanging toilet/hanging latrine,0.0,Eurostat environmental database - ES11
Belgium,BE,BEL,056,Urban,11,Dry latrines - Bucket latrine,0.0,Eurostat environmental database - ES11
Belgium,BE,BEL,056,Urban,12,Dry latrines - Other,0.0,Eurostat environmental database - ES11
Belgium,BE,BEL,056,Urban,13,Composting toilets,0.0,Eurostat environmental database - ES11
Belgium,BE,BEL,056,Urban,14,Other improved,0.0,Eurostat environmental database - ES11
Belgium,BE,BEL,056,Urban,15,"No facility, bush, field",0.0,Eurostat environmental database - ES11
Belgium,BE,BEL,056,Urban,16,Other unimproved,0.0,Eurostat environmental database - ES11
Belgium,BE,BEL,056,Urban,17,DK/missing information,0.0,Eurostat environmental database - ES11
Belgium,BE,BEL,056,Rural,1,Flush and pour flush - to piped sewer system,0.0,Eurostat environmental database - ES11
Belgium,BE,BEL,056,Rural,2,Flush and pour flush - to septic tank,0.0,Eurostat environmental database - ES11
Belgium,BE,BEL,056,Rural,3,Flush and pour flush - to pit,0.0,Eurostat environmental database - ES11
Belgium,BE,BEL,056,Rural,4,Flush and pour flush - to unknown place/ not sure/DK,0.0,Eurostat environmental database - ES11
Belgium,BE,BEL,056,Rural,5,Flush and pour flush - to elsewhere,0.0,Eurostat environmental database - ES11
Belgium,BE,BEL,056,Rural,6,Dry latrines - Ventilated Improved Pit latrine,0.0,Eurostat environmental database - ES11
Belgium,BE,BEL,056,Rural,7,Dry latrines - Pit latrine with slab/covered latrine,0.0,Eurostat environmental database - ES11
Belgium,BE,BEL,056,Rural,8,Dry latrines - Traditional latrine,0.0,Eurostat environmental database - ES11
Belgium,BE,BEL,056,Rural,9,Dry latrines - Pit latrine without slab/open pit,0.0,Eurostat environmental database - ES11
Belgium,BE,BEL,056,Rural,10,Dry latrines - Hanging toilet/hanging latrine,0.0,Eurostat environmental database - ES11
Belgium,BE,BEL,056,Rural,11,Dry latrines - Bucket latrine,0.0,Eurostat environmental database - ES11
Belgium,BE,BEL,056,Rural,12,Dry latrines - Other,0.0,Eurostat environmental database - ES11
Belgium,BE,BEL,056,Rural,13,Composting toilets,0.0,Eurostat environmental database - ES11
Belgium,BE,BEL,056,Rural,14,Other improved,0.0,Eurostat environmental database - ES11
Belgium,BE,BEL,056,Rural,15,"No facility, bush, field",0.0,Eurostat environmental database - ES11
Belgium,BE,BEL,056,Rural,16,Other unimproved,0.0,Eurostat environmental database - ES11
Belgium,BE,BEL,056,Rural,17,DK/missing information,0.0,Eurostat environmental database - ES11
Belgium,BE,BEL,056,National,1,Flush and pour flush - to piped sewer system,0.77,Eurostat environmental database - ES11
Belgium,BE,BEL,056,National,2,Flush and pour flush - to septic tank,0.2,Eurostat environmental database - ES11
Belgium,BE,BEL,056,National,3,Flush and pour flush - to pit,0.0,Eurostat environmental database - ES11
Belgium,BE,BEL,056,National,4,Flush and pour flush - to unknown place/ not sure/DK,0.0,Eurostat environmental database - ES11
Belgium,BE,BEL,056,National,5,Flush and pour flush - to elsewhere,0.0,Eurostat environmental database - ES11
Belgium,BE,BEL,056,National,6,Dry latrines - Ventilated Improved Pit latrine,0.0,Eurostat environmental database - ES11
Belgium,BE,BEL,056,National,7,Dry latrines - Pit latrine with slab/covered latrine,0.0,Eurostat environmental database - ES11
Belgium,BE,BEL,056,National,8,Dry latrines - Traditional latrine,0.0,Eurostat environmental database - ES11
Belgium,BE,BEL,056,National,9,Dry latrines - Pit latrine without slab/open pit,0.0,Eurostat environmental database - ES11
Belgium,BE,BEL,056,National,10,Dry latrines - Hanging toilet/hanging latrine,0.0,Eurostat environmental database - ES11
Belgium,BE,BEL,056,National,11,Dry latrines - Bucket latrine,0.0,Eurostat environmental database - ES11
Belgium,BE,BEL,056,National,12,Dry latrines - Other,0.0,Eurostat environmental database - ES11
Belgium,BE,BEL,056,National,13,Composting toilets,0.0,Eurostat environmental database - ES11
Belgium,BE,BEL,056,National,14,Other improved,0.0,Eurostat environmental database - ES11
Belgium,BE,BEL,056,National,15,"No facility, bush, field",0.0,Eurostat environmental database - ES11
Belgium,BE,BEL,056,National,16,Other unimproved,0.03,Eurostat environmental database - ES11
Belgium,BE,BEL,056,National,17,DK/missing information,0.0,Eurostat environmental database - ES11
Belgium,BE,BEL,056,Urban,1,Flush and pour flush - to piped sewer system,0.0,Eurostat environmental database - ES12
Belgium,BE,BEL,056,Urban,2,Flush and pour flush - to septic tank,0.0,Eurostat environmental database - ES12
Belgium,BE,BEL,056,Urban,3,Flush and pour flush - to pit,0.0,Eurostat environmental database - ES12
Belgium,BE,BEL,056,Urban,4,Flush and pour flush - to unknown place/ not sure/DK,0.0,Eurostat environmental database - ES12
Belgium,BE,BEL,056,Urban,5,Flush and pour flush - to elsewhere,0.0,Eurostat environmental database - ES12
Belgium,BE,BEL,056,Urban,6,Dry latrines - Ventilated Improved Pit latrine,0.0,Eurostat environmental database - ES12
Belgium,BE,BEL,056,Urban,7,Dry latrines - Pit latrine with slab/covered latrine,0.0,Eurostat environmental database - ES12
Belgium,BE,BEL,056,Urban,8,Dry latrines - Traditional latrine,0.0,Eurostat environmental database - ES12
Belgium,BE,BEL,056,Urban,9,Dry latrines - Pit latrine without slab/open pit,0.0,Eurostat environmental database - ES12
Belgium,BE,BEL,056,Urban,10,Dry latrines - Hanging toilet/hanging latrine,0.0,Eurostat environmental database - ES12
Belgium,BE,BEL,056,Urban,11,Dry latrines - Bucket latrine,0.0,Eurostat environmental database - ES12
Belgium,BE,BEL,056,Urban,12,Dry latrines - Other,0.0,Eurostat environmental database - ES12
Belgium,BE,BEL,056,Urban,13,Composting toilets,0.0,Eurostat environmental database - ES12
Belgium,BE,BEL,056,Urban,14,Other improved,0.0,Eurostat environmental database - ES12
Belgium,BE,BEL,056,Urban,15,"No facility, bush, field",0.0,Eurostat environmental database - ES12
Belgium,BE,BEL,056,Urban,16,Other unimproved,0.0,Eurostat environmental database - ES12
Belgium,BE,BEL,056,Urban,17,DK/missing information,0.0,Eurostat environmental database - ES12
Belgium,BE,BEL,056,Rural,1,Flush and pour flush - to piped sewer system,0.0,Eurostat environmental database - ES12
Belgium,BE,BEL,056,Rural,2,Flush and pour flush - to septic tank,0.0,Eurostat environmental database - ES12
Belgium,BE,BEL,056,Rural,3,Flush and pour flush - to pit,0.0,Eurostat environmental database - ES12
Belgium,BE,BEL,056,Rural,4,Flush and pour flush - to unknown place/ not sure/DK,0.0,Eurostat environmental database - ES12
Belgium,BE,BEL,056,Rural,5,Flush and pour flush - to elsewhere,0.0,Eurostat environmental database - ES12
Belgium,BE,BEL,056,Rural,6,Dry latrines - Ventilated Improved Pit latrine,0.0,Eurostat environmental database - ES12
Belgium,BE,BEL,056,Rural,7,Dry latrines - Pit latrine with slab/covered latrine,0.0,Eurostat environmental database - ES12
Belgium,BE,BEL,056,Rural,8,Dry latrines - Traditional latrine,0.0,Eurostat environmental database - ES12
Belgium,BE,BEL,056,Rural,9,Dry latrines - Pit latrine without slab/open pit,0.0,Eurostat environmental database - ES12
Belgium,BE,BEL,056,Rural,10,Dry latrines - Hanging toilet/hanging latrine,0.0,Eurostat environmental database - ES12
Belgium,BE,BEL,056,Rural,11,Dry latrines - Bucket latrine,0.0,Eurostat environmental database - ES12
Belgium,BE,BEL,056,Rural,12,Dry latrines - Other,0.0,Eurostat environmental database - ES12
Belgium,BE,BEL,056,Rural,13,Composting toilets,0.0,Eurostat environmental database - ES12
Belgium,BE,BEL,056,Rural,14,Other improved,0.0,Eurostat environmental database - ES12
Belgium,BE,BEL,056,Rural,15,"No facility, bush, field",0.0,Eurostat environmental database - ES12
Belgium,BE,BEL,056,Rural,16,Other unimproved,0.0,Eurostat environmental database - ES12
Belgium,BE,BEL,056,Rural,17,DK/missing information,0.0,Eurostat environmental database - ES12
Belgium,BE,BEL,056,National,1,Flush and pour flush - to piped sewer system,0.82,Eurostat environmental database - ES12
Belgium,BE,BEL,056,National,2,Flush and pour flush - to septic tank,0.13,Eurostat environmental database - ES12
Belgium,BE,BEL,056,National,3,Flush and pour flush - to pit,0.0,Eurostat environmental database - ES12
Belgium,BE,BEL,056,National,4,Flush and pour flush - to unknown place/ not sure/DK,0.0,Eurostat environmental database - ES12
Belgium,BE,BEL,056,National,5,Flush and pour flush - to elsewhere,0.0,Eurostat environmental database - ES12
Belgium,BE,BEL,056,National,6,Dry latrines - Ventilated Improved Pit latrine,0.0,Eurostat environmental database - ES12
Belgium,BE,BEL,056,National,7,Dry latrines - Pit latrine with slab/covered latrine,0.0,Eurostat environmental database - ES12
Belgium,BE,BEL,056,National,8,Dry latrines - Traditional latrine,0.0,Eurostat environmental database - ES12
Belgium,BE,BEL,056,National,9,Dry latrines - Pit latrine without slab/open pit,0.0,Eurostat environmental database - ES12
Belgium,BE,BEL,056,National,10,Dry latrines - Hanging toilet/hanging latrine,0.0,Eurostat environmental database - ES12
Belgium,BE,BEL,056,National,11,Dry latrines - Bucket latrine,0.0,Eurostat environmental database - ES12
Belgium,BE,BEL,056,National,12,Dry latrines - Other,0.0,Eurostat environmental database - ES12
Belgium,BE,BEL,056,National,13,Composting toilets,0.0,Eurostat environmental database - ES12
Belgium,BE,BEL,056,National,14,Other improved,0.0,Eurostat environmental database - ES12
Belgium,BE,BEL,056,National,15,"No facility, bush, field",0.0,Eurostat environmental database - ES12
Belgium,BE,BEL,056,National,16,Other unimproved,0.05,Eurostat environmental database - ES12
Belgium,BE,BEL,056,National,17,DK/missing information,0.0,Eurostat environmental database - ES12
Belgium,BE,BEL,056,Urban,1,Flush and pour flush - to piped sewer system,0.0,Eurostat environmental database - ES13
Belgium,BE,BEL,056,Urban,2,Flush and pour flush - to septic tank,0.0,Eurostat environmental database - ES13
Belgium,BE,BEL,056,Urban,3,Flush and pour flush - to pit,0.0,Eurostat environmental database - ES13
Belgium,BE,BEL,056,Urban,4,Flush and pour flush - to unknown place/ not sure/DK,0.0,Eurostat environmental database - ES13
Belgium,BE,BEL,056,Urban,5,Flush and pour flush - to elsewhere,0.0,Eurostat environmental database - ES13
Belgium,BE,BEL,056,Urban,6,Dry latrines - Ventilated Improved Pit latrine,0.0,Eurostat environmental database - ES13
Belgium,BE,BEL,056,Urban,7,Dry latrines - Pit latrine with slab/covered latrine,0.0,Eurostat environmental database - ES13
Belgium,BE,BEL,056,Urban,8,Dry latrines - Traditional latrine,0.0,Eurostat environmental database - ES13
Belgium,BE,BEL,056,Urban,9,Dry latrines - Pit latrine without slab/open pit,0.0,Eurostat environmental database - ES13
Belgium,BE,BEL,056,Urban,10,Dry latrines - Hanging toilet/hanging latrine,0.0,Eurostat environmental database - ES13
Belgium,BE,BEL,056,Urban,11,Dry latrines - Bucket latrine,0.0,Eurostat environmental database - ES13
Belgium,BE,BEL,056,Urban,12,Dry latrines - Other,0.0,Eurostat environmental database - ES13
Belgium,BE,BEL,056,Urban,13,Composting toilets,0.0,Eurostat environmental database - ES13
Belgium,BE,BEL,056,Urban,14,Other improved,0.0,Eurostat environmental database - ES13
Belgium,BE,BEL,056,Urban,15,"No facility, bush, field",0.0,Eurostat environmental database - ES13
Belgium,BE,BEL,056,Urban,16,Other unimproved,0.0,Eurostat environmental database - ES13
Belgium,BE,BEL,056,Urban,17,DK/missing information,0.0,Eurostat environmental database - ES13
Belgium,BE,BEL,056,Rural,1,Flush and pour flush - to piped sewer system,0.0,Eurostat environmental database - ES13
Belgium,BE,BEL,056,Rural,2,Flush and pour flush - to septic tank,0.0,Eurostat environmental database - ES13
Belgium,BE,BEL,056,Rural,3,Flush and pour flush - to pit,0.0,Eurostat environmental database - ES13
Belgium,BE,BEL,056,Rural,4,Flush and pour flush - to unknown place/ not sure/DK,0.0,Eurostat environmental database - ES13
Belgium,BE,BEL,056,Rural,5,Flush and pour flush - to elsewhere,0.0,Eurostat environmental database - ES13
Belgium,BE,BEL,056,Rural,6,Dry latrines - Ventilated Improved Pit latrine,0.0,Eurostat environmental database - ES13
Belgium,BE,BEL,056,Rural,7,Dry latrines - Pit latrine with slab/covered latrine,0.0,Eurostat environmental database - ES13
Belgium,BE,BEL,056,Rural,8,Dry latrines - Traditional latrine,0.0,Eurostat environmental database - ES13
Belgium,BE,BEL,056,Rural,9,Dry latrines - Pit latrine without slab/open pit,0.0,Eurostat environmental database - ES13
Belgium,BE,BEL,056,Rural,10,Dry latrines - Hanging toilet/hanging latrine,0.0,Eurostat environmental database - ES13
Belgium,BE,BEL,056,Rural,11,Dry latrines - Bucket latrine,0.0,Eurostat environmental database - ES13
Belgium,BE,BEL,056,Rural,12,Dry latrines - Other,0.0,Eurostat environmental database - ES13
Belgium,BE,BEL,056,Rural,13,Composting toilets,0.0,Eurostat environmental database - ES13
Belgium,BE,BEL,056,Rural,14,Other improved,0.0,Eurostat environmental database - ES13
Belgium,BE,BEL,056,Rural,15,"No facility, bush, field",0.0,Eurostat environmental database - ES13
Belgium,BE,BEL,056,Rural,16,Other unimproved,0.0,Eurostat environmental database - ES13
Belgium,BE,BEL,056,Rural,17,DK/missing information,0.0,Eurostat environmental database - ES13
Belgium,BE,BEL,056,National,1,Flush and pour flush - to piped sewer system,0.84,Eurostat environmental database - ES13
Belgium,BE,BEL,056,National,2,Flush and pour flush - to septic tank,0.11,Eurostat environmental database - ES13
Belgium,BE,BEL,056,National,3,Flush and pour flush - to pit,0.0,Eurostat environmental database - ES13
Belgium,BE,BEL,056,National,4,Flush and pour flush - to unknown place/ not sure/DK,0.0,Eurostat environmental database - ES13
Belgium,BE,BEL,056,National,5,Flush and pour flush - to elsewhere,0.0,Eurostat environmental database - ES13
Belgium,BE,BEL,056,National,6,Dry latrines - Ventilated Improved Pit latrine,0.0,Eurostat environmental database - ES13
Belgium,BE,BEL,056,National,7,Dry latrines - Pit latrine with slab/covered latrine,0.0,Eurostat environmental database - ES13
Belgium,BE,BEL,056,National,8,Dry latrines - Traditional latrine,0.0,Eurostat environmental database - ES13
Belgium,BE,BEL,056,National,9,Dry latrines - Pit latrine without slab/open pit,0.0,Eurostat environmental database - ES13
Belgium,BE,BEL,056,National,10,Dry latrines - Hanging toilet/hanging latrine,0.0,Eurostat environmental database - ES13
Belgium,BE,BEL,056,National,11,Dry latrines - Bucket latrine,0.0,Eurostat environmental database - ES13
Belgium,BE,BEL,056,National,12,Dry latrines - Other,0.0,Eurostat environmental database - ES13
Belgium,BE,BEL,056,National,13,Composting toilets,0.0,Eurostat environmental database - ES13
Belgium,BE,BEL,056,National,14,Other improved,0.0,Eurostat environmental database - ES13
Belgium,BE,BEL,056,National,15,"No facility, bush, field",0.0,Eurostat environmental database - ES13
Belgium,BE,BEL,056,National,16,Other unimproved,0.05,Eurostat environmental database - ES13
Belgium,BE,BEL,056,National,17,DK/missing information,0.0,Eurostat environmental database - ES13
Belgium,BE,BEL,056,Urban,1,Flush and pour flush - to piped sewer system,1.0,"CCIEP, Coordination Committee International EWnvironmental Policy - CCIEP00"
Belgium,BE,BEL,056,Urban,2,Flush and pour flush - to septic tank,0.0,"CCIEP, Coordination Committee International EWnvironmental Policy - CCIEP00"
Belgium,BE,BEL,056,Urban,3,Flush and pour flush - to pit,0.0,"CCIEP, Coordination Committee International EWnvironmental Policy - CCIEP00"
Belgium,BE,BEL,056,Urban,4,Flush and pour flush - to unknown place/ not sure/DK,0.0,"CCIEP, Coordination Committee International EWnvironmental Policy - CCIEP00"
Belgium,BE,BEL,056,Urban,5,Flush and pour flush - to elsewhere,0.0,"CCIEP, Coordination Committee International EWnvironmental Policy - CCIEP00"
Belgium,BE,BEL,056,Urban,6,Dry latrines - Ventilated Improved Pit latrine,0.0,"CCIEP, Coordination Committee International EWnvironmental Policy - CCIEP00"
Belgium,BE,BEL,056,Urban,7,Dry latrines - Pit latrine with slab/covered latrine,0.0,"CCIEP, Coordination Committee International EWnvironmental Policy - CCIEP00"
Belgium,BE,BEL,056,Urban,8,Dry latrines - Traditional latrine,0.0,"CCIEP, Coordination Committee International EWnvironmental Policy - CCIEP00"
Belgium,BE,BEL,056,Urban,9,Dry latrines - Pit latrine without slab/open pit,0.0,"CCIEP, Coordination Committee International EWnvironmental Policy - CCIEP00"
Belgium,BE,BEL,056,Urban,10,Dry latrines - Hanging toilet/hanging latrine,0.0,"CCIEP, Coordination Committee International EWnvironmental Policy - CCIEP00"
Belgium,BE,BEL,056,Urban,11,Dry latrines - Bucket latrine,0.0,"CCIEP, Coordination Committee International EWnvironmental Policy - CCIEP00"
Belgium,BE,BEL,056,Urban,12,Dry latrines - Other,0.0,"CCIEP, Coordination Committee International EWnvironmental Policy - CCIEP00"
Belgium,BE,BEL,056,Urban,13,Composting toilets,0.0,"CCIEP, Coordination Committee International EWnvironmental Policy - CCIEP00"
Belgium,BE,BEL,056,Urban,14,Other improved,0.0,"CCIEP, Coordination Committee International EWnvironmental Policy - CCIEP00"
Belgium,BE,BEL,056,Urban,15,"No facility, bush, field",0.0,"CCIEP, Coordination Committee International EWnvironmental Policy - CCIEP00"
Belgium,BE,BEL,056,Urban,16,Other unimproved,0.0,"CCIEP, Coordination Committee International EWnvironmental Policy - CCIEP00"
Belgium,BE,BEL,056,Urban,17,DK/missing information,0.0,"CCIEP, Coordination Committee International EWnvironmental Policy - CCIEP00"
Belgium,BE,BEL,056,Rural,1,Flush and pour flush - to piped sewer system,1.0,"CCIEP, Coordination Committee International EWnvironmental Policy - CCIEP00"
Belgium,BE,BEL,056,Rural,2,Flush and pour flush - to septic tank,0.0,"CCIEP, Coordination Committee International EWnvironmental Policy - CCIEP00"
Belgium,BE,BEL,056,Rural,3,Flush and pour flush - to pit,0.0,"CCIEP, Coordination Committee International EWnvironmental Policy - CCIEP00"
Belgium,BE,BEL,056,Rural,4,Flush and pour flush - to unknown place/ not sure/DK,0.0,"CCIEP, Coordination Committee International EWnvironmental Policy - CCIEP00"
Belgium,BE,BEL,056,Rural,5,Flush and pour flush - to elsewhere,0.0,"CCIEP, Coordination Committee International EWnvironmental Policy - CCIEP00"
Belgium,BE,BEL,056,Rural,6,Dry latrines - Ventilated Improved Pit latrine,0.0,"CCIEP, Coordination Committee International EWnvironmental Policy - CCIEP00"
Belgium,BE,BEL,056,Rural,7,Dry latrines - Pit latrine with slab/covered latrine,0.0,"CCIEP, Coordination Committee International EWnvironmental Policy - CCIEP00"
Belgium,BE,BEL,056,Rural,8,Dry latrines - Traditional latrine,0.0,"CCIEP, Coordination Committee International EWnvironmental Policy - CCIEP00"
Belgium,BE,BEL,056,Rural,9,Dry latrines - Pit latrine without slab/open pit,0.0,"CCIEP, Coordination Committee International EWnvironmental Policy - CCIEP00"
Belgium,BE,BEL,056,Rural,10,Dry latrines - Hanging toilet/hanging latrine,0.0,"CCIEP, Coordination Committee International EWnvironmental Policy - CCIEP00"
Belgium,BE,BEL,056,Rural,11,Dry latrines - Bucket latrine,0.0,"CCIEP, Coordination Committee International EWnvironmental Policy - CCIEP00"
Belgium,BE,BEL,056,Rural,12,Dry latrines - Other,0.0,"CCIEP, Coordination Committee International EWnvironmental Policy - CCIEP00"
Belgium,BE,BEL,056,Rural,13,Composting toilets,0.0,"CCIEP, Coordination Committee International EWnvironmental Policy - CCIEP00"
Belgium,BE,BEL,056,Rural,14,Other improved,0.0,"CCIEP, Coordination Committee International EWnvironmental Policy - CCIEP00"
Belgium,BE,BEL,056,Rural,15,"No facility, bush, field",0.0,"CCIEP, Coordination Committee International EWnvironmental Policy - CCIEP00"
Belgium,BE,BEL,056,Rural,16,Other unimproved,0.0,"CCIEP, Coordination Committee International EWnvironmental Policy - CCIEP00"
Belgium,BE,BEL,056,Rural,17,DK/missing information,0.0,"CCIEP, Coordination Committee International EWnvironmental Policy - CCIEP00"
Belgium,BE,BEL,056,National,1,Flush and pour flush - to piped sewer system,1.0,"CCIEP, Coordination Committee International EWnvironmental Policy - CCIEP00"
Belgium,BE,BEL,056,National,2,Flush and pour flush - to septic tank,0.0,"CCIEP, Coordination Committee International EWnvironmental Policy - CCIEP00"
Belgium,BE,BEL,056,National,3,Flush and pour flush - to pit,0.0,"CCIEP, Coordination Committee International EWnvironmental Policy - CCIEP00"
Belgium,BE,BEL,056,National,4,Flush and pour flush - to unknown place/ not sure/DK,0.0,"CCIEP, Coordination Committee International EWnvironmental Policy - CCIEP00"
Belgium,BE,BEL,056,National,5,Flush and pour flush - to elsewhere,0.0,"CCIEP, Coordination Committee International EWnvironmental Policy - CCIEP00"
Belgium,BE,BEL,056,National,6,Dry latrines - Ventilated Improved Pit latrine,0.0,"CCIEP, Coordination Committee International EWnvironmental Policy - CCIEP00"
Belgium,BE,BEL,056,National,7,Dry latrines - Pit latrine with slab/covered latrine,0.0,"CCIEP, Coordination Committee International EWnvironmental Policy - CCIEP00"
Belgium,BE,BEL,056,National,8,Dry latrines - Traditional latrine,0.0,"CCIEP, Coordination Committee International EWnvironmental Policy - CCIEP00"
Belgium,BE,BEL,056,National,9,Dry latrines - Pit latrine without slab/open pit,0.0,"CCIEP, Coordination Committee International EWnvironmental Policy - CCIEP00"
Belgium,BE,BEL,056,National,10,Dry latrines - Hanging toilet/hanging latrine,0.0,"CCIEP, Coordination Committee International EWnvironmental Policy - CCIEP00"
Belgium,BE,BEL,056,National,11,Dry latrines - Bucket latrine,0.0,"CCIEP, Coordination Committee International EWnvironmental Policy - CCIEP00"
Belgium,BE,BEL,056,National,12,Dry latrines - Other,0.0,"CCIEP, Coordination Committee International EWnvironmental Policy - CCIEP00"
Belgium,BE,BEL,056,National,13,Composting toilets,0.0,"CCIEP, Coordination Committee International EWnvironmental Policy - CCIEP00"
Belgium,BE,BEL,056,National,14,Other improved,0.0,"CCIEP, Coordination Committee International EWnvironmental Policy - CCIEP00"
Belgium,BE,BEL,056,National,15,"No facility, bush, field",0.0,"CCIEP, Coordination Committee International EWnvironmental Policy - CCIEP00"
Belgium,BE,BEL,056,National,16,Other unimproved,0.0,"CCIEP, Coordination Committee International EWnvironmental Policy - CCIEP00"
Belgium,BE,BEL,056,National,17,DK/missing information,0.0,"CCIEP, Coordination Committee International EWnvironmental Policy - CCIEP00"
Belgium,BE,BEL,056,Urban,1,Flush and pour flush - to piped sewer system,1.0,"CCIEP, Coordination Committee International EWnvironmental Policy - CCIEP06"
Belgium,BE,BEL,056,Urban,2,Flush and pour flush - to septic tank,0.0,"CCIEP, Coordination Committee International EWnvironmental Policy - CCIEP06"
Belgium,BE,BEL,056,Urban,3,Flush and pour flush - to pit,0.0,"CCIEP, Coordination Committee International EWnvironmental Policy - CCIEP06"
Belgium,BE,BEL,056,Urban,4,Flush and pour flush - to unknown place/ not sure/DK,0.0,"CCIEP, Coordination Committee International EWnvironmental Policy - CCIEP06"
Belgium,BE,BEL,056,Urban,5,Flush and pour flush - to elsewhere,0.0,"CCIEP, Coordination Committee International EWnvironmental Policy - CCIEP06"
Belgium,BE,BEL,056,Urban,6,Dry latrines - Ventilated Improved Pit latrine,0.0,"CCIEP, Coordination Committee International EWnvironmental Policy - CCIEP06"
Belgium,BE,BEL,056,Urban,7,Dry latrines - Pit latrine with slab/covered latrine,0.0,"CCIEP, Coordination Committee International EWnvironmental Policy - CCIEP06"
Belgium,BE,BEL,056,Urban,8,Dry latrines - Traditional latrine,0.0,"CCIEP, Coordination Committee International EWnvironmental Policy - CCIEP06"
Belgium,BE,BEL,056,Urban,9,Dry latrines - Pit latrine without slab/open pit,0.0,"CCIEP, Coordination Committee International EWnvironmental Policy - CCIEP06"
Belgium,BE,BEL,056,Urban,10,Dry latrines - Hanging toilet/hanging latrine,0.0,"CCIEP, Coordination Committee International EWnvironmental Policy - CCIEP06"
Belgium,BE,BEL,056,Urban,11,Dry latrines - Bucket latrine,0.0,"CCIEP, Coordination Committee International EWnvironmental Policy - CCIEP06"
Belgium,BE,BEL,056,Urban,12,Dry latrines - Other,0.0,"CCIEP, Coordination Committee International EWnvironmental Policy - CCIEP06"
Belgium,BE,BEL,056,Urban,13,Composting toilets,0.0,"CCIEP, Coordination Committee International EWnvironmental Policy - CCIEP06"
Belgium,BE,BEL,056,Urban,14,Other improved,0.0,"CCIEP, Coordination Committee International EWnvironmental Policy - CCIEP06"
Belgium,BE,BEL,056,Urban,15,"No facility, bush, field",0.0,"CCIEP, Coordination Committee International EWnvironmental Policy - CCIEP06"
Belgium,BE,BEL,056,Urban,16,Other unimproved,0.0,"CCIEP, Coordination Committee International EWnvironmental Policy - CCIEP06"
Belgium,BE,BEL,056,Urban,17,DK/missing information,0.0,"CCIEP, Coordination Committee International EWnvironmental Policy - CCIEP06"
Belgium,BE,BEL,056,Rural,1,Flush and pour flush - to piped sewer system,1.0,"CCIEP, Coordination Committee International EWnvironmental Policy - CCIEP06"
Belgium,BE,BEL,056,Rural,2,Flush and pour flush - to septic tank,0.0,"CCIEP, Coordination Committee International EWnvironmental Policy - CCIEP06"
Belgium,BE,BEL,056,Rural,3,Flush and pour flush - to pit,0.0,"CCIEP, Coordination Committee International EWnvironmental Policy - CCIEP06"
Belgium,BE,BEL,056,Rural,4,Flush and pour flush - to unknown place/ not sure/DK,0.0,"CCIEP, Coordination Committee International EWnvironmental Policy - CCIEP06"
Belgium,BE,BEL,056,Rural,5,Flush and pour flush - to elsewhere,0.0,"CCIEP, Coordination Committee International EWnvironmental Policy - CCIEP06"
Belgium,BE,BEL,056,Rural,6,Dry latrines - Ventilated Improved Pit latrine,0.0,"CCIEP, Coordination Committee International EWnvironmental Policy - CCIEP06"
Belgium,BE,BEL,056,Rural,7,Dry latrines - Pit latrine with slab/covered latrine,0.0,"CCIEP, Coordination Committee International EWnvironmental Policy - CCIEP06"
Belgium,BE,BEL,056,Rural,8,Dry latrines - Traditional latrine,0.0,"CCIEP, Coordination Committee International EWnvironmental Policy - CCIEP06"
Belgium,BE,BEL,056,Rural,9,Dry latrines - Pit latrine without slab/open pit,0.0,"CCIEP, Coordination Committee International EWnvironmental Policy - CCIEP06"
Belgium,BE,BEL,056,Rural,10,Dry latrines - Hanging toilet/hanging latrine,0.0,"CCIEP, Coordination Committee International EWnvironmental Policy - CCIEP06"
Belgium,BE,BEL,056,Rural,11,Dry latrines - Bucket latrine,0.0,"CCIEP, Coordination Committee International EWnvironmental Policy - CCIEP06"
Belgium,BE,BEL,056,Rural,12,Dry latrines - Other,0.0,"CCIEP, Coordination Committee International EWnvironmental Policy - CCIEP06"
Belgium,BE,BEL,056,Rural,13,Composting toilets,0.0,"CCIEP, Coordination Committee International EWnvironmental Policy - CCIEP06"
Belgium,BE,BEL,056,Rural,14,Other improved,0.0,"CCIEP, Coordination Committee International EWnvironmental Policy - CCIEP06"
Belgium,BE,BEL,056,Rural,15,"No facility, bush, field",0.0,"CCIEP, Coordination Committee International EWnvironmental Policy - CCIEP06"
Belgium,BE,BEL,056,Rural,16,Other unimproved,0.0,"CCIEP, Coordination Committee International EWnvironmental Policy - CCIEP06"
Belgium,BE,BEL,056,Rural,17,DK/missing information,0.0,"CCIEP, Coordination Committee International EWnvironmental Policy - CCIEP06"
Belgium,BE,BEL,056,National,1,Flush and pour flush - to piped sewer system,1.0,"CCIEP, Coordination Committee International EWnvironmental Policy - CCIEP06"
Belgium,BE,BEL,056,National,2,Flush and pour flush - to septic tank,0.0,"CCIEP, Coordination Committee International EWnvironmental Policy - CCIEP06"
Belgium,BE,BEL,056,National,3,Flush and pour flush - to pit,0.0,"CCIEP, Coordination Committee International EWnvironmental Policy - CCIEP06"
Belgium,BE,BEL,056,National,4,Flush and pour flush - to unknown place/ not sure/DK,0.0,"CCIEP, Coordination Committee International EWnvironmental Policy - CCIEP06"
Belgium,BE,BEL,056,National,5,Flush and pour flush - to elsewhere,0.0,"CCIEP, Coordination Committee International EWnvironmental Policy - CCIEP06"
Belgium,BE,BEL,056,National,6,Dry latrines - Ventilated Improved Pit latrine,0.0,"CCIEP, Coordination Committee International EWnvironmental Policy - CCIEP06"
Belgium,BE,BEL,056,National,7,Dry latrines - Pit latrine with slab/covered latrine,0.0,"CCIEP, Coordination Committee International EWnvironmental Policy - CCIEP06"
Belgium,BE,BEL,056,National,8,Dry latrines - Traditional latrine,0.0,"CCIEP, Coordination Committee International EWnvironmental Policy - CCIEP06"
Belgium,BE,BEL,056,National,9,Dry latrines - Pit latrine without slab/open pit,0.0,"CCIEP, Coordination Committee International EWnvironmental Policy - CCIEP06"
Belgium,BE,BEL,056,National,10,Dry latrines - Hanging toilet/hanging latrine,0.0,"CCIEP, Coordination Committee International EWnvironmental Policy - CCIEP06"
Belgium,BE,BEL,056,National,11,Dry latrines - Bucket latrine,0.0,"CCIEP, Coordination Committee International EWnvironmental Policy - CCIEP06"
Belgium,BE,BEL,056,National,12,Dry latrines - Other,0.0,"CCIEP, Coordination Committee International EWnvironmental Policy - CCIEP06"
Belgium,BE,BEL,056,National,13,Composting toilets,0.0,"CCIEP, Coordination Committee International EWnvironmental Policy - CCIEP06"
Belgium,BE,BEL,056,National,14,Other improved,0.0,"CCIEP, Coordination Committee International EWnvironmental Policy - CCIEP06"
Belgium,BE,BEL,056,National,15,"No facility, bush, field",0.0,"CCIEP, Coordination Committee International EWnvironmental Policy - CCIEP06"
Belgium,BE,BEL,056,National,16,Other unimproved,0.0,"CCIEP, Coordination Committee International EWnvironmental Policy - CCIEP06"
Belgium,BE,BEL,056,National,17,DK/missing information,0.0,"CCIEP, Coordination Committee International EWnvironmental Policy - CCIEP06"
Belgium,BE,BEL,056,Urban,1,Flush and pour flush - to piped sewer system,0.981,Eurostat SILC database - EUSILC14
Belgium,BE,BEL,056,Urban,2,Flush and pour flush - to septic tank,0.0,Eurostat SILC database - EUSILC14
Belgium,BE,BEL,056,Urban,3,Flush and pour flush - to pit,0.0,Eurostat SILC database - EUSILC14
Belgium,BE,BEL,056,Urban,4,Flush and pour flush - to unknown place/ not sure/DK,0.0,Eurostat SILC database - EUSILC14
Belgium,BE,BEL,056,Urban,5,Flush and pour flush - to elsewhere,0.0,Eurostat SILC database - EUSILC14
Belgium,BE,BEL,056,Urban,6,Dry latrines - Ventilated Improved Pit latrine,0.0,Eurostat SILC database - EUSILC14
Belgium,BE,BEL,056,Urban,7,Dry latrines - Pit latrine with slab/covered latrine,0.0,Eurostat SILC database - EUSILC14
Belgium,BE,BEL,056,Urban,8,Dry latrines - Traditional latrine,0.0,Eurostat SILC database - EUSILC14
Belgium,BE,BEL,056,Urban,9,Dry latrines - Pit latrine without slab/open pit,0.0,Eurostat SILC database - EUSILC14
Belgium,BE,BEL,056,Urban,10,Dry latrines - Hanging toilet/hanging latrine,0.0,Eurostat SILC database - EUSILC14
Belgium,BE,BEL,056,Urban,11,Dry latrines - Bucket latrine,0.0,Eurostat SILC database - EUSILC14
Belgium,BE,BEL,056,Urban,12,Dry latrines - Other,0.0,Eurostat SILC database - EUSILC14
Belgium,BE,BEL,056,Urban,13,Composting toilets,0.0,Eurostat SILC database - EUSILC14
Belgium,BE,BEL,056,Urban,14,Other improved,0.0,Eurostat SILC database - EUSILC14
Belgium,BE,BEL,056,Urban,15,"No facility, bush, field",0.0,Eurostat SILC database - EUSILC14
Belgium,BE,BEL,056,Urban,16,Other unimproved,0.019,Eurostat SILC database - EUSILC14
Belgium,BE,BEL,056,Urban,17,DK/missing information,0.0,Eurostat SILC database - EUSILC14
Belgium,BE,BEL,056,Rural,1,Flush and pour flush - to piped sewer system,0.97,Eurostat SILC database - EUSILC14
Belgium,BE,BEL,056,Rural,2,Flush and pour flush - to septic tank,0.0,Eurostat SILC database - EUSILC14
Belgium,BE,BEL,056,Rural,3,Flush and pour flush - to pit,0.0,Eurostat SILC database - EUSILC14
Belgium,BE,BEL,056,Rural,4,Flush and pour flush - to unknown place/ not sure/DK,0.0,Eurostat SILC database - EUSILC14
Belgium,BE,BEL,056,Rural,5,Flush and pour flush - to elsewhere,0.0,Eurostat SILC database - EUSILC14
Belgium,BE,BEL,056,Rural,6,Dry latrines - Ventilated Improved Pit latrine,0.0,Eurostat SILC database - EUSILC14
Belgium,BE,BEL,056,Rural,7,Dry latrines - Pit latrine with slab/covered latrine,0.0,Eurostat SILC database - EUSILC14
Belgium,BE,BEL,056,Rural,8,Dry latrines - Traditional latrine,0.0,Eurostat SILC database - EUSILC14
Belgium,BE,BEL,056,Rural,9,Dry latrines - Pit latrine without slab/open pit,0.0,Eurostat SILC database - EUSILC14
Belgium,BE,BEL,056,Rural,10,Dry latrines - Hanging toilet/hanging latrine,0.0,Eurostat SILC database - EUSILC14
Belgium,BE,BEL,056,Rural,11,Dry latrines - Bucket latrine,0.0,Eurostat SILC database - EUSILC14
Belgium,BE,BEL,056,Rural,12,Dry latrines - Other,0.0,Eurostat SILC database - EUSILC14
Belgium,BE,BEL,056,Rural,13,Composting toilets,0.0,Eurostat SILC database - EUSILC14
Belgium,BE,BEL,056,Rural,14,Other improved,0.0,Eurostat SILC database - EUSILC14
Belgium,BE,BEL,056,Rural,15,"No facility, bush, field",0.0,Eurostat SILC database - EUSILC14
Belgium,BE,BEL,056,Rural,16,Other unimproved,0.03,Eurostat SILC database - EUSILC14
Belgium,BE,BEL,056,Rural,17,DK/missing information,0.0,Eurostat SILC database - EUSILC14
Belgium,BE,BEL,056,National,1,Flush and pour flush - to piped sewer system,0.979,Eurostat SILC database - EUSILC14
Belgium,BE,BEL,056,National,2,Flush and pour flush - to septic tank,0.0,Eurostat SILC database - EUSILC14
Belgium,BE,BEL,056,National,3,Flush and pour flush - to pit,0.0,Eurostat SILC database - EUSILC14
Belgium,BE,BEL,056,National,4,Flush and pour flush - to unknown place/ not sure/DK,0.0,Eurostat SILC database - EUSILC14
Belgium,BE,BEL,056,National,5,Flush and pour flush - to elsewhere,0.0,Eurostat SILC database - EUSILC14
Belgium,BE,BEL,056,National,6,Dry latrines - Ventilated Improved Pit latrine,0.0,Eurostat SILC database - EUSILC14
Belgium,BE,BEL,056,National,7,Dry latrines - Pit latrine with slab/covered latrine,0.0,Eurostat SILC database - EUSILC14
Belgium,BE,BEL,056,National,8,Dry latrines - Traditional latrine,0.0,Eurostat SILC database - EUSILC14
Belgium,BE,BEL,056,National,9,Dry latrines - Pit latrine without slab/open pit,0.0,Eurostat SILC database - EUSILC14
Belgium,BE,BEL,056,National,10,Dry latrines - Hanging toilet/hanging latrine,0.0,Eurostat SILC database - EUSILC14
Belgium,BE,BEL,056,National,11,Dry latrines - Bucket latrine,0.0,Eurostat SILC database - EUSILC14
Belgium,BE,BEL,056,National,12,Dry latrines - Other,0.0,Eurostat SILC database - EUSILC14
Belgium,BE,BEL,056,National,13,Composting toilets,0.0,Eurostat SILC database - EUSILC14
Belgium,BE,BEL,056,National,14,Other improved,0.0,Eurostat SILC database - EUSILC14
Belgium,BE,BEL,056,National,15,"No facility, bush, field",0.0,Eurostat SILC database - EUSILC14
Belgium,BE,BEL,056,National,16,Other unimproved,0.021,Eurostat SILC database - EUSILC14
Belgium,BE,BEL,056,National,17,DK/missing information,0.0,Eurostat SILC database - EUSILC14
Belgium,BE,BEL,056,Urban,1,Flush and pour flush - to piped sewer system,0.976,Eurostat SILC database - EUSILC15
Belgium,BE,BEL,056,Urban,2,Flush and pour flush - to septic tank,0.0,Eurostat SILC database - EUSILC15
Belgium,BE,BEL,056,Urban,3,Flush and pour flush - to pit,0.0,Eurostat SILC database - EUSILC15
Belgium,BE,BEL,056,Urban,4,Flush and pour flush - to unknown place/ not sure/DK,0.0,Eurostat SILC database - EUSILC15
Belgium,BE,BEL,056,Urban,5,Flush and pour flush - to elsewhere,0.0,Eurostat SILC database - EUSILC15
Belgium,BE,BEL,056,Urban,6,Dry latrines - Ventilated Improved Pit latrine,0.0,Eurostat SILC database - EUSILC15
Belgium,BE,BEL,056,Urban,7,Dry latrines - Pit latrine with slab/covered latrine,0.0,Eurostat SILC database - EUSILC15
Belgium,BE,BEL,056,Urban,8,Dry latrines - Traditional latrine,0.0,Eurostat SILC database - EUSILC15
Belgium,BE,BEL,056,Urban,9,Dry latrines - Pit latrine without slab/open pit,0.0,Eurostat SILC database - EUSILC15
Belgium,BE,BEL,056,Urban,10,Dry latrines - Hanging toilet/hanging latrine,0.0,Eurostat SILC database - EUSILC15
Belgium,BE,BEL,056,Urban,11,Dry latrines - Bucket latrine,0.0,Eurostat SILC database - EUSILC15
Belgium,BE,BEL,056,Urban,12,Dry latrines - Other,0.0,Eurostat SILC database - EUSILC15
Belgium,BE,BEL,056,Urban,13,Composting toilets,0.0,Eurostat SILC database - EUSILC15
Belgium,BE,BEL,056,Urban,14,Other improved,0.0,Eurostat SILC database - EUSILC15
Belgium,BE,BEL,056,Urban,15,"No facility, bush, field",0.0,Eurostat SILC database - EUSILC15
Belgium,BE,BEL,056,Urban,16,Other unimproved,0.024,Eurostat SILC database - EUSILC15
Belgium,BE,BEL,056,Urban,17,DK/missing information,0.0,Eurostat SILC database - EUSILC15
Belgium,BE,BEL,056,Rural,1,Flush and pour flush - to piped sewer system,0.98,Eurostat SILC database - EUSILC15
Belgium,BE,BEL,056,Rural,2,Flush and pour flush - to septic tank,0.0,Eurostat SILC database - EUSILC15
Belgium,BE,BEL,056,Rural,3,Flush and pour flush - to pit,0.0,Eurostat SILC database - EUSILC15
Belgium,BE,BEL,056,Rural,4,Flush and pour flush - to unknown place/ not sure/DK,0.0,Eurostat SILC database - EUSILC15
Belgium,BE,BEL,056,Rural,5,Flush and pour flush - to elsewhere,0.0,Eurostat SILC database - EUSILC15
Belgium,BE,BEL,056,Rural,6,Dry latrines - Ventilated Improved Pit latrine,0.0,Eurostat SILC database - EUSILC15
Belgium,BE,BEL,056,Rural,7,Dry latrines - Pit latrine with slab/covered latrine,0.0,Eurostat SILC database - EUSILC15
Belgium,BE,BEL,056,Rural,8,Dry latrines - Traditional latrine,0.0,Eurostat SILC database - EUSILC15
Belgium,BE,BEL,056,Rural,9,Dry latrines - Pit latrine without slab/open pit,0.0,Eurostat SILC database - EUSILC15
Belgium,BE,BEL,056,Rural,10,Dry latrines - Hanging toilet/hanging latrine,0.0,Eurostat SILC database - EUSILC15
Belgium,BE,BEL,056,Rural,11,Dry latrines - Bucket latrine,0.0,Eurostat SILC database - EUSILC15
Belgium,BE,BEL,056,Rural,12,Dry latrines - Other,0.0,Eurostat SILC database - EUSILC15
Belgium,BE,BEL,056,Rural,13,Composting toilets,0.0,Eurostat SILC database - EUSILC15
Belgium,BE,BEL,056,Rural,14,Other improved,0.0,Eurostat SILC database - EUSILC15
Belgium,BE,BEL,056,Rural,15,"No facility, bush, field",0.0,Eurostat SILC database - EUSILC15
Belgium,BE,BEL,056,Rural,16,Other unimproved,0.02,Eurostat SILC database - EUSILC15
Belgium,BE,BEL,056,Rural,17,DK/missing information,0.0,Eurostat SILC database - EUSILC15
Belgium,BE,BEL,056,National,1,Flush and pour flush - to piped sewer system,0.977,Eurostat SILC database - EUSILC15
Belgium,BE,BEL,056,National,2,Flush and pour flush - to septic tank,0.0,Eurostat SILC database - EUSILC15
Belgium,BE,BEL,056,National,3,Flush and pour flush - to pit,0.0,Eurostat SILC database - EUSILC15
Belgium,BE,BEL,056,National,4,Flush and pour flush - to unknown place/ not sure/DK,0.0,Eurostat SILC database - EUSILC15
Belgium,BE,BEL,056,National,5,Flush and pour flush - to elsewhere,0.0,Eurostat SILC database - EUSILC15
Belgium,BE,BEL,056,National,6,Dry latrines - Ventilated Improved Pit latrine,0.0,Eurostat SILC database - EUSILC15
Belgium,BE,BEL,056,National,7,Dry latrines - Pit latrine with slab/covered latrine,0.0,Eurostat SILC database - EUSILC15
Belgium,BE,BEL,056,National,8,Dry latrines - Traditional latrine,0.0,Eurostat SILC database - EUSILC15
Belgium,BE,BEL,056,National,9,Dry latrines - Pit latrine without slab/open pit,0.0,Eurostat SILC database - EUSILC15
Belgium,BE,BEL,056,National,10,Dry latrines - Hanging toilet/hanging latrine,0.0,Eurostat SILC database - EUSILC15
Belgium,BE,BEL,056,National,11,Dry latrines - Bucket latrine,0.0,Eurostat SILC database - EUSILC15
Belgium,BE,BEL,056,National,12,Dry latrines - Other,0.0,Eurostat SILC database - EUSILC15
Belgium,BE,BEL,056,National,13,Composting toilets,0.0,Eurostat SILC database - EUSILC15
Belgium,BE,BEL,056,National,14,Other improved,0.0,Eurostat SILC database - EUSILC15
Belgium,BE,BEL,056,National,15,"No facility, bush, field",0.0,Eurostat SILC database - EUSILC15
Belgium,BE,BEL,056,National,16,Other unimproved,0.023,Eurostat SILC database - EUSILC15
Belgium,BE,BEL,056,National,17,DK/missing information,0.0,Eurostat SILC database - EUSILC15
