country,alpha-2,alpha-3,numeric,context,classific_id,classification,percentage,source
Libya,LY,LBY,434,Urban,1,Flush and pour flush - to piped sewer system,0.542,Maternal & Child Health Survey - LMCHS95
Libya,LY,LBY,434,Urban,2,Flush and pour flush - to septic tank,0.068,Maternal & Child Health Survey - LMCHS95
Libya,LY,LBY,434,Urban,3,Flush and pour flush - to pit,0.0,Maternal & Child Health Survey - LMCHS95
Libya,LY,LBY,434,Urban,4,Flush and pour flush - to unknown place/ not sure/DK,0.358,Maternal & Child Health Survey - LMCHS95
Libya,LY,LBY,434,Urban,5,Flush and pour flush - to elsewhere,0.0,Maternal & Child Health Survey - LMCHS95
Libya,LY,LBY,434,Urban,6,Dry latrines - Ventilated Improved Pit latrine,0.0,Maternal & Child Health Survey - LMCHS95
Libya,LY,LBY,434,Urban,7,Dry latrines - Pit latrine with slab/covered latrine,0.0,Maternal & Child Health Survey - LMCHS95
Libya,LY,LBY,434,Urban,8,Dry latrines - Traditional latrine,0.0,Maternal & Child Health Survey - LMCHS95
Libya,LY,LBY,434,Urban,9,Dry latrines - Pit latrine without slab/open pit,0.0,Maternal & Child Health Survey - LMCHS95
Libya,LY,LBY,434,Urban,10,Dry latrines - Hanging toilet/hanging latrine,0.0,Maternal & Child Health Survey - LMCHS95
Libya,LY,LBY,434,Urban,11,Dry latrines - Bucket latrine,0.0,Maternal & Child Health Survey - LMCHS95
Libya,LY,LBY,434,Urban,12,Dry latrines - Other,0.0,Maternal & Child Health Survey - LMCHS95
Libya,LY,LBY,434,Urban,13,Composting toilets,0.0,Maternal & Child Health Survey - LMCHS95
Libya,LY,LBY,434,Urban,14,Other improved,0.0,Maternal & Child Health Survey - LMCHS95
Libya,LY,LBY,434,Urban,15,"No facility, bush, field",0.0,Maternal & Child Health Survey - LMCHS95
Libya,LY,LBY,434,Urban,16,Other unimproved,0.032,Maternal & Child Health Survey - LMCHS95
Libya,LY,LBY,434,Urban,17,DK/missing information,0.0,Maternal & Child Health Survey - LMCHS95
Libya,LY,LBY,434,Rural,1,Flush and pour flush - to piped sewer system,0.549,Maternal & Child Health Survey - LMCHS95
Libya,LY,LBY,434,Rural,2,Flush and pour flush - to septic tank,0.139,Maternal & Child Health Survey - LMCHS95
Libya,LY,LBY,434,Rural,3,Flush and pour flush - to pit,0.0,Maternal & Child Health Survey - LMCHS95
Libya,LY,LBY,434,Rural,4,Flush and pour flush - to unknown place/ not sure/DK,0.269,Maternal & Child Health Survey - LMCHS95
Libya,LY,LBY,434,Rural,5,Flush and pour flush - to elsewhere,0.0,Maternal & Child Health Survey - LMCHS95
Libya,LY,LBY,434,Rural,6,Dry latrines - Ventilated Improved Pit latrine,0.0,Maternal & Child Health Survey - LMCHS95
Libya,LY,LBY,434,Rural,7,Dry latrines - Pit latrine with slab/covered latrine,0.0,Maternal & Child Health Survey - LMCHS95
Libya,LY,LBY,434,Rural,8,Dry latrines - Traditional latrine,0.0,Maternal & Child Health Survey - LMCHS95
Libya,LY,LBY,434,Rural,9,Dry latrines - Pit latrine without slab/open pit,0.0,Maternal & Child Health Survey - LMCHS95
Libya,LY,LBY,434,Rural,10,Dry latrines - Hanging toilet/hanging latrine,0.0,Maternal & Child Health Survey - LMCHS95
Libya,LY,LBY,434,Rural,11,Dry latrines - Bucket latrine,0.0,Maternal & Child Health Survey - LMCHS95
Libya,LY,LBY,434,Rural,12,Dry latrines - Other,0.0,Maternal & Child Health Survey - LMCHS95
Libya,LY,LBY,434,Rural,13,Composting toilets,0.0,Maternal & Child Health Survey - LMCHS95
Libya,LY,LBY,434,Rural,14,Other improved,0.0,Maternal & Child Health Survey - LMCHS95
Libya,LY,LBY,434,Rural,15,"No facility, bush, field",0.0,Maternal & Child Health Survey - LMCHS95
Libya,LY,LBY,434,Rural,16,Other unimproved,0.043,Maternal & Child Health Survey - LMCHS95
Libya,LY,LBY,434,Rural,17,DK/missing information,0.0,Maternal & Child Health Survey - LMCHS95
Libya,LY,LBY,434,National,1,Flush and pour flush - to piped sewer system,0.544,Maternal & Child Health Survey - LMCHS95
Libya,LY,LBY,434,National,2,Flush and pour flush - to septic tank,0.087,Maternal & Child Health Survey - LMCHS95
Libya,LY,LBY,434,National,3,Flush and pour flush - to pit,0.0,Maternal & Child Health Survey - LMCHS95
Libya,LY,LBY,434,National,4,Flush and pour flush - to unknown place/ not sure/DK,0.335,Maternal & Child Health Survey - LMCHS95
Libya,LY,LBY,434,National,5,Flush and pour flush - to elsewhere,0.0,Maternal & Child Health Survey - LMCHS95
Libya,LY,LBY,434,National,6,Dry latrines - Ventilated Improved Pit latrine,0.0,Maternal & Child Health Survey - LMCHS95
Libya,LY,LBY,434,National,7,Dry latrines - Pit latrine with slab/covered latrine,0.0,Maternal & Child Health Survey - LMCHS95
Libya,LY,LBY,434,National,8,Dry latrines - Traditional latrine,0.0,Maternal & Child Health Survey - LMCHS95
Libya,LY,LBY,434,National,9,Dry latrines - Pit latrine without slab/open pit,0.0,Maternal & Child Health Survey - LMCHS95
Libya,LY,LBY,434,National,10,Dry latrines - Hanging toilet/hanging latrine,0.0,Maternal & Child Health Survey - LMCHS95
Libya,LY,LBY,434,National,11,Dry latrines - Bucket latrine,0.0,Maternal & Child Health Survey - LMCHS95
Libya,LY,LBY,434,National,12,Dry latrines - Other,0.0,Maternal & Child Health Survey - LMCHS95
Libya,LY,LBY,434,National,13,Composting toilets,0.0,Maternal & Child Health Survey - LMCHS95
Libya,LY,LBY,434,National,14,Other improved,0.0,Maternal & Child Health Survey - LMCHS95
Libya,LY,LBY,434,National,15,"No facility, bush, field",0.0,Maternal & Child Health Survey - LMCHS95
Libya,LY,LBY,434,National,16,Other unimproved,0.034,Maternal & Child Health Survey - LMCHS95
Libya,LY,LBY,434,National,17,DK/missing information,0.0,Maternal & Child Health Survey - LMCHS95
Libya,LY,LBY,434,Urban,1,Flush and pour flush - to piped sewer system,0.0,Pan Arab Project for Family Health - PAPFAM14
Libya,LY,LBY,434,Urban,2,Flush and pour flush - to septic tank,0.0,Pan Arab Project for Family Health - PAPFAM14
Libya,LY,LBY,434,Urban,3,Flush and pour flush - to pit,0.0,Pan Arab Project for Family Health - PAPFAM14
Libya,LY,LBY,434,Urban,4,Flush and pour flush - to unknown place/ not sure/DK,0.0,Pan Arab Project for Family Health - PAPFAM14
Libya,LY,LBY,434,Urban,5,Flush and pour flush - to elsewhere,0.0,Pan Arab Project for Family Health - PAPFAM14
Libya,LY,LBY,434,Urban,6,Dry latrines - Ventilated Improved Pit latrine,0.0,Pan Arab Project for Family Health - PAPFAM14
Libya,LY,LBY,434,Urban,7,Dry latrines - Pit latrine with slab/covered latrine,0.0,Pan Arab Project for Family Health - PAPFAM14
Libya,LY,LBY,434,Urban,8,Dry latrines - Traditional latrine,0.0,Pan Arab Project for Family Health - PAPFAM14
Libya,LY,LBY,434,Urban,9,Dry latrines - Pit latrine without slab/open pit,0.0,Pan Arab Project for Family Health - PAPFAM14
Libya,LY,LBY,434,Urban,10,Dry latrines - Hanging toilet/hanging latrine,0.0,Pan Arab Project for Family Health - PAPFAM14
Libya,LY,LBY,434,Urban,11,Dry latrines - Bucket latrine,0.0,Pan Arab Project for Family Health - PAPFAM14
Libya,LY,LBY,434,Urban,12,Dry latrines - Other,0.0,Pan Arab Project for Family Health - PAPFAM14
Libya,LY,LBY,434,Urban,13,Composting toilets,0.0,Pan Arab Project for Family Health - PAPFAM14
Libya,LY,LBY,434,Urban,14,Other improved,0.0,Pan Arab Project for Family Health - PAPFAM14
Libya,LY,LBY,434,Urban,15,"No facility, bush, field",0.0,Pan Arab Project for Family Health - PAPFAM14
Libya,LY,LBY,434,Urban,16,Other unimproved,0.0,Pan Arab Project for Family Health - PAPFAM14
Libya,LY,LBY,434,Urban,17,DK/missing information,0.0,Pan Arab Project for Family Health - PAPFAM14
Libya,LY,LBY,434,Rural,1,Flush and pour flush - to piped sewer system,0.0,Pan Arab Project for Family Health - PAPFAM14
Libya,LY,LBY,434,Rural,2,Flush and pour flush - to septic tank,0.0,Pan Arab Project for Family Health - PAPFAM14
Libya,LY,LBY,434,Rural,3,Flush and pour flush - to pit,0.0,Pan Arab Project for Family Health - PAPFAM14
Libya,LY,LBY,434,Rural,4,Flush and pour flush - to unknown place/ not sure/DK,0.0,Pan Arab Project for Family Health - PAPFAM14
Libya,LY,LBY,434,Rural,5,Flush and pour flush - to elsewhere,0.0,Pan Arab Project for Family Health - PAPFAM14
Libya,LY,LBY,434,Rural,6,Dry latrines - Ventilated Improved Pit latrine,0.0,Pan Arab Project for Family Health - PAPFAM14
Libya,LY,LBY,434,Rural,7,Dry latrines - Pit latrine with slab/covered latrine,0.0,Pan Arab Project for Family Health - PAPFAM14
Libya,LY,LBY,434,Rural,8,Dry latrines - Traditional latrine,0.0,Pan Arab Project for Family Health - PAPFAM14
Libya,LY,LBY,434,Rural,9,Dry latrines - Pit latrine without slab/open pit,0.0,Pan Arab Project for Family Health - PAPFAM14
Libya,LY,LBY,434,Rural,10,Dry latrines - Hanging toilet/hanging latrine,0.0,Pan Arab Project for Family Health - PAPFAM14
Libya,LY,LBY,434,Rural,11,Dry latrines - Bucket latrine,0.0,Pan Arab Project for Family Health - PAPFAM14
Libya,LY,LBY,434,Rural,12,Dry latrines - Other,0.0,Pan Arab Project for Family Health - PAPFAM14
Libya,LY,LBY,434,Rural,13,Composting toilets,0.0,Pan Arab Project for Family Health - PAPFAM14
Libya,LY,LBY,434,Rural,14,Other improved,0.0,Pan Arab Project for Family Health - PAPFAM14
Libya,LY,LBY,434,Rural,15,"No facility, bush, field",0.0,Pan Arab Project for Family Health - PAPFAM14
Libya,LY,LBY,434,Rural,16,Other unimproved,0.0,Pan Arab Project for Family Health - PAPFAM14
Libya,LY,LBY,434,Rural,17,DK/missing information,0.0,Pan Arab Project for Family Health - PAPFAM14
Libya,LY,LBY,434,National,1,Flush and pour flush - to piped sewer system,0.678,Pan Arab Project for Family Health - PAPFAM14
Libya,LY,LBY,434,National,2,Flush and pour flush - to septic tank,0.083,Pan Arab Project for Family Health - PAPFAM14
Libya,LY,LBY,434,National,3,Flush and pour flush - to pit,0.0,Pan Arab Project for Family Health - PAPFAM14
Libya,LY,LBY,434,National,4,Flush and pour flush - to unknown place/ not sure/DK,0.0,Pan Arab Project for Family Health - PAPFAM14
Libya,LY,LBY,434,National,5,Flush and pour flush - to elsewhere,0.0,Pan Arab Project for Family Health - PAPFAM14
Libya,LY,LBY,434,National,6,Dry latrines - Ventilated Improved Pit latrine,0.0,Pan Arab Project for Family Health - PAPFAM14
Libya,LY,LBY,434,National,7,Dry latrines - Pit latrine with slab/covered latrine,0.199,Pan Arab Project for Family Health - PAPFAM14
Libya,LY,LBY,434,National,8,Dry latrines - Traditional latrine,0.0,Pan Arab Project for Family Health - PAPFAM14
Libya,LY,LBY,434,National,9,Dry latrines - Pit latrine without slab/open pit,0.0,Pan Arab Project for Family Health - PAPFAM14
Libya,LY,LBY,434,National,10,Dry latrines - Hanging toilet/hanging latrine,0.0,Pan Arab Project for Family Health - PAPFAM14
Libya,LY,LBY,434,National,11,Dry latrines - Bucket latrine,0.0,Pan Arab Project for Family Health - PAPFAM14
Libya,LY,LBY,434,National,12,Dry latrines - Other,0.0,Pan Arab Project for Family Health - PAPFAM14
Libya,LY,LBY,434,National,13,Composting toilets,0.0,Pan Arab Project for Family Health - PAPFAM14
Libya,LY,LBY,434,National,14,Other improved,0.037,Pan Arab Project for Family Health - PAPFAM14
Libya,LY,LBY,434,National,15,"No facility, bush, field",0.001,Pan Arab Project for Family Health - PAPFAM14
Libya,LY,LBY,434,National,16,Other unimproved,0.002,Pan Arab Project for Family Health - PAPFAM14
Libya,LY,LBY,434,National,17,DK/missing information,0.0,Pan Arab Project for Family Health - PAPFAM14
Libya,LY,LBY,434,Urban,1,Flush and pour flush - to piped sewer system,0.0,Pan Arab Project for Family Health - PAPFAM07
Libya,LY,LBY,434,Urban,2,Flush and pour flush - to septic tank,0.0,Pan Arab Project for Family Health - PAPFAM07
Libya,LY,LBY,434,Urban,3,Flush and pour flush - to pit,0.0,Pan Arab Project for Family Health - PAPFAM07
Libya,LY,LBY,434,Urban,4,Flush and pour flush - to unknown place/ not sure/DK,0.0,Pan Arab Project for Family Health - PAPFAM07
Libya,LY,LBY,434,Urban,5,Flush and pour flush - to elsewhere,0.0,Pan Arab Project for Family Health - PAPFAM07
Libya,LY,LBY,434,Urban,6,Dry latrines - Ventilated Improved Pit latrine,0.0,Pan Arab Project for Family Health - PAPFAM07
Libya,LY,LBY,434,Urban,7,Dry latrines - Pit latrine with slab/covered latrine,0.0,Pan Arab Project for Family Health - PAPFAM07
Libya,LY,LBY,434,Urban,8,Dry latrines - Traditional latrine,0.0,Pan Arab Project for Family Health - PAPFAM07
Libya,LY,LBY,434,Urban,9,Dry latrines - Pit latrine without slab/open pit,0.0,Pan Arab Project for Family Health - PAPFAM07
Libya,LY,LBY,434,Urban,10,Dry latrines - Hanging toilet/hanging latrine,0.0,Pan Arab Project for Family Health - PAPFAM07
Libya,LY,LBY,434,Urban,11,Dry latrines - Bucket latrine,0.0,Pan Arab Project for Family Health - PAPFAM07
Libya,LY,LBY,434,Urban,12,Dry latrines - Other,0.0,Pan Arab Project for Family Health - PAPFAM07
Libya,LY,LBY,434,Urban,13,Composting toilets,0.0,Pan Arab Project for Family Health - PAPFAM07
Libya,LY,LBY,434,Urban,14,Other improved,0.0,Pan Arab Project for Family Health - PAPFAM07
Libya,LY,LBY,434,Urban,15,"No facility, bush, field",0.0,Pan Arab Project for Family Health - PAPFAM07
Libya,LY,LBY,434,Urban,16,Other unimproved,0.0,Pan Arab Project for Family Health - PAPFAM07
Libya,LY,LBY,434,Urban,17,DK/missing information,0.0,Pan Arab Project for Family Health - PAPFAM07
Libya,LY,LBY,434,Rural,1,Flush and pour flush - to piped sewer system,0.0,Pan Arab Project for Family Health - PAPFAM07
Libya,LY,LBY,434,Rural,2,Flush and pour flush - to septic tank,0.0,Pan Arab Project for Family Health - PAPFAM07
Libya,LY,LBY,434,Rural,3,Flush and pour flush - to pit,0.0,Pan Arab Project for Family Health - PAPFAM07
Libya,LY,LBY,434,Rural,4,Flush and pour flush - to unknown place/ not sure/DK,0.0,Pan Arab Project for Family Health - PAPFAM07
Libya,LY,LBY,434,Rural,5,Flush and pour flush - to elsewhere,0.0,Pan Arab Project for Family Health - PAPFAM07
Libya,LY,LBY,434,Rural,6,Dry latrines - Ventilated Improved Pit latrine,0.0,Pan Arab Project for Family Health - PAPFAM07
Libya,LY,LBY,434,Rural,7,Dry latrines - Pit latrine with slab/covered latrine,0.0,Pan Arab Project for Family Health - PAPFAM07
Libya,LY,LBY,434,Rural,8,Dry latrines - Traditional latrine,0.0,Pan Arab Project for Family Health - PAPFAM07
Libya,LY,LBY,434,Rural,9,Dry latrines - Pit latrine without slab/open pit,0.0,Pan Arab Project for Family Health - PAPFAM07
Libya,LY,LBY,434,Rural,10,Dry latrines - Hanging toilet/hanging latrine,0.0,Pan Arab Project for Family Health - PAPFAM07
Libya,LY,LBY,434,Rural,11,Dry latrines - Bucket latrine,0.0,Pan Arab Project for Family Health - PAPFAM07
Libya,LY,LBY,434,Rural,12,Dry latrines - Other,0.0,Pan Arab Project for Family Health - PAPFAM07
Libya,LY,LBY,434,Rural,13,Composting toilets,0.0,Pan Arab Project for Family Health - PAPFAM07
Libya,LY,LBY,434,Rural,14,Other improved,0.0,Pan Arab Project for Family Health - PAPFAM07
Libya,LY,LBY,434,Rural,15,"No facility, bush, field",0.0,Pan Arab Project for Family Health - PAPFAM07
Libya,LY,LBY,434,Rural,16,Other unimproved,0.0,Pan Arab Project for Family Health - PAPFAM07
Libya,LY,LBY,434,Rural,17,DK/missing information,0.0,Pan Arab Project for Family Health - PAPFAM07
Libya,LY,LBY,434,National,1,Flush and pour flush - to piped sewer system,0.631,Pan Arab Project for Family Health - PAPFAM07
Libya,LY,LBY,434,National,2,Flush and pour flush - to septic tank,0.0,Pan Arab Project for Family Health - PAPFAM07
Libya,LY,LBY,434,National,3,Flush and pour flush - to pit,0.0,Pan Arab Project for Family Health - PAPFAM07
Libya,LY,LBY,434,National,4,Flush and pour flush - to unknown place/ not sure/DK,0.0,Pan Arab Project for Family Health - PAPFAM07
Libya,LY,LBY,434,National,5,Flush and pour flush - to elsewhere,0.0,Pan Arab Project for Family Health - PAPFAM07
Libya,LY,LBY,434,National,6,Dry latrines - Ventilated Improved Pit latrine,0.0,Pan Arab Project for Family Health - PAPFAM07
Libya,LY,LBY,434,National,7,Dry latrines - Pit latrine with slab/covered latrine,0.0,Pan Arab Project for Family Health - PAPFAM07
Libya,LY,LBY,434,National,8,Dry latrines - Traditional latrine,0.0,Pan Arab Project for Family Health - PAPFAM07
Libya,LY,LBY,434,National,9,Dry latrines - Pit latrine without slab/open pit,0.0,Pan Arab Project for Family Health - PAPFAM07
Libya,LY,LBY,434,National,10,Dry latrines - Hanging toilet/hanging latrine,0.0,Pan Arab Project for Family Health - PAPFAM07
Libya,LY,LBY,434,National,11,Dry latrines - Bucket latrine,0.0,Pan Arab Project for Family Health - PAPFAM07
Libya,LY,LBY,434,National,12,Dry latrines - Other,0.0,Pan Arab Project for Family Health - PAPFAM07
Libya,LY,LBY,434,National,13,Composting toilets,0.0,Pan Arab Project for Family Health - PAPFAM07
Libya,LY,LBY,434,National,14,Other improved,0.0,Pan Arab Project for Family Health - PAPFAM07
Libya,LY,LBY,434,National,15,"No facility, bush, field",0.0,Pan Arab Project for Family Health - PAPFAM07
Libya,LY,LBY,434,National,16,Other unimproved,0.0,Pan Arab Project for Family Health - PAPFAM07
Libya,LY,LBY,434,National,17,DK/missing information,0.0,Pan Arab Project for Family Health - PAPFAM07
