country,alpha-2,alpha-3,numeric,context,classific_id,classification,percentage,source
Malta,MT,MLT,470,Urban,1,Flush and pour flush - to piped sewer system,0.0,Eurostat environmental database - ES11
Malta,MT,MLT,470,Urban,2,Flush and pour flush - to septic tank,0.0,Eurostat environmental database - ES11
Malta,MT,MLT,470,Urban,3,Flush and pour flush - to pit,0.0,Eurostat environmental database - ES11
Malta,MT,MLT,470,Urban,4,Flush and pour flush - to unknown place/ not sure/DK,0.0,Eurostat environmental database - ES11
Malta,MT,MLT,470,Urban,5,Flush and pour flush - to elsewhere,0.0,Eurostat environmental database - ES11
Malta,MT,MLT,470,Urban,6,Dry latrines - Ventilated Improved Pit latrine,0.0,Eurostat environmental database - ES11
Malta,MT,MLT,470,Urban,7,Dry latrines - Pit latrine with slab/covered latrine,0.0,Eurostat environmental database - ES11
Malta,MT,MLT,470,Urban,8,Dry latrines - Traditional latrine,0.0,Eurostat environmental database - ES11
Malta,MT,MLT,470,Urban,9,Dry latrines - Pit latrine without slab/open pit,0.0,Eurostat environmental database - ES11
Malta,MT,MLT,470,Urban,10,Dry latrines - Hanging toilet/hanging latrine,0.0,Eurostat environmental database - ES11
Malta,MT,MLT,470,Urban,11,Dry latrines - Bucket latrine,0.0,Eurostat environmental database - ES11
Malta,MT,MLT,470,Urban,12,Dry latrines - Other,0.0,Eurostat environmental database - ES11
Malta,MT,MLT,470,Urban,13,Composting toilets,0.0,Eurostat environmental database - ES11
Malta,MT,MLT,470,Urban,14,Other improved,0.0,Eurostat environmental database - ES11
Malta,MT,MLT,470,Urban,15,"No facility, bush, field",0.0,Eurostat environmental database - ES11
Malta,MT,MLT,470,Urban,16,Other unimproved,0.0,Eurostat environmental database - ES11
Malta,MT,MLT,470,Urban,17,DK/missing information,0.0,Eurostat environmental database - ES11
Malta,MT,MLT,470,Rural,1,Flush and pour flush - to piped sewer system,0.0,Eurostat environmental database - ES11
Malta,MT,MLT,470,Rural,2,Flush and pour flush - to septic tank,0.0,Eurostat environmental database - ES11
Malta,MT,MLT,470,Rural,3,Flush and pour flush - to pit,0.0,Eurostat environmental database - ES11
Malta,MT,MLT,470,Rural,4,Flush and pour flush - to unknown place/ not sure/DK,0.0,Eurostat environmental database - ES11
Malta,MT,MLT,470,Rural,5,Flush and pour flush - to elsewhere,0.0,Eurostat environmental database - ES11
Malta,MT,MLT,470,Rural,6,Dry latrines - Ventilated Improved Pit latrine,0.0,Eurostat environmental database - ES11
Malta,MT,MLT,470,Rural,7,Dry latrines - Pit latrine with slab/covered latrine,0.0,Eurostat environmental database - ES11
Malta,MT,MLT,470,Rural,8,Dry latrines - Traditional latrine,0.0,Eurostat environmental database - ES11
Malta,MT,MLT,470,Rural,9,Dry latrines - Pit latrine without slab/open pit,0.0,Eurostat environmental database - ES11
Malta,MT,MLT,470,Rural,10,Dry latrines - Hanging toilet/hanging latrine,0.0,Eurostat environmental database - ES11
Malta,MT,MLT,470,Rural,11,Dry latrines - Bucket latrine,0.0,Eurostat environmental database - ES11
Malta,MT,MLT,470,Rural,12,Dry latrines - Other,0.0,Eurostat environmental database - ES11
Malta,MT,MLT,470,Rural,13,Composting toilets,0.0,Eurostat environmental database - ES11
Malta,MT,MLT,470,Rural,14,Other improved,0.0,Eurostat environmental database - ES11
Malta,MT,MLT,470,Rural,15,"No facility, bush, field",0.0,Eurostat environmental database - ES11
Malta,MT,MLT,470,Rural,16,Other unimproved,0.0,Eurostat environmental database - ES11
Malta,MT,MLT,470,Rural,17,DK/missing information,0.0,Eurostat environmental database - ES11
Malta,MT,MLT,470,National,1,Flush and pour flush - to piped sewer system,0.985,Eurostat environmental database - ES11
Malta,MT,MLT,470,National,2,Flush and pour flush - to septic tank,0.015,Eurostat environmental database - ES11
Malta,MT,MLT,470,National,3,Flush and pour flush - to pit,0.0,Eurostat environmental database - ES11
Malta,MT,MLT,470,National,4,Flush and pour flush - to unknown place/ not sure/DK,0.0,Eurostat environmental database - ES11
Malta,MT,MLT,470,National,5,Flush and pour flush - to elsewhere,0.0,Eurostat environmental database - ES11
Malta,MT,MLT,470,National,6,Dry latrines - Ventilated Improved Pit latrine,0.0,Eurostat environmental database - ES11
Malta,MT,MLT,470,National,7,Dry latrines - Pit latrine with slab/covered latrine,0.0,Eurostat environmental database - ES11
Malta,MT,MLT,470,National,8,Dry latrines - Traditional latrine,0.0,Eurostat environmental database - ES11
Malta,MT,MLT,470,National,9,Dry latrines - Pit latrine without slab/open pit,0.0,Eurostat environmental database - ES11
Malta,MT,MLT,470,National,10,Dry latrines - Hanging toilet/hanging latrine,0.0,Eurostat environmental database - ES11
Malta,MT,MLT,470,National,11,Dry latrines - Bucket latrine,0.0,Eurostat environmental database - ES11
Malta,MT,MLT,470,National,12,Dry latrines - Other,0.0,Eurostat environmental database - ES11
Malta,MT,MLT,470,National,13,Composting toilets,0.0,Eurostat environmental database - ES11
Malta,MT,MLT,470,National,14,Other improved,0.0,Eurostat environmental database - ES11
Malta,MT,MLT,470,National,15,"No facility, bush, field",0.0,Eurostat environmental database - ES11
Malta,MT,MLT,470,National,16,Other unimproved,0.0,Eurostat environmental database - ES11
Malta,MT,MLT,470,National,17,DK/missing information,0.0,Eurostat environmental database - ES11
Malta,MT,MLT,470,Urban,1,Flush and pour flush - to piped sewer system,0.0,Eurostat environmental database - ES12
Malta,MT,MLT,470,Urban,2,Flush and pour flush - to septic tank,0.0,Eurostat environmental database - ES12
Malta,MT,MLT,470,Urban,3,Flush and pour flush - to pit,0.0,Eurostat environmental database - ES12
Malta,MT,MLT,470,Urban,4,Flush and pour flush - to unknown place/ not sure/DK,0.0,Eurostat environmental database - ES12
Malta,MT,MLT,470,Urban,5,Flush and pour flush - to elsewhere,0.0,Eurostat environmental database - ES12
Malta,MT,MLT,470,Urban,6,Dry latrines - Ventilated Improved Pit latrine,0.0,Eurostat environmental database - ES12
Malta,MT,MLT,470,Urban,7,Dry latrines - Pit latrine with slab/covered latrine,0.0,Eurostat environmental database - ES12
Malta,MT,MLT,470,Urban,8,Dry latrines - Traditional latrine,0.0,Eurostat environmental database - ES12
Malta,MT,MLT,470,Urban,9,Dry latrines - Pit latrine without slab/open pit,0.0,Eurostat environmental database - ES12
Malta,MT,MLT,470,Urban,10,Dry latrines - Hanging toilet/hanging latrine,0.0,Eurostat environmental database - ES12
Malta,MT,MLT,470,Urban,11,Dry latrines - Bucket latrine,0.0,Eurostat environmental database - ES12
Malta,MT,MLT,470,Urban,12,Dry latrines - Other,0.0,Eurostat environmental database - ES12
Malta,MT,MLT,470,Urban,13,Composting toilets,0.0,Eurostat environmental database - ES12
Malta,MT,MLT,470,Urban,14,Other improved,0.0,Eurostat environmental database - ES12
Malta,MT,MLT,470,Urban,15,"No facility, bush, field",0.0,Eurostat environmental database - ES12
Malta,MT,MLT,470,Urban,16,Other unimproved,0.0,Eurostat environmental database - ES12
Malta,MT,MLT,470,Urban,17,DK/missing information,0.0,Eurostat environmental database - ES12
Malta,MT,MLT,470,Rural,1,Flush and pour flush - to piped sewer system,0.0,Eurostat environmental database - ES12
Malta,MT,MLT,470,Rural,2,Flush and pour flush - to septic tank,0.0,Eurostat environmental database - ES12
Malta,MT,MLT,470,Rural,3,Flush and pour flush - to pit,0.0,Eurostat environmental database - ES12
Malta,MT,MLT,470,Rural,4,Flush and pour flush - to unknown place/ not sure/DK,0.0,Eurostat environmental database - ES12
Malta,MT,MLT,470,Rural,5,Flush and pour flush - to elsewhere,0.0,Eurostat environmental database - ES12
Malta,MT,MLT,470,Rural,6,Dry latrines - Ventilated Improved Pit latrine,0.0,Eurostat environmental database - ES12
Malta,MT,MLT,470,Rural,7,Dry latrines - Pit latrine with slab/covered latrine,0.0,Eurostat environmental database - ES12
Malta,MT,MLT,470,Rural,8,Dry latrines - Traditional latrine,0.0,Eurostat environmental database - ES12
Malta,MT,MLT,470,Rural,9,Dry latrines - Pit latrine without slab/open pit,0.0,Eurostat environmental database - ES12
Malta,MT,MLT,470,Rural,10,Dry latrines - Hanging toilet/hanging latrine,0.0,Eurostat environmental database - ES12
Malta,MT,MLT,470,Rural,11,Dry latrines - Bucket latrine,0.0,Eurostat environmental database - ES12
Malta,MT,MLT,470,Rural,12,Dry latrines - Other,0.0,Eurostat environmental database - ES12
Malta,MT,MLT,470,Rural,13,Composting toilets,0.0,Eurostat environmental database - ES12
Malta,MT,MLT,470,Rural,14,Other improved,0.0,Eurostat environmental database - ES12
Malta,MT,MLT,470,Rural,15,"No facility, bush, field",0.0,Eurostat environmental database - ES12
Malta,MT,MLT,470,Rural,16,Other unimproved,0.0,Eurostat environmental database - ES12
Malta,MT,MLT,470,Rural,17,DK/missing information,0.0,Eurostat environmental database - ES12
Malta,MT,MLT,470,National,1,Flush and pour flush - to piped sewer system,0.985,Eurostat environmental database - ES12
Malta,MT,MLT,470,National,2,Flush and pour flush - to septic tank,0.015,Eurostat environmental database - ES12
Malta,MT,MLT,470,National,3,Flush and pour flush - to pit,0.0,Eurostat environmental database - ES12
Malta,MT,MLT,470,National,4,Flush and pour flush - to unknown place/ not sure/DK,0.0,Eurostat environmental database - ES12
Malta,MT,MLT,470,National,5,Flush and pour flush - to elsewhere,0.0,Eurostat environmental database - ES12
Malta,MT,MLT,470,National,6,Dry latrines - Ventilated Improved Pit latrine,0.0,Eurostat environmental database - ES12
Malta,MT,MLT,470,National,7,Dry latrines - Pit latrine with slab/covered latrine,0.0,Eurostat environmental database - ES12
Malta,MT,MLT,470,National,8,Dry latrines - Traditional latrine,0.0,Eurostat environmental database - ES12
Malta,MT,MLT,470,National,9,Dry latrines - Pit latrine without slab/open pit,0.0,Eurostat environmental database - ES12
Malta,MT,MLT,470,National,10,Dry latrines - Hanging toilet/hanging latrine,0.0,Eurostat environmental database - ES12
Malta,MT,MLT,470,National,11,Dry latrines - Bucket latrine,0.0,Eurostat environmental database - ES12
Malta,MT,MLT,470,National,12,Dry latrines - Other,0.0,Eurostat environmental database - ES12
Malta,MT,MLT,470,National,13,Composting toilets,0.0,Eurostat environmental database - ES12
Malta,MT,MLT,470,National,14,Other improved,0.0,Eurostat environmental database - ES12
Malta,MT,MLT,470,National,15,"No facility, bush, field",0.0,Eurostat environmental database - ES12
Malta,MT,MLT,470,National,16,Other unimproved,0.0,Eurostat environmental database - ES12
Malta,MT,MLT,470,National,17,DK/missing information,0.0,Eurostat environmental database - ES12
Malta,MT,MLT,470,Urban,1,Flush and pour flush - to piped sewer system,0.0,Eurostat environmental database - ES13
Malta,MT,MLT,470,Urban,2,Flush and pour flush - to septic tank,0.0,Eurostat environmental database - ES13
Malta,MT,MLT,470,Urban,3,Flush and pour flush - to pit,0.0,Eurostat environmental database - ES13
Malta,MT,MLT,470,Urban,4,Flush and pour flush - to unknown place/ not sure/DK,0.0,Eurostat environmental database - ES13
Malta,MT,MLT,470,Urban,5,Flush and pour flush - to elsewhere,0.0,Eurostat environmental database - ES13
Malta,MT,MLT,470,Urban,6,Dry latrines - Ventilated Improved Pit latrine,0.0,Eurostat environmental database - ES13
Malta,MT,MLT,470,Urban,7,Dry latrines - Pit latrine with slab/covered latrine,0.0,Eurostat environmental database - ES13
Malta,MT,MLT,470,Urban,8,Dry latrines - Traditional latrine,0.0,Eurostat environmental database - ES13
Malta,MT,MLT,470,Urban,9,Dry latrines - Pit latrine without slab/open pit,0.0,Eurostat environmental database - ES13
Malta,MT,MLT,470,Urban,10,Dry latrines - Hanging toilet/hanging latrine,0.0,Eurostat environmental database - ES13
Malta,MT,MLT,470,Urban,11,Dry latrines - Bucket latrine,0.0,Eurostat environmental database - ES13
Malta,MT,MLT,470,Urban,12,Dry latrines - Other,0.0,Eurostat environmental database - ES13
Malta,MT,MLT,470,Urban,13,Composting toilets,0.0,Eurostat environmental database - ES13
Malta,MT,MLT,470,Urban,14,Other improved,0.0,Eurostat environmental database - ES13
Malta,MT,MLT,470,Urban,15,"No facility, bush, field",0.0,Eurostat environmental database - ES13
Malta,MT,MLT,470,Urban,16,Other unimproved,0.0,Eurostat environmental database - ES13
Malta,MT,MLT,470,Urban,17,DK/missing information,0.0,Eurostat environmental database - ES13
Malta,MT,MLT,470,Rural,1,Flush and pour flush - to piped sewer system,0.0,Eurostat environmental database - ES13
Malta,MT,MLT,470,Rural,2,Flush and pour flush - to septic tank,0.0,Eurostat environmental database - ES13
Malta,MT,MLT,470,Rural,3,Flush and pour flush - to pit,0.0,Eurostat environmental database - ES13
Malta,MT,MLT,470,Rural,4,Flush and pour flush - to unknown place/ not sure/DK,0.0,Eurostat environmental database - ES13
Malta,MT,MLT,470,Rural,5,Flush and pour flush - to elsewhere,0.0,Eurostat environmental database - ES13
Malta,MT,MLT,470,Rural,6,Dry latrines - Ventilated Improved Pit latrine,0.0,Eurostat environmental database - ES13
Malta,MT,MLT,470,Rural,7,Dry latrines - Pit latrine with slab/covered latrine,0.0,Eurostat environmental database - ES13
Malta,MT,MLT,470,Rural,8,Dry latrines - Traditional latrine,0.0,Eurostat environmental database - ES13
Malta,MT,MLT,470,Rural,9,Dry latrines - Pit latrine without slab/open pit,0.0,Eurostat environmental database - ES13
Malta,MT,MLT,470,Rural,10,Dry latrines - Hanging toilet/hanging latrine,0.0,Eurostat environmental database - ES13
Malta,MT,MLT,470,Rural,11,Dry latrines - Bucket latrine,0.0,Eurostat environmental database - ES13
Malta,MT,MLT,470,Rural,12,Dry latrines - Other,0.0,Eurostat environmental database - ES13
Malta,MT,MLT,470,Rural,13,Composting toilets,0.0,Eurostat environmental database - ES13
Malta,MT,MLT,470,Rural,14,Other improved,0.0,Eurostat environmental database - ES13
Malta,MT,MLT,470,Rural,15,"No facility, bush, field",0.0,Eurostat environmental database - ES13
Malta,MT,MLT,470,Rural,16,Other unimproved,0.0,Eurostat environmental database - ES13
Malta,MT,MLT,470,Rural,17,DK/missing information,0.0,Eurostat environmental database - ES13
Malta,MT,MLT,470,National,1,Flush and pour flush - to piped sewer system,0.985,Eurostat environmental database - ES13
Malta,MT,MLT,470,National,2,Flush and pour flush - to septic tank,0.015,Eurostat environmental database - ES13
Malta,MT,MLT,470,National,3,Flush and pour flush - to pit,0.0,Eurostat environmental database - ES13
Malta,MT,MLT,470,National,4,Flush and pour flush - to unknown place/ not sure/DK,0.0,Eurostat environmental database - ES13
Malta,MT,MLT,470,National,5,Flush and pour flush - to elsewhere,0.0,Eurostat environmental database - ES13
Malta,MT,MLT,470,National,6,Dry latrines - Ventilated Improved Pit latrine,0.0,Eurostat environmental database - ES13
Malta,MT,MLT,470,National,7,Dry latrines - Pit latrine with slab/covered latrine,0.0,Eurostat environmental database - ES13
Malta,MT,MLT,470,National,8,Dry latrines - Traditional latrine,0.0,Eurostat environmental database - ES13
Malta,MT,MLT,470,National,9,Dry latrines - Pit latrine without slab/open pit,0.0,Eurostat environmental database - ES13
Malta,MT,MLT,470,National,10,Dry latrines - Hanging toilet/hanging latrine,0.0,Eurostat environmental database - ES13
Malta,MT,MLT,470,National,11,Dry latrines - Bucket latrine,0.0,Eurostat environmental database - ES13
Malta,MT,MLT,470,National,12,Dry latrines - Other,0.0,Eurostat environmental database - ES13
Malta,MT,MLT,470,National,13,Composting toilets,0.0,Eurostat environmental database - ES13
Malta,MT,MLT,470,National,14,Other improved,0.0,Eurostat environmental database - ES13
Malta,MT,MLT,470,National,15,"No facility, bush, field",0.0,Eurostat environmental database - ES13
Malta,MT,MLT,470,National,16,Other unimproved,0.0,Eurostat environmental database - ES13
Malta,MT,MLT,470,National,17,DK/missing information,0.0,Eurostat environmental database - ES13
Malta,MT,MLT,470,Urban,1,Flush and pour flush - to piped sewer system,0.0,Eurostat environmental database - ES14
Malta,MT,MLT,470,Urban,2,Flush and pour flush - to septic tank,0.0,Eurostat environmental database - ES14
Malta,MT,MLT,470,Urban,3,Flush and pour flush - to pit,0.0,Eurostat environmental database - ES14
Malta,MT,MLT,470,Urban,4,Flush and pour flush - to unknown place/ not sure/DK,0.0,Eurostat environmental database - ES14
Malta,MT,MLT,470,Urban,5,Flush and pour flush - to elsewhere,0.0,Eurostat environmental database - ES14
Malta,MT,MLT,470,Urban,6,Dry latrines - Ventilated Improved Pit latrine,0.0,Eurostat environmental database - ES14
Malta,MT,MLT,470,Urban,7,Dry latrines - Pit latrine with slab/covered latrine,0.0,Eurostat environmental database - ES14
Malta,MT,MLT,470,Urban,8,Dry latrines - Traditional latrine,0.0,Eurostat environmental database - ES14
Malta,MT,MLT,470,Urban,9,Dry latrines - Pit latrine without slab/open pit,0.0,Eurostat environmental database - ES14
Malta,MT,MLT,470,Urban,10,Dry latrines - Hanging toilet/hanging latrine,0.0,Eurostat environmental database - ES14
Malta,MT,MLT,470,Urban,11,Dry latrines - Bucket latrine,0.0,Eurostat environmental database - ES14
Malta,MT,MLT,470,Urban,12,Dry latrines - Other,0.0,Eurostat environmental database - ES14
Malta,MT,MLT,470,Urban,13,Composting toilets,0.0,Eurostat environmental database - ES14
Malta,MT,MLT,470,Urban,14,Other improved,0.0,Eurostat environmental database - ES14
Malta,MT,MLT,470,Urban,15,"No facility, bush, field",0.0,Eurostat environmental database - ES14
Malta,MT,MLT,470,Urban,16,Other unimproved,0.0,Eurostat environmental database - ES14
Malta,MT,MLT,470,Urban,17,DK/missing information,0.0,Eurostat environmental database - ES14
Malta,MT,MLT,470,Rural,1,Flush and pour flush - to piped sewer system,0.0,Eurostat environmental database - ES14
Malta,MT,MLT,470,Rural,2,Flush and pour flush - to septic tank,0.0,Eurostat environmental database - ES14
Malta,MT,MLT,470,Rural,3,Flush and pour flush - to pit,0.0,Eurostat environmental database - ES14
Malta,MT,MLT,470,Rural,4,Flush and pour flush - to unknown place/ not sure/DK,0.0,Eurostat environmental database - ES14
Malta,MT,MLT,470,Rural,5,Flush and pour flush - to elsewhere,0.0,Eurostat environmental database - ES14
Malta,MT,MLT,470,Rural,6,Dry latrines - Ventilated Improved Pit latrine,0.0,Eurostat environmental database - ES14
Malta,MT,MLT,470,Rural,7,Dry latrines - Pit latrine with slab/covered latrine,0.0,Eurostat environmental database - ES14
Malta,MT,MLT,470,Rural,8,Dry latrines - Traditional latrine,0.0,Eurostat environmental database - ES14
Malta,MT,MLT,470,Rural,9,Dry latrines - Pit latrine without slab/open pit,0.0,Eurostat environmental database - ES14
Malta,MT,MLT,470,Rural,10,Dry latrines - Hanging toilet/hanging latrine,0.0,Eurostat environmental database - ES14
Malta,MT,MLT,470,Rural,11,Dry latrines - Bucket latrine,0.0,Eurostat environmental database - ES14
Malta,MT,MLT,470,Rural,12,Dry latrines - Other,0.0,Eurostat environmental database - ES14
Malta,MT,MLT,470,Rural,13,Composting toilets,0.0,Eurostat environmental database - ES14
Malta,MT,MLT,470,Rural,14,Other improved,0.0,Eurostat environmental database - ES14
Malta,MT,MLT,470,Rural,15,"No facility, bush, field",0.0,Eurostat environmental database - ES14
Malta,MT,MLT,470,Rural,16,Other unimproved,0.0,Eurostat environmental database - ES14
Malta,MT,MLT,470,Rural,17,DK/missing information,0.0,Eurostat environmental database - ES14
Malta,MT,MLT,470,National,1,Flush and pour flush - to piped sewer system,0.985,Eurostat environmental database - ES14
Malta,MT,MLT,470,National,2,Flush and pour flush - to septic tank,0.015,Eurostat environmental database - ES14
Malta,MT,MLT,470,National,3,Flush and pour flush - to pit,0.0,Eurostat environmental database - ES14
Malta,MT,MLT,470,National,4,Flush and pour flush - to unknown place/ not sure/DK,0.0,Eurostat environmental database - ES14
Malta,MT,MLT,470,National,5,Flush and pour flush - to elsewhere,0.0,Eurostat environmental database - ES14
Malta,MT,MLT,470,National,6,Dry latrines - Ventilated Improved Pit latrine,0.0,Eurostat environmental database - ES14
Malta,MT,MLT,470,National,7,Dry latrines - Pit latrine with slab/covered latrine,0.0,Eurostat environmental database - ES14
Malta,MT,MLT,470,National,8,Dry latrines - Traditional latrine,0.0,Eurostat environmental database - ES14
Malta,MT,MLT,470,National,9,Dry latrines - Pit latrine without slab/open pit,0.0,Eurostat environmental database - ES14
Malta,MT,MLT,470,National,10,Dry latrines - Hanging toilet/hanging latrine,0.0,Eurostat environmental database - ES14
Malta,MT,MLT,470,National,11,Dry latrines - Bucket latrine,0.0,Eurostat environmental database - ES14
Malta,MT,MLT,470,National,12,Dry latrines - Other,0.0,Eurostat environmental database - ES14
Malta,MT,MLT,470,National,13,Composting toilets,0.0,Eurostat environmental database - ES14
Malta,MT,MLT,470,National,14,Other improved,0.0,Eurostat environmental database - ES14
Malta,MT,MLT,470,National,15,"No facility, bush, field",0.0,Eurostat environmental database - ES14
Malta,MT,MLT,470,National,16,Other unimproved,0.0,Eurostat environmental database - ES14
Malta,MT,MLT,470,National,17,DK/missing information,0.0,Eurostat environmental database - ES14
Malta,MT,MLT,470,Urban,1,Flush and pour flush - to piped sewer system,0.0,Eurostat environmental database - ES15
Malta,MT,MLT,470,Urban,2,Flush and pour flush - to septic tank,0.0,Eurostat environmental database - ES15
Malta,MT,MLT,470,Urban,3,Flush and pour flush - to pit,0.0,Eurostat environmental database - ES15
Malta,MT,MLT,470,Urban,4,Flush and pour flush - to unknown place/ not sure/DK,0.0,Eurostat environmental database - ES15
Malta,MT,MLT,470,Urban,5,Flush and pour flush - to elsewhere,0.0,Eurostat environmental database - ES15
Malta,MT,MLT,470,Urban,6,Dry latrines - Ventilated Improved Pit latrine,0.0,Eurostat environmental database - ES15
Malta,MT,MLT,470,Urban,7,Dry latrines - Pit latrine with slab/covered latrine,0.0,Eurostat environmental database - ES15
Malta,MT,MLT,470,Urban,8,Dry latrines - Traditional latrine,0.0,Eurostat environmental database - ES15
Malta,MT,MLT,470,Urban,9,Dry latrines - Pit latrine without slab/open pit,0.0,Eurostat environmental database - ES15
Malta,MT,MLT,470,Urban,10,Dry latrines - Hanging toilet/hanging latrine,0.0,Eurostat environmental database - ES15
Malta,MT,MLT,470,Urban,11,Dry latrines - Bucket latrine,0.0,Eurostat environmental database - ES15
Malta,MT,MLT,470,Urban,12,Dry latrines - Other,0.0,Eurostat environmental database - ES15
Malta,MT,MLT,470,Urban,13,Composting toilets,0.0,Eurostat environmental database - ES15
Malta,MT,MLT,470,Urban,14,Other improved,0.0,Eurostat environmental database - ES15
Malta,MT,MLT,470,Urban,15,"No facility, bush, field",0.0,Eurostat environmental database - ES15
Malta,MT,MLT,470,Urban,16,Other unimproved,0.0,Eurostat environmental database - ES15
Malta,MT,MLT,470,Urban,17,DK/missing information,0.0,Eurostat environmental database - ES15
Malta,MT,MLT,470,Rural,1,Flush and pour flush - to piped sewer system,0.0,Eurostat environmental database - ES15
Malta,MT,MLT,470,Rural,2,Flush and pour flush - to septic tank,0.0,Eurostat environmental database - ES15
Malta,MT,MLT,470,Rural,3,Flush and pour flush - to pit,0.0,Eurostat environmental database - ES15
Malta,MT,MLT,470,Rural,4,Flush and pour flush - to unknown place/ not sure/DK,0.0,Eurostat environmental database - ES15
Malta,MT,MLT,470,Rural,5,Flush and pour flush - to elsewhere,0.0,Eurostat environmental database - ES15
Malta,MT,MLT,470,Rural,6,Dry latrines - Ventilated Improved Pit latrine,0.0,Eurostat environmental database - ES15
Malta,MT,MLT,470,Rural,7,Dry latrines - Pit latrine with slab/covered latrine,0.0,Eurostat environmental database - ES15
Malta,MT,MLT,470,Rural,8,Dry latrines - Traditional latrine,0.0,Eurostat environmental database - ES15
Malta,MT,MLT,470,Rural,9,Dry latrines - Pit latrine without slab/open pit,0.0,Eurostat environmental database - ES15
Malta,MT,MLT,470,Rural,10,Dry latrines - Hanging toilet/hanging latrine,0.0,Eurostat environmental database - ES15
Malta,MT,MLT,470,Rural,11,Dry latrines - Bucket latrine,0.0,Eurostat environmental database - ES15
Malta,MT,MLT,470,Rural,12,Dry latrines - Other,0.0,Eurostat environmental database - ES15
Malta,MT,MLT,470,Rural,13,Composting toilets,0.0,Eurostat environmental database - ES15
Malta,MT,MLT,470,Rural,14,Other improved,0.0,Eurostat environmental database - ES15
Malta,MT,MLT,470,Rural,15,"No facility, bush, field",0.0,Eurostat environmental database - ES15
Malta,MT,MLT,470,Rural,16,Other unimproved,0.0,Eurostat environmental database - ES15
Malta,MT,MLT,470,Rural,17,DK/missing information,0.0,Eurostat environmental database - ES15
Malta,MT,MLT,470,National,1,Flush and pour flush - to piped sewer system,0.985,Eurostat environmental database - ES15
Malta,MT,MLT,470,National,2,Flush and pour flush - to septic tank,0.015,Eurostat environmental database - ES15
Malta,MT,MLT,470,National,3,Flush and pour flush - to pit,0.0,Eurostat environmental database - ES15
Malta,MT,MLT,470,National,4,Flush and pour flush - to unknown place/ not sure/DK,0.0,Eurostat environmental database - ES15
Malta,MT,MLT,470,National,5,Flush and pour flush - to elsewhere,0.0,Eurostat environmental database - ES15
Malta,MT,MLT,470,National,6,Dry latrines - Ventilated Improved Pit latrine,0.0,Eurostat environmental database - ES15
Malta,MT,MLT,470,National,7,Dry latrines - Pit latrine with slab/covered latrine,0.0,Eurostat environmental database - ES15
Malta,MT,MLT,470,National,8,Dry latrines - Traditional latrine,0.0,Eurostat environmental database - ES15
Malta,MT,MLT,470,National,9,Dry latrines - Pit latrine without slab/open pit,0.0,Eurostat environmental database - ES15
Malta,MT,MLT,470,National,10,Dry latrines - Hanging toilet/hanging latrine,0.0,Eurostat environmental database - ES15
Malta,MT,MLT,470,National,11,Dry latrines - Bucket latrine,0.0,Eurostat environmental database - ES15
Malta,MT,MLT,470,National,12,Dry latrines - Other,0.0,Eurostat environmental database - ES15
Malta,MT,MLT,470,National,13,Composting toilets,0.0,Eurostat environmental database - ES15
Malta,MT,MLT,470,National,14,Other improved,0.0,Eurostat environmental database - ES15
Malta,MT,MLT,470,National,15,"No facility, bush, field",0.0,Eurostat environmental database - ES15
Malta,MT,MLT,470,National,16,Other unimproved,0.0,Eurostat environmental database - ES15
Malta,MT,MLT,470,National,17,DK/missing information,0.0,Eurostat environmental database - ES15
Malta,MT,MLT,470,Urban,1,Flush and pour flush - to piped sewer system,1.0,Eurostat environmental database - ES00
Malta,MT,MLT,470,Urban,2,Flush and pour flush - to septic tank,0.0,Eurostat environmental database - ES00
Malta,MT,MLT,470,Urban,3,Flush and pour flush - to pit,0.0,Eurostat environmental database - ES00
Malta,MT,MLT,470,Urban,4,Flush and pour flush - to unknown place/ not sure/DK,0.0,Eurostat environmental database - ES00
Malta,MT,MLT,470,Urban,5,Flush and pour flush - to elsewhere,0.0,Eurostat environmental database - ES00
Malta,MT,MLT,470,Urban,6,Dry latrines - Ventilated Improved Pit latrine,0.0,Eurostat environmental database - ES00
Malta,MT,MLT,470,Urban,7,Dry latrines - Pit latrine with slab/covered latrine,0.0,Eurostat environmental database - ES00
Malta,MT,MLT,470,Urban,8,Dry latrines - Traditional latrine,0.0,Eurostat environmental database - ES00
Malta,MT,MLT,470,Urban,9,Dry latrines - Pit latrine without slab/open pit,0.0,Eurostat environmental database - ES00
Malta,MT,MLT,470,Urban,10,Dry latrines - Hanging toilet/hanging latrine,0.0,Eurostat environmental database - ES00
Malta,MT,MLT,470,Urban,11,Dry latrines - Bucket latrine,0.0,Eurostat environmental database - ES00
Malta,MT,MLT,470,Urban,12,Dry latrines - Other,0.0,Eurostat environmental database - ES00
Malta,MT,MLT,470,Urban,13,Composting toilets,0.0,Eurostat environmental database - ES00
Malta,MT,MLT,470,Urban,14,Other improved,0.0,Eurostat environmental database - ES00
Malta,MT,MLT,470,Urban,15,"No facility, bush, field",0.0,Eurostat environmental database - ES00
Malta,MT,MLT,470,Urban,16,Other unimproved,0.0,Eurostat environmental database - ES00
Malta,MT,MLT,470,Urban,17,DK/missing information,0.0,Eurostat environmental database - ES00
Malta,MT,MLT,470,Rural,1,Flush and pour flush - to piped sewer system,1.0,Eurostat environmental database - ES00
Malta,MT,MLT,470,Rural,2,Flush and pour flush - to septic tank,0.0,Eurostat environmental database - ES00
Malta,MT,MLT,470,Rural,3,Flush and pour flush - to pit,0.0,Eurostat environmental database - ES00
Malta,MT,MLT,470,Rural,4,Flush and pour flush - to unknown place/ not sure/DK,0.0,Eurostat environmental database - ES00
Malta,MT,MLT,470,Rural,5,Flush and pour flush - to elsewhere,0.0,Eurostat environmental database - ES00
Malta,MT,MLT,470,Rural,6,Dry latrines - Ventilated Improved Pit latrine,0.0,Eurostat environmental database - ES00
Malta,MT,MLT,470,Rural,7,Dry latrines - Pit latrine with slab/covered latrine,0.0,Eurostat environmental database - ES00
Malta,MT,MLT,470,Rural,8,Dry latrines - Traditional latrine,0.0,Eurostat environmental database - ES00
Malta,MT,MLT,470,Rural,9,Dry latrines - Pit latrine without slab/open pit,0.0,Eurostat environmental database - ES00
Malta,MT,MLT,470,Rural,10,Dry latrines - Hanging toilet/hanging latrine,0.0,Eurostat environmental database - ES00
Malta,MT,MLT,470,Rural,11,Dry latrines - Bucket latrine,0.0,Eurostat environmental database - ES00
Malta,MT,MLT,470,Rural,12,Dry latrines - Other,0.0,Eurostat environmental database - ES00
Malta,MT,MLT,470,Rural,13,Composting toilets,0.0,Eurostat environmental database - ES00
Malta,MT,MLT,470,Rural,14,Other improved,0.0,Eurostat environmental database - ES00
Malta,MT,MLT,470,Rural,15,"No facility, bush, field",0.0,Eurostat environmental database - ES00
Malta,MT,MLT,470,Rural,16,Other unimproved,0.0,Eurostat environmental database - ES00
Malta,MT,MLT,470,Rural,17,DK/missing information,0.0,Eurostat environmental database - ES00
Malta,MT,MLT,470,National,1,Flush and pour flush - to piped sewer system,1.0,Eurostat environmental database - ES00
Malta,MT,MLT,470,National,2,Flush and pour flush - to septic tank,0.0,Eurostat environmental database - ES00
Malta,MT,MLT,470,National,3,Flush and pour flush - to pit,0.0,Eurostat environmental database - ES00
Malta,MT,MLT,470,National,4,Flush and pour flush - to unknown place/ not sure/DK,0.0,Eurostat environmental database - ES00
Malta,MT,MLT,470,National,5,Flush and pour flush - to elsewhere,0.0,Eurostat environmental database - ES00
Malta,MT,MLT,470,National,6,Dry latrines - Ventilated Improved Pit latrine,0.0,Eurostat environmental database - ES00
Malta,MT,MLT,470,National,7,Dry latrines - Pit latrine with slab/covered latrine,0.0,Eurostat environmental database - ES00
Malta,MT,MLT,470,National,8,Dry latrines - Traditional latrine,0.0,Eurostat environmental database - ES00
Malta,MT,MLT,470,National,9,Dry latrines - Pit latrine without slab/open pit,0.0,Eurostat environmental database - ES00
Malta,MT,MLT,470,National,10,Dry latrines - Hanging toilet/hanging latrine,0.0,Eurostat environmental database - ES00
Malta,MT,MLT,470,National,11,Dry latrines - Bucket latrine,0.0,Eurostat environmental database - ES00
Malta,MT,MLT,470,National,12,Dry latrines - Other,0.0,Eurostat environmental database - ES00
Malta,MT,MLT,470,National,13,Composting toilets,0.0,Eurostat environmental database - ES00
Malta,MT,MLT,470,National,14,Other improved,0.0,Eurostat environmental database - ES00
Malta,MT,MLT,470,National,15,"No facility, bush, field",0.0,Eurostat environmental database - ES00
Malta,MT,MLT,470,National,16,Other unimproved,0.0,Eurostat environmental database - ES00
Malta,MT,MLT,470,National,17,DK/missing information,0.0,Eurostat environmental database - ES00
Malta,MT,MLT,470,Urban,1,Flush and pour flush - to piped sewer system,1.0,Eurostat environmental database - ES01
Malta,MT,MLT,470,Urban,2,Flush and pour flush - to septic tank,0.0,Eurostat environmental database - ES01
Malta,MT,MLT,470,Urban,3,Flush and pour flush - to pit,0.0,Eurostat environmental database - ES01
Malta,MT,MLT,470,Urban,4,Flush and pour flush - to unknown place/ not sure/DK,0.0,Eurostat environmental database - ES01
Malta,MT,MLT,470,Urban,5,Flush and pour flush - to elsewhere,0.0,Eurostat environmental database - ES01
Malta,MT,MLT,470,Urban,6,Dry latrines - Ventilated Improved Pit latrine,0.0,Eurostat environmental database - ES01
Malta,MT,MLT,470,Urban,7,Dry latrines - Pit latrine with slab/covered latrine,0.0,Eurostat environmental database - ES01
Malta,MT,MLT,470,Urban,8,Dry latrines - Traditional latrine,0.0,Eurostat environmental database - ES01
Malta,MT,MLT,470,Urban,9,Dry latrines - Pit latrine without slab/open pit,0.0,Eurostat environmental database - ES01
Malta,MT,MLT,470,Urban,10,Dry latrines - Hanging toilet/hanging latrine,0.0,Eurostat environmental database - ES01
Malta,MT,MLT,470,Urban,11,Dry latrines - Bucket latrine,0.0,Eurostat environmental database - ES01
Malta,MT,MLT,470,Urban,12,Dry latrines - Other,0.0,Eurostat environmental database - ES01
Malta,MT,MLT,470,Urban,13,Composting toilets,0.0,Eurostat environmental database - ES01
Malta,MT,MLT,470,Urban,14,Other improved,0.0,Eurostat environmental database - ES01
Malta,MT,MLT,470,Urban,15,"No facility, bush, field",0.0,Eurostat environmental database - ES01
Malta,MT,MLT,470,Urban,16,Other unimproved,0.0,Eurostat environmental database - ES01
Malta,MT,MLT,470,Urban,17,DK/missing information,0.0,Eurostat environmental database - ES01
Malta,MT,MLT,470,Rural,1,Flush and pour flush - to piped sewer system,1.0,Eurostat environmental database - ES01
Malta,MT,MLT,470,Rural,2,Flush and pour flush - to septic tank,0.0,Eurostat environmental database - ES01
Malta,MT,MLT,470,Rural,3,Flush and pour flush - to pit,0.0,Eurostat environmental database - ES01
Malta,MT,MLT,470,Rural,4,Flush and pour flush - to unknown place/ not sure/DK,0.0,Eurostat environmental database - ES01
Malta,MT,MLT,470,Rural,5,Flush and pour flush - to elsewhere,0.0,Eurostat environmental database - ES01
Malta,MT,MLT,470,Rural,6,Dry latrines - Ventilated Improved Pit latrine,0.0,Eurostat environmental database - ES01
Malta,MT,MLT,470,Rural,7,Dry latrines - Pit latrine with slab/covered latrine,0.0,Eurostat environmental database - ES01
Malta,MT,MLT,470,Rural,8,Dry latrines - Traditional latrine,0.0,Eurostat environmental database - ES01
Malta,MT,MLT,470,Rural,9,Dry latrines - Pit latrine without slab/open pit,0.0,Eurostat environmental database - ES01
Malta,MT,MLT,470,Rural,10,Dry latrines - Hanging toilet/hanging latrine,0.0,Eurostat environmental database - ES01
Malta,MT,MLT,470,Rural,11,Dry latrines - Bucket latrine,0.0,Eurostat environmental database - ES01
Malta,MT,MLT,470,Rural,12,Dry latrines - Other,0.0,Eurostat environmental database - ES01
Malta,MT,MLT,470,Rural,13,Composting toilets,0.0,Eurostat environmental database - ES01
Malta,MT,MLT,470,Rural,14,Other improved,0.0,Eurostat environmental database - ES01
Malta,MT,MLT,470,Rural,15,"No facility, bush, field",0.0,Eurostat environmental database - ES01
Malta,MT,MLT,470,Rural,16,Other unimproved,0.0,Eurostat environmental database - ES01
Malta,MT,MLT,470,Rural,17,DK/missing information,0.0,Eurostat environmental database - ES01
Malta,MT,MLT,470,National,1,Flush and pour flush - to piped sewer system,1.0,Eurostat environmental database - ES01
Malta,MT,MLT,470,National,2,Flush and pour flush - to septic tank,0.0,Eurostat environmental database - ES01
Malta,MT,MLT,470,National,3,Flush and pour flush - to pit,0.0,Eurostat environmental database - ES01
Malta,MT,MLT,470,National,4,Flush and pour flush - to unknown place/ not sure/DK,0.0,Eurostat environmental database - ES01
Malta,MT,MLT,470,National,5,Flush and pour flush - to elsewhere,0.0,Eurostat environmental database - ES01
Malta,MT,MLT,470,National,6,Dry latrines - Ventilated Improved Pit latrine,0.0,Eurostat environmental database - ES01
Malta,MT,MLT,470,National,7,Dry latrines - Pit latrine with slab/covered latrine,0.0,Eurostat environmental database - ES01
Malta,MT,MLT,470,National,8,Dry latrines - Traditional latrine,0.0,Eurostat environmental database - ES01
Malta,MT,MLT,470,National,9,Dry latrines - Pit latrine without slab/open pit,0.0,Eurostat environmental database - ES01
Malta,MT,MLT,470,National,10,Dry latrines - Hanging toilet/hanging latrine,0.0,Eurostat environmental database - ES01
Malta,MT,MLT,470,National,11,Dry latrines - Bucket latrine,0.0,Eurostat environmental database - ES01
Malta,MT,MLT,470,National,12,Dry latrines - Other,0.0,Eurostat environmental database - ES01
Malta,MT,MLT,470,National,13,Composting toilets,0.0,Eurostat environmental database - ES01
Malta,MT,MLT,470,National,14,Other improved,0.0,Eurostat environmental database - ES01
Malta,MT,MLT,470,National,15,"No facility, bush, field",0.0,Eurostat environmental database - ES01
Malta,MT,MLT,470,National,16,Other unimproved,0.0,Eurostat environmental database - ES01
Malta,MT,MLT,470,National,17,DK/missing information,0.0,Eurostat environmental database - ES01
Malta,MT,MLT,470,Urban,1,Flush and pour flush - to piped sewer system,1.0,Eurostat environmental database - ES02
Malta,MT,MLT,470,Urban,2,Flush and pour flush - to septic tank,0.0,Eurostat environmental database - ES02
Malta,MT,MLT,470,Urban,3,Flush and pour flush - to pit,0.0,Eurostat environmental database - ES02
Malta,MT,MLT,470,Urban,4,Flush and pour flush - to unknown place/ not sure/DK,0.0,Eurostat environmental database - ES02
Malta,MT,MLT,470,Urban,5,Flush and pour flush - to elsewhere,0.0,Eurostat environmental database - ES02
Malta,MT,MLT,470,Urban,6,Dry latrines - Ventilated Improved Pit latrine,0.0,Eurostat environmental database - ES02
Malta,MT,MLT,470,Urban,7,Dry latrines - Pit latrine with slab/covered latrine,0.0,Eurostat environmental database - ES02
Malta,MT,MLT,470,Urban,8,Dry latrines - Traditional latrine,0.0,Eurostat environmental database - ES02
Malta,MT,MLT,470,Urban,9,Dry latrines - Pit latrine without slab/open pit,0.0,Eurostat environmental database - ES02
Malta,MT,MLT,470,Urban,10,Dry latrines - Hanging toilet/hanging latrine,0.0,Eurostat environmental database - ES02
Malta,MT,MLT,470,Urban,11,Dry latrines - Bucket latrine,0.0,Eurostat environmental database - ES02
Malta,MT,MLT,470,Urban,12,Dry latrines - Other,0.0,Eurostat environmental database - ES02
Malta,MT,MLT,470,Urban,13,Composting toilets,0.0,Eurostat environmental database - ES02
Malta,MT,MLT,470,Urban,14,Other improved,0.0,Eurostat environmental database - ES02
Malta,MT,MLT,470,Urban,15,"No facility, bush, field",0.0,Eurostat environmental database - ES02
Malta,MT,MLT,470,Urban,16,Other unimproved,0.0,Eurostat environmental database - ES02
Malta,MT,MLT,470,Urban,17,DK/missing information,0.0,Eurostat environmental database - ES02
Malta,MT,MLT,470,Rural,1,Flush and pour flush - to piped sewer system,1.0,Eurostat environmental database - ES02
Malta,MT,MLT,470,Rural,2,Flush and pour flush - to septic tank,0.0,Eurostat environmental database - ES02
Malta,MT,MLT,470,Rural,3,Flush and pour flush - to pit,0.0,Eurostat environmental database - ES02
Malta,MT,MLT,470,Rural,4,Flush and pour flush - to unknown place/ not sure/DK,0.0,Eurostat environmental database - ES02
Malta,MT,MLT,470,Rural,5,Flush and pour flush - to elsewhere,0.0,Eurostat environmental database - ES02
Malta,MT,MLT,470,Rural,6,Dry latrines - Ventilated Improved Pit latrine,0.0,Eurostat environmental database - ES02
Malta,MT,MLT,470,Rural,7,Dry latrines - Pit latrine with slab/covered latrine,0.0,Eurostat environmental database - ES02
Malta,MT,MLT,470,Rural,8,Dry latrines - Traditional latrine,0.0,Eurostat environmental database - ES02
Malta,MT,MLT,470,Rural,9,Dry latrines - Pit latrine without slab/open pit,0.0,Eurostat environmental database - ES02
Malta,MT,MLT,470,Rural,10,Dry latrines - Hanging toilet/hanging latrine,0.0,Eurostat environmental database - ES02
Malta,MT,MLT,470,Rural,11,Dry latrines - Bucket latrine,0.0,Eurostat environmental database - ES02
Malta,MT,MLT,470,Rural,12,Dry latrines - Other,0.0,Eurostat environmental database - ES02
Malta,MT,MLT,470,Rural,13,Composting toilets,0.0,Eurostat environmental database - ES02
Malta,MT,MLT,470,Rural,14,Other improved,0.0,Eurostat environmental database - ES02
Malta,MT,MLT,470,Rural,15,"No facility, bush, field",0.0,Eurostat environmental database - ES02
Malta,MT,MLT,470,Rural,16,Other unimproved,0.0,Eurostat environmental database - ES02
Malta,MT,MLT,470,Rural,17,DK/missing information,0.0,Eurostat environmental database - ES02
Malta,MT,MLT,470,National,1,Flush and pour flush - to piped sewer system,1.0,Eurostat environmental database - ES02
Malta,MT,MLT,470,National,2,Flush and pour flush - to septic tank,0.0,Eurostat environmental database - ES02
Malta,MT,MLT,470,National,3,Flush and pour flush - to pit,0.0,Eurostat environmental database - ES02
Malta,MT,MLT,470,National,4,Flush and pour flush - to unknown place/ not sure/DK,0.0,Eurostat environmental database - ES02
Malta,MT,MLT,470,National,5,Flush and pour flush - to elsewhere,0.0,Eurostat environmental database - ES02
Malta,MT,MLT,470,National,6,Dry latrines - Ventilated Improved Pit latrine,0.0,Eurostat environmental database - ES02
Malta,MT,MLT,470,National,7,Dry latrines - Pit latrine with slab/covered latrine,0.0,Eurostat environmental database - ES02
Malta,MT,MLT,470,National,8,Dry latrines - Traditional latrine,0.0,Eurostat environmental database - ES02
Malta,MT,MLT,470,National,9,Dry latrines - Pit latrine without slab/open pit,0.0,Eurostat environmental database - ES02
Malta,MT,MLT,470,National,10,Dry latrines - Hanging toilet/hanging latrine,0.0,Eurostat environmental database - ES02
Malta,MT,MLT,470,National,11,Dry latrines - Bucket latrine,0.0,Eurostat environmental database - ES02
Malta,MT,MLT,470,National,12,Dry latrines - Other,0.0,Eurostat environmental database - ES02
Malta,MT,MLT,470,National,13,Composting toilets,0.0,Eurostat environmental database - ES02
Malta,MT,MLT,470,National,14,Other improved,0.0,Eurostat environmental database - ES02
Malta,MT,MLT,470,National,15,"No facility, bush, field",0.0,Eurostat environmental database - ES02
Malta,MT,MLT,470,National,16,Other unimproved,0.0,Eurostat environmental database - ES02
Malta,MT,MLT,470,National,17,DK/missing information,0.0,Eurostat environmental database - ES02
Malta,MT,MLT,470,Urban,1,Flush and pour flush - to piped sewer system,1.0,Eurostat environmental database - ES03
Malta,MT,MLT,470,Urban,2,Flush and pour flush - to septic tank,0.0,Eurostat environmental database - ES03
Malta,MT,MLT,470,Urban,3,Flush and pour flush - to pit,0.0,Eurostat environmental database - ES03
Malta,MT,MLT,470,Urban,4,Flush and pour flush - to unknown place/ not sure/DK,0.0,Eurostat environmental database - ES03
Malta,MT,MLT,470,Urban,5,Flush and pour flush - to elsewhere,0.0,Eurostat environmental database - ES03
Malta,MT,MLT,470,Urban,6,Dry latrines - Ventilated Improved Pit latrine,0.0,Eurostat environmental database - ES03
Malta,MT,MLT,470,Urban,7,Dry latrines - Pit latrine with slab/covered latrine,0.0,Eurostat environmental database - ES03
Malta,MT,MLT,470,Urban,8,Dry latrines - Traditional latrine,0.0,Eurostat environmental database - ES03
Malta,MT,MLT,470,Urban,9,Dry latrines - Pit latrine without slab/open pit,0.0,Eurostat environmental database - ES03
Malta,MT,MLT,470,Urban,10,Dry latrines - Hanging toilet/hanging latrine,0.0,Eurostat environmental database - ES03
Malta,MT,MLT,470,Urban,11,Dry latrines - Bucket latrine,0.0,Eurostat environmental database - ES03
Malta,MT,MLT,470,Urban,12,Dry latrines - Other,0.0,Eurostat environmental database - ES03
Malta,MT,MLT,470,Urban,13,Composting toilets,0.0,Eurostat environmental database - ES03
Malta,MT,MLT,470,Urban,14,Other improved,0.0,Eurostat environmental database - ES03
Malta,MT,MLT,470,Urban,15,"No facility, bush, field",0.0,Eurostat environmental database - ES03
Malta,MT,MLT,470,Urban,16,Other unimproved,0.0,Eurostat environmental database - ES03
Malta,MT,MLT,470,Urban,17,DK/missing information,0.0,Eurostat environmental database - ES03
Malta,MT,MLT,470,Rural,1,Flush and pour flush - to piped sewer system,1.0,Eurostat environmental database - ES03
Malta,MT,MLT,470,Rural,2,Flush and pour flush - to septic tank,0.0,Eurostat environmental database - ES03
Malta,MT,MLT,470,Rural,3,Flush and pour flush - to pit,0.0,Eurostat environmental database - ES03
Malta,MT,MLT,470,Rural,4,Flush and pour flush - to unknown place/ not sure/DK,0.0,Eurostat environmental database - ES03
Malta,MT,MLT,470,Rural,5,Flush and pour flush - to elsewhere,0.0,Eurostat environmental database - ES03
Malta,MT,MLT,470,Rural,6,Dry latrines - Ventilated Improved Pit latrine,0.0,Eurostat environmental database - ES03
Malta,MT,MLT,470,Rural,7,Dry latrines - Pit latrine with slab/covered latrine,0.0,Eurostat environmental database - ES03
Malta,MT,MLT,470,Rural,8,Dry latrines - Traditional latrine,0.0,Eurostat environmental database - ES03
Malta,MT,MLT,470,Rural,9,Dry latrines - Pit latrine without slab/open pit,0.0,Eurostat environmental database - ES03
Malta,MT,MLT,470,Rural,10,Dry latrines - Hanging toilet/hanging latrine,0.0,Eurostat environmental database - ES03
Malta,MT,MLT,470,Rural,11,Dry latrines - Bucket latrine,0.0,Eurostat environmental database - ES03
Malta,MT,MLT,470,Rural,12,Dry latrines - Other,0.0,Eurostat environmental database - ES03
Malta,MT,MLT,470,Rural,13,Composting toilets,0.0,Eurostat environmental database - ES03
Malta,MT,MLT,470,Rural,14,Other improved,0.0,Eurostat environmental database - ES03
Malta,MT,MLT,470,Rural,15,"No facility, bush, field",0.0,Eurostat environmental database - ES03
Malta,MT,MLT,470,Rural,16,Other unimproved,0.0,Eurostat environmental database - ES03
Malta,MT,MLT,470,Rural,17,DK/missing information,0.0,Eurostat environmental database - ES03
Malta,MT,MLT,470,National,1,Flush and pour flush - to piped sewer system,1.0,Eurostat environmental database - ES03
Malta,MT,MLT,470,National,2,Flush and pour flush - to septic tank,0.0,Eurostat environmental database - ES03
Malta,MT,MLT,470,National,3,Flush and pour flush - to pit,0.0,Eurostat environmental database - ES03
Malta,MT,MLT,470,National,4,Flush and pour flush - to unknown place/ not sure/DK,0.0,Eurostat environmental database - ES03
Malta,MT,MLT,470,National,5,Flush and pour flush - to elsewhere,0.0,Eurostat environmental database - ES03
Malta,MT,MLT,470,National,6,Dry latrines - Ventilated Improved Pit latrine,0.0,Eurostat environmental database - ES03
Malta,MT,MLT,470,National,7,Dry latrines - Pit latrine with slab/covered latrine,0.0,Eurostat environmental database - ES03
Malta,MT,MLT,470,National,8,Dry latrines - Traditional latrine,0.0,Eurostat environmental database - ES03
Malta,MT,MLT,470,National,9,Dry latrines - Pit latrine without slab/open pit,0.0,Eurostat environmental database - ES03
Malta,MT,MLT,470,National,10,Dry latrines - Hanging toilet/hanging latrine,0.0,Eurostat environmental database - ES03
Malta,MT,MLT,470,National,11,Dry latrines - Bucket latrine,0.0,Eurostat environmental database - ES03
Malta,MT,MLT,470,National,12,Dry latrines - Other,0.0,Eurostat environmental database - ES03
Malta,MT,MLT,470,National,13,Composting toilets,0.0,Eurostat environmental database - ES03
Malta,MT,MLT,470,National,14,Other improved,0.0,Eurostat environmental database - ES03
Malta,MT,MLT,470,National,15,"No facility, bush, field",0.0,Eurostat environmental database - ES03
Malta,MT,MLT,470,National,16,Other unimproved,0.0,Eurostat environmental database - ES03
Malta,MT,MLT,470,National,17,DK/missing information,0.0,Eurostat environmental database - ES03
Malta,MT,MLT,470,Urban,1,Flush and pour flush - to piped sewer system,1.0,Eurostat environmental database - ES04
Malta,MT,MLT,470,Urban,2,Flush and pour flush - to septic tank,0.0,Eurostat environmental database - ES04
Malta,MT,MLT,470,Urban,3,Flush and pour flush - to pit,0.0,Eurostat environmental database - ES04
Malta,MT,MLT,470,Urban,4,Flush and pour flush - to unknown place/ not sure/DK,0.0,Eurostat environmental database - ES04
Malta,MT,MLT,470,Urban,5,Flush and pour flush - to elsewhere,0.0,Eurostat environmental database - ES04
Malta,MT,MLT,470,Urban,6,Dry latrines - Ventilated Improved Pit latrine,0.0,Eurostat environmental database - ES04
Malta,MT,MLT,470,Urban,7,Dry latrines - Pit latrine with slab/covered latrine,0.0,Eurostat environmental database - ES04
Malta,MT,MLT,470,Urban,8,Dry latrines - Traditional latrine,0.0,Eurostat environmental database - ES04
Malta,MT,MLT,470,Urban,9,Dry latrines - Pit latrine without slab/open pit,0.0,Eurostat environmental database - ES04
Malta,MT,MLT,470,Urban,10,Dry latrines - Hanging toilet/hanging latrine,0.0,Eurostat environmental database - ES04
Malta,MT,MLT,470,Urban,11,Dry latrines - Bucket latrine,0.0,Eurostat environmental database - ES04
Malta,MT,MLT,470,Urban,12,Dry latrines - Other,0.0,Eurostat environmental database - ES04
Malta,MT,MLT,470,Urban,13,Composting toilets,0.0,Eurostat environmental database - ES04
Malta,MT,MLT,470,Urban,14,Other improved,0.0,Eurostat environmental database - ES04
Malta,MT,MLT,470,Urban,15,"No facility, bush, field",0.0,Eurostat environmental database - ES04
Malta,MT,MLT,470,Urban,16,Other unimproved,0.0,Eurostat environmental database - ES04
Malta,MT,MLT,470,Urban,17,DK/missing information,0.0,Eurostat environmental database - ES04
Malta,MT,MLT,470,Rural,1,Flush and pour flush - to piped sewer system,1.0,Eurostat environmental database - ES04
Malta,MT,MLT,470,Rural,2,Flush and pour flush - to septic tank,0.0,Eurostat environmental database - ES04
Malta,MT,MLT,470,Rural,3,Flush and pour flush - to pit,0.0,Eurostat environmental database - ES04
Malta,MT,MLT,470,Rural,4,Flush and pour flush - to unknown place/ not sure/DK,0.0,Eurostat environmental database - ES04
Malta,MT,MLT,470,Rural,5,Flush and pour flush - to elsewhere,0.0,Eurostat environmental database - ES04
Malta,MT,MLT,470,Rural,6,Dry latrines - Ventilated Improved Pit latrine,0.0,Eurostat environmental database - ES04
Malta,MT,MLT,470,Rural,7,Dry latrines - Pit latrine with slab/covered latrine,0.0,Eurostat environmental database - ES04
Malta,MT,MLT,470,Rural,8,Dry latrines - Traditional latrine,0.0,Eurostat environmental database - ES04
Malta,MT,MLT,470,Rural,9,Dry latrines - Pit latrine without slab/open pit,0.0,Eurostat environmental database - ES04
Malta,MT,MLT,470,Rural,10,Dry latrines - Hanging toilet/hanging latrine,0.0,Eurostat environmental database - ES04
Malta,MT,MLT,470,Rural,11,Dry latrines - Bucket latrine,0.0,Eurostat environmental database - ES04
Malta,MT,MLT,470,Rural,12,Dry latrines - Other,0.0,Eurostat environmental database - ES04
Malta,MT,MLT,470,Rural,13,Composting toilets,0.0,Eurostat environmental database - ES04
Malta,MT,MLT,470,Rural,14,Other improved,0.0,Eurostat environmental database - ES04
Malta,MT,MLT,470,Rural,15,"No facility, bush, field",0.0,Eurostat environmental database - ES04
Malta,MT,MLT,470,Rural,16,Other unimproved,0.0,Eurostat environmental database - ES04
Malta,MT,MLT,470,Rural,17,DK/missing information,0.0,Eurostat environmental database - ES04
Malta,MT,MLT,470,National,1,Flush and pour flush - to piped sewer system,1.0,Eurostat environmental database - ES04
Malta,MT,MLT,470,National,2,Flush and pour flush - to septic tank,0.0,Eurostat environmental database - ES04
Malta,MT,MLT,470,National,3,Flush and pour flush - to pit,0.0,Eurostat environmental database - ES04
Malta,MT,MLT,470,National,4,Flush and pour flush - to unknown place/ not sure/DK,0.0,Eurostat environmental database - ES04
Malta,MT,MLT,470,National,5,Flush and pour flush - to elsewhere,0.0,Eurostat environmental database - ES04
Malta,MT,MLT,470,National,6,Dry latrines - Ventilated Improved Pit latrine,0.0,Eurostat environmental database - ES04
Malta,MT,MLT,470,National,7,Dry latrines - Pit latrine with slab/covered latrine,0.0,Eurostat environmental database - ES04
Malta,MT,MLT,470,National,8,Dry latrines - Traditional latrine,0.0,Eurostat environmental database - ES04
Malta,MT,MLT,470,National,9,Dry latrines - Pit latrine without slab/open pit,0.0,Eurostat environmental database - ES04
Malta,MT,MLT,470,National,10,Dry latrines - Hanging toilet/hanging latrine,0.0,Eurostat environmental database - ES04
Malta,MT,MLT,470,National,11,Dry latrines - Bucket latrine,0.0,Eurostat environmental database - ES04
Malta,MT,MLT,470,National,12,Dry latrines - Other,0.0,Eurostat environmental database - ES04
Malta,MT,MLT,470,National,13,Composting toilets,0.0,Eurostat environmental database - ES04
Malta,MT,MLT,470,National,14,Other improved,0.0,Eurostat environmental database - ES04
Malta,MT,MLT,470,National,15,"No facility, bush, field",0.0,Eurostat environmental database - ES04
Malta,MT,MLT,470,National,16,Other unimproved,0.0,Eurostat environmental database - ES04
Malta,MT,MLT,470,National,17,DK/missing information,0.0,Eurostat environmental database - ES04
Malta,MT,MLT,470,Urban,1,Flush and pour flush - to piped sewer system,0.998,Eurostat SILC database - EUSILC13
Malta,MT,MLT,470,Urban,2,Flush and pour flush - to septic tank,0.0,Eurostat SILC database - EUSILC13
Malta,MT,MLT,470,Urban,3,Flush and pour flush - to pit,0.0,Eurostat SILC database - EUSILC13
Malta,MT,MLT,470,Urban,4,Flush and pour flush - to unknown place/ not sure/DK,0.0,Eurostat SILC database - EUSILC13
Malta,MT,MLT,470,Urban,5,Flush and pour flush - to elsewhere,0.0,Eurostat SILC database - EUSILC13
Malta,MT,MLT,470,Urban,6,Dry latrines - Ventilated Improved Pit latrine,0.0,Eurostat SILC database - EUSILC13
Malta,MT,MLT,470,Urban,7,Dry latrines - Pit latrine with slab/covered latrine,0.0,Eurostat SILC database - EUSILC13
Malta,MT,MLT,470,Urban,8,Dry latrines - Traditional latrine,0.0,Eurostat SILC database - EUSILC13
Malta,MT,MLT,470,Urban,9,Dry latrines - Pit latrine without slab/open pit,0.0,Eurostat SILC database - EUSILC13
Malta,MT,MLT,470,Urban,10,Dry latrines - Hanging toilet/hanging latrine,0.0,Eurostat SILC database - EUSILC13
Malta,MT,MLT,470,Urban,11,Dry latrines - Bucket latrine,0.0,Eurostat SILC database - EUSILC13
Malta,MT,MLT,470,Urban,12,Dry latrines - Other,0.0,Eurostat SILC database - EUSILC13
Malta,MT,MLT,470,Urban,13,Composting toilets,0.0,Eurostat SILC database - EUSILC13
Malta,MT,MLT,470,Urban,14,Other improved,0.0,Eurostat SILC database - EUSILC13
Malta,MT,MLT,470,Urban,15,"No facility, bush, field",0.0,Eurostat SILC database - EUSILC13
Malta,MT,MLT,470,Urban,16,Other unimproved,0.002,Eurostat SILC database - EUSILC13
Malta,MT,MLT,470,Urban,17,DK/missing information,0.0,Eurostat SILC database - EUSILC13
Malta,MT,MLT,470,Rural,1,Flush and pour flush - to piped sewer system,1.0,Eurostat SILC database - EUSILC13
Malta,MT,MLT,470,Rural,2,Flush and pour flush - to septic tank,0.0,Eurostat SILC database - EUSILC13
Malta,MT,MLT,470,Rural,3,Flush and pour flush - to pit,0.0,Eurostat SILC database - EUSILC13
Malta,MT,MLT,470,Rural,4,Flush and pour flush - to unknown place/ not sure/DK,0.0,Eurostat SILC database - EUSILC13
Malta,MT,MLT,470,Rural,5,Flush and pour flush - to elsewhere,0.0,Eurostat SILC database - EUSILC13
Malta,MT,MLT,470,Rural,6,Dry latrines - Ventilated Improved Pit latrine,0.0,Eurostat SILC database - EUSILC13
Malta,MT,MLT,470,Rural,7,Dry latrines - Pit latrine with slab/covered latrine,0.0,Eurostat SILC database - EUSILC13
Malta,MT,MLT,470,Rural,8,Dry latrines - Traditional latrine,0.0,Eurostat SILC database - EUSILC13
Malta,MT,MLT,470,Rural,9,Dry latrines - Pit latrine without slab/open pit,0.0,Eurostat SILC database - EUSILC13
Malta,MT,MLT,470,Rural,10,Dry latrines - Hanging toilet/hanging latrine,0.0,Eurostat SILC database - EUSILC13
Malta,MT,MLT,470,Rural,11,Dry latrines - Bucket latrine,0.0,Eurostat SILC database - EUSILC13
Malta,MT,MLT,470,Rural,12,Dry latrines - Other,0.0,Eurostat SILC database - EUSILC13
Malta,MT,MLT,470,Rural,13,Composting toilets,0.0,Eurostat SILC database - EUSILC13
Malta,MT,MLT,470,Rural,14,Other improved,0.0,Eurostat SILC database - EUSILC13
Malta,MT,MLT,470,Rural,15,"No facility, bush, field",0.0,Eurostat SILC database - EUSILC13
Malta,MT,MLT,470,Rural,16,Other unimproved,0.0,Eurostat SILC database - EUSILC13
Malta,MT,MLT,470,Rural,17,DK/missing information,0.0,Eurostat SILC database - EUSILC13
Malta,MT,MLT,470,National,1,Flush and pour flush - to piped sewer system,0.998,Eurostat SILC database - EUSILC13
Malta,MT,MLT,470,National,2,Flush and pour flush - to septic tank,0.0,Eurostat SILC database - EUSILC13
Malta,MT,MLT,470,National,3,Flush and pour flush - to pit,0.0,Eurostat SILC database - EUSILC13
Malta,MT,MLT,470,National,4,Flush and pour flush - to unknown place/ not sure/DK,0.0,Eurostat SILC database - EUSILC13
Malta,MT,MLT,470,National,5,Flush and pour flush - to elsewhere,0.0,Eurostat SILC database - EUSILC13
Malta,MT,MLT,470,National,6,Dry latrines - Ventilated Improved Pit latrine,0.0,Eurostat SILC database - EUSILC13
Malta,MT,MLT,470,National,7,Dry latrines - Pit latrine with slab/covered latrine,0.0,Eurostat SILC database - EUSILC13
Malta,MT,MLT,470,National,8,Dry latrines - Traditional latrine,0.0,Eurostat SILC database - EUSILC13
Malta,MT,MLT,470,National,9,Dry latrines - Pit latrine without slab/open pit,0.0,Eurostat SILC database - EUSILC13
Malta,MT,MLT,470,National,10,Dry latrines - Hanging toilet/hanging latrine,0.0,Eurostat SILC database - EUSILC13
Malta,MT,MLT,470,National,11,Dry latrines - Bucket latrine,0.0,Eurostat SILC database - EUSILC13
Malta,MT,MLT,470,National,12,Dry latrines - Other,0.0,Eurostat SILC database - EUSILC13
Malta,MT,MLT,470,National,13,Composting toilets,0.0,Eurostat SILC database - EUSILC13
Malta,MT,MLT,470,National,14,Other improved,0.0,Eurostat SILC database - EUSILC13
Malta,MT,MLT,470,National,15,"No facility, bush, field",0.0,Eurostat SILC database - EUSILC13
Malta,MT,MLT,470,National,16,Other unimproved,0.002,Eurostat SILC database - EUSILC13
Malta,MT,MLT,470,National,17,DK/missing information,0.0,Eurostat SILC database - EUSILC13
Malta,MT,MLT,470,Urban,1,Flush and pour flush - to piped sewer system,0.999,Eurostat SILC database - EUSILC14
Malta,MT,MLT,470,Urban,2,Flush and pour flush - to septic tank,0.0,Eurostat SILC database - EUSILC14
Malta,MT,MLT,470,Urban,3,Flush and pour flush - to pit,0.0,Eurostat SILC database - EUSILC14
Malta,MT,MLT,470,Urban,4,Flush and pour flush - to unknown place/ not sure/DK,0.0,Eurostat SILC database - EUSILC14
Malta,MT,MLT,470,Urban,5,Flush and pour flush - to elsewhere,0.0,Eurostat SILC database - EUSILC14
Malta,MT,MLT,470,Urban,6,Dry latrines - Ventilated Improved Pit latrine,0.0,Eurostat SILC database - EUSILC14
Malta,MT,MLT,470,Urban,7,Dry latrines - Pit latrine with slab/covered latrine,0.0,Eurostat SILC database - EUSILC14
Malta,MT,MLT,470,Urban,8,Dry latrines - Traditional latrine,0.0,Eurostat SILC database - EUSILC14
Malta,MT,MLT,470,Urban,9,Dry latrines - Pit latrine without slab/open pit,0.0,Eurostat SILC database - EUSILC14
Malta,MT,MLT,470,Urban,10,Dry latrines - Hanging toilet/hanging latrine,0.0,Eurostat SILC database - EUSILC14
Malta,MT,MLT,470,Urban,11,Dry latrines - Bucket latrine,0.0,Eurostat SILC database - EUSILC14
Malta,MT,MLT,470,Urban,12,Dry latrines - Other,0.0,Eurostat SILC database - EUSILC14
Malta,MT,MLT,470,Urban,13,Composting toilets,0.0,Eurostat SILC database - EUSILC14
Malta,MT,MLT,470,Urban,14,Other improved,0.0,Eurostat SILC database - EUSILC14
Malta,MT,MLT,470,Urban,15,"No facility, bush, field",0.0,Eurostat SILC database - EUSILC14
Malta,MT,MLT,470,Urban,16,Other unimproved,0.001,Eurostat SILC database - EUSILC14
Malta,MT,MLT,470,Urban,17,DK/missing information,0.0,Eurostat SILC database - EUSILC14
Malta,MT,MLT,470,Rural,1,Flush and pour flush - to piped sewer system,1.0,Eurostat SILC database - EUSILC14
Malta,MT,MLT,470,Rural,2,Flush and pour flush - to septic tank,0.0,Eurostat SILC database - EUSILC14
Malta,MT,MLT,470,Rural,3,Flush and pour flush - to pit,0.0,Eurostat SILC database - EUSILC14
Malta,MT,MLT,470,Rural,4,Flush and pour flush - to unknown place/ not sure/DK,0.0,Eurostat SILC database - EUSILC14
Malta,MT,MLT,470,Rural,5,Flush and pour flush - to elsewhere,0.0,Eurostat SILC database - EUSILC14
Malta,MT,MLT,470,Rural,6,Dry latrines - Ventilated Improved Pit latrine,0.0,Eurostat SILC database - EUSILC14
Malta,MT,MLT,470,Rural,7,Dry latrines - Pit latrine with slab/covered latrine,0.0,Eurostat SILC database - EUSILC14
Malta,MT,MLT,470,Rural,8,Dry latrines - Traditional latrine,0.0,Eurostat SILC database - EUSILC14
Malta,MT,MLT,470,Rural,9,Dry latrines - Pit latrine without slab/open pit,0.0,Eurostat SILC database - EUSILC14
Malta,MT,MLT,470,Rural,10,Dry latrines - Hanging toilet/hanging latrine,0.0,Eurostat SILC database - EUSILC14
Malta,MT,MLT,470,Rural,11,Dry latrines - Bucket latrine,0.0,Eurostat SILC database - EUSILC14
Malta,MT,MLT,470,Rural,12,Dry latrines - Other,0.0,Eurostat SILC database - EUSILC14
Malta,MT,MLT,470,Rural,13,Composting toilets,0.0,Eurostat SILC database - EUSILC14
Malta,MT,MLT,470,Rural,14,Other improved,0.0,Eurostat SILC database - EUSILC14
Malta,MT,MLT,470,Rural,15,"No facility, bush, field",0.0,Eurostat SILC database - EUSILC14
Malta,MT,MLT,470,Rural,16,Other unimproved,0.0,Eurostat SILC database - EUSILC14
Malta,MT,MLT,470,Rural,17,DK/missing information,0.0,Eurostat SILC database - EUSILC14
Malta,MT,MLT,470,National,1,Flush and pour flush - to piped sewer system,0.999,Eurostat SILC database - EUSILC14
Malta,MT,MLT,470,National,2,Flush and pour flush - to septic tank,0.0,Eurostat SILC database - EUSILC14
Malta,MT,MLT,470,National,3,Flush and pour flush - to pit,0.0,Eurostat SILC database - EUSILC14
Malta,MT,MLT,470,National,4,Flush and pour flush - to unknown place/ not sure/DK,0.0,Eurostat SILC database - EUSILC14
Malta,MT,MLT,470,National,5,Flush and pour flush - to elsewhere,0.0,Eurostat SILC database - EUSILC14
Malta,MT,MLT,470,National,6,Dry latrines - Ventilated Improved Pit latrine,0.0,Eurostat SILC database - EUSILC14
Malta,MT,MLT,470,National,7,Dry latrines - Pit latrine with slab/covered latrine,0.0,Eurostat SILC database - EUSILC14
Malta,MT,MLT,470,National,8,Dry latrines - Traditional latrine,0.0,Eurostat SILC database - EUSILC14
Malta,MT,MLT,470,National,9,Dry latrines - Pit latrine without slab/open pit,0.0,Eurostat SILC database - EUSILC14
Malta,MT,MLT,470,National,10,Dry latrines - Hanging toilet/hanging latrine,0.0,Eurostat SILC database - EUSILC14
Malta,MT,MLT,470,National,11,Dry latrines - Bucket latrine,0.0,Eurostat SILC database - EUSILC14
Malta,MT,MLT,470,National,12,Dry latrines - Other,0.0,Eurostat SILC database - EUSILC14
Malta,MT,MLT,470,National,13,Composting toilets,0.0,Eurostat SILC database - EUSILC14
Malta,MT,MLT,470,National,14,Other improved,0.0,Eurostat SILC database - EUSILC14
Malta,MT,MLT,470,National,15,"No facility, bush, field",0.0,Eurostat SILC database - EUSILC14
Malta,MT,MLT,470,National,16,Other unimproved,0.001,Eurostat SILC database - EUSILC14
Malta,MT,MLT,470,National,17,DK/missing information,0.0,Eurostat SILC database - EUSILC14
Malta,MT,MLT,470,Urban,1,Flush and pour flush - to piped sewer system,1.0,Eurostat SILC database - EUSILC15
Malta,MT,MLT,470,Urban,2,Flush and pour flush - to septic tank,0.0,Eurostat SILC database - EUSILC15
Malta,MT,MLT,470,Urban,3,Flush and pour flush - to pit,0.0,Eurostat SILC database - EUSILC15
Malta,MT,MLT,470,Urban,4,Flush and pour flush - to unknown place/ not sure/DK,0.0,Eurostat SILC database - EUSILC15
Malta,MT,MLT,470,Urban,5,Flush and pour flush - to elsewhere,0.0,Eurostat SILC database - EUSILC15
Malta,MT,MLT,470,Urban,6,Dry latrines - Ventilated Improved Pit latrine,0.0,Eurostat SILC database - EUSILC15
Malta,MT,MLT,470,Urban,7,Dry latrines - Pit latrine with slab/covered latrine,0.0,Eurostat SILC database - EUSILC15
Malta,MT,MLT,470,Urban,8,Dry latrines - Traditional latrine,0.0,Eurostat SILC database - EUSILC15
Malta,MT,MLT,470,Urban,9,Dry latrines - Pit latrine without slab/open pit,0.0,Eurostat SILC database - EUSILC15
Malta,MT,MLT,470,Urban,10,Dry latrines - Hanging toilet/hanging latrine,0.0,Eurostat SILC database - EUSILC15
Malta,MT,MLT,470,Urban,11,Dry latrines - Bucket latrine,0.0,Eurostat SILC database - EUSILC15
Malta,MT,MLT,470,Urban,12,Dry latrines - Other,0.0,Eurostat SILC database - EUSILC15
Malta,MT,MLT,470,Urban,13,Composting toilets,0.0,Eurostat SILC database - EUSILC15
Malta,MT,MLT,470,Urban,14,Other improved,0.0,Eurostat SILC database - EUSILC15
Malta,MT,MLT,470,Urban,15,"No facility, bush, field",0.0,Eurostat SILC database - EUSILC15
Malta,MT,MLT,470,Urban,16,Other unimproved,0.0,Eurostat SILC database - EUSILC15
Malta,MT,MLT,470,Urban,17,DK/missing information,0.0,Eurostat SILC database - EUSILC15
Malta,MT,MLT,470,Rural,1,Flush and pour flush - to piped sewer system,1.0,Eurostat SILC database - EUSILC15
Malta,MT,MLT,470,Rural,2,Flush and pour flush - to septic tank,0.0,Eurostat SILC database - EUSILC15
Malta,MT,MLT,470,Rural,3,Flush and pour flush - to pit,0.0,Eurostat SILC database - EUSILC15
Malta,MT,MLT,470,Rural,4,Flush and pour flush - to unknown place/ not sure/DK,0.0,Eurostat SILC database - EUSILC15
Malta,MT,MLT,470,Rural,5,Flush and pour flush - to elsewhere,0.0,Eurostat SILC database - EUSILC15
Malta,MT,MLT,470,Rural,6,Dry latrines - Ventilated Improved Pit latrine,0.0,Eurostat SILC database - EUSILC15
Malta,MT,MLT,470,Rural,7,Dry latrines - Pit latrine with slab/covered latrine,0.0,Eurostat SILC database - EUSILC15
Malta,MT,MLT,470,Rural,8,Dry latrines - Traditional latrine,0.0,Eurostat SILC database - EUSILC15
Malta,MT,MLT,470,Rural,9,Dry latrines - Pit latrine without slab/open pit,0.0,Eurostat SILC database - EUSILC15
Malta,MT,MLT,470,Rural,10,Dry latrines - Hanging toilet/hanging latrine,0.0,Eurostat SILC database - EUSILC15
Malta,MT,MLT,470,Rural,11,Dry latrines - Bucket latrine,0.0,Eurostat SILC database - EUSILC15
Malta,MT,MLT,470,Rural,12,Dry latrines - Other,0.0,Eurostat SILC database - EUSILC15
Malta,MT,MLT,470,Rural,13,Composting toilets,0.0,Eurostat SILC database - EUSILC15
Malta,MT,MLT,470,Rural,14,Other improved,0.0,Eurostat SILC database - EUSILC15
Malta,MT,MLT,470,Rural,15,"No facility, bush, field",0.0,Eurostat SILC database - EUSILC15
Malta,MT,MLT,470,Rural,16,Other unimproved,0.0,Eurostat SILC database - EUSILC15
Malta,MT,MLT,470,Rural,17,DK/missing information,0.0,Eurostat SILC database - EUSILC15
Malta,MT,MLT,470,National,1,Flush and pour flush - to piped sewer system,1.0,Eurostat SILC database - EUSILC15
Malta,MT,MLT,470,National,2,Flush and pour flush - to septic tank,0.0,Eurostat SILC database - EUSILC15
Malta,MT,MLT,470,National,3,Flush and pour flush - to pit,0.0,Eurostat SILC database - EUSILC15
Malta,MT,MLT,470,National,4,Flush and pour flush - to unknown place/ not sure/DK,0.0,Eurostat SILC database - EUSILC15
Malta,MT,MLT,470,National,5,Flush and pour flush - to elsewhere,0.0,Eurostat SILC database - EUSILC15
Malta,MT,MLT,470,National,6,Dry latrines - Ventilated Improved Pit latrine,0.0,Eurostat SILC database - EUSILC15
Malta,MT,MLT,470,National,7,Dry latrines - Pit latrine with slab/covered latrine,0.0,Eurostat SILC database - EUSILC15
Malta,MT,MLT,470,National,8,Dry latrines - Traditional latrine,0.0,Eurostat SILC database - EUSILC15
Malta,MT,MLT,470,National,9,Dry latrines - Pit latrine without slab/open pit,0.0,Eurostat SILC database - EUSILC15
Malta,MT,MLT,470,National,10,Dry latrines - Hanging toilet/hanging latrine,0.0,Eurostat SILC database - EUSILC15
Malta,MT,MLT,470,National,11,Dry latrines - Bucket latrine,0.0,Eurostat SILC database - EUSILC15
Malta,MT,MLT,470,National,12,Dry latrines - Other,0.0,Eurostat SILC database - EUSILC15
Malta,MT,MLT,470,National,13,Composting toilets,0.0,Eurostat SILC database - EUSILC15
Malta,MT,MLT,470,National,14,Other improved,0.0,Eurostat SILC database - EUSILC15
Malta,MT,MLT,470,National,15,"No facility, bush, field",0.0,Eurostat SILC database - EUSILC15
Malta,MT,MLT,470,National,16,Other unimproved,0.0,Eurostat SILC database - EUSILC15
Malta,MT,MLT,470,National,17,DK/missing information,0.0,Eurostat SILC database - EUSILC15
