country,alpha-2,alpha-3,numeric,context,classific_id,classification,percentage,source
Palau,PW,PLW,585,Urban,1,Flush and pour flush - to piped sewer system,0.0,"2015 census of population, housing and agriculture - CEN15"
Palau,PW,PLW,585,Urban,2,Flush and pour flush - to septic tank,0.0,"2015 census of population, housing and agriculture - CEN15"
Palau,PW,PLW,585,Urban,3,Flush and pour flush - to pit,0.0,"2015 census of population, housing and agriculture - CEN15"
Palau,PW,PLW,585,Urban,4,Flush and pour flush - to unknown place/ not sure/DK,0.0,"2015 census of population, housing and agriculture - CEN15"
Palau,PW,PLW,585,Urban,5,Flush and pour flush - to elsewhere,0.0,"2015 census of population, housing and agriculture - CEN15"
Palau,PW,PLW,585,Urban,6,Dry latrines - Ventilated Improved Pit latrine,0.0,"2015 census of population, housing and agriculture - CEN15"
Palau,PW,PLW,585,Urban,7,Dry latrines - Pit latrine with slab/covered latrine,0.0,"2015 census of population, housing and agriculture - CEN15"
Palau,PW,PLW,585,Urban,8,Dry latrines - Traditional latrine,0.0,"2015 census of population, housing and agriculture - CEN15"
Palau,PW,PLW,585,Urban,9,Dry latrines - Pit latrine without slab/open pit,0.0,"2015 census of population, housing and agriculture - CEN15"
Palau,PW,PLW,585,Urban,10,Dry latrines - Hanging toilet/hanging latrine,0.0,"2015 census of population, housing and agriculture - CEN15"
Palau,PW,PLW,585,Urban,11,Dry latrines - Bucket latrine,0.0,"2015 census of population, housing and agriculture - CEN15"
Palau,PW,PLW,585,Urban,12,Dry latrines - Other,0.0,"2015 census of population, housing and agriculture - CEN15"
Palau,PW,PLW,585,Urban,13,Composting toilets,0.0,"2015 census of population, housing and agriculture - CEN15"
Palau,PW,PLW,585,Urban,14,Other improved,0.0,"2015 census of population, housing and agriculture - CEN15"
Palau,PW,PLW,585,Urban,15,"No facility, bush, field",0.0,"2015 census of population, housing and agriculture - CEN15"
Palau,PW,PLW,585,Urban,16,Other unimproved,0.0,"2015 census of population, housing and agriculture - CEN15"
Palau,PW,PLW,585,Urban,17,DK/missing information,0.0,"2015 census of population, housing and agriculture - CEN15"
Palau,PW,PLW,585,Rural,1,Flush and pour flush - to piped sewer system,0.0,"2015 census of population, housing and agriculture - CEN15"
Palau,PW,PLW,585,Rural,2,Flush and pour flush - to septic tank,0.0,"2015 census of population, housing and agriculture - CEN15"
Palau,PW,PLW,585,Rural,3,Flush and pour flush - to pit,0.0,"2015 census of population, housing and agriculture - CEN15"
Palau,PW,PLW,585,Rural,4,Flush and pour flush - to unknown place/ not sure/DK,0.0,"2015 census of population, housing and agriculture - CEN15"
Palau,PW,PLW,585,Rural,5,Flush and pour flush - to elsewhere,0.0,"2015 census of population, housing and agriculture - CEN15"
Palau,PW,PLW,585,Rural,6,Dry latrines - Ventilated Improved Pit latrine,0.0,"2015 census of population, housing and agriculture - CEN15"
Palau,PW,PLW,585,Rural,7,Dry latrines - Pit latrine with slab/covered latrine,0.0,"2015 census of population, housing and agriculture - CEN15"
Palau,PW,PLW,585,Rural,8,Dry latrines - Traditional latrine,0.0,"2015 census of population, housing and agriculture - CEN15"
Palau,PW,PLW,585,Rural,9,Dry latrines - Pit latrine without slab/open pit,0.0,"2015 census of population, housing and agriculture - CEN15"
Palau,PW,PLW,585,Rural,10,Dry latrines - Hanging toilet/hanging latrine,0.0,"2015 census of population, housing and agriculture - CEN15"
Palau,PW,PLW,585,Rural,11,Dry latrines - Bucket latrine,0.0,"2015 census of population, housing and agriculture - CEN15"
Palau,PW,PLW,585,Rural,12,Dry latrines - Other,0.0,"2015 census of population, housing and agriculture - CEN15"
Palau,PW,PLW,585,Rural,13,Composting toilets,0.0,"2015 census of population, housing and agriculture - CEN15"
Palau,PW,PLW,585,Rural,14,Other improved,0.0,"2015 census of population, housing and agriculture - CEN15"
Palau,PW,PLW,585,Rural,15,"No facility, bush, field",0.0,"2015 census of population, housing and agriculture - CEN15"
Palau,PW,PLW,585,Rural,16,Other unimproved,0.0,"2015 census of population, housing and agriculture - CEN15"
Palau,PW,PLW,585,Rural,17,DK/missing information,0.0,"2015 census of population, housing and agriculture - CEN15"
Palau,PW,PLW,585,National,1,Flush and pour flush - to piped sewer system,0.866,"2015 census of population, housing and agriculture - CEN15"
Palau,PW,PLW,585,National,2,Flush and pour flush - to septic tank,0.0,"2015 census of population, housing and agriculture - CEN15"
Palau,PW,PLW,585,National,3,Flush and pour flush - to pit,0.0,"2015 census of population, housing and agriculture - CEN15"
Palau,PW,PLW,585,National,4,Flush and pour flush - to unknown place/ not sure/DK,0.096,"2015 census of population, housing and agriculture - CEN15"
Palau,PW,PLW,585,National,5,Flush and pour flush - to elsewhere,0.0,"2015 census of population, housing and agriculture - CEN15"
Palau,PW,PLW,585,National,6,Dry latrines - Ventilated Improved Pit latrine,0.0,"2015 census of population, housing and agriculture - CEN15"
Palau,PW,PLW,585,National,7,Dry latrines - Pit latrine with slab/covered latrine,0.0,"2015 census of population, housing and agriculture - CEN15"
Palau,PW,PLW,585,National,8,Dry latrines - Traditional latrine,0.033,"2015 census of population, housing and agriculture - CEN15"
Palau,PW,PLW,585,National,9,Dry latrines - Pit latrine without slab/open pit,0.0,"2015 census of population, housing and agriculture - CEN15"
Palau,PW,PLW,585,National,10,Dry latrines - Hanging toilet/hanging latrine,0.0,"2015 census of population, housing and agriculture - CEN15"
Palau,PW,PLW,585,National,11,Dry latrines - Bucket latrine,0.0,"2015 census of population, housing and agriculture - CEN15"
Palau,PW,PLW,585,National,12,Dry latrines - Other,0.0,"2015 census of population, housing and agriculture - CEN15"
Palau,PW,PLW,585,National,13,Composting toilets,0.0,"2015 census of population, housing and agriculture - CEN15"
Palau,PW,PLW,585,National,14,Other improved,0.0,"2015 census of population, housing and agriculture - CEN15"
Palau,PW,PLW,585,National,15,"No facility, bush, field",0.0,"2015 census of population, housing and agriculture - CEN15"
Palau,PW,PLW,585,National,16,Other unimproved,0.005,"2015 census of population, housing and agriculture - CEN15"
Palau,PW,PLW,585,National,17,DK/missing information,0.0,"2015 census of population, housing and agriculture - CEN15"
Palau,PW,PLW,585,Urban,1,Flush and pour flush - to piped sewer system,0.782,Census - CEN05
Palau,PW,PLW,585,Urban,2,Flush and pour flush - to septic tank,0.0,Census - CEN05
Palau,PW,PLW,585,Urban,3,Flush and pour flush - to pit,0.0,Census - CEN05
Palau,PW,PLW,585,Urban,4,Flush and pour flush - to unknown place/ not sure/DK,0.214,Census - CEN05
Palau,PW,PLW,585,Urban,5,Flush and pour flush - to elsewhere,0.0,Census - CEN05
Palau,PW,PLW,585,Urban,6,Dry latrines - Ventilated Improved Pit latrine,0.0,Census - CEN05
Palau,PW,PLW,585,Urban,7,Dry latrines - Pit latrine with slab/covered latrine,0.0,Census - CEN05
Palau,PW,PLW,585,Urban,8,Dry latrines - Traditional latrine,0.004,Census - CEN05
Palau,PW,PLW,585,Urban,9,Dry latrines - Pit latrine without slab/open pit,0.0,Census - CEN05
Palau,PW,PLW,585,Urban,10,Dry latrines - Hanging toilet/hanging latrine,0.0,Census - CEN05
Palau,PW,PLW,585,Urban,11,Dry latrines - Bucket latrine,0.0,Census - CEN05
Palau,PW,PLW,585,Urban,12,Dry latrines - Other,0.0,Census - CEN05
Palau,PW,PLW,585,Urban,13,Composting toilets,0.0,Census - CEN05
Palau,PW,PLW,585,Urban,14,Other improved,0.0,Census - CEN05
Palau,PW,PLW,585,Urban,15,"No facility, bush, field",0.0,Census - CEN05
Palau,PW,PLW,585,Urban,16,Other unimproved,0.0,Census - CEN05
Palau,PW,PLW,585,Urban,17,DK/missing information,0.0,Census - CEN05
Palau,PW,PLW,585,Rural,1,Flush and pour flush - to piped sewer system,0.498,Census - CEN05
Palau,PW,PLW,585,Rural,2,Flush and pour flush - to septic tank,0.0,Census - CEN05
Palau,PW,PLW,585,Rural,3,Flush and pour flush - to pit,0.0,Census - CEN05
Palau,PW,PLW,585,Rural,4,Flush and pour flush - to unknown place/ not sure/DK,0.492,Census - CEN05
Palau,PW,PLW,585,Rural,5,Flush and pour flush - to elsewhere,0.0,Census - CEN05
Palau,PW,PLW,585,Rural,6,Dry latrines - Ventilated Improved Pit latrine,0.0,Census - CEN05
Palau,PW,PLW,585,Rural,7,Dry latrines - Pit latrine with slab/covered latrine,0.0,Census - CEN05
Palau,PW,PLW,585,Rural,8,Dry latrines - Traditional latrine,0.011,Census - CEN05
Palau,PW,PLW,585,Rural,9,Dry latrines - Pit latrine without slab/open pit,0.0,Census - CEN05
Palau,PW,PLW,585,Rural,10,Dry latrines - Hanging toilet/hanging latrine,0.0,Census - CEN05
Palau,PW,PLW,585,Rural,11,Dry latrines - Bucket latrine,0.0,Census - CEN05
Palau,PW,PLW,585,Rural,12,Dry latrines - Other,0.0,Census - CEN05
Palau,PW,PLW,585,Rural,13,Composting toilets,0.0,Census - CEN05
Palau,PW,PLW,585,Rural,14,Other improved,0.0,Census - CEN05
Palau,PW,PLW,585,Rural,15,"No facility, bush, field",0.0,Census - CEN05
Palau,PW,PLW,585,Rural,16,Other unimproved,0.0,Census - CEN05
Palau,PW,PLW,585,Rural,17,DK/missing information,0.0,Census - CEN05
Palau,PW,PLW,585,National,1,Flush and pour flush - to piped sewer system,0.679,Census - CEN05
Palau,PW,PLW,585,National,2,Flush and pour flush - to septic tank,0.0,Census - CEN05
Palau,PW,PLW,585,National,3,Flush and pour flush - to pit,0.0,Census - CEN05
Palau,PW,PLW,585,National,4,Flush and pour flush - to unknown place/ not sure/DK,0.315,Census - CEN05
Palau,PW,PLW,585,National,5,Flush and pour flush - to elsewhere,0.0,Census - CEN05
Palau,PW,PLW,585,National,6,Dry latrines - Ventilated Improved Pit latrine,0.0,Census - CEN05
Palau,PW,PLW,585,National,7,Dry latrines - Pit latrine with slab/covered latrine,0.0,Census - CEN05
Palau,PW,PLW,585,National,8,Dry latrines - Traditional latrine,0.006,Census - CEN05
Palau,PW,PLW,585,National,9,Dry latrines - Pit latrine without slab/open pit,0.0,Census - CEN05
Palau,PW,PLW,585,National,10,Dry latrines - Hanging toilet/hanging latrine,0.0,Census - CEN05
Palau,PW,PLW,585,National,11,Dry latrines - Bucket latrine,0.0,Census - CEN05
Palau,PW,PLW,585,National,12,Dry latrines - Other,0.0,Census - CEN05
Palau,PW,PLW,585,National,13,Composting toilets,0.0,Census - CEN05
Palau,PW,PLW,585,National,14,Other improved,0.0,Census - CEN05
Palau,PW,PLW,585,National,15,"No facility, bush, field",0.0,Census - CEN05
Palau,PW,PLW,585,National,16,Other unimproved,0.0,Census - CEN05
Palau,PW,PLW,585,National,17,DK/missing information,0.0,Census - CEN05
Palau,PW,PLW,585,Urban,1,Flush and pour flush - to piped sewer system,0.68,Household Income Expenditure Survey - HIES14
Palau,PW,PLW,585,Urban,2,Flush and pour flush - to septic tank,0.32,Household Income Expenditure Survey - HIES14
Palau,PW,PLW,585,Urban,3,Flush and pour flush - to pit,0.0,Household Income Expenditure Survey - HIES14
Palau,PW,PLW,585,Urban,4,Flush and pour flush - to unknown place/ not sure/DK,0.0,Household Income Expenditure Survey - HIES14
Palau,PW,PLW,585,Urban,5,Flush and pour flush - to elsewhere,0.0,Household Income Expenditure Survey - HIES14
Palau,PW,PLW,585,Urban,6,Dry latrines - Ventilated Improved Pit latrine,0.0,Household Income Expenditure Survey - HIES14
Palau,PW,PLW,585,Urban,7,Dry latrines - Pit latrine with slab/covered latrine,0.0,Household Income Expenditure Survey - HIES14
Palau,PW,PLW,585,Urban,8,Dry latrines - Traditional latrine,0.0,Household Income Expenditure Survey - HIES14
Palau,PW,PLW,585,Urban,9,Dry latrines - Pit latrine without slab/open pit,0.0,Household Income Expenditure Survey - HIES14
Palau,PW,PLW,585,Urban,10,Dry latrines - Hanging toilet/hanging latrine,0.0,Household Income Expenditure Survey - HIES14
Palau,PW,PLW,585,Urban,11,Dry latrines - Bucket latrine,0.0,Household Income Expenditure Survey - HIES14
Palau,PW,PLW,585,Urban,12,Dry latrines - Other,0.0,Household Income Expenditure Survey - HIES14
Palau,PW,PLW,585,Urban,13,Composting toilets,0.0,Household Income Expenditure Survey - HIES14
Palau,PW,PLW,585,Urban,14,Other improved,0.0,Household Income Expenditure Survey - HIES14
Palau,PW,PLW,585,Urban,15,"No facility, bush, field",0.0,Household Income Expenditure Survey - HIES14
Palau,PW,PLW,585,Urban,16,Other unimproved,0.0,Household Income Expenditure Survey - HIES14
Palau,PW,PLW,585,Urban,17,DK/missing information,0.0,Household Income Expenditure Survey - HIES14
Palau,PW,PLW,585,Rural,1,Flush and pour flush - to piped sewer system,0.12,Household Income Expenditure Survey - HIES14
Palau,PW,PLW,585,Rural,2,Flush and pour flush - to septic tank,0.88,Household Income Expenditure Survey - HIES14
Palau,PW,PLW,585,Rural,3,Flush and pour flush - to pit,0.0,Household Income Expenditure Survey - HIES14
Palau,PW,PLW,585,Rural,4,Flush and pour flush - to unknown place/ not sure/DK,0.0,Household Income Expenditure Survey - HIES14
Palau,PW,PLW,585,Rural,5,Flush and pour flush - to elsewhere,0.0,Household Income Expenditure Survey - HIES14
Palau,PW,PLW,585,Rural,6,Dry latrines - Ventilated Improved Pit latrine,0.0,Household Income Expenditure Survey - HIES14
Palau,PW,PLW,585,Rural,7,Dry latrines - Pit latrine with slab/covered latrine,0.0,Household Income Expenditure Survey - HIES14
Palau,PW,PLW,585,Rural,8,Dry latrines - Traditional latrine,0.0,Household Income Expenditure Survey - HIES14
Palau,PW,PLW,585,Rural,9,Dry latrines - Pit latrine without slab/open pit,0.0,Household Income Expenditure Survey - HIES14
Palau,PW,PLW,585,Rural,10,Dry latrines - Hanging toilet/hanging latrine,0.0,Household Income Expenditure Survey - HIES14
Palau,PW,PLW,585,Rural,11,Dry latrines - Bucket latrine,0.0,Household Income Expenditure Survey - HIES14
Palau,PW,PLW,585,Rural,12,Dry latrines - Other,0.0,Household Income Expenditure Survey - HIES14
Palau,PW,PLW,585,Rural,13,Composting toilets,0.0,Household Income Expenditure Survey - HIES14
Palau,PW,PLW,585,Rural,14,Other improved,0.0,Household Income Expenditure Survey - HIES14
Palau,PW,PLW,585,Rural,15,"No facility, bush, field",0.0,Household Income Expenditure Survey - HIES14
Palau,PW,PLW,585,Rural,16,Other unimproved,0.0,Household Income Expenditure Survey - HIES14
Palau,PW,PLW,585,Rural,17,DK/missing information,0.0,Household Income Expenditure Survey - HIES14
Palau,PW,PLW,585,National,1,Flush and pour flush - to piped sewer system,0.0,Household Income Expenditure Survey - HIES14
Palau,PW,PLW,585,National,2,Flush and pour flush - to septic tank,0.0,Household Income Expenditure Survey - HIES14
Palau,PW,PLW,585,National,3,Flush and pour flush - to pit,0.0,Household Income Expenditure Survey - HIES14
Palau,PW,PLW,585,National,4,Flush and pour flush - to unknown place/ not sure/DK,0.0,Household Income Expenditure Survey - HIES14
Palau,PW,PLW,585,National,5,Flush and pour flush - to elsewhere,0.0,Household Income Expenditure Survey - HIES14
Palau,PW,PLW,585,National,6,Dry latrines - Ventilated Improved Pit latrine,0.0,Household Income Expenditure Survey - HIES14
Palau,PW,PLW,585,National,7,Dry latrines - Pit latrine with slab/covered latrine,0.0,Household Income Expenditure Survey - HIES14
Palau,PW,PLW,585,National,8,Dry latrines - Traditional latrine,0.0,Household Income Expenditure Survey - HIES14
Palau,PW,PLW,585,National,9,Dry latrines - Pit latrine without slab/open pit,0.0,Household Income Expenditure Survey - HIES14
Palau,PW,PLW,585,National,10,Dry latrines - Hanging toilet/hanging latrine,0.0,Household Income Expenditure Survey - HIES14
Palau,PW,PLW,585,National,11,Dry latrines - Bucket latrine,0.0,Household Income Expenditure Survey - HIES14
Palau,PW,PLW,585,National,12,Dry latrines - Other,0.0,Household Income Expenditure Survey - HIES14
Palau,PW,PLW,585,National,13,Composting toilets,0.0,Household Income Expenditure Survey - HIES14
Palau,PW,PLW,585,National,14,Other improved,0.0,Household Income Expenditure Survey - HIES14
Palau,PW,PLW,585,National,15,"No facility, bush, field",0.0,Household Income Expenditure Survey - HIES14
Palau,PW,PLW,585,National,16,Other unimproved,0.0,Household Income Expenditure Survey - HIES14
Palau,PW,PLW,585,National,17,DK/missing information,0.0,Household Income Expenditure Survey - HIES14
