country,alpha-2,alpha-3,numeric,context,classific_id,classification,percentage,source
Saudi Arabia,SA,SAU,682,Urban,1,Flush and pour flush - to piped sewer system,0.0,Census - CEN04
Saudi Arabia,SA,SAU,682,Urban,2,Flush and pour flush - to septic tank,0.0,Census - CEN04
Saudi Arabia,SA,SAU,682,Urban,3,Flush and pour flush - to pit,0.0,Census - CEN04
Saudi Arabia,SA,SAU,682,Urban,4,Flush and pour flush - to unknown place/ not sure/DK,0.0,Census - CEN04
Saudi Arabia,SA,SAU,682,Urban,5,Flush and pour flush - to elsewhere,0.0,Census - CEN04
Saudi Arabia,SA,SAU,682,Urban,6,Dry latrines - Ventilated Improved Pit latrine,0.0,Census - CEN04
Saudi Arabia,SA,SAU,682,Urban,7,Dry latrines - Pit latrine with slab/covered latrine,0.0,Census - CEN04
Saudi Arabia,SA,SAU,682,Urban,8,Dry latrines - Traditional latrine,0.0,Census - CEN04
Saudi Arabia,SA,SAU,682,Urban,9,Dry latrines - Pit latrine without slab/open pit,0.0,Census - CEN04
Saudi Arabia,SA,SAU,682,Urban,10,Dry latrines - Hanging toilet/hanging latrine,0.0,Census - CEN04
Saudi Arabia,SA,SAU,682,Urban,11,Dry latrines - Bucket latrine,0.0,Census - CEN04
Saudi Arabia,SA,SAU,682,Urban,12,Dry latrines - Other,0.0,Census - CEN04
Saudi Arabia,SA,SAU,682,Urban,13,Composting toilets,0.0,Census - CEN04
Saudi Arabia,SA,SAU,682,Urban,14,Other improved,0.0,Census - CEN04
Saudi Arabia,SA,SAU,682,Urban,15,"No facility, bush, field",0.0,Census - CEN04
Saudi Arabia,SA,SAU,682,Urban,16,Other unimproved,0.0,Census - CEN04
Saudi Arabia,SA,SAU,682,Urban,17,DK/missing information,0.0,Census - CEN04
Saudi Arabia,SA,SAU,682,Rural,1,Flush and pour flush - to piped sewer system,0.0,Census - CEN04
Saudi Arabia,SA,SAU,682,Rural,2,Flush and pour flush - to septic tank,0.0,Census - CEN04
Saudi Arabia,SA,SAU,682,Rural,3,Flush and pour flush - to pit,0.0,Census - CEN04
Saudi Arabia,SA,SAU,682,Rural,4,Flush and pour flush - to unknown place/ not sure/DK,0.0,Census - CEN04
Saudi Arabia,SA,SAU,682,Rural,5,Flush and pour flush - to elsewhere,0.0,Census - CEN04
Saudi Arabia,SA,SAU,682,Rural,6,Dry latrines - Ventilated Improved Pit latrine,0.0,Census - CEN04
Saudi Arabia,SA,SAU,682,Rural,7,Dry latrines - Pit latrine with slab/covered latrine,0.0,Census - CEN04
Saudi Arabia,SA,SAU,682,Rural,8,Dry latrines - Traditional latrine,0.0,Census - CEN04
Saudi Arabia,SA,SAU,682,Rural,9,Dry latrines - Pit latrine without slab/open pit,0.0,Census - CEN04
Saudi Arabia,SA,SAU,682,Rural,10,Dry latrines - Hanging toilet/hanging latrine,0.0,Census - CEN04
Saudi Arabia,SA,SAU,682,Rural,11,Dry latrines - Bucket latrine,0.0,Census - CEN04
Saudi Arabia,SA,SAU,682,Rural,12,Dry latrines - Other,0.0,Census - CEN04
Saudi Arabia,SA,SAU,682,Rural,13,Composting toilets,0.0,Census - CEN04
Saudi Arabia,SA,SAU,682,Rural,14,Other improved,0.0,Census - CEN04
Saudi Arabia,SA,SAU,682,Rural,15,"No facility, bush, field",0.0,Census - CEN04
Saudi Arabia,SA,SAU,682,Rural,16,Other unimproved,0.0,Census - CEN04
Saudi Arabia,SA,SAU,682,Rural,17,DK/missing information,0.0,Census - CEN04
Saudi Arabia,SA,SAU,682,National,1,Flush and pour flush - to piped sewer system,0.373,Census - CEN04
Saudi Arabia,SA,SAU,682,National,2,Flush and pour flush - to septic tank,0.602,Census - CEN04
Saudi Arabia,SA,SAU,682,National,3,Flush and pour flush - to pit,0.0,Census - CEN04
Saudi Arabia,SA,SAU,682,National,4,Flush and pour flush - to unknown place/ not sure/DK,0.0,Census - CEN04
Saudi Arabia,SA,SAU,682,National,5,Flush and pour flush - to elsewhere,0.0,Census - CEN04
Saudi Arabia,SA,SAU,682,National,6,Dry latrines - Ventilated Improved Pit latrine,0.0,Census - CEN04
Saudi Arabia,SA,SAU,682,National,7,Dry latrines - Pit latrine with slab/covered latrine,0.0,Census - CEN04
Saudi Arabia,SA,SAU,682,National,8,Dry latrines - Traditional latrine,0.0,Census - CEN04
Saudi Arabia,SA,SAU,682,National,9,Dry latrines - Pit latrine without slab/open pit,0.0,Census - CEN04
Saudi Arabia,SA,SAU,682,National,10,Dry latrines - Hanging toilet/hanging latrine,0.0,Census - CEN04
Saudi Arabia,SA,SAU,682,National,11,Dry latrines - Bucket latrine,0.0,Census - CEN04
Saudi Arabia,SA,SAU,682,National,12,Dry latrines - Other,0.0,Census - CEN04
Saudi Arabia,SA,SAU,682,National,13,Composting toilets,0.0,Census - CEN04
Saudi Arabia,SA,SAU,682,National,14,Other improved,0.011,Census - CEN04
Saudi Arabia,SA,SAU,682,National,15,"No facility, bush, field",0.0,Census - CEN04
Saudi Arabia,SA,SAU,682,National,16,Other unimproved,0.014,Census - CEN04
Saudi Arabia,SA,SAU,682,National,17,DK/missing information,0.0,Census - CEN04
Saudi Arabia,SA,SAU,682,Urban,1,Flush and pour flush - to piped sewer system,0.0,Census - CEN10
Saudi Arabia,SA,SAU,682,Urban,2,Flush and pour flush - to septic tank,0.0,Census - CEN10
Saudi Arabia,SA,SAU,682,Urban,3,Flush and pour flush - to pit,0.0,Census - CEN10
Saudi Arabia,SA,SAU,682,Urban,4,Flush and pour flush - to unknown place/ not sure/DK,0.0,Census - CEN10
Saudi Arabia,SA,SAU,682,Urban,5,Flush and pour flush - to elsewhere,0.0,Census - CEN10
Saudi Arabia,SA,SAU,682,Urban,6,Dry latrines - Ventilated Improved Pit latrine,0.0,Census - CEN10
Saudi Arabia,SA,SAU,682,Urban,7,Dry latrines - Pit latrine with slab/covered latrine,0.0,Census - CEN10
Saudi Arabia,SA,SAU,682,Urban,8,Dry latrines - Traditional latrine,0.0,Census - CEN10
Saudi Arabia,SA,SAU,682,Urban,9,Dry latrines - Pit latrine without slab/open pit,0.0,Census - CEN10
Saudi Arabia,SA,SAU,682,Urban,10,Dry latrines - Hanging toilet/hanging latrine,0.0,Census - CEN10
Saudi Arabia,SA,SAU,682,Urban,11,Dry latrines - Bucket latrine,0.0,Census - CEN10
Saudi Arabia,SA,SAU,682,Urban,12,Dry latrines - Other,0.0,Census - CEN10
Saudi Arabia,SA,SAU,682,Urban,13,Composting toilets,0.0,Census - CEN10
Saudi Arabia,SA,SAU,682,Urban,14,Other improved,0.0,Census - CEN10
Saudi Arabia,SA,SAU,682,Urban,15,"No facility, bush, field",0.0,Census - CEN10
Saudi Arabia,SA,SAU,682,Urban,16,Other unimproved,0.0,Census - CEN10
Saudi Arabia,SA,SAU,682,Urban,17,DK/missing information,0.0,Census - CEN10
Saudi Arabia,SA,SAU,682,Rural,1,Flush and pour flush - to piped sewer system,0.0,Census - CEN10
Saudi Arabia,SA,SAU,682,Rural,2,Flush and pour flush - to septic tank,0.0,Census - CEN10
Saudi Arabia,SA,SAU,682,Rural,3,Flush and pour flush - to pit,0.0,Census - CEN10
Saudi Arabia,SA,SAU,682,Rural,4,Flush and pour flush - to unknown place/ not sure/DK,0.0,Census - CEN10
Saudi Arabia,SA,SAU,682,Rural,5,Flush and pour flush - to elsewhere,0.0,Census - CEN10
Saudi Arabia,SA,SAU,682,Rural,6,Dry latrines - Ventilated Improved Pit latrine,0.0,Census - CEN10
Saudi Arabia,SA,SAU,682,Rural,7,Dry latrines - Pit latrine with slab/covered latrine,0.0,Census - CEN10
Saudi Arabia,SA,SAU,682,Rural,8,Dry latrines - Traditional latrine,0.0,Census - CEN10
Saudi Arabia,SA,SAU,682,Rural,9,Dry latrines - Pit latrine without slab/open pit,0.0,Census - CEN10
Saudi Arabia,SA,SAU,682,Rural,10,Dry latrines - Hanging toilet/hanging latrine,0.0,Census - CEN10
Saudi Arabia,SA,SAU,682,Rural,11,Dry latrines - Bucket latrine,0.0,Census - CEN10
Saudi Arabia,SA,SAU,682,Rural,12,Dry latrines - Other,0.0,Census - CEN10
Saudi Arabia,SA,SAU,682,Rural,13,Composting toilets,0.0,Census - CEN10
Saudi Arabia,SA,SAU,682,Rural,14,Other improved,0.0,Census - CEN10
Saudi Arabia,SA,SAU,682,Rural,15,"No facility, bush, field",0.0,Census - CEN10
Saudi Arabia,SA,SAU,682,Rural,16,Other unimproved,0.0,Census - CEN10
Saudi Arabia,SA,SAU,682,Rural,17,DK/missing information,0.0,Census - CEN10
Saudi Arabia,SA,SAU,682,National,1,Flush and pour flush - to piped sewer system,0.494,Census - CEN10
Saudi Arabia,SA,SAU,682,National,2,Flush and pour flush - to septic tank,0.499,Census - CEN10
Saudi Arabia,SA,SAU,682,National,3,Flush and pour flush - to pit,0.0,Census - CEN10
Saudi Arabia,SA,SAU,682,National,4,Flush and pour flush - to unknown place/ not sure/DK,0.0,Census - CEN10
Saudi Arabia,SA,SAU,682,National,5,Flush and pour flush - to elsewhere,0.0,Census - CEN10
Saudi Arabia,SA,SAU,682,National,6,Dry latrines - Ventilated Improved Pit latrine,0.0,Census - CEN10
Saudi Arabia,SA,SAU,682,National,7,Dry latrines - Pit latrine with slab/covered latrine,0.0,Census - CEN10
Saudi Arabia,SA,SAU,682,National,8,Dry latrines - Traditional latrine,0.0,Census - CEN10
Saudi Arabia,SA,SAU,682,National,9,Dry latrines - Pit latrine without slab/open pit,0.0,Census - CEN10
Saudi Arabia,SA,SAU,682,National,10,Dry latrines - Hanging toilet/hanging latrine,0.0,Census - CEN10
Saudi Arabia,SA,SAU,682,National,11,Dry latrines - Bucket latrine,0.0,Census - CEN10
Saudi Arabia,SA,SAU,682,National,12,Dry latrines - Other,0.0,Census - CEN10
Saudi Arabia,SA,SAU,682,National,13,Composting toilets,0.0,Census - CEN10
Saudi Arabia,SA,SAU,682,National,14,Other improved,0.0,Census - CEN10
Saudi Arabia,SA,SAU,682,National,15,"No facility, bush, field",0.0,Census - CEN10
Saudi Arabia,SA,SAU,682,National,16,Other unimproved,0.007,Census - CEN10
Saudi Arabia,SA,SAU,682,National,17,DK/missing information,0.0,Census - CEN10
Saudi Arabia,SA,SAU,682,Urban,1,Flush and pour flush - to piped sewer system,0.0,Housing Survey 2017 - HS17
Saudi Arabia,SA,SAU,682,Urban,2,Flush and pour flush - to septic tank,0.0,Housing Survey 2017 - HS17
Saudi Arabia,SA,SAU,682,Urban,3,Flush and pour flush - to pit,0.0,Housing Survey 2017 - HS17
Saudi Arabia,SA,SAU,682,Urban,4,Flush and pour flush - to unknown place/ not sure/DK,0.0,Housing Survey 2017 - HS17
Saudi Arabia,SA,SAU,682,Urban,5,Flush and pour flush - to elsewhere,0.0,Housing Survey 2017 - HS17
Saudi Arabia,SA,SAU,682,Urban,6,Dry latrines - Ventilated Improved Pit latrine,0.0,Housing Survey 2017 - HS17
Saudi Arabia,SA,SAU,682,Urban,7,Dry latrines - Pit latrine with slab/covered latrine,0.0,Housing Survey 2017 - HS17
Saudi Arabia,SA,SAU,682,Urban,8,Dry latrines - Traditional latrine,0.0,Housing Survey 2017 - HS17
Saudi Arabia,SA,SAU,682,Urban,9,Dry latrines - Pit latrine without slab/open pit,0.0,Housing Survey 2017 - HS17
Saudi Arabia,SA,SAU,682,Urban,10,Dry latrines - Hanging toilet/hanging latrine,0.0,Housing Survey 2017 - HS17
Saudi Arabia,SA,SAU,682,Urban,11,Dry latrines - Bucket latrine,0.0,Housing Survey 2017 - HS17
Saudi Arabia,SA,SAU,682,Urban,12,Dry latrines - Other,0.0,Housing Survey 2017 - HS17
Saudi Arabia,SA,SAU,682,Urban,13,Composting toilets,0.0,Housing Survey 2017 - HS17
Saudi Arabia,SA,SAU,682,Urban,14,Other improved,0.0,Housing Survey 2017 - HS17
Saudi Arabia,SA,SAU,682,Urban,15,"No facility, bush, field",0.0,Housing Survey 2017 - HS17
Saudi Arabia,SA,SAU,682,Urban,16,Other unimproved,0.0,Housing Survey 2017 - HS17
Saudi Arabia,SA,SAU,682,Urban,17,DK/missing information,0.0,Housing Survey 2017 - HS17
Saudi Arabia,SA,SAU,682,Rural,1,Flush and pour flush - to piped sewer system,0.0,Housing Survey 2017 - HS17
Saudi Arabia,SA,SAU,682,Rural,2,Flush and pour flush - to septic tank,0.0,Housing Survey 2017 - HS17
Saudi Arabia,SA,SAU,682,Rural,3,Flush and pour flush - to pit,0.0,Housing Survey 2017 - HS17
Saudi Arabia,SA,SAU,682,Rural,4,Flush and pour flush - to unknown place/ not sure/DK,0.0,Housing Survey 2017 - HS17
Saudi Arabia,SA,SAU,682,Rural,5,Flush and pour flush - to elsewhere,0.0,Housing Survey 2017 - HS17
Saudi Arabia,SA,SAU,682,Rural,6,Dry latrines - Ventilated Improved Pit latrine,0.0,Housing Survey 2017 - HS17
Saudi Arabia,SA,SAU,682,Rural,7,Dry latrines - Pit latrine with slab/covered latrine,0.0,Housing Survey 2017 - HS17
Saudi Arabia,SA,SAU,682,Rural,8,Dry latrines - Traditional latrine,0.0,Housing Survey 2017 - HS17
Saudi Arabia,SA,SAU,682,Rural,9,Dry latrines - Pit latrine without slab/open pit,0.0,Housing Survey 2017 - HS17
Saudi Arabia,SA,SAU,682,Rural,10,Dry latrines - Hanging toilet/hanging latrine,0.0,Housing Survey 2017 - HS17
Saudi Arabia,SA,SAU,682,Rural,11,Dry latrines - Bucket latrine,0.0,Housing Survey 2017 - HS17
Saudi Arabia,SA,SAU,682,Rural,12,Dry latrines - Other,0.0,Housing Survey 2017 - HS17
Saudi Arabia,SA,SAU,682,Rural,13,Composting toilets,0.0,Housing Survey 2017 - HS17
Saudi Arabia,SA,SAU,682,Rural,14,Other improved,0.0,Housing Survey 2017 - HS17
Saudi Arabia,SA,SAU,682,Rural,15,"No facility, bush, field",0.0,Housing Survey 2017 - HS17
Saudi Arabia,SA,SAU,682,Rural,16,Other unimproved,0.0,Housing Survey 2017 - HS17
Saudi Arabia,SA,SAU,682,Rural,17,DK/missing information,0.0,Housing Survey 2017 - HS17
Saudi Arabia,SA,SAU,682,National,1,Flush and pour flush - to piped sewer system,0.542,Housing Survey 2017 - HS17
Saudi Arabia,SA,SAU,682,National,2,Flush and pour flush - to septic tank,0.457,Housing Survey 2017 - HS17
Saudi Arabia,SA,SAU,682,National,3,Flush and pour flush - to pit,0.0,Housing Survey 2017 - HS17
Saudi Arabia,SA,SAU,682,National,4,Flush and pour flush - to unknown place/ not sure/DK,0.0,Housing Survey 2017 - HS17
Saudi Arabia,SA,SAU,682,National,5,Flush and pour flush - to elsewhere,0.0,Housing Survey 2017 - HS17
Saudi Arabia,SA,SAU,682,National,6,Dry latrines - Ventilated Improved Pit latrine,0.0,Housing Survey 2017 - HS17
Saudi Arabia,SA,SAU,682,National,7,Dry latrines - Pit latrine with slab/covered latrine,0.0,Housing Survey 2017 - HS17
Saudi Arabia,SA,SAU,682,National,8,Dry latrines - Traditional latrine,0.0,Housing Survey 2017 - HS17
Saudi Arabia,SA,SAU,682,National,9,Dry latrines - Pit latrine without slab/open pit,0.0,Housing Survey 2017 - HS17
Saudi Arabia,SA,SAU,682,National,10,Dry latrines - Hanging toilet/hanging latrine,0.0,Housing Survey 2017 - HS17
Saudi Arabia,SA,SAU,682,National,11,Dry latrines - Bucket latrine,0.0,Housing Survey 2017 - HS17
Saudi Arabia,SA,SAU,682,National,12,Dry latrines - Other,0.0,Housing Survey 2017 - HS17
Saudi Arabia,SA,SAU,682,National,13,Composting toilets,0.0,Housing Survey 2017 - HS17
Saudi Arabia,SA,SAU,682,National,14,Other improved,0.001,Housing Survey 2017 - HS17
Saudi Arabia,SA,SAU,682,National,15,"No facility, bush, field",0.0,Housing Survey 2017 - HS17
Saudi Arabia,SA,SAU,682,National,16,Other unimproved,0.0,Housing Survey 2017 - HS17
Saudi Arabia,SA,SAU,682,National,17,DK/missing information,0.0,Housing Survey 2017 - HS17
