country,alpha-2,alpha-3,numeric,context,classific_id,classification,percentage,source
San Marino,SM,SMR,674,Urban,1,Flush and pour flush - to piped sewer system,0.0,Agenzia Statale dei Servizi - ASS15
San Marino,SM,SMR,674,Urban,2,Flush and pour flush - to septic tank,0.0,Agenzia Statale dei Servizi - ASS15
San Marino,SM,SMR,674,Urban,3,Flush and pour flush - to pit,0.0,Agenzia Statale dei Servizi - ASS15
San Marino,SM,SMR,674,Urban,4,Flush and pour flush - to unknown place/ not sure/DK,0.0,Agenzia Statale dei Servizi - ASS15
San Marino,SM,SMR,674,Urban,5,Flush and pour flush - to elsewhere,0.0,Agenzia Statale dei Servizi - ASS15
San Marino,SM,SMR,674,Urban,6,Dry latrines - Ventilated Improved Pit latrine,0.0,Agenzia Statale dei Servizi - ASS15
San Marino,SM,SMR,674,Urban,7,Dry latrines - Pit latrine with slab/covered latrine,0.0,Agenzia Statale dei Servizi - ASS15
San Marino,SM,SMR,674,Urban,8,Dry latrines - Traditional latrine,0.0,Agenzia Statale dei Servizi - ASS15
San Marino,SM,SMR,674,Urban,9,Dry latrines - Pit latrine without slab/open pit,0.0,Agenzia Statale dei Servizi - ASS15
San Marino,SM,SMR,674,Urban,10,Dry latrines - Hanging toilet/hanging latrine,0.0,Agenzia Statale dei Servizi - ASS15
San Marino,SM,SMR,674,Urban,11,Dry latrines - Bucket latrine,0.0,Agenzia Statale dei Servizi - ASS15
San Marino,SM,SMR,674,Urban,12,Dry latrines - Other,0.0,Agenzia Statale dei Servizi - ASS15
San Marino,SM,SMR,674,Urban,13,Composting toilets,0.0,Agenzia Statale dei Servizi - ASS15
San Marino,SM,SMR,674,Urban,14,Other improved,0.0,Agenzia Statale dei Servizi - ASS15
San Marino,SM,SMR,674,Urban,15,"No facility, bush, field",0.0,Agenzia Statale dei Servizi - ASS15
San Marino,SM,SMR,674,Urban,16,Other unimproved,0.0,Agenzia Statale dei Servizi - ASS15
San Marino,SM,SMR,674,Urban,17,DK/missing information,0.0,Agenzia Statale dei Servizi - ASS15
San Marino,SM,SMR,674,Rural,1,Flush and pour flush - to piped sewer system,0.0,Agenzia Statale dei Servizi - ASS15
San Marino,SM,SMR,674,Rural,2,Flush and pour flush - to septic tank,0.0,Agenzia Statale dei Servizi - ASS15
San Marino,SM,SMR,674,Rural,3,Flush and pour flush - to pit,0.0,Agenzia Statale dei Servizi - ASS15
San Marino,SM,SMR,674,Rural,4,Flush and pour flush - to unknown place/ not sure/DK,0.0,Agenzia Statale dei Servizi - ASS15
San Marino,SM,SMR,674,Rural,5,Flush and pour flush - to elsewhere,0.0,Agenzia Statale dei Servizi - ASS15
San Marino,SM,SMR,674,Rural,6,Dry latrines - Ventilated Improved Pit latrine,0.0,Agenzia Statale dei Servizi - ASS15
San Marino,SM,SMR,674,Rural,7,Dry latrines - Pit latrine with slab/covered latrine,0.0,Agenzia Statale dei Servizi - ASS15
San Marino,SM,SMR,674,Rural,8,Dry latrines - Traditional latrine,0.0,Agenzia Statale dei Servizi - ASS15
San Marino,SM,SMR,674,Rural,9,Dry latrines - Pit latrine without slab/open pit,0.0,Agenzia Statale dei Servizi - ASS15
San Marino,SM,SMR,674,Rural,10,Dry latrines - Hanging toilet/hanging latrine,0.0,Agenzia Statale dei Servizi - ASS15
San Marino,SM,SMR,674,Rural,11,Dry latrines - Bucket latrine,0.0,Agenzia Statale dei Servizi - ASS15
San Marino,SM,SMR,674,Rural,12,Dry latrines - Other,0.0,Agenzia Statale dei Servizi - ASS15
San Marino,SM,SMR,674,Rural,13,Composting toilets,0.0,Agenzia Statale dei Servizi - ASS15
San Marino,SM,SMR,674,Rural,14,Other improved,0.0,Agenzia Statale dei Servizi - ASS15
San Marino,SM,SMR,674,Rural,15,"No facility, bush, field",0.0,Agenzia Statale dei Servizi - ASS15
San Marino,SM,SMR,674,Rural,16,Other unimproved,0.0,Agenzia Statale dei Servizi - ASS15
San Marino,SM,SMR,674,Rural,17,DK/missing information,0.0,Agenzia Statale dei Servizi - ASS15
San Marino,SM,SMR,674,National,1,Flush and pour flush - to piped sewer system,0.85,Agenzia Statale dei Servizi - ASS15
San Marino,SM,SMR,674,National,2,Flush and pour flush - to septic tank,0.15,Agenzia Statale dei Servizi - ASS15
San Marino,SM,SMR,674,National,3,Flush and pour flush - to pit,0.0,Agenzia Statale dei Servizi - ASS15
San Marino,SM,SMR,674,National,4,Flush and pour flush - to unknown place/ not sure/DK,0.0,Agenzia Statale dei Servizi - ASS15
San Marino,SM,SMR,674,National,5,Flush and pour flush - to elsewhere,0.0,Agenzia Statale dei Servizi - ASS15
San Marino,SM,SMR,674,National,6,Dry latrines - Ventilated Improved Pit latrine,0.0,Agenzia Statale dei Servizi - ASS15
San Marino,SM,SMR,674,National,7,Dry latrines - Pit latrine with slab/covered latrine,0.0,Agenzia Statale dei Servizi - ASS15
San Marino,SM,SMR,674,National,8,Dry latrines - Traditional latrine,0.0,Agenzia Statale dei Servizi - ASS15
San Marino,SM,SMR,674,National,9,Dry latrines - Pit latrine without slab/open pit,0.0,Agenzia Statale dei Servizi - ASS15
San Marino,SM,SMR,674,National,10,Dry latrines - Hanging toilet/hanging latrine,0.0,Agenzia Statale dei Servizi - ASS15
San Marino,SM,SMR,674,National,11,Dry latrines - Bucket latrine,0.0,Agenzia Statale dei Servizi - ASS15
San Marino,SM,SMR,674,National,12,Dry latrines - Other,0.0,Agenzia Statale dei Servizi - ASS15
San Marino,SM,SMR,674,National,13,Composting toilets,0.0,Agenzia Statale dei Servizi - ASS15
San Marino,SM,SMR,674,National,14,Other improved,0.0,Agenzia Statale dei Servizi - ASS15
San Marino,SM,SMR,674,National,15,"No facility, bush, field",0.0,Agenzia Statale dei Servizi - ASS15
San Marino,SM,SMR,674,National,16,Other unimproved,0.0,Agenzia Statale dei Servizi - ASS15
San Marino,SM,SMR,674,National,17,DK/missing information,0.0,Agenzia Statale dei Servizi - ASS15
San Marino,SM,SMR,674,Urban,1,Flush and pour flush - to piped sewer system,0.0,Agenzia Statale dei Servizi - ASS16
San Marino,SM,SMR,674,Urban,2,Flush and pour flush - to septic tank,0.0,Agenzia Statale dei Servizi - ASS16
San Marino,SM,SMR,674,Urban,3,Flush and pour flush - to pit,0.0,Agenzia Statale dei Servizi - ASS16
San Marino,SM,SMR,674,Urban,4,Flush and pour flush - to unknown place/ not sure/DK,0.0,Agenzia Statale dei Servizi - ASS16
San Marino,SM,SMR,674,Urban,5,Flush and pour flush - to elsewhere,0.0,Agenzia Statale dei Servizi - ASS16
San Marino,SM,SMR,674,Urban,6,Dry latrines - Ventilated Improved Pit latrine,0.0,Agenzia Statale dei Servizi - ASS16
San Marino,SM,SMR,674,Urban,7,Dry latrines - Pit latrine with slab/covered latrine,0.0,Agenzia Statale dei Servizi - ASS16
San Marino,SM,SMR,674,Urban,8,Dry latrines - Traditional latrine,0.0,Agenzia Statale dei Servizi - ASS16
San Marino,SM,SMR,674,Urban,9,Dry latrines - Pit latrine without slab/open pit,0.0,Agenzia Statale dei Servizi - ASS16
San Marino,SM,SMR,674,Urban,10,Dry latrines - Hanging toilet/hanging latrine,0.0,Agenzia Statale dei Servizi - ASS16
San Marino,SM,SMR,674,Urban,11,Dry latrines - Bucket latrine,0.0,Agenzia Statale dei Servizi - ASS16
San Marino,SM,SMR,674,Urban,12,Dry latrines - Other,0.0,Agenzia Statale dei Servizi - ASS16
San Marino,SM,SMR,674,Urban,13,Composting toilets,0.0,Agenzia Statale dei Servizi - ASS16
San Marino,SM,SMR,674,Urban,14,Other improved,0.0,Agenzia Statale dei Servizi - ASS16
San Marino,SM,SMR,674,Urban,15,"No facility, bush, field",0.0,Agenzia Statale dei Servizi - ASS16
San Marino,SM,SMR,674,Urban,16,Other unimproved,0.0,Agenzia Statale dei Servizi - ASS16
San Marino,SM,SMR,674,Urban,17,DK/missing information,0.0,Agenzia Statale dei Servizi - ASS16
San Marino,SM,SMR,674,Rural,1,Flush and pour flush - to piped sewer system,0.0,Agenzia Statale dei Servizi - ASS16
San Marino,SM,SMR,674,Rural,2,Flush and pour flush - to septic tank,0.0,Agenzia Statale dei Servizi - ASS16
San Marino,SM,SMR,674,Rural,3,Flush and pour flush - to pit,0.0,Agenzia Statale dei Servizi - ASS16
San Marino,SM,SMR,674,Rural,4,Flush and pour flush - to unknown place/ not sure/DK,0.0,Agenzia Statale dei Servizi - ASS16
San Marino,SM,SMR,674,Rural,5,Flush and pour flush - to elsewhere,0.0,Agenzia Statale dei Servizi - ASS16
San Marino,SM,SMR,674,Rural,6,Dry latrines - Ventilated Improved Pit latrine,0.0,Agenzia Statale dei Servizi - ASS16
San Marino,SM,SMR,674,Rural,7,Dry latrines - Pit latrine with slab/covered latrine,0.0,Agenzia Statale dei Servizi - ASS16
San Marino,SM,SMR,674,Rural,8,Dry latrines - Traditional latrine,0.0,Agenzia Statale dei Servizi - ASS16
San Marino,SM,SMR,674,Rural,9,Dry latrines - Pit latrine without slab/open pit,0.0,Agenzia Statale dei Servizi - ASS16
San Marino,SM,SMR,674,Rural,10,Dry latrines - Hanging toilet/hanging latrine,0.0,Agenzia Statale dei Servizi - ASS16
San Marino,SM,SMR,674,Rural,11,Dry latrines - Bucket latrine,0.0,Agenzia Statale dei Servizi - ASS16
San Marino,SM,SMR,674,Rural,12,Dry latrines - Other,0.0,Agenzia Statale dei Servizi - ASS16
San Marino,SM,SMR,674,Rural,13,Composting toilets,0.0,Agenzia Statale dei Servizi - ASS16
San Marino,SM,SMR,674,Rural,14,Other improved,0.0,Agenzia Statale dei Servizi - ASS16
San Marino,SM,SMR,674,Rural,15,"No facility, bush, field",0.0,Agenzia Statale dei Servizi - ASS16
San Marino,SM,SMR,674,Rural,16,Other unimproved,0.0,Agenzia Statale dei Servizi - ASS16
San Marino,SM,SMR,674,Rural,17,DK/missing information,0.0,Agenzia Statale dei Servizi - ASS16
San Marino,SM,SMR,674,National,1,Flush and pour flush - to piped sewer system,0.85,Agenzia Statale dei Servizi - ASS16
San Marino,SM,SMR,674,National,2,Flush and pour flush - to septic tank,0.15,Agenzia Statale dei Servizi - ASS16
San Marino,SM,SMR,674,National,3,Flush and pour flush - to pit,0.0,Agenzia Statale dei Servizi - ASS16
San Marino,SM,SMR,674,National,4,Flush and pour flush - to unknown place/ not sure/DK,0.0,Agenzia Statale dei Servizi - ASS16
San Marino,SM,SMR,674,National,5,Flush and pour flush - to elsewhere,0.0,Agenzia Statale dei Servizi - ASS16
San Marino,SM,SMR,674,National,6,Dry latrines - Ventilated Improved Pit latrine,0.0,Agenzia Statale dei Servizi - ASS16
San Marino,SM,SMR,674,National,7,Dry latrines - Pit latrine with slab/covered latrine,0.0,Agenzia Statale dei Servizi - ASS16
San Marino,SM,SMR,674,National,8,Dry latrines - Traditional latrine,0.0,Agenzia Statale dei Servizi - ASS16
San Marino,SM,SMR,674,National,9,Dry latrines - Pit latrine without slab/open pit,0.0,Agenzia Statale dei Servizi - ASS16
San Marino,SM,SMR,674,National,10,Dry latrines - Hanging toilet/hanging latrine,0.0,Agenzia Statale dei Servizi - ASS16
San Marino,SM,SMR,674,National,11,Dry latrines - Bucket latrine,0.0,Agenzia Statale dei Servizi - ASS16
San Marino,SM,SMR,674,National,12,Dry latrines - Other,0.0,Agenzia Statale dei Servizi - ASS16
San Marino,SM,SMR,674,National,13,Composting toilets,0.0,Agenzia Statale dei Servizi - ASS16
San Marino,SM,SMR,674,National,14,Other improved,0.0,Agenzia Statale dei Servizi - ASS16
San Marino,SM,SMR,674,National,15,"No facility, bush, field",0.0,Agenzia Statale dei Servizi - ASS16
San Marino,SM,SMR,674,National,16,Other unimproved,0.0,Agenzia Statale dei Servizi - ASS16
San Marino,SM,SMR,674,National,17,DK/missing information,0.0,Agenzia Statale dei Servizi - ASS16
