country,alpha-2,alpha-3,numeric,context,classific_id,classification,percentage,source
Slovakia,SK,SVK,703,Urban,1,Flush and pour flush - to piped sewer system,0.0,Eurostat environmental database - ES00
Slovakia,SK,SVK,703,Urban,2,Flush and pour flush - to septic tank,0.0,Eurostat environmental database - ES00
Slovakia,SK,SVK,703,Urban,3,Flush and pour flush - to pit,0.0,Eurostat environmental database - ES00
Slovakia,SK,SVK,703,Urban,4,Flush and pour flush - to unknown place/ not sure/DK,0.0,Eurostat environmental database - ES00
Slovakia,SK,SVK,703,Urban,5,Flush and pour flush - to elsewhere,0.0,Eurostat environmental database - ES00
Slovakia,SK,SVK,703,Urban,6,Dry latrines - Ventilated Improved Pit latrine,0.0,Eurostat environmental database - ES00
Slovakia,SK,SVK,703,Urban,7,Dry latrines - Pit latrine with slab/covered latrine,0.0,Eurostat environmental database - ES00
Slovakia,SK,SVK,703,Urban,8,Dry latrines - Traditional latrine,0.0,Eurostat environmental database - ES00
Slovakia,SK,SVK,703,Urban,9,Dry latrines - Pit latrine without slab/open pit,0.0,Eurostat environmental database - ES00
Slovakia,SK,SVK,703,Urban,10,Dry latrines - Hanging toilet/hanging latrine,0.0,Eurostat environmental database - ES00
Slovakia,SK,SVK,703,Urban,11,Dry latrines - Bucket latrine,0.0,Eurostat environmental database - ES00
Slovakia,SK,SVK,703,Urban,12,Dry latrines - Other,0.0,Eurostat environmental database - ES00
Slovakia,SK,SVK,703,Urban,13,Composting toilets,0.0,Eurostat environmental database - ES00
Slovakia,SK,SVK,703,Urban,14,Other improved,0.0,Eurostat environmental database - ES00
Slovakia,SK,SVK,703,Urban,15,"No facility, bush, field",0.0,Eurostat environmental database - ES00
Slovakia,SK,SVK,703,Urban,16,Other unimproved,0.0,Eurostat environmental database - ES00
Slovakia,SK,SVK,703,Urban,17,DK/missing information,0.0,Eurostat environmental database - ES00
Slovakia,SK,SVK,703,Rural,1,Flush and pour flush - to piped sewer system,0.0,Eurostat environmental database - ES00
Slovakia,SK,SVK,703,Rural,2,Flush and pour flush - to septic tank,0.0,Eurostat environmental database - ES00
Slovakia,SK,SVK,703,Rural,3,Flush and pour flush - to pit,0.0,Eurostat environmental database - ES00
Slovakia,SK,SVK,703,Rural,4,Flush and pour flush - to unknown place/ not sure/DK,0.0,Eurostat environmental database - ES00
Slovakia,SK,SVK,703,Rural,5,Flush and pour flush - to elsewhere,0.0,Eurostat environmental database - ES00
Slovakia,SK,SVK,703,Rural,6,Dry latrines - Ventilated Improved Pit latrine,0.0,Eurostat environmental database - ES00
Slovakia,SK,SVK,703,Rural,7,Dry latrines - Pit latrine with slab/covered latrine,0.0,Eurostat environmental database - ES00
Slovakia,SK,SVK,703,Rural,8,Dry latrines - Traditional latrine,0.0,Eurostat environmental database - ES00
Slovakia,SK,SVK,703,Rural,9,Dry latrines - Pit latrine without slab/open pit,0.0,Eurostat environmental database - ES00
Slovakia,SK,SVK,703,Rural,10,Dry latrines - Hanging toilet/hanging latrine,0.0,Eurostat environmental database - ES00
Slovakia,SK,SVK,703,Rural,11,Dry latrines - Bucket latrine,0.0,Eurostat environmental database - ES00
Slovakia,SK,SVK,703,Rural,12,Dry latrines - Other,0.0,Eurostat environmental database - ES00
Slovakia,SK,SVK,703,Rural,13,Composting toilets,0.0,Eurostat environmental database - ES00
Slovakia,SK,SVK,703,Rural,14,Other improved,0.0,Eurostat environmental database - ES00
Slovakia,SK,SVK,703,Rural,15,"No facility, bush, field",0.0,Eurostat environmental database - ES00
Slovakia,SK,SVK,703,Rural,16,Other unimproved,0.0,Eurostat environmental database - ES00
Slovakia,SK,SVK,703,Rural,17,DK/missing information,0.0,Eurostat environmental database - ES00
Slovakia,SK,SVK,703,National,1,Flush and pour flush - to piped sewer system,0.55,Eurostat environmental database - ES00
Slovakia,SK,SVK,703,National,2,Flush and pour flush - to septic tank,0.45,Eurostat environmental database - ES00
Slovakia,SK,SVK,703,National,3,Flush and pour flush - to pit,0.0,Eurostat environmental database - ES00
Slovakia,SK,SVK,703,National,4,Flush and pour flush - to unknown place/ not sure/DK,0.0,Eurostat environmental database - ES00
Slovakia,SK,SVK,703,National,5,Flush and pour flush - to elsewhere,0.0,Eurostat environmental database - ES00
Slovakia,SK,SVK,703,National,6,Dry latrines - Ventilated Improved Pit latrine,0.0,Eurostat environmental database - ES00
Slovakia,SK,SVK,703,National,7,Dry latrines - Pit latrine with slab/covered latrine,0.0,Eurostat environmental database - ES00
Slovakia,SK,SVK,703,National,8,Dry latrines - Traditional latrine,0.0,Eurostat environmental database - ES00
Slovakia,SK,SVK,703,National,9,Dry latrines - Pit latrine without slab/open pit,0.0,Eurostat environmental database - ES00
Slovakia,SK,SVK,703,National,10,Dry latrines - Hanging toilet/hanging latrine,0.0,Eurostat environmental database - ES00
Slovakia,SK,SVK,703,National,11,Dry latrines - Bucket latrine,0.0,Eurostat environmental database - ES00
Slovakia,SK,SVK,703,National,12,Dry latrines - Other,0.0,Eurostat environmental database - ES00
Slovakia,SK,SVK,703,National,13,Composting toilets,0.0,Eurostat environmental database - ES00
Slovakia,SK,SVK,703,National,14,Other improved,0.0,Eurostat environmental database - ES00
Slovakia,SK,SVK,703,National,15,"No facility, bush, field",0.0,Eurostat environmental database - ES00
Slovakia,SK,SVK,703,National,16,Other unimproved,0.0,Eurostat environmental database - ES00
Slovakia,SK,SVK,703,National,17,DK/missing information,0.0,Eurostat environmental database - ES00
Slovakia,SK,SVK,703,Urban,1,Flush and pour flush - to piped sewer system,0.0,Eurostat environmental database - ES01
Slovakia,SK,SVK,703,Urban,2,Flush and pour flush - to septic tank,0.0,Eurostat environmental database - ES01
Slovakia,SK,SVK,703,Urban,3,Flush and pour flush - to pit,0.0,Eurostat environmental database - ES01
Slovakia,SK,SVK,703,Urban,4,Flush and pour flush - to unknown place/ not sure/DK,0.0,Eurostat environmental database - ES01
Slovakia,SK,SVK,703,Urban,5,Flush and pour flush - to elsewhere,0.0,Eurostat environmental database - ES01
Slovakia,SK,SVK,703,Urban,6,Dry latrines - Ventilated Improved Pit latrine,0.0,Eurostat environmental database - ES01
Slovakia,SK,SVK,703,Urban,7,Dry latrines - Pit latrine with slab/covered latrine,0.0,Eurostat environmental database - ES01
Slovakia,SK,SVK,703,Urban,8,Dry latrines - Traditional latrine,0.0,Eurostat environmental database - ES01
Slovakia,SK,SVK,703,Urban,9,Dry latrines - Pit latrine without slab/open pit,0.0,Eurostat environmental database - ES01
Slovakia,SK,SVK,703,Urban,10,Dry latrines - Hanging toilet/hanging latrine,0.0,Eurostat environmental database - ES01
Slovakia,SK,SVK,703,Urban,11,Dry latrines - Bucket latrine,0.0,Eurostat environmental database - ES01
Slovakia,SK,SVK,703,Urban,12,Dry latrines - Other,0.0,Eurostat environmental database - ES01
Slovakia,SK,SVK,703,Urban,13,Composting toilets,0.0,Eurostat environmental database - ES01
Slovakia,SK,SVK,703,Urban,14,Other improved,0.0,Eurostat environmental database - ES01
Slovakia,SK,SVK,703,Urban,15,"No facility, bush, field",0.0,Eurostat environmental database - ES01
Slovakia,SK,SVK,703,Urban,16,Other unimproved,0.0,Eurostat environmental database - ES01
Slovakia,SK,SVK,703,Urban,17,DK/missing information,0.0,Eurostat environmental database - ES01
Slovakia,SK,SVK,703,Rural,1,Flush and pour flush - to piped sewer system,0.0,Eurostat environmental database - ES01
Slovakia,SK,SVK,703,Rural,2,Flush and pour flush - to septic tank,0.0,Eurostat environmental database - ES01
Slovakia,SK,SVK,703,Rural,3,Flush and pour flush - to pit,0.0,Eurostat environmental database - ES01
Slovakia,SK,SVK,703,Rural,4,Flush and pour flush - to unknown place/ not sure/DK,0.0,Eurostat environmental database - ES01
Slovakia,SK,SVK,703,Rural,5,Flush and pour flush - to elsewhere,0.0,Eurostat environmental database - ES01
Slovakia,SK,SVK,703,Rural,6,Dry latrines - Ventilated Improved Pit latrine,0.0,Eurostat environmental database - ES01
Slovakia,SK,SVK,703,Rural,7,Dry latrines - Pit latrine with slab/covered latrine,0.0,Eurostat environmental database - ES01
Slovakia,SK,SVK,703,Rural,8,Dry latrines - Traditional latrine,0.0,Eurostat environmental database - ES01
Slovakia,SK,SVK,703,Rural,9,Dry latrines - Pit latrine without slab/open pit,0.0,Eurostat environmental database - ES01
Slovakia,SK,SVK,703,Rural,10,Dry latrines - Hanging toilet/hanging latrine,0.0,Eurostat environmental database - ES01
Slovakia,SK,SVK,703,Rural,11,Dry latrines - Bucket latrine,0.0,Eurostat environmental database - ES01
Slovakia,SK,SVK,703,Rural,12,Dry latrines - Other,0.0,Eurostat environmental database - ES01
Slovakia,SK,SVK,703,Rural,13,Composting toilets,0.0,Eurostat environmental database - ES01
Slovakia,SK,SVK,703,Rural,14,Other improved,0.0,Eurostat environmental database - ES01
Slovakia,SK,SVK,703,Rural,15,"No facility, bush, field",0.0,Eurostat environmental database - ES01
Slovakia,SK,SVK,703,Rural,16,Other unimproved,0.0,Eurostat environmental database - ES01
Slovakia,SK,SVK,703,Rural,17,DK/missing information,0.0,Eurostat environmental database - ES01
Slovakia,SK,SVK,703,National,1,Flush and pour flush - to piped sewer system,0.55,Eurostat environmental database - ES01
Slovakia,SK,SVK,703,National,2,Flush and pour flush - to septic tank,0.45,Eurostat environmental database - ES01
Slovakia,SK,SVK,703,National,3,Flush and pour flush - to pit,0.0,Eurostat environmental database - ES01
Slovakia,SK,SVK,703,National,4,Flush and pour flush - to unknown place/ not sure/DK,0.0,Eurostat environmental database - ES01
Slovakia,SK,SVK,703,National,5,Flush and pour flush - to elsewhere,0.0,Eurostat environmental database - ES01
Slovakia,SK,SVK,703,National,6,Dry latrines - Ventilated Improved Pit latrine,0.0,Eurostat environmental database - ES01
Slovakia,SK,SVK,703,National,7,Dry latrines - Pit latrine with slab/covered latrine,0.0,Eurostat environmental database - ES01
Slovakia,SK,SVK,703,National,8,Dry latrines - Traditional latrine,0.0,Eurostat environmental database - ES01
Slovakia,SK,SVK,703,National,9,Dry latrines - Pit latrine without slab/open pit,0.0,Eurostat environmental database - ES01
Slovakia,SK,SVK,703,National,10,Dry latrines - Hanging toilet/hanging latrine,0.0,Eurostat environmental database - ES01
Slovakia,SK,SVK,703,National,11,Dry latrines - Bucket latrine,0.0,Eurostat environmental database - ES01
Slovakia,SK,SVK,703,National,12,Dry latrines - Other,0.0,Eurostat environmental database - ES01
Slovakia,SK,SVK,703,National,13,Composting toilets,0.0,Eurostat environmental database - ES01
Slovakia,SK,SVK,703,National,14,Other improved,0.0,Eurostat environmental database - ES01
Slovakia,SK,SVK,703,National,15,"No facility, bush, field",0.0,Eurostat environmental database - ES01
Slovakia,SK,SVK,703,National,16,Other unimproved,0.0,Eurostat environmental database - ES01
Slovakia,SK,SVK,703,National,17,DK/missing information,0.0,Eurostat environmental database - ES01
Slovakia,SK,SVK,703,Urban,1,Flush and pour flush - to piped sewer system,0.0,Eurostat environmental database - ES02
Slovakia,SK,SVK,703,Urban,2,Flush and pour flush - to septic tank,0.0,Eurostat environmental database - ES02
Slovakia,SK,SVK,703,Urban,3,Flush and pour flush - to pit,0.0,Eurostat environmental database - ES02
Slovakia,SK,SVK,703,Urban,4,Flush and pour flush - to unknown place/ not sure/DK,0.0,Eurostat environmental database - ES02
Slovakia,SK,SVK,703,Urban,5,Flush and pour flush - to elsewhere,0.0,Eurostat environmental database - ES02
Slovakia,SK,SVK,703,Urban,6,Dry latrines - Ventilated Improved Pit latrine,0.0,Eurostat environmental database - ES02
Slovakia,SK,SVK,703,Urban,7,Dry latrines - Pit latrine with slab/covered latrine,0.0,Eurostat environmental database - ES02
Slovakia,SK,SVK,703,Urban,8,Dry latrines - Traditional latrine,0.0,Eurostat environmental database - ES02
Slovakia,SK,SVK,703,Urban,9,Dry latrines - Pit latrine without slab/open pit,0.0,Eurostat environmental database - ES02
Slovakia,SK,SVK,703,Urban,10,Dry latrines - Hanging toilet/hanging latrine,0.0,Eurostat environmental database - ES02
Slovakia,SK,SVK,703,Urban,11,Dry latrines - Bucket latrine,0.0,Eurostat environmental database - ES02
Slovakia,SK,SVK,703,Urban,12,Dry latrines - Other,0.0,Eurostat environmental database - ES02
Slovakia,SK,SVK,703,Urban,13,Composting toilets,0.0,Eurostat environmental database - ES02
Slovakia,SK,SVK,703,Urban,14,Other improved,0.0,Eurostat environmental database - ES02
Slovakia,SK,SVK,703,Urban,15,"No facility, bush, field",0.0,Eurostat environmental database - ES02
Slovakia,SK,SVK,703,Urban,16,Other unimproved,0.0,Eurostat environmental database - ES02
Slovakia,SK,SVK,703,Urban,17,DK/missing information,0.0,Eurostat environmental database - ES02
Slovakia,SK,SVK,703,Rural,1,Flush and pour flush - to piped sewer system,0.0,Eurostat environmental database - ES02
Slovakia,SK,SVK,703,Rural,2,Flush and pour flush - to septic tank,0.0,Eurostat environmental database - ES02
Slovakia,SK,SVK,703,Rural,3,Flush and pour flush - to pit,0.0,Eurostat environmental database - ES02
Slovakia,SK,SVK,703,Rural,4,Flush and pour flush - to unknown place/ not sure/DK,0.0,Eurostat environmental database - ES02
Slovakia,SK,SVK,703,Rural,5,Flush and pour flush - to elsewhere,0.0,Eurostat environmental database - ES02
Slovakia,SK,SVK,703,Rural,6,Dry latrines - Ventilated Improved Pit latrine,0.0,Eurostat environmental database - ES02
Slovakia,SK,SVK,703,Rural,7,Dry latrines - Pit latrine with slab/covered latrine,0.0,Eurostat environmental database - ES02
Slovakia,SK,SVK,703,Rural,8,Dry latrines - Traditional latrine,0.0,Eurostat environmental database - ES02
Slovakia,SK,SVK,703,Rural,9,Dry latrines - Pit latrine without slab/open pit,0.0,Eurostat environmental database - ES02
Slovakia,SK,SVK,703,Rural,10,Dry latrines - Hanging toilet/hanging latrine,0.0,Eurostat environmental database - ES02
Slovakia,SK,SVK,703,Rural,11,Dry latrines - Bucket latrine,0.0,Eurostat environmental database - ES02
Slovakia,SK,SVK,703,Rural,12,Dry latrines - Other,0.0,Eurostat environmental database - ES02
Slovakia,SK,SVK,703,Rural,13,Composting toilets,0.0,Eurostat environmental database - ES02
Slovakia,SK,SVK,703,Rural,14,Other improved,0.0,Eurostat environmental database - ES02
Slovakia,SK,SVK,703,Rural,15,"No facility, bush, field",0.0,Eurostat environmental database - ES02
Slovakia,SK,SVK,703,Rural,16,Other unimproved,0.0,Eurostat environmental database - ES02
Slovakia,SK,SVK,703,Rural,17,DK/missing information,0.0,Eurostat environmental database - ES02
Slovakia,SK,SVK,703,National,1,Flush and pour flush - to piped sewer system,0.55,Eurostat environmental database - ES02
Slovakia,SK,SVK,703,National,2,Flush and pour flush - to septic tank,0.45,Eurostat environmental database - ES02
Slovakia,SK,SVK,703,National,3,Flush and pour flush - to pit,0.0,Eurostat environmental database - ES02
Slovakia,SK,SVK,703,National,4,Flush and pour flush - to unknown place/ not sure/DK,0.0,Eurostat environmental database - ES02
Slovakia,SK,SVK,703,National,5,Flush and pour flush - to elsewhere,0.0,Eurostat environmental database - ES02
Slovakia,SK,SVK,703,National,6,Dry latrines - Ventilated Improved Pit latrine,0.0,Eurostat environmental database - ES02
Slovakia,SK,SVK,703,National,7,Dry latrines - Pit latrine with slab/covered latrine,0.0,Eurostat environmental database - ES02
Slovakia,SK,SVK,703,National,8,Dry latrines - Traditional latrine,0.0,Eurostat environmental database - ES02
Slovakia,SK,SVK,703,National,9,Dry latrines - Pit latrine without slab/open pit,0.0,Eurostat environmental database - ES02
Slovakia,SK,SVK,703,National,10,Dry latrines - Hanging toilet/hanging latrine,0.0,Eurostat environmental database - ES02
Slovakia,SK,SVK,703,National,11,Dry latrines - Bucket latrine,0.0,Eurostat environmental database - ES02
Slovakia,SK,SVK,703,National,12,Dry latrines - Other,0.0,Eurostat environmental database - ES02
Slovakia,SK,SVK,703,National,13,Composting toilets,0.0,Eurostat environmental database - ES02
Slovakia,SK,SVK,703,National,14,Other improved,0.0,Eurostat environmental database - ES02
Slovakia,SK,SVK,703,National,15,"No facility, bush, field",0.0,Eurostat environmental database - ES02
Slovakia,SK,SVK,703,National,16,Other unimproved,0.0,Eurostat environmental database - ES02
Slovakia,SK,SVK,703,National,17,DK/missing information,0.0,Eurostat environmental database - ES02
Slovakia,SK,SVK,703,Urban,1,Flush and pour flush - to piped sewer system,0.0,Eurostat environmental database - ES03
Slovakia,SK,SVK,703,Urban,2,Flush and pour flush - to septic tank,0.0,Eurostat environmental database - ES03
Slovakia,SK,SVK,703,Urban,3,Flush and pour flush - to pit,0.0,Eurostat environmental database - ES03
Slovakia,SK,SVK,703,Urban,4,Flush and pour flush - to unknown place/ not sure/DK,0.0,Eurostat environmental database - ES03
Slovakia,SK,SVK,703,Urban,5,Flush and pour flush - to elsewhere,0.0,Eurostat environmental database - ES03
Slovakia,SK,SVK,703,Urban,6,Dry latrines - Ventilated Improved Pit latrine,0.0,Eurostat environmental database - ES03
Slovakia,SK,SVK,703,Urban,7,Dry latrines - Pit latrine with slab/covered latrine,0.0,Eurostat environmental database - ES03
Slovakia,SK,SVK,703,Urban,8,Dry latrines - Traditional latrine,0.0,Eurostat environmental database - ES03
Slovakia,SK,SVK,703,Urban,9,Dry latrines - Pit latrine without slab/open pit,0.0,Eurostat environmental database - ES03
Slovakia,SK,SVK,703,Urban,10,Dry latrines - Hanging toilet/hanging latrine,0.0,Eurostat environmental database - ES03
Slovakia,SK,SVK,703,Urban,11,Dry latrines - Bucket latrine,0.0,Eurostat environmental database - ES03
Slovakia,SK,SVK,703,Urban,12,Dry latrines - Other,0.0,Eurostat environmental database - ES03
Slovakia,SK,SVK,703,Urban,13,Composting toilets,0.0,Eurostat environmental database - ES03
Slovakia,SK,SVK,703,Urban,14,Other improved,0.0,Eurostat environmental database - ES03
Slovakia,SK,SVK,703,Urban,15,"No facility, bush, field",0.0,Eurostat environmental database - ES03
Slovakia,SK,SVK,703,Urban,16,Other unimproved,0.0,Eurostat environmental database - ES03
Slovakia,SK,SVK,703,Urban,17,DK/missing information,0.0,Eurostat environmental database - ES03
Slovakia,SK,SVK,703,Rural,1,Flush and pour flush - to piped sewer system,0.0,Eurostat environmental database - ES03
Slovakia,SK,SVK,703,Rural,2,Flush and pour flush - to septic tank,0.0,Eurostat environmental database - ES03
Slovakia,SK,SVK,703,Rural,3,Flush and pour flush - to pit,0.0,Eurostat environmental database - ES03
Slovakia,SK,SVK,703,Rural,4,Flush and pour flush - to unknown place/ not sure/DK,0.0,Eurostat environmental database - ES03
Slovakia,SK,SVK,703,Rural,5,Flush and pour flush - to elsewhere,0.0,Eurostat environmental database - ES03
Slovakia,SK,SVK,703,Rural,6,Dry latrines - Ventilated Improved Pit latrine,0.0,Eurostat environmental database - ES03
Slovakia,SK,SVK,703,Rural,7,Dry latrines - Pit latrine with slab/covered latrine,0.0,Eurostat environmental database - ES03
Slovakia,SK,SVK,703,Rural,8,Dry latrines - Traditional latrine,0.0,Eurostat environmental database - ES03
Slovakia,SK,SVK,703,Rural,9,Dry latrines - Pit latrine without slab/open pit,0.0,Eurostat environmental database - ES03
Slovakia,SK,SVK,703,Rural,10,Dry latrines - Hanging toilet/hanging latrine,0.0,Eurostat environmental database - ES03
Slovakia,SK,SVK,703,Rural,11,Dry latrines - Bucket latrine,0.0,Eurostat environmental database - ES03
Slovakia,SK,SVK,703,Rural,12,Dry latrines - Other,0.0,Eurostat environmental database - ES03
Slovakia,SK,SVK,703,Rural,13,Composting toilets,0.0,Eurostat environmental database - ES03
Slovakia,SK,SVK,703,Rural,14,Other improved,0.0,Eurostat environmental database - ES03
Slovakia,SK,SVK,703,Rural,15,"No facility, bush, field",0.0,Eurostat environmental database - ES03
Slovakia,SK,SVK,703,Rural,16,Other unimproved,0.0,Eurostat environmental database - ES03
Slovakia,SK,SVK,703,Rural,17,DK/missing information,0.0,Eurostat environmental database - ES03
Slovakia,SK,SVK,703,National,1,Flush and pour flush - to piped sewer system,0.56,Eurostat environmental database - ES03
Slovakia,SK,SVK,703,National,2,Flush and pour flush - to septic tank,0.45,Eurostat environmental database - ES03
Slovakia,SK,SVK,703,National,3,Flush and pour flush - to pit,0.0,Eurostat environmental database - ES03
Slovakia,SK,SVK,703,National,4,Flush and pour flush - to unknown place/ not sure/DK,0.0,Eurostat environmental database - ES03
Slovakia,SK,SVK,703,National,5,Flush and pour flush - to elsewhere,0.0,Eurostat environmental database - ES03
Slovakia,SK,SVK,703,National,6,Dry latrines - Ventilated Improved Pit latrine,0.0,Eurostat environmental database - ES03
Slovakia,SK,SVK,703,National,7,Dry latrines - Pit latrine with slab/covered latrine,0.0,Eurostat environmental database - ES03
Slovakia,SK,SVK,703,National,8,Dry latrines - Traditional latrine,0.0,Eurostat environmental database - ES03
Slovakia,SK,SVK,703,National,9,Dry latrines - Pit latrine without slab/open pit,0.0,Eurostat environmental database - ES03
Slovakia,SK,SVK,703,National,10,Dry latrines - Hanging toilet/hanging latrine,0.0,Eurostat environmental database - ES03
Slovakia,SK,SVK,703,National,11,Dry latrines - Bucket latrine,0.0,Eurostat environmental database - ES03
Slovakia,SK,SVK,703,National,12,Dry latrines - Other,0.0,Eurostat environmental database - ES03
Slovakia,SK,SVK,703,National,13,Composting toilets,0.0,Eurostat environmental database - ES03
Slovakia,SK,SVK,703,National,14,Other improved,0.0,Eurostat environmental database - ES03
Slovakia,SK,SVK,703,National,15,"No facility, bush, field",0.0,Eurostat environmental database - ES03
Slovakia,SK,SVK,703,National,16,Other unimproved,0.0,Eurostat environmental database - ES03
Slovakia,SK,SVK,703,National,17,DK/missing information,0.0,Eurostat environmental database - ES03
Slovakia,SK,SVK,703,Urban,1,Flush and pour flush - to piped sewer system,0.815,World Health Survey - WHS03
Slovakia,SK,SVK,703,Urban,2,Flush and pour flush - to septic tank,0.157,World Health Survey - WHS03
Slovakia,SK,SVK,703,Urban,3,Flush and pour flush - to pit,0.0,World Health Survey - WHS03
Slovakia,SK,SVK,703,Urban,4,Flush and pour flush - to unknown place/ not sure/DK,0.0,World Health Survey - WHS03
Slovakia,SK,SVK,703,Urban,5,Flush and pour flush - to elsewhere,0.0,World Health Survey - WHS03
Slovakia,SK,SVK,703,Urban,6,Dry latrines - Ventilated Improved Pit latrine,0.0,World Health Survey - WHS03
Slovakia,SK,SVK,703,Urban,7,Dry latrines - Pit latrine with slab/covered latrine,0.019,World Health Survey - WHS03
Slovakia,SK,SVK,703,Urban,8,Dry latrines - Traditional latrine,0.0,World Health Survey - WHS03
Slovakia,SK,SVK,703,Urban,9,Dry latrines - Pit latrine without slab/open pit,0.0,World Health Survey - WHS03
Slovakia,SK,SVK,703,Urban,10,Dry latrines - Hanging toilet/hanging latrine,0.0,World Health Survey - WHS03
Slovakia,SK,SVK,703,Urban,11,Dry latrines - Bucket latrine,0.007,World Health Survey - WHS03
Slovakia,SK,SVK,703,Urban,7,Dry latrines - Pit latrine with slab/covered latrine,0.019,World Health Survey - WHS03
Slovakia,SK,SVK,703,Urban,7,Dry latrines - Pit latrine with slab/covered latrine,0.0,World Health Survey - WHS03
Slovakia,SK,SVK,703,Urban,8,Dry latrines - Traditional latrine,0.0,World Health Survey - WHS03
Slovakia,SK,SVK,703,Urban,9,Dry latrines - Pit latrine without slab/open pit,0.0,World Health Survey - WHS03
Slovakia,SK,SVK,703,Urban,10,Dry latrines - Hanging toilet/hanging latrine,0.0,World Health Survey - WHS03
Slovakia,SK,SVK,703,Urban,11,Dry latrines - Bucket latrine,0.0,World Health Survey - WHS03
Slovakia,SK,SVK,703,Urban,12,Dry latrines - Other,0.0,World Health Survey - WHS03
Slovakia,SK,SVK,703,Urban,13,Composting toilets,0.0,World Health Survey - WHS03
Slovakia,SK,SVK,703,Urban,14,Other improved,0.0,World Health Survey - WHS03
Slovakia,SK,SVK,703,Urban,15,"No facility, bush, field",0.0,World Health Survey - WHS03
Slovakia,SK,SVK,703,Urban,16,Other unimproved,0.0,World Health Survey - WHS03
Slovakia,SK,SVK,703,Urban,17,DK/missing information,0.0,World Health Survey - WHS03
Slovakia,SK,SVK,703,Rural,1,Flush and pour flush - to piped sewer system,0.552,World Health Survey - WHS03
Slovakia,SK,SVK,703,Rural,2,Flush and pour flush - to septic tank,0.392,World Health Survey - WHS03
Slovakia,SK,SVK,703,Rural,3,Flush and pour flush - to pit,0.0,World Health Survey - WHS03
Slovakia,SK,SVK,703,Rural,4,Flush and pour flush - to unknown place/ not sure/DK,0.0,World Health Survey - WHS03
Slovakia,SK,SVK,703,Rural,5,Flush and pour flush - to elsewhere,0.0,World Health Survey - WHS03
Slovakia,SK,SVK,703,Rural,6,Dry latrines - Ventilated Improved Pit latrine,0.0,World Health Survey - WHS03
Slovakia,SK,SVK,703,Rural,7,Dry latrines - Pit latrine with slab/covered latrine,0.056,World Health Survey - WHS03
Slovakia,SK,SVK,703,Rural,8,Dry latrines - Traditional latrine,0.0,World Health Survey - WHS03
Slovakia,SK,SVK,703,Rural,9,Dry latrines - Pit latrine without slab/open pit,0.0,World Health Survey - WHS03
Slovakia,SK,SVK,703,Rural,10,Dry latrines - Hanging toilet/hanging latrine,0.0,World Health Survey - WHS03
Slovakia,SK,SVK,703,Rural,11,Dry latrines - Bucket latrine,0.0,World Health Survey - WHS03
Slovakia,SK,SVK,703,Rural,7,Dry latrines - Pit latrine with slab/covered latrine,0.056,World Health Survey - WHS03
Slovakia,SK,SVK,703,Rural,7,Dry latrines - Pit latrine with slab/covered latrine,0.0,World Health Survey - WHS03
Slovakia,SK,SVK,703,Rural,8,Dry latrines - Traditional latrine,0.0,World Health Survey - WHS03
Slovakia,SK,SVK,703,Rural,9,Dry latrines - Pit latrine without slab/open pit,0.0,World Health Survey - WHS03
Slovakia,SK,SVK,703,Rural,10,Dry latrines - Hanging toilet/hanging latrine,0.0,World Health Survey - WHS03
Slovakia,SK,SVK,703,Rural,11,Dry latrines - Bucket latrine,0.0,World Health Survey - WHS03
Slovakia,SK,SVK,703,Rural,12,Dry latrines - Other,0.0,World Health Survey - WHS03
Slovakia,SK,SVK,703,Rural,13,Composting toilets,0.0,World Health Survey - WHS03
Slovakia,SK,SVK,703,Rural,14,Other improved,0.0,World Health Survey - WHS03
Slovakia,SK,SVK,703,Rural,15,"No facility, bush, field",0.0,World Health Survey - WHS03
Slovakia,SK,SVK,703,Rural,16,Other unimproved,0.0,World Health Survey - WHS03
Slovakia,SK,SVK,703,Rural,17,DK/missing information,0.0,World Health Survey - WHS03
Slovakia,SK,SVK,703,National,1,Flush and pour flush - to piped sewer system,0.0,World Health Survey - WHS03
Slovakia,SK,SVK,703,National,2,Flush and pour flush - to septic tank,0.0,World Health Survey - WHS03
Slovakia,SK,SVK,703,National,3,Flush and pour flush - to pit,0.0,World Health Survey - WHS03
Slovakia,SK,SVK,703,National,4,Flush and pour flush - to unknown place/ not sure/DK,0.0,World Health Survey - WHS03
Slovakia,SK,SVK,703,National,5,Flush and pour flush - to elsewhere,0.0,World Health Survey - WHS03
Slovakia,SK,SVK,703,National,6,Dry latrines - Ventilated Improved Pit latrine,0.0,World Health Survey - WHS03
Slovakia,SK,SVK,703,National,7,Dry latrines - Pit latrine with slab/covered latrine,0.0,World Health Survey - WHS03
Slovakia,SK,SVK,703,National,8,Dry latrines - Traditional latrine,0.0,World Health Survey - WHS03
Slovakia,SK,SVK,703,National,9,Dry latrines - Pit latrine without slab/open pit,0.0,World Health Survey - WHS03
Slovakia,SK,SVK,703,National,10,Dry latrines - Hanging toilet/hanging latrine,0.0,World Health Survey - WHS03
Slovakia,SK,SVK,703,National,11,Dry latrines - Bucket latrine,0.0,World Health Survey - WHS03
Slovakia,SK,SVK,703,National,12,Dry latrines - Other,0.0,World Health Survey - WHS03
Slovakia,SK,SVK,703,National,13,Composting toilets,0.0,World Health Survey - WHS03
Slovakia,SK,SVK,703,National,14,Other improved,0.0,World Health Survey - WHS03
Slovakia,SK,SVK,703,National,15,"No facility, bush, field",0.0,World Health Survey - WHS03
Slovakia,SK,SVK,703,National,16,Other unimproved,0.0,World Health Survey - WHS03
Slovakia,SK,SVK,703,National,17,DK/missing information,0.0,World Health Survey - WHS03
Slovakia,SK,SVK,703,Urban,1,Flush and pour flush - to piped sewer system,0.0,IBNET - IBNET04
Slovakia,SK,SVK,703,Urban,2,Flush and pour flush - to septic tank,0.0,IBNET - IBNET04
Slovakia,SK,SVK,703,Urban,3,Flush and pour flush - to pit,0.0,IBNET - IBNET04
Slovakia,SK,SVK,703,Urban,4,Flush and pour flush - to unknown place/ not sure/DK,0.0,IBNET - IBNET04
Slovakia,SK,SVK,703,Urban,5,Flush and pour flush - to elsewhere,0.0,IBNET - IBNET04
Slovakia,SK,SVK,703,Urban,6,Dry latrines - Ventilated Improved Pit latrine,0.0,IBNET - IBNET04
Slovakia,SK,SVK,703,Urban,7,Dry latrines - Pit latrine with slab/covered latrine,0.0,IBNET - IBNET04
Slovakia,SK,SVK,703,Urban,8,Dry latrines - Traditional latrine,0.0,IBNET - IBNET04
Slovakia,SK,SVK,703,Urban,9,Dry latrines - Pit latrine without slab/open pit,0.0,IBNET - IBNET04
Slovakia,SK,SVK,703,Urban,10,Dry latrines - Hanging toilet/hanging latrine,0.0,IBNET - IBNET04
Slovakia,SK,SVK,703,Urban,11,Dry latrines - Bucket latrine,0.0,IBNET - IBNET04
Slovakia,SK,SVK,703,Urban,12,Dry latrines - Other,0.0,IBNET - IBNET04
Slovakia,SK,SVK,703,Urban,13,Composting toilets,0.0,IBNET - IBNET04
Slovakia,SK,SVK,703,Urban,14,Other improved,0.0,IBNET - IBNET04
Slovakia,SK,SVK,703,Urban,15,"No facility, bush, field",0.0,IBNET - IBNET04
Slovakia,SK,SVK,703,Urban,16,Other unimproved,0.0,IBNET - IBNET04
Slovakia,SK,SVK,703,Urban,17,DK/missing information,0.0,IBNET - IBNET04
Slovakia,SK,SVK,703,Rural,1,Flush and pour flush - to piped sewer system,0.0,IBNET - IBNET04
Slovakia,SK,SVK,703,Rural,2,Flush and pour flush - to septic tank,0.0,IBNET - IBNET04
Slovakia,SK,SVK,703,Rural,3,Flush and pour flush - to pit,0.0,IBNET - IBNET04
Slovakia,SK,SVK,703,Rural,4,Flush and pour flush - to unknown place/ not sure/DK,0.0,IBNET - IBNET04
Slovakia,SK,SVK,703,Rural,5,Flush and pour flush - to elsewhere,0.0,IBNET - IBNET04
Slovakia,SK,SVK,703,Rural,6,Dry latrines - Ventilated Improved Pit latrine,0.0,IBNET - IBNET04
Slovakia,SK,SVK,703,Rural,7,Dry latrines - Pit latrine with slab/covered latrine,0.0,IBNET - IBNET04
Slovakia,SK,SVK,703,Rural,8,Dry latrines - Traditional latrine,0.0,IBNET - IBNET04
Slovakia,SK,SVK,703,Rural,9,Dry latrines - Pit latrine without slab/open pit,0.0,IBNET - IBNET04
Slovakia,SK,SVK,703,Rural,10,Dry latrines - Hanging toilet/hanging latrine,0.0,IBNET - IBNET04
Slovakia,SK,SVK,703,Rural,11,Dry latrines - Bucket latrine,0.0,IBNET - IBNET04
Slovakia,SK,SVK,703,Rural,12,Dry latrines - Other,0.0,IBNET - IBNET04
Slovakia,SK,SVK,703,Rural,13,Composting toilets,0.0,IBNET - IBNET04
Slovakia,SK,SVK,703,Rural,14,Other improved,0.0,IBNET - IBNET04
Slovakia,SK,SVK,703,Rural,15,"No facility, bush, field",0.0,IBNET - IBNET04
Slovakia,SK,SVK,703,Rural,16,Other unimproved,0.0,IBNET - IBNET04
Slovakia,SK,SVK,703,Rural,17,DK/missing information,0.0,IBNET - IBNET04
Slovakia,SK,SVK,703,National,1,Flush and pour flush - to piped sewer system,0.0,IBNET - IBNET04
Slovakia,SK,SVK,703,National,2,Flush and pour flush - to septic tank,0.0,IBNET - IBNET04
Slovakia,SK,SVK,703,National,3,Flush and pour flush - to pit,0.0,IBNET - IBNET04
Slovakia,SK,SVK,703,National,4,Flush and pour flush - to unknown place/ not sure/DK,0.0,IBNET - IBNET04
Slovakia,SK,SVK,703,National,5,Flush and pour flush - to elsewhere,0.0,IBNET - IBNET04
Slovakia,SK,SVK,703,National,6,Dry latrines - Ventilated Improved Pit latrine,0.0,IBNET - IBNET04
Slovakia,SK,SVK,703,National,7,Dry latrines - Pit latrine with slab/covered latrine,0.0,IBNET - IBNET04
Slovakia,SK,SVK,703,National,8,Dry latrines - Traditional latrine,0.0,IBNET - IBNET04
Slovakia,SK,SVK,703,National,9,Dry latrines - Pit latrine without slab/open pit,0.0,IBNET - IBNET04
Slovakia,SK,SVK,703,National,10,Dry latrines - Hanging toilet/hanging latrine,0.0,IBNET - IBNET04
Slovakia,SK,SVK,703,National,11,Dry latrines - Bucket latrine,0.0,IBNET - IBNET04
Slovakia,SK,SVK,703,National,12,Dry latrines - Other,0.0,IBNET - IBNET04
Slovakia,SK,SVK,703,National,13,Composting toilets,0.0,IBNET - IBNET04
Slovakia,SK,SVK,703,National,14,Other improved,0.0,IBNET - IBNET04
Slovakia,SK,SVK,703,National,15,"No facility, bush, field",0.0,IBNET - IBNET04
Slovakia,SK,SVK,703,National,16,Other unimproved,0.0,IBNET - IBNET04
Slovakia,SK,SVK,703,National,17,DK/missing information,0.0,IBNET - IBNET04
Slovakia,SK,SVK,703,Urban,1,Flush and pour flush - to piped sewer system,0.998,Eurostat SILC database - EUSILC13
Slovakia,SK,SVK,703,Urban,2,Flush and pour flush - to septic tank,0.0,Eurostat SILC database - EUSILC13
Slovakia,SK,SVK,703,Urban,3,Flush and pour flush - to pit,0.0,Eurostat SILC database - EUSILC13
Slovakia,SK,SVK,703,Urban,4,Flush and pour flush - to unknown place/ not sure/DK,0.0,Eurostat SILC database - EUSILC13
Slovakia,SK,SVK,703,Urban,5,Flush and pour flush - to elsewhere,0.0,Eurostat SILC database - EUSILC13
Slovakia,SK,SVK,703,Urban,6,Dry latrines - Ventilated Improved Pit latrine,0.0,Eurostat SILC database - EUSILC13
Slovakia,SK,SVK,703,Urban,7,Dry latrines - Pit latrine with slab/covered latrine,0.0,Eurostat SILC database - EUSILC13
Slovakia,SK,SVK,703,Urban,8,Dry latrines - Traditional latrine,0.0,Eurostat SILC database - EUSILC13
Slovakia,SK,SVK,703,Urban,9,Dry latrines - Pit latrine without slab/open pit,0.0,Eurostat SILC database - EUSILC13
Slovakia,SK,SVK,703,Urban,10,Dry latrines - Hanging toilet/hanging latrine,0.0,Eurostat SILC database - EUSILC13
Slovakia,SK,SVK,703,Urban,11,Dry latrines - Bucket latrine,0.0,Eurostat SILC database - EUSILC13
Slovakia,SK,SVK,703,Urban,12,Dry latrines - Other,0.0,Eurostat SILC database - EUSILC13
Slovakia,SK,SVK,703,Urban,13,Composting toilets,0.0,Eurostat SILC database - EUSILC13
Slovakia,SK,SVK,703,Urban,14,Other improved,0.0,Eurostat SILC database - EUSILC13
Slovakia,SK,SVK,703,Urban,15,"No facility, bush, field",0.0,Eurostat SILC database - EUSILC13
Slovakia,SK,SVK,703,Urban,16,Other unimproved,0.002,Eurostat SILC database - EUSILC13
Slovakia,SK,SVK,703,Urban,17,DK/missing information,0.0,Eurostat SILC database - EUSILC13
Slovakia,SK,SVK,703,Rural,1,Flush and pour flush - to piped sewer system,0.989,Eurostat SILC database - EUSILC13
Slovakia,SK,SVK,703,Rural,2,Flush and pour flush - to septic tank,0.0,Eurostat SILC database - EUSILC13
Slovakia,SK,SVK,703,Rural,3,Flush and pour flush - to pit,0.0,Eurostat SILC database - EUSILC13
Slovakia,SK,SVK,703,Rural,4,Flush and pour flush - to unknown place/ not sure/DK,0.0,Eurostat SILC database - EUSILC13
Slovakia,SK,SVK,703,Rural,5,Flush and pour flush - to elsewhere,0.0,Eurostat SILC database - EUSILC13
Slovakia,SK,SVK,703,Rural,6,Dry latrines - Ventilated Improved Pit latrine,0.0,Eurostat SILC database - EUSILC13
Slovakia,SK,SVK,703,Rural,7,Dry latrines - Pit latrine with slab/covered latrine,0.0,Eurostat SILC database - EUSILC13
Slovakia,SK,SVK,703,Rural,8,Dry latrines - Traditional latrine,0.0,Eurostat SILC database - EUSILC13
Slovakia,SK,SVK,703,Rural,9,Dry latrines - Pit latrine without slab/open pit,0.0,Eurostat SILC database - EUSILC13
Slovakia,SK,SVK,703,Rural,10,Dry latrines - Hanging toilet/hanging latrine,0.0,Eurostat SILC database - EUSILC13
Slovakia,SK,SVK,703,Rural,11,Dry latrines - Bucket latrine,0.0,Eurostat SILC database - EUSILC13
Slovakia,SK,SVK,703,Rural,12,Dry latrines - Other,0.0,Eurostat SILC database - EUSILC13
Slovakia,SK,SVK,703,Rural,13,Composting toilets,0.0,Eurostat SILC database - EUSILC13
Slovakia,SK,SVK,703,Rural,14,Other improved,0.0,Eurostat SILC database - EUSILC13
Slovakia,SK,SVK,703,Rural,15,"No facility, bush, field",0.0,Eurostat SILC database - EUSILC13
Slovakia,SK,SVK,703,Rural,16,Other unimproved,0.011,Eurostat SILC database - EUSILC13
Slovakia,SK,SVK,703,Rural,17,DK/missing information,0.0,Eurostat SILC database - EUSILC13
Slovakia,SK,SVK,703,National,1,Flush and pour flush - to piped sewer system,0.994,Eurostat SILC database - EUSILC13
Slovakia,SK,SVK,703,National,2,Flush and pour flush - to septic tank,0.0,Eurostat SILC database - EUSILC13
Slovakia,SK,SVK,703,National,3,Flush and pour flush - to pit,0.0,Eurostat SILC database - EUSILC13
Slovakia,SK,SVK,703,National,4,Flush and pour flush - to unknown place/ not sure/DK,0.0,Eurostat SILC database - EUSILC13
Slovakia,SK,SVK,703,National,5,Flush and pour flush - to elsewhere,0.0,Eurostat SILC database - EUSILC13
Slovakia,SK,SVK,703,National,6,Dry latrines - Ventilated Improved Pit latrine,0.0,Eurostat SILC database - EUSILC13
Slovakia,SK,SVK,703,National,7,Dry latrines - Pit latrine with slab/covered latrine,0.0,Eurostat SILC database - EUSILC13
Slovakia,SK,SVK,703,National,8,Dry latrines - Traditional latrine,0.0,Eurostat SILC database - EUSILC13
Slovakia,SK,SVK,703,National,9,Dry latrines - Pit latrine without slab/open pit,0.0,Eurostat SILC database - EUSILC13
Slovakia,SK,SVK,703,National,10,Dry latrines - Hanging toilet/hanging latrine,0.0,Eurostat SILC database - EUSILC13
Slovakia,SK,SVK,703,National,11,Dry latrines - Bucket latrine,0.0,Eurostat SILC database - EUSILC13
Slovakia,SK,SVK,703,National,12,Dry latrines - Other,0.0,Eurostat SILC database - EUSILC13
Slovakia,SK,SVK,703,National,13,Composting toilets,0.0,Eurostat SILC database - EUSILC13
Slovakia,SK,SVK,703,National,14,Other improved,0.0,Eurostat SILC database - EUSILC13
Slovakia,SK,SVK,703,National,15,"No facility, bush, field",0.0,Eurostat SILC database - EUSILC13
Slovakia,SK,SVK,703,National,16,Other unimproved,0.006,Eurostat SILC database - EUSILC13
Slovakia,SK,SVK,703,National,17,DK/missing information,0.0,Eurostat SILC database - EUSILC13
Slovakia,SK,SVK,703,Urban,1,Flush and pour flush - to piped sewer system,0.999,Eurostat SILC database - EUSILC14
Slovakia,SK,SVK,703,Urban,2,Flush and pour flush - to septic tank,0.0,Eurostat SILC database - EUSILC14
Slovakia,SK,SVK,703,Urban,3,Flush and pour flush - to pit,0.0,Eurostat SILC database - EUSILC14
Slovakia,SK,SVK,703,Urban,4,Flush and pour flush - to unknown place/ not sure/DK,0.0,Eurostat SILC database - EUSILC14
Slovakia,SK,SVK,703,Urban,5,Flush and pour flush - to elsewhere,0.0,Eurostat SILC database - EUSILC14
Slovakia,SK,SVK,703,Urban,6,Dry latrines - Ventilated Improved Pit latrine,0.0,Eurostat SILC database - EUSILC14
Slovakia,SK,SVK,703,Urban,7,Dry latrines - Pit latrine with slab/covered latrine,0.0,Eurostat SILC database - EUSILC14
Slovakia,SK,SVK,703,Urban,8,Dry latrines - Traditional latrine,0.0,Eurostat SILC database - EUSILC14
Slovakia,SK,SVK,703,Urban,9,Dry latrines - Pit latrine without slab/open pit,0.0,Eurostat SILC database - EUSILC14
Slovakia,SK,SVK,703,Urban,10,Dry latrines - Hanging toilet/hanging latrine,0.0,Eurostat SILC database - EUSILC14
Slovakia,SK,SVK,703,Urban,11,Dry latrines - Bucket latrine,0.0,Eurostat SILC database - EUSILC14
Slovakia,SK,SVK,703,Urban,12,Dry latrines - Other,0.0,Eurostat SILC database - EUSILC14
Slovakia,SK,SVK,703,Urban,13,Composting toilets,0.0,Eurostat SILC database - EUSILC14
Slovakia,SK,SVK,703,Urban,14,Other improved,0.0,Eurostat SILC database - EUSILC14
Slovakia,SK,SVK,703,Urban,15,"No facility, bush, field",0.0,Eurostat SILC database - EUSILC14
Slovakia,SK,SVK,703,Urban,16,Other unimproved,0.001,Eurostat SILC database - EUSILC14
Slovakia,SK,SVK,703,Urban,17,DK/missing information,0.0,Eurostat SILC database - EUSILC14
Slovakia,SK,SVK,703,Rural,1,Flush and pour flush - to piped sewer system,0.975,Eurostat SILC database - EUSILC14
Slovakia,SK,SVK,703,Rural,2,Flush and pour flush - to septic tank,0.0,Eurostat SILC database - EUSILC14
Slovakia,SK,SVK,703,Rural,3,Flush and pour flush - to pit,0.0,Eurostat SILC database - EUSILC14
Slovakia,SK,SVK,703,Rural,4,Flush and pour flush - to unknown place/ not sure/DK,0.0,Eurostat SILC database - EUSILC14
Slovakia,SK,SVK,703,Rural,5,Flush and pour flush - to elsewhere,0.0,Eurostat SILC database - EUSILC14
Slovakia,SK,SVK,703,Rural,6,Dry latrines - Ventilated Improved Pit latrine,0.0,Eurostat SILC database - EUSILC14
Slovakia,SK,SVK,703,Rural,7,Dry latrines - Pit latrine with slab/covered latrine,0.0,Eurostat SILC database - EUSILC14
Slovakia,SK,SVK,703,Rural,8,Dry latrines - Traditional latrine,0.0,Eurostat SILC database - EUSILC14
Slovakia,SK,SVK,703,Rural,9,Dry latrines - Pit latrine without slab/open pit,0.0,Eurostat SILC database - EUSILC14
Slovakia,SK,SVK,703,Rural,10,Dry latrines - Hanging toilet/hanging latrine,0.0,Eurostat SILC database - EUSILC14
Slovakia,SK,SVK,703,Rural,11,Dry latrines - Bucket latrine,0.0,Eurostat SILC database - EUSILC14
Slovakia,SK,SVK,703,Rural,12,Dry latrines - Other,0.0,Eurostat SILC database - EUSILC14
Slovakia,SK,SVK,703,Rural,13,Composting toilets,0.0,Eurostat SILC database - EUSILC14
Slovakia,SK,SVK,703,Rural,14,Other improved,0.0,Eurostat SILC database - EUSILC14
Slovakia,SK,SVK,703,Rural,15,"No facility, bush, field",0.0,Eurostat SILC database - EUSILC14
Slovakia,SK,SVK,703,Rural,16,Other unimproved,0.025,Eurostat SILC database - EUSILC14
Slovakia,SK,SVK,703,Rural,17,DK/missing information,0.0,Eurostat SILC database - EUSILC14
Slovakia,SK,SVK,703,National,1,Flush and pour flush - to piped sewer system,0.987,Eurostat SILC database - EUSILC14
Slovakia,SK,SVK,703,National,2,Flush and pour flush - to septic tank,0.0,Eurostat SILC database - EUSILC14
Slovakia,SK,SVK,703,National,3,Flush and pour flush - to pit,0.0,Eurostat SILC database - EUSILC14
Slovakia,SK,SVK,703,National,4,Flush and pour flush - to unknown place/ not sure/DK,0.0,Eurostat SILC database - EUSILC14
Slovakia,SK,SVK,703,National,5,Flush and pour flush - to elsewhere,0.0,Eurostat SILC database - EUSILC14
Slovakia,SK,SVK,703,National,6,Dry latrines - Ventilated Improved Pit latrine,0.0,Eurostat SILC database - EUSILC14
Slovakia,SK,SVK,703,National,7,Dry latrines - Pit latrine with slab/covered latrine,0.0,Eurostat SILC database - EUSILC14
Slovakia,SK,SVK,703,National,8,Dry latrines - Traditional latrine,0.0,Eurostat SILC database - EUSILC14
Slovakia,SK,SVK,703,National,9,Dry latrines - Pit latrine without slab/open pit,0.0,Eurostat SILC database - EUSILC14
Slovakia,SK,SVK,703,National,10,Dry latrines - Hanging toilet/hanging latrine,0.0,Eurostat SILC database - EUSILC14
Slovakia,SK,SVK,703,National,11,Dry latrines - Bucket latrine,0.0,Eurostat SILC database - EUSILC14
Slovakia,SK,SVK,703,National,12,Dry latrines - Other,0.0,Eurostat SILC database - EUSILC14
Slovakia,SK,SVK,703,National,13,Composting toilets,0.0,Eurostat SILC database - EUSILC14
Slovakia,SK,SVK,703,National,14,Other improved,0.0,Eurostat SILC database - EUSILC14
Slovakia,SK,SVK,703,National,15,"No facility, bush, field",0.0,Eurostat SILC database - EUSILC14
Slovakia,SK,SVK,703,National,16,Other unimproved,0.013,Eurostat SILC database - EUSILC14
Slovakia,SK,SVK,703,National,17,DK/missing information,0.0,Eurostat SILC database - EUSILC14
Slovakia,SK,SVK,703,Urban,1,Flush and pour flush - to piped sewer system,0.998,Eurostat SILC database - EUSILC15
Slovakia,SK,SVK,703,Urban,2,Flush and pour flush - to septic tank,0.0,Eurostat SILC database - EUSILC15
Slovakia,SK,SVK,703,Urban,3,Flush and pour flush - to pit,0.0,Eurostat SILC database - EUSILC15
Slovakia,SK,SVK,703,Urban,4,Flush and pour flush - to unknown place/ not sure/DK,0.0,Eurostat SILC database - EUSILC15
Slovakia,SK,SVK,703,Urban,5,Flush and pour flush - to elsewhere,0.0,Eurostat SILC database - EUSILC15
Slovakia,SK,SVK,703,Urban,6,Dry latrines - Ventilated Improved Pit latrine,0.0,Eurostat SILC database - EUSILC15
Slovakia,SK,SVK,703,Urban,7,Dry latrines - Pit latrine with slab/covered latrine,0.0,Eurostat SILC database - EUSILC15
Slovakia,SK,SVK,703,Urban,8,Dry latrines - Traditional latrine,0.0,Eurostat SILC database - EUSILC15
Slovakia,SK,SVK,703,Urban,9,Dry latrines - Pit latrine without slab/open pit,0.0,Eurostat SILC database - EUSILC15
Slovakia,SK,SVK,703,Urban,10,Dry latrines - Hanging toilet/hanging latrine,0.0,Eurostat SILC database - EUSILC15
Slovakia,SK,SVK,703,Urban,11,Dry latrines - Bucket latrine,0.0,Eurostat SILC database - EUSILC15
Slovakia,SK,SVK,703,Urban,12,Dry latrines - Other,0.0,Eurostat SILC database - EUSILC15
Slovakia,SK,SVK,703,Urban,13,Composting toilets,0.0,Eurostat SILC database - EUSILC15
Slovakia,SK,SVK,703,Urban,14,Other improved,0.0,Eurostat SILC database - EUSILC15
Slovakia,SK,SVK,703,Urban,15,"No facility, bush, field",0.0,Eurostat SILC database - EUSILC15
Slovakia,SK,SVK,703,Urban,16,Other unimproved,0.002,Eurostat SILC database - EUSILC15
Slovakia,SK,SVK,703,Urban,17,DK/missing information,0.0,Eurostat SILC database - EUSILC15
Slovakia,SK,SVK,703,Rural,1,Flush and pour flush - to piped sewer system,0.974,Eurostat SILC database - EUSILC15
Slovakia,SK,SVK,703,Rural,2,Flush and pour flush - to septic tank,0.0,Eurostat SILC database - EUSILC15
Slovakia,SK,SVK,703,Rural,3,Flush and pour flush - to pit,0.0,Eurostat SILC database - EUSILC15
Slovakia,SK,SVK,703,Rural,4,Flush and pour flush - to unknown place/ not sure/DK,0.0,Eurostat SILC database - EUSILC15
Slovakia,SK,SVK,703,Rural,5,Flush and pour flush - to elsewhere,0.0,Eurostat SILC database - EUSILC15
Slovakia,SK,SVK,703,Rural,6,Dry latrines - Ventilated Improved Pit latrine,0.0,Eurostat SILC database - EUSILC15
Slovakia,SK,SVK,703,Rural,7,Dry latrines - Pit latrine with slab/covered latrine,0.0,Eurostat SILC database - EUSILC15
Slovakia,SK,SVK,703,Rural,8,Dry latrines - Traditional latrine,0.0,Eurostat SILC database - EUSILC15
Slovakia,SK,SVK,703,Rural,9,Dry latrines - Pit latrine without slab/open pit,0.0,Eurostat SILC database - EUSILC15
Slovakia,SK,SVK,703,Rural,10,Dry latrines - Hanging toilet/hanging latrine,0.0,Eurostat SILC database - EUSILC15
Slovakia,SK,SVK,703,Rural,11,Dry latrines - Bucket latrine,0.0,Eurostat SILC database - EUSILC15
Slovakia,SK,SVK,703,Rural,12,Dry latrines - Other,0.0,Eurostat SILC database - EUSILC15
Slovakia,SK,SVK,703,Rural,13,Composting toilets,0.0,Eurostat SILC database - EUSILC15
Slovakia,SK,SVK,703,Rural,14,Other improved,0.0,Eurostat SILC database - EUSILC15
Slovakia,SK,SVK,703,Rural,15,"No facility, bush, field",0.0,Eurostat SILC database - EUSILC15
Slovakia,SK,SVK,703,Rural,16,Other unimproved,0.026,Eurostat SILC database - EUSILC15
Slovakia,SK,SVK,703,Rural,17,DK/missing information,0.0,Eurostat SILC database - EUSILC15
Slovakia,SK,SVK,703,National,1,Flush and pour flush - to piped sewer system,0.986,Eurostat SILC database - EUSILC15
Slovakia,SK,SVK,703,National,2,Flush and pour flush - to septic tank,0.0,Eurostat SILC database - EUSILC15
Slovakia,SK,SVK,703,National,3,Flush and pour flush - to pit,0.0,Eurostat SILC database - EUSILC15
Slovakia,SK,SVK,703,National,4,Flush and pour flush - to unknown place/ not sure/DK,0.0,Eurostat SILC database - EUSILC15
Slovakia,SK,SVK,703,National,5,Flush and pour flush - to elsewhere,0.0,Eurostat SILC database - EUSILC15
Slovakia,SK,SVK,703,National,6,Dry latrines - Ventilated Improved Pit latrine,0.0,Eurostat SILC database - EUSILC15
Slovakia,SK,SVK,703,National,7,Dry latrines - Pit latrine with slab/covered latrine,0.0,Eurostat SILC database - EUSILC15
Slovakia,SK,SVK,703,National,8,Dry latrines - Traditional latrine,0.0,Eurostat SILC database - EUSILC15
Slovakia,SK,SVK,703,National,9,Dry latrines - Pit latrine without slab/open pit,0.0,Eurostat SILC database - EUSILC15
Slovakia,SK,SVK,703,National,10,Dry latrines - Hanging toilet/hanging latrine,0.0,Eurostat SILC database - EUSILC15
Slovakia,SK,SVK,703,National,11,Dry latrines - Bucket latrine,0.0,Eurostat SILC database - EUSILC15
Slovakia,SK,SVK,703,National,12,Dry latrines - Other,0.0,Eurostat SILC database - EUSILC15
Slovakia,SK,SVK,703,National,13,Composting toilets,0.0,Eurostat SILC database - EUSILC15
Slovakia,SK,SVK,703,National,14,Other improved,0.0,Eurostat SILC database - EUSILC15
Slovakia,SK,SVK,703,National,15,"No facility, bush, field",0.0,Eurostat SILC database - EUSILC15
Slovakia,SK,SVK,703,National,16,Other unimproved,0.014,Eurostat SILC database - EUSILC15
Slovakia,SK,SVK,703,National,17,DK/missing information,0.0,Eurostat SILC database - EUSILC15
