country,alpha-2,alpha-3,numeric,context,classific_id,classification,percentage,source
Turkey,TR,TUR,792,Urban,1,Flush and pour flush - to piped sewer system,0.0,Demographic and Health Survey - DHS03
Turkey,TR,TUR,792,Urban,2,Flush and pour flush - to septic tank,0.0,Demographic and Health Survey - DHS03
Turkey,TR,TUR,792,Urban,3,Flush and pour flush - to pit,0.0,Demographic and Health Survey - DHS03
Turkey,TR,TUR,792,Urban,4,Flush and pour flush - to unknown place/ not sure/DK,0.0,Demographic and Health Survey - DHS03
Turkey,TR,TUR,792,Urban,5,Flush and pour flush - to elsewhere,0.0,Demographic and Health Survey - DHS03
Turkey,TR,TUR,792,Urban,6,Dry latrines - Ventilated Improved Pit latrine,0.0,Demographic and Health Survey - DHS03
Turkey,TR,TUR,792,Urban,7,Dry latrines - Pit latrine with slab/covered latrine,0.05,Demographic and Health Survey - DHS03
Turkey,TR,TUR,792,Urban,8,Dry latrines - Traditional latrine,0.0,Demographic and Health Survey - DHS03
Turkey,TR,TUR,792,Urban,9,Dry latrines - Pit latrine without slab/open pit,0.018,Demographic and Health Survey - DHS03
Turkey,TR,TUR,792,Urban,10,Dry latrines - Hanging toilet/hanging latrine,0.0,Demographic and Health Survey - DHS03
Turkey,TR,TUR,792,Urban,11,Dry latrines - Bucket latrine,0.0,Demographic and Health Survey - DHS03
Turkey,TR,TUR,792,Urban,12,Dry latrines - Other,0.0,Demographic and Health Survey - DHS03
Turkey,TR,TUR,792,Urban,13,Composting toilets,0.0,Demographic and Health Survey - DHS03
Turkey,TR,TUR,792,Urban,14,Other improved,0.0,Demographic and Health Survey - DHS03
Turkey,TR,TUR,792,Urban,15,"No facility, bush, field",0.002,Demographic and Health Survey - DHS03
Turkey,TR,TUR,792,Urban,16,Other unimproved,0.003,Demographic and Health Survey - DHS03
Turkey,TR,TUR,792,Urban,17,DK/missing information,0.001,Demographic and Health Survey - DHS03
Turkey,TR,TUR,792,Rural,1,Flush and pour flush - to piped sewer system,0.0,Demographic and Health Survey - DHS03
Turkey,TR,TUR,792,Rural,2,Flush and pour flush - to septic tank,0.0,Demographic and Health Survey - DHS03
Turkey,TR,TUR,792,Rural,3,Flush and pour flush - to pit,0.0,Demographic and Health Survey - DHS03
Turkey,TR,TUR,792,Rural,4,Flush and pour flush - to unknown place/ not sure/DK,0.0,Demographic and Health Survey - DHS03
Turkey,TR,TUR,792,Rural,5,Flush and pour flush - to elsewhere,0.0,Demographic and Health Survey - DHS03
Turkey,TR,TUR,792,Rural,6,Dry latrines - Ventilated Improved Pit latrine,0.0,Demographic and Health Survey - DHS03
Turkey,TR,TUR,792,Rural,7,Dry latrines - Pit latrine with slab/covered latrine,0.385,Demographic and Health Survey - DHS03
Turkey,TR,TUR,792,Rural,8,Dry latrines - Traditional latrine,0.0,Demographic and Health Survey - DHS03
Turkey,TR,TUR,792,Rural,9,Dry latrines - Pit latrine without slab/open pit,0.229,Demographic and Health Survey - DHS03
Turkey,TR,TUR,792,Rural,10,Dry latrines - Hanging toilet/hanging latrine,0.0,Demographic and Health Survey - DHS03
Turkey,TR,TUR,792,Rural,11,Dry latrines - Bucket latrine,0.0,Demographic and Health Survey - DHS03
Turkey,TR,TUR,792,Rural,12,Dry latrines - Other,0.0,Demographic and Health Survey - DHS03
Turkey,TR,TUR,792,Rural,13,Composting toilets,0.0,Demographic and Health Survey - DHS03
Turkey,TR,TUR,792,Rural,14,Other improved,0.0,Demographic and Health Survey - DHS03
Turkey,TR,TUR,792,Rural,15,"No facility, bush, field",0.011,Demographic and Health Survey - DHS03
Turkey,TR,TUR,792,Rural,16,Other unimproved,0.018,Demographic and Health Survey - DHS03
Turkey,TR,TUR,792,Rural,17,DK/missing information,0.0,Demographic and Health Survey - DHS03
Turkey,TR,TUR,792,National,1,Flush and pour flush - to piped sewer system,0.0,Demographic and Health Survey - DHS03
Turkey,TR,TUR,792,National,2,Flush and pour flush - to septic tank,0.0,Demographic and Health Survey - DHS03
Turkey,TR,TUR,792,National,3,Flush and pour flush - to pit,0.0,Demographic and Health Survey - DHS03
Turkey,TR,TUR,792,National,4,Flush and pour flush - to unknown place/ not sure/DK,0.0,Demographic and Health Survey - DHS03
Turkey,TR,TUR,792,National,5,Flush and pour flush - to elsewhere,0.0,Demographic and Health Survey - DHS03
Turkey,TR,TUR,792,National,6,Dry latrines - Ventilated Improved Pit latrine,0.0,Demographic and Health Survey - DHS03
Turkey,TR,TUR,792,National,7,Dry latrines - Pit latrine with slab/covered latrine,0.148,Demographic and Health Survey - DHS03
Turkey,TR,TUR,792,National,8,Dry latrines - Traditional latrine,0.0,Demographic and Health Survey - DHS03
Turkey,TR,TUR,792,National,9,Dry latrines - Pit latrine without slab/open pit,0.08,Demographic and Health Survey - DHS03
Turkey,TR,TUR,792,National,10,Dry latrines - Hanging toilet/hanging latrine,0.0,Demographic and Health Survey - DHS03
Turkey,TR,TUR,792,National,11,Dry latrines - Bucket latrine,0.0,Demographic and Health Survey - DHS03
Turkey,TR,TUR,792,National,12,Dry latrines - Other,0.0,Demographic and Health Survey - DHS03
Turkey,TR,TUR,792,National,13,Composting toilets,0.0,Demographic and Health Survey - DHS03
Turkey,TR,TUR,792,National,14,Other improved,0.0,Demographic and Health Survey - DHS03
Turkey,TR,TUR,792,National,15,"No facility, bush, field",0.005,Demographic and Health Survey - DHS03
Turkey,TR,TUR,792,National,16,Other unimproved,0.007,Demographic and Health Survey - DHS03
Turkey,TR,TUR,792,National,17,DK/missing information,0.001,Demographic and Health Survey - DHS03
Turkey,TR,TUR,792,Urban,1,Flush and pour flush - to piped sewer system,0.86,Turkish Statistical Institute - TSI04
Turkey,TR,TUR,792,Urban,2,Flush and pour flush - to septic tank,0.0,Turkish Statistical Institute - TSI04
Turkey,TR,TUR,792,Urban,3,Flush and pour flush - to pit,0.0,Turkish Statistical Institute - TSI04
Turkey,TR,TUR,792,Urban,4,Flush and pour flush - to unknown place/ not sure/DK,0.0,Turkish Statistical Institute - TSI04
Turkey,TR,TUR,792,Urban,5,Flush and pour flush - to elsewhere,0.0,Turkish Statistical Institute - TSI04
Turkey,TR,TUR,792,Urban,6,Dry latrines - Ventilated Improved Pit latrine,0.0,Turkish Statistical Institute - TSI04
Turkey,TR,TUR,792,Urban,7,Dry latrines - Pit latrine with slab/covered latrine,0.0,Turkish Statistical Institute - TSI04
Turkey,TR,TUR,792,Urban,8,Dry latrines - Traditional latrine,0.0,Turkish Statistical Institute - TSI04
Turkey,TR,TUR,792,Urban,9,Dry latrines - Pit latrine without slab/open pit,0.0,Turkish Statistical Institute - TSI04
Turkey,TR,TUR,792,Urban,10,Dry latrines - Hanging toilet/hanging latrine,0.0,Turkish Statistical Institute - TSI04
Turkey,TR,TUR,792,Urban,11,Dry latrines - Bucket latrine,0.0,Turkish Statistical Institute - TSI04
Turkey,TR,TUR,792,Urban,12,Dry latrines - Other,0.0,Turkish Statistical Institute - TSI04
Turkey,TR,TUR,792,Urban,13,Composting toilets,0.0,Turkish Statistical Institute - TSI04
Turkey,TR,TUR,792,Urban,14,Other improved,0.0,Turkish Statistical Institute - TSI04
Turkey,TR,TUR,792,Urban,15,"No facility, bush, field",0.0,Turkish Statistical Institute - TSI04
Turkey,TR,TUR,792,Urban,16,Other unimproved,0.0,Turkish Statistical Institute - TSI04
Turkey,TR,TUR,792,Urban,17,DK/missing information,0.0,Turkish Statistical Institute - TSI04
Turkey,TR,TUR,792,Rural,1,Flush and pour flush - to piped sewer system,0.0,Turkish Statistical Institute - TSI04
Turkey,TR,TUR,792,Rural,2,Flush and pour flush - to septic tank,0.0,Turkish Statistical Institute - TSI04
Turkey,TR,TUR,792,Rural,3,Flush and pour flush - to pit,0.0,Turkish Statistical Institute - TSI04
Turkey,TR,TUR,792,Rural,4,Flush and pour flush - to unknown place/ not sure/DK,0.0,Turkish Statistical Institute - TSI04
Turkey,TR,TUR,792,Rural,5,Flush and pour flush - to elsewhere,0.0,Turkish Statistical Institute - TSI04
Turkey,TR,TUR,792,Rural,6,Dry latrines - Ventilated Improved Pit latrine,0.0,Turkish Statistical Institute - TSI04
Turkey,TR,TUR,792,Rural,7,Dry latrines - Pit latrine with slab/covered latrine,0.0,Turkish Statistical Institute - TSI04
Turkey,TR,TUR,792,Rural,8,Dry latrines - Traditional latrine,0.0,Turkish Statistical Institute - TSI04
Turkey,TR,TUR,792,Rural,9,Dry latrines - Pit latrine without slab/open pit,0.0,Turkish Statistical Institute - TSI04
Turkey,TR,TUR,792,Rural,10,Dry latrines - Hanging toilet/hanging latrine,0.0,Turkish Statistical Institute - TSI04
Turkey,TR,TUR,792,Rural,11,Dry latrines - Bucket latrine,0.0,Turkish Statistical Institute - TSI04
Turkey,TR,TUR,792,Rural,12,Dry latrines - Other,0.0,Turkish Statistical Institute - TSI04
Turkey,TR,TUR,792,Rural,13,Composting toilets,0.0,Turkish Statistical Institute - TSI04
Turkey,TR,TUR,792,Rural,14,Other improved,0.0,Turkish Statistical Institute - TSI04
Turkey,TR,TUR,792,Rural,15,"No facility, bush, field",0.0,Turkish Statistical Institute - TSI04
Turkey,TR,TUR,792,Rural,16,Other unimproved,0.0,Turkish Statistical Institute - TSI04
Turkey,TR,TUR,792,Rural,17,DK/missing information,0.0,Turkish Statistical Institute - TSI04
Turkey,TR,TUR,792,National,1,Flush and pour flush - to piped sewer system,0.0,Turkish Statistical Institute - TSI04
Turkey,TR,TUR,792,National,2,Flush and pour flush - to septic tank,0.0,Turkish Statistical Institute - TSI04
Turkey,TR,TUR,792,National,3,Flush and pour flush - to pit,0.0,Turkish Statistical Institute - TSI04
Turkey,TR,TUR,792,National,4,Flush and pour flush - to unknown place/ not sure/DK,0.0,Turkish Statistical Institute - TSI04
Turkey,TR,TUR,792,National,5,Flush and pour flush - to elsewhere,0.0,Turkish Statistical Institute - TSI04
Turkey,TR,TUR,792,National,6,Dry latrines - Ventilated Improved Pit latrine,0.0,Turkish Statistical Institute - TSI04
Turkey,TR,TUR,792,National,7,Dry latrines - Pit latrine with slab/covered latrine,0.0,Turkish Statistical Institute - TSI04
Turkey,TR,TUR,792,National,8,Dry latrines - Traditional latrine,0.0,Turkish Statistical Institute - TSI04
Turkey,TR,TUR,792,National,9,Dry latrines - Pit latrine without slab/open pit,0.0,Turkish Statistical Institute - TSI04
Turkey,TR,TUR,792,National,10,Dry latrines - Hanging toilet/hanging latrine,0.0,Turkish Statistical Institute - TSI04
Turkey,TR,TUR,792,National,11,Dry latrines - Bucket latrine,0.0,Turkish Statistical Institute - TSI04
Turkey,TR,TUR,792,National,12,Dry latrines - Other,0.0,Turkish Statistical Institute - TSI04
Turkey,TR,TUR,792,National,13,Composting toilets,0.0,Turkish Statistical Institute - TSI04
Turkey,TR,TUR,792,National,14,Other improved,0.0,Turkish Statistical Institute - TSI04
Turkey,TR,TUR,792,National,15,"No facility, bush, field",0.0,Turkish Statistical Institute - TSI04
Turkey,TR,TUR,792,National,16,Other unimproved,0.0,Turkish Statistical Institute - TSI04
Turkey,TR,TUR,792,National,17,DK/missing information,0.0,Turkish Statistical Institute - TSI04
Turkey,TR,TUR,792,Urban,1,Flush and pour flush - to piped sewer system,0.0,Census - CEN11
Turkey,TR,TUR,792,Urban,2,Flush and pour flush - to septic tank,0.0,Census - CEN11
Turkey,TR,TUR,792,Urban,3,Flush and pour flush - to pit,0.0,Census - CEN11
Turkey,TR,TUR,792,Urban,4,Flush and pour flush - to unknown place/ not sure/DK,0.0,Census - CEN11
Turkey,TR,TUR,792,Urban,5,Flush and pour flush - to elsewhere,0.0,Census - CEN11
Turkey,TR,TUR,792,Urban,6,Dry latrines - Ventilated Improved Pit latrine,0.0,Census - CEN11
Turkey,TR,TUR,792,Urban,7,Dry latrines - Pit latrine with slab/covered latrine,0.0,Census - CEN11
Turkey,TR,TUR,792,Urban,8,Dry latrines - Traditional latrine,0.0,Census - CEN11
Turkey,TR,TUR,792,Urban,9,Dry latrines - Pit latrine without slab/open pit,0.0,Census - CEN11
Turkey,TR,TUR,792,Urban,10,Dry latrines - Hanging toilet/hanging latrine,0.0,Census - CEN11
Turkey,TR,TUR,792,Urban,11,Dry latrines - Bucket latrine,0.0,Census - CEN11
Turkey,TR,TUR,792,Urban,12,Dry latrines - Other,0.0,Census - CEN11
Turkey,TR,TUR,792,Urban,13,Composting toilets,0.0,Census - CEN11
Turkey,TR,TUR,792,Urban,14,Other improved,0.0,Census - CEN11
Turkey,TR,TUR,792,Urban,15,"No facility, bush, field",0.0,Census - CEN11
Turkey,TR,TUR,792,Urban,16,Other unimproved,0.021,Census - CEN11
Turkey,TR,TUR,792,Urban,17,DK/missing information,0.0,Census - CEN11
Turkey,TR,TUR,792,Rural,1,Flush and pour flush - to piped sewer system,0.0,Census - CEN11
Turkey,TR,TUR,792,Rural,2,Flush and pour flush - to septic tank,0.0,Census - CEN11
Turkey,TR,TUR,792,Rural,3,Flush and pour flush - to pit,0.0,Census - CEN11
Turkey,TR,TUR,792,Rural,4,Flush and pour flush - to unknown place/ not sure/DK,0.0,Census - CEN11
Turkey,TR,TUR,792,Rural,5,Flush and pour flush - to elsewhere,0.0,Census - CEN11
Turkey,TR,TUR,792,Rural,6,Dry latrines - Ventilated Improved Pit latrine,0.0,Census - CEN11
Turkey,TR,TUR,792,Rural,7,Dry latrines - Pit latrine with slab/covered latrine,0.0,Census - CEN11
Turkey,TR,TUR,792,Rural,8,Dry latrines - Traditional latrine,0.0,Census - CEN11
Turkey,TR,TUR,792,Rural,9,Dry latrines - Pit latrine without slab/open pit,0.0,Census - CEN11
Turkey,TR,TUR,792,Rural,10,Dry latrines - Hanging toilet/hanging latrine,0.0,Census - CEN11
Turkey,TR,TUR,792,Rural,11,Dry latrines - Bucket latrine,0.0,Census - CEN11
Turkey,TR,TUR,792,Rural,12,Dry latrines - Other,0.0,Census - CEN11
Turkey,TR,TUR,792,Rural,13,Composting toilets,0.0,Census - CEN11
Turkey,TR,TUR,792,Rural,14,Other improved,0.0,Census - CEN11
Turkey,TR,TUR,792,Rural,15,"No facility, bush, field",0.009,Census - CEN11
Turkey,TR,TUR,792,Rural,16,Other unimproved,0.211,Census - CEN11
Turkey,TR,TUR,792,Rural,17,DK/missing information,0.0,Census - CEN11
Turkey,TR,TUR,792,National,1,Flush and pour flush - to piped sewer system,0.0,Census - CEN11
Turkey,TR,TUR,792,National,2,Flush and pour flush - to septic tank,0.0,Census - CEN11
Turkey,TR,TUR,792,National,3,Flush and pour flush - to pit,0.0,Census - CEN11
Turkey,TR,TUR,792,National,4,Flush and pour flush - to unknown place/ not sure/DK,0.0,Census - CEN11
Turkey,TR,TUR,792,National,5,Flush and pour flush - to elsewhere,0.0,Census - CEN11
Turkey,TR,TUR,792,National,6,Dry latrines - Ventilated Improved Pit latrine,0.0,Census - CEN11
Turkey,TR,TUR,792,National,7,Dry latrines - Pit latrine with slab/covered latrine,0.0,Census - CEN11
Turkey,TR,TUR,792,National,8,Dry latrines - Traditional latrine,0.0,Census - CEN11
Turkey,TR,TUR,792,National,9,Dry latrines - Pit latrine without slab/open pit,0.0,Census - CEN11
Turkey,TR,TUR,792,National,10,Dry latrines - Hanging toilet/hanging latrine,0.0,Census - CEN11
Turkey,TR,TUR,792,National,11,Dry latrines - Bucket latrine,0.0,Census - CEN11
Turkey,TR,TUR,792,National,12,Dry latrines - Other,0.0,Census - CEN11
Turkey,TR,TUR,792,National,13,Composting toilets,0.0,Census - CEN11
Turkey,TR,TUR,792,National,14,Other improved,0.0,Census - CEN11
Turkey,TR,TUR,792,National,15,"No facility, bush, field",0.0,Census - CEN11
Turkey,TR,TUR,792,National,16,Other unimproved,0.073,Census - CEN11
Turkey,TR,TUR,792,National,17,DK/missing information,0.0,Census - CEN11
Turkey,TR,TUR,792,Urban,1,Flush and pour flush - to piped sewer system,0.96,DHS-style survey - DHS13
Turkey,TR,TUR,792,Urban,2,Flush and pour flush - to septic tank,0.03,DHS-style survey - DHS13
Turkey,TR,TUR,792,Urban,3,Flush and pour flush - to pit,0.0,DHS-style survey - DHS13
Turkey,TR,TUR,792,Urban,4,Flush and pour flush - to unknown place/ not sure/DK,0.0,DHS-style survey - DHS13
Turkey,TR,TUR,792,Urban,5,Flush and pour flush - to elsewhere,0.0,DHS-style survey - DHS13
Turkey,TR,TUR,792,Urban,6,Dry latrines - Ventilated Improved Pit latrine,0.0,DHS-style survey - DHS13
Turkey,TR,TUR,792,Urban,7,Dry latrines - Pit latrine with slab/covered latrine,0.03,DHS-style survey - DHS13
Turkey,TR,TUR,792,Urban,8,Dry latrines - Traditional latrine,0.0,DHS-style survey - DHS13
Turkey,TR,TUR,792,Urban,9,Dry latrines - Pit latrine without slab/open pit,0.005,DHS-style survey - DHS13
Turkey,TR,TUR,792,Urban,7,Dry latrines - Pit latrine with slab/covered latrine,0.029,DHS-style survey - DHS13
Turkey,TR,TUR,792,Urban,7,Dry latrines - Pit latrine with slab/covered latrine,0.001,DHS-style survey - DHS13
Turkey,TR,TUR,792,Urban,8,Dry latrines - Traditional latrine,0.0,DHS-style survey - DHS13
Turkey,TR,TUR,792,Urban,9,Dry latrines - Pit latrine without slab/open pit,0.0,DHS-style survey - DHS13
Turkey,TR,TUR,792,Urban,10,Dry latrines - Hanging toilet/hanging latrine,0.0,DHS-style survey - DHS13
Turkey,TR,TUR,792,Urban,11,Dry latrines - Bucket latrine,0.0,DHS-style survey - DHS13
Turkey,TR,TUR,792,Urban,12,Dry latrines - Other,0.0,DHS-style survey - DHS13
Turkey,TR,TUR,792,Urban,13,Composting toilets,0.0,DHS-style survey - DHS13
Turkey,TR,TUR,792,Urban,14,Other improved,0.0,DHS-style survey - DHS13
Turkey,TR,TUR,792,Urban,15,"No facility, bush, field",0.0,DHS-style survey - DHS13
Turkey,TR,TUR,792,Urban,16,Other unimproved,0.0,DHS-style survey - DHS13
Turkey,TR,TUR,792,Urban,17,DK/missing information,0.0,DHS-style survey - DHS13
Turkey,TR,TUR,792,Rural,1,Flush and pour flush - to piped sewer system,0.435,DHS-style survey - DHS13
Turkey,TR,TUR,792,Rural,2,Flush and pour flush - to septic tank,0.432,DHS-style survey - DHS13
Turkey,TR,TUR,792,Rural,3,Flush and pour flush - to pit,0.0,DHS-style survey - DHS13
Turkey,TR,TUR,792,Rural,4,Flush and pour flush - to unknown place/ not sure/DK,0.0,DHS-style survey - DHS13
Turkey,TR,TUR,792,Rural,5,Flush and pour flush - to elsewhere,0.0,DHS-style survey - DHS13
Turkey,TR,TUR,792,Rural,6,Dry latrines - Ventilated Improved Pit latrine,0.0,DHS-style survey - DHS13
Turkey,TR,TUR,792,Rural,7,Dry latrines - Pit latrine with slab/covered latrine,0.432,DHS-style survey - DHS13
Turkey,TR,TUR,792,Rural,8,Dry latrines - Traditional latrine,0.0,DHS-style survey - DHS13
Turkey,TR,TUR,792,Rural,9,Dry latrines - Pit latrine without slab/open pit,0.113,DHS-style survey - DHS13
Turkey,TR,TUR,792,Rural,7,Dry latrines - Pit latrine with slab/covered latrine,0.419,DHS-style survey - DHS13
Turkey,TR,TUR,792,Rural,7,Dry latrines - Pit latrine with slab/covered latrine,0.013,DHS-style survey - DHS13
Turkey,TR,TUR,792,Rural,8,Dry latrines - Traditional latrine,0.0,DHS-style survey - DHS13
Turkey,TR,TUR,792,Rural,9,Dry latrines - Pit latrine without slab/open pit,0.0,DHS-style survey - DHS13
Turkey,TR,TUR,792,Rural,10,Dry latrines - Hanging toilet/hanging latrine,0.0,DHS-style survey - DHS13
Turkey,TR,TUR,792,Rural,11,Dry latrines - Bucket latrine,0.0,DHS-style survey - DHS13
Turkey,TR,TUR,792,Rural,12,Dry latrines - Other,0.0,DHS-style survey - DHS13
Turkey,TR,TUR,792,Rural,13,Composting toilets,0.0,DHS-style survey - DHS13
Turkey,TR,TUR,792,Rural,14,Other improved,0.0,DHS-style survey - DHS13
Turkey,TR,TUR,792,Rural,15,"No facility, bush, field",0.014,DHS-style survey - DHS13
Turkey,TR,TUR,792,Rural,16,Other unimproved,0.005,DHS-style survey - DHS13
Turkey,TR,TUR,792,Rural,17,DK/missing information,0.0,DHS-style survey - DHS13
Turkey,TR,TUR,792,National,1,Flush and pour flush - to piped sewer system,0.842,DHS-style survey - DHS13
Turkey,TR,TUR,792,National,2,Flush and pour flush - to septic tank,0.121,DHS-style survey - DHS13
Turkey,TR,TUR,792,National,3,Flush and pour flush - to pit,0.0,DHS-style survey - DHS13
Turkey,TR,TUR,792,National,4,Flush and pour flush - to unknown place/ not sure/DK,0.0,DHS-style survey - DHS13
Turkey,TR,TUR,792,National,5,Flush and pour flush - to elsewhere,0.0,DHS-style survey - DHS13
Turkey,TR,TUR,792,National,6,Dry latrines - Ventilated Improved Pit latrine,0.0,DHS-style survey - DHS13
Turkey,TR,TUR,792,National,7,Dry latrines - Pit latrine with slab/covered latrine,0.121,DHS-style survey - DHS13
Turkey,TR,TUR,792,National,8,Dry latrines - Traditional latrine,0.0,DHS-style survey - DHS13
Turkey,TR,TUR,792,National,9,Dry latrines - Pit latrine without slab/open pit,0.029,DHS-style survey - DHS13
Turkey,TR,TUR,792,National,7,Dry latrines - Pit latrine with slab/covered latrine,0.117,DHS-style survey - DHS13
Turkey,TR,TUR,792,National,7,Dry latrines - Pit latrine with slab/covered latrine,0.004,DHS-style survey - DHS13
Turkey,TR,TUR,792,National,8,Dry latrines - Traditional latrine,0.0,DHS-style survey - DHS13
Turkey,TR,TUR,792,National,9,Dry latrines - Pit latrine without slab/open pit,0.0,DHS-style survey - DHS13
Turkey,TR,TUR,792,National,10,Dry latrines - Hanging toilet/hanging latrine,0.0,DHS-style survey - DHS13
Turkey,TR,TUR,792,National,11,Dry latrines - Bucket latrine,0.0,DHS-style survey - DHS13
Turkey,TR,TUR,792,National,12,Dry latrines - Other,0.0,DHS-style survey - DHS13
Turkey,TR,TUR,792,National,13,Composting toilets,0.0,DHS-style survey - DHS13
Turkey,TR,TUR,792,National,14,Other improved,0.0,DHS-style survey - DHS13
Turkey,TR,TUR,792,National,15,"No facility, bush, field",0.003,DHS-style survey - DHS13
Turkey,TR,TUR,792,National,16,Other unimproved,0.001,DHS-style survey - DHS13
Turkey,TR,TUR,792,National,17,DK/missing information,0.0,DHS-style survey - DHS13
Turkey,TR,TUR,792,Urban,1,Flush and pour flush - to piped sewer system,0.945,Demographic and Health Survey - DHS08
Turkey,TR,TUR,792,Urban,2,Flush and pour flush - to septic tank,0.0,Demographic and Health Survey - DHS08
Turkey,TR,TUR,792,Urban,3,Flush and pour flush - to pit,0.046,Demographic and Health Survey - DHS08
Turkey,TR,TUR,792,Urban,4,Flush and pour flush - to unknown place/ not sure/DK,0.0,Demographic and Health Survey - DHS08
Turkey,TR,TUR,792,Urban,5,Flush and pour flush - to elsewhere,0.0,Demographic and Health Survey - DHS08
Turkey,TR,TUR,792,Urban,6,Dry latrines - Ventilated Improved Pit latrine,0.0,Demographic and Health Survey - DHS08
Turkey,TR,TUR,792,Urban,7,Dry latrines - Pit latrine with slab/covered latrine,0.0,Demographic and Health Survey - DHS08
Turkey,TR,TUR,792,Urban,8,Dry latrines - Traditional latrine,0.0,Demographic and Health Survey - DHS08
Turkey,TR,TUR,792,Urban,9,Dry latrines - Pit latrine without slab/open pit,0.007,Demographic and Health Survey - DHS08
Turkey,TR,TUR,792,Urban,9,Dry latrines - Pit latrine without slab/open pit,0.007,Demographic and Health Survey - DHS08
Turkey,TR,TUR,792,Urban,10,Dry latrines - Hanging toilet/hanging latrine,0.0,Demographic and Health Survey - DHS08
Turkey,TR,TUR,792,Urban,11,Dry latrines - Bucket latrine,0.0,Demographic and Health Survey - DHS08
Turkey,TR,TUR,792,Urban,12,Dry latrines - Other,0.0,Demographic and Health Survey - DHS08
Turkey,TR,TUR,792,Urban,13,Composting toilets,0.0,Demographic and Health Survey - DHS08
Turkey,TR,TUR,792,Urban,14,Other improved,0.0,Demographic and Health Survey - DHS08
Turkey,TR,TUR,792,Urban,15,"No facility, bush, field",0.001,Demographic and Health Survey - DHS08
Turkey,TR,TUR,792,Urban,16,Other unimproved,0.001,Demographic and Health Survey - DHS08
Turkey,TR,TUR,792,Urban,17,DK/missing information,0.0,Demographic and Health Survey - DHS08
Turkey,TR,TUR,792,Rural,1,Flush and pour flush - to piped sewer system,0.356,Demographic and Health Survey - DHS08
Turkey,TR,TUR,792,Rural,2,Flush and pour flush - to septic tank,0.0,Demographic and Health Survey - DHS08
Turkey,TR,TUR,792,Rural,3,Flush and pour flush - to pit,0.431,Demographic and Health Survey - DHS08
Turkey,TR,TUR,792,Rural,4,Flush and pour flush - to unknown place/ not sure/DK,0.0,Demographic and Health Survey - DHS08
Turkey,TR,TUR,792,Rural,5,Flush and pour flush - to elsewhere,0.0,Demographic and Health Survey - DHS08
Turkey,TR,TUR,792,Rural,6,Dry latrines - Ventilated Improved Pit latrine,0.0,Demographic and Health Survey - DHS08
Turkey,TR,TUR,792,Rural,7,Dry latrines - Pit latrine with slab/covered latrine,0.0,Demographic and Health Survey - DHS08
Turkey,TR,TUR,792,Rural,8,Dry latrines - Traditional latrine,0.0,Demographic and Health Survey - DHS08
Turkey,TR,TUR,792,Rural,9,Dry latrines - Pit latrine without slab/open pit,0.184,Demographic and Health Survey - DHS08
Turkey,TR,TUR,792,Rural,9,Dry latrines - Pit latrine without slab/open pit,0.184,Demographic and Health Survey - DHS08
Turkey,TR,TUR,792,Rural,10,Dry latrines - Hanging toilet/hanging latrine,0.0,Demographic and Health Survey - DHS08
Turkey,TR,TUR,792,Rural,11,Dry latrines - Bucket latrine,0.0,Demographic and Health Survey - DHS08
Turkey,TR,TUR,792,Rural,12,Dry latrines - Other,0.0,Demographic and Health Survey - DHS08
Turkey,TR,TUR,792,Rural,13,Composting toilets,0.0,Demographic and Health Survey - DHS08
Turkey,TR,TUR,792,Rural,14,Other improved,0.0,Demographic and Health Survey - DHS08
Turkey,TR,TUR,792,Rural,15,"No facility, bush, field",0.013,Demographic and Health Survey - DHS08
Turkey,TR,TUR,792,Rural,16,Other unimproved,0.014,Demographic and Health Survey - DHS08
Turkey,TR,TUR,792,Rural,17,DK/missing information,0.003,Demographic and Health Survey - DHS08
Turkey,TR,TUR,792,National,1,Flush and pour flush - to piped sewer system,0.784,Demographic and Health Survey - DHS08
Turkey,TR,TUR,792,National,2,Flush and pour flush - to septic tank,0.0,Demographic and Health Survey - DHS08
Turkey,TR,TUR,792,National,3,Flush and pour flush - to pit,0.152,Demographic and Health Survey - DHS08
Turkey,TR,TUR,792,National,4,Flush and pour flush - to unknown place/ not sure/DK,0.0,Demographic and Health Survey - DHS08
Turkey,TR,TUR,792,National,5,Flush and pour flush - to elsewhere,0.0,Demographic and Health Survey - DHS08
Turkey,TR,TUR,792,National,6,Dry latrines - Ventilated Improved Pit latrine,0.0,Demographic and Health Survey - DHS08
Turkey,TR,TUR,792,National,7,Dry latrines - Pit latrine with slab/covered latrine,0.0,Demographic and Health Survey - DHS08
Turkey,TR,TUR,792,National,8,Dry latrines - Traditional latrine,0.0,Demographic and Health Survey - DHS08
Turkey,TR,TUR,792,National,9,Dry latrines - Pit latrine without slab/open pit,0.055,Demographic and Health Survey - DHS08
Turkey,TR,TUR,792,National,9,Dry latrines - Pit latrine without slab/open pit,0.055,Demographic and Health Survey - DHS08
Turkey,TR,TUR,792,National,10,Dry latrines - Hanging toilet/hanging latrine,0.0,Demographic and Health Survey - DHS08
Turkey,TR,TUR,792,National,11,Dry latrines - Bucket latrine,0.0,Demographic and Health Survey - DHS08
Turkey,TR,TUR,792,National,12,Dry latrines - Other,0.0,Demographic and Health Survey - DHS08
Turkey,TR,TUR,792,National,13,Composting toilets,0.0,Demographic and Health Survey - DHS08
Turkey,TR,TUR,792,National,14,Other improved,0.0,Demographic and Health Survey - DHS08
Turkey,TR,TUR,792,National,15,"No facility, bush, field",0.004,Demographic and Health Survey - DHS08
Turkey,TR,TUR,792,National,16,Other unimproved,0.004,Demographic and Health Survey - DHS08
Turkey,TR,TUR,792,National,17,DK/missing information,0.001,Demographic and Health Survey - DHS08
Turkey,TR,TUR,792,Urban,1,Flush and pour flush - to piped sewer system,0.83,Municipal wastewater statistics 2012 - TSI02
Turkey,TR,TUR,792,Urban,2,Flush and pour flush - to septic tank,0.0,Municipal wastewater statistics 2012 - TSI02
Turkey,TR,TUR,792,Urban,3,Flush and pour flush - to pit,0.0,Municipal wastewater statistics 2012 - TSI02
Turkey,TR,TUR,792,Urban,4,Flush and pour flush - to unknown place/ not sure/DK,0.0,Municipal wastewater statistics 2012 - TSI02
Turkey,TR,TUR,792,Urban,5,Flush and pour flush - to elsewhere,0.0,Municipal wastewater statistics 2012 - TSI02
Turkey,TR,TUR,792,Urban,6,Dry latrines - Ventilated Improved Pit latrine,0.0,Municipal wastewater statistics 2012 - TSI02
Turkey,TR,TUR,792,Urban,7,Dry latrines - Pit latrine with slab/covered latrine,0.0,Municipal wastewater statistics 2012 - TSI02
Turkey,TR,TUR,792,Urban,8,Dry latrines - Traditional latrine,0.0,Municipal wastewater statistics 2012 - TSI02
Turkey,TR,TUR,792,Urban,9,Dry latrines - Pit latrine without slab/open pit,0.0,Municipal wastewater statistics 2012 - TSI02
Turkey,TR,TUR,792,Urban,10,Dry latrines - Hanging toilet/hanging latrine,0.0,Municipal wastewater statistics 2012 - TSI02
Turkey,TR,TUR,792,Urban,11,Dry latrines - Bucket latrine,0.0,Municipal wastewater statistics 2012 - TSI02
Turkey,TR,TUR,792,Urban,12,Dry latrines - Other,0.0,Municipal wastewater statistics 2012 - TSI02
Turkey,TR,TUR,792,Urban,13,Composting toilets,0.0,Municipal wastewater statistics 2012 - TSI02
Turkey,TR,TUR,792,Urban,14,Other improved,0.0,Municipal wastewater statistics 2012 - TSI02
Turkey,TR,TUR,792,Urban,15,"No facility, bush, field",0.0,Municipal wastewater statistics 2012 - TSI02
Turkey,TR,TUR,792,Urban,16,Other unimproved,0.0,Municipal wastewater statistics 2012 - TSI02
Turkey,TR,TUR,792,Urban,17,DK/missing information,0.0,Municipal wastewater statistics 2012 - TSI02
Turkey,TR,TUR,792,Rural,1,Flush and pour flush - to piped sewer system,0.0,Municipal wastewater statistics 2012 - TSI02
Turkey,TR,TUR,792,Rural,2,Flush and pour flush - to septic tank,0.0,Municipal wastewater statistics 2012 - TSI02
Turkey,TR,TUR,792,Rural,3,Flush and pour flush - to pit,0.0,Municipal wastewater statistics 2012 - TSI02
Turkey,TR,TUR,792,Rural,4,Flush and pour flush - to unknown place/ not sure/DK,0.0,Municipal wastewater statistics 2012 - TSI02
Turkey,TR,TUR,792,Rural,5,Flush and pour flush - to elsewhere,0.0,Municipal wastewater statistics 2012 - TSI02
Turkey,TR,TUR,792,Rural,6,Dry latrines - Ventilated Improved Pit latrine,0.0,Municipal wastewater statistics 2012 - TSI02
Turkey,TR,TUR,792,Rural,7,Dry latrines - Pit latrine with slab/covered latrine,0.0,Municipal wastewater statistics 2012 - TSI02
Turkey,TR,TUR,792,Rural,8,Dry latrines - Traditional latrine,0.0,Municipal wastewater statistics 2012 - TSI02
Turkey,TR,TUR,792,Rural,9,Dry latrines - Pit latrine without slab/open pit,0.0,Municipal wastewater statistics 2012 - TSI02
Turkey,TR,TUR,792,Rural,10,Dry latrines - Hanging toilet/hanging latrine,0.0,Municipal wastewater statistics 2012 - TSI02
Turkey,TR,TUR,792,Rural,11,Dry latrines - Bucket latrine,0.0,Municipal wastewater statistics 2012 - TSI02
Turkey,TR,TUR,792,Rural,12,Dry latrines - Other,0.0,Municipal wastewater statistics 2012 - TSI02
Turkey,TR,TUR,792,Rural,13,Composting toilets,0.0,Municipal wastewater statistics 2012 - TSI02
Turkey,TR,TUR,792,Rural,14,Other improved,0.0,Municipal wastewater statistics 2012 - TSI02
Turkey,TR,TUR,792,Rural,15,"No facility, bush, field",0.0,Municipal wastewater statistics 2012 - TSI02
Turkey,TR,TUR,792,Rural,16,Other unimproved,0.0,Municipal wastewater statistics 2012 - TSI02
Turkey,TR,TUR,792,Rural,17,DK/missing information,0.0,Municipal wastewater statistics 2012 - TSI02
Turkey,TR,TUR,792,National,1,Flush and pour flush - to piped sewer system,0.0,Municipal wastewater statistics 2012 - TSI02
Turkey,TR,TUR,792,National,2,Flush and pour flush - to septic tank,0.0,Municipal wastewater statistics 2012 - TSI02
Turkey,TR,TUR,792,National,3,Flush and pour flush - to pit,0.0,Municipal wastewater statistics 2012 - TSI02
Turkey,TR,TUR,792,National,4,Flush and pour flush - to unknown place/ not sure/DK,0.0,Municipal wastewater statistics 2012 - TSI02
Turkey,TR,TUR,792,National,5,Flush and pour flush - to elsewhere,0.0,Municipal wastewater statistics 2012 - TSI02
Turkey,TR,TUR,792,National,6,Dry latrines - Ventilated Improved Pit latrine,0.0,Municipal wastewater statistics 2012 - TSI02
Turkey,TR,TUR,792,National,7,Dry latrines - Pit latrine with slab/covered latrine,0.0,Municipal wastewater statistics 2012 - TSI02
Turkey,TR,TUR,792,National,8,Dry latrines - Traditional latrine,0.0,Municipal wastewater statistics 2012 - TSI02
Turkey,TR,TUR,792,National,9,Dry latrines - Pit latrine without slab/open pit,0.0,Municipal wastewater statistics 2012 - TSI02
Turkey,TR,TUR,792,National,10,Dry latrines - Hanging toilet/hanging latrine,0.0,Municipal wastewater statistics 2012 - TSI02
Turkey,TR,TUR,792,National,11,Dry latrines - Bucket latrine,0.0,Municipal wastewater statistics 2012 - TSI02
Turkey,TR,TUR,792,National,12,Dry latrines - Other,0.0,Municipal wastewater statistics 2012 - TSI02
Turkey,TR,TUR,792,National,13,Composting toilets,0.0,Municipal wastewater statistics 2012 - TSI02
Turkey,TR,TUR,792,National,14,Other improved,0.0,Municipal wastewater statistics 2012 - TSI02
Turkey,TR,TUR,792,National,15,"No facility, bush, field",0.0,Municipal wastewater statistics 2012 - TSI02
Turkey,TR,TUR,792,National,16,Other unimproved,0.0,Municipal wastewater statistics 2012 - TSI02
Turkey,TR,TUR,792,National,17,DK/missing information,0.0,Municipal wastewater statistics 2012 - TSI02
Turkey,TR,TUR,792,Urban,1,Flush and pour flush - to piped sewer system,0.935,Household Budget Survey - HBS02
Turkey,TR,TUR,792,Urban,2,Flush and pour flush - to septic tank,0.0,Household Budget Survey - HBS02
Turkey,TR,TUR,792,Urban,3,Flush and pour flush - to pit,0.0,Household Budget Survey - HBS02
Turkey,TR,TUR,792,Urban,4,Flush and pour flush - to unknown place/ not sure/DK,0.0,Household Budget Survey - HBS02
Turkey,TR,TUR,792,Urban,5,Flush and pour flush - to elsewhere,0.0,Household Budget Survey - HBS02
Turkey,TR,TUR,792,Urban,6,Dry latrines - Ventilated Improved Pit latrine,0.0,Household Budget Survey - HBS02
Turkey,TR,TUR,792,Urban,7,Dry latrines - Pit latrine with slab/covered latrine,0.0,Household Budget Survey - HBS02
Turkey,TR,TUR,792,Urban,8,Dry latrines - Traditional latrine,0.0,Household Budget Survey - HBS02
Turkey,TR,TUR,792,Urban,9,Dry latrines - Pit latrine without slab/open pit,0.0,Household Budget Survey - HBS02
Turkey,TR,TUR,792,Urban,10,Dry latrines - Hanging toilet/hanging latrine,0.0,Household Budget Survey - HBS02
Turkey,TR,TUR,792,Urban,11,Dry latrines - Bucket latrine,0.0,Household Budget Survey - HBS02
Turkey,TR,TUR,792,Urban,12,Dry latrines - Other,0.0,Household Budget Survey - HBS02
Turkey,TR,TUR,792,Urban,13,Composting toilets,0.0,Household Budget Survey - HBS02
Turkey,TR,TUR,792,Urban,14,Other improved,0.0,Household Budget Survey - HBS02
Turkey,TR,TUR,792,Urban,15,"No facility, bush, field",0.0,Household Budget Survey - HBS02
Turkey,TR,TUR,792,Urban,16,Other unimproved,0.0,Household Budget Survey - HBS02
Turkey,TR,TUR,792,Urban,17,DK/missing information,0.0,Household Budget Survey - HBS02
Turkey,TR,TUR,792,Rural,1,Flush and pour flush - to piped sewer system,0.632,Household Budget Survey - HBS02
Turkey,TR,TUR,792,Rural,2,Flush and pour flush - to septic tank,0.0,Household Budget Survey - HBS02
Turkey,TR,TUR,792,Rural,3,Flush and pour flush - to pit,0.0,Household Budget Survey - HBS02
Turkey,TR,TUR,792,Rural,4,Flush and pour flush - to unknown place/ not sure/DK,0.0,Household Budget Survey - HBS02
Turkey,TR,TUR,792,Rural,5,Flush and pour flush - to elsewhere,0.0,Household Budget Survey - HBS02
Turkey,TR,TUR,792,Rural,6,Dry latrines - Ventilated Improved Pit latrine,0.0,Household Budget Survey - HBS02
Turkey,TR,TUR,792,Rural,7,Dry latrines - Pit latrine with slab/covered latrine,0.0,Household Budget Survey - HBS02
Turkey,TR,TUR,792,Rural,8,Dry latrines - Traditional latrine,0.0,Household Budget Survey - HBS02
Turkey,TR,TUR,792,Rural,9,Dry latrines - Pit latrine without slab/open pit,0.0,Household Budget Survey - HBS02
Turkey,TR,TUR,792,Rural,10,Dry latrines - Hanging toilet/hanging latrine,0.0,Household Budget Survey - HBS02
Turkey,TR,TUR,792,Rural,11,Dry latrines - Bucket latrine,0.0,Household Budget Survey - HBS02
Turkey,TR,TUR,792,Rural,12,Dry latrines - Other,0.0,Household Budget Survey - HBS02
Turkey,TR,TUR,792,Rural,13,Composting toilets,0.0,Household Budget Survey - HBS02
Turkey,TR,TUR,792,Rural,14,Other improved,0.0,Household Budget Survey - HBS02
Turkey,TR,TUR,792,Rural,15,"No facility, bush, field",0.0,Household Budget Survey - HBS02
Turkey,TR,TUR,792,Rural,16,Other unimproved,0.0,Household Budget Survey - HBS02
Turkey,TR,TUR,792,Rural,17,DK/missing information,0.0,Household Budget Survey - HBS02
Turkey,TR,TUR,792,National,1,Flush and pour flush - to piped sewer system,0.0,Household Budget Survey - HBS02
Turkey,TR,TUR,792,National,2,Flush and pour flush - to septic tank,0.0,Household Budget Survey - HBS02
Turkey,TR,TUR,792,National,3,Flush and pour flush - to pit,0.0,Household Budget Survey - HBS02
Turkey,TR,TUR,792,National,4,Flush and pour flush - to unknown place/ not sure/DK,0.0,Household Budget Survey - HBS02
Turkey,TR,TUR,792,National,5,Flush and pour flush - to elsewhere,0.0,Household Budget Survey - HBS02
Turkey,TR,TUR,792,National,6,Dry latrines - Ventilated Improved Pit latrine,0.0,Household Budget Survey - HBS02
Turkey,TR,TUR,792,National,7,Dry latrines - Pit latrine with slab/covered latrine,0.0,Household Budget Survey - HBS02
Turkey,TR,TUR,792,National,8,Dry latrines - Traditional latrine,0.0,Household Budget Survey - HBS02
Turkey,TR,TUR,792,National,9,Dry latrines - Pit latrine without slab/open pit,0.0,Household Budget Survey - HBS02
Turkey,TR,TUR,792,National,10,Dry latrines - Hanging toilet/hanging latrine,0.0,Household Budget Survey - HBS02
Turkey,TR,TUR,792,National,11,Dry latrines - Bucket latrine,0.0,Household Budget Survey - HBS02
Turkey,TR,TUR,792,National,12,Dry latrines - Other,0.0,Household Budget Survey - HBS02
Turkey,TR,TUR,792,National,13,Composting toilets,0.0,Household Budget Survey - HBS02
Turkey,TR,TUR,792,National,14,Other improved,0.0,Household Budget Survey - HBS02
Turkey,TR,TUR,792,National,15,"No facility, bush, field",0.0,Household Budget Survey - HBS02
Turkey,TR,TUR,792,National,16,Other unimproved,0.0,Household Budget Survey - HBS02
Turkey,TR,TUR,792,National,17,DK/missing information,0.0,Household Budget Survey - HBS02
Turkey,TR,TUR,792,Urban,1,Flush and pour flush - to piped sewer system,0.929,Household Budget Survey - HBS05
Turkey,TR,TUR,792,Urban,2,Flush and pour flush - to septic tank,0.0,Household Budget Survey - HBS05
Turkey,TR,TUR,792,Urban,3,Flush and pour flush - to pit,0.0,Household Budget Survey - HBS05
Turkey,TR,TUR,792,Urban,4,Flush and pour flush - to unknown place/ not sure/DK,0.0,Household Budget Survey - HBS05
Turkey,TR,TUR,792,Urban,5,Flush and pour flush - to elsewhere,0.0,Household Budget Survey - HBS05
Turkey,TR,TUR,792,Urban,6,Dry latrines - Ventilated Improved Pit latrine,0.0,Household Budget Survey - HBS05
Turkey,TR,TUR,792,Urban,7,Dry latrines - Pit latrine with slab/covered latrine,0.0,Household Budget Survey - HBS05
Turkey,TR,TUR,792,Urban,8,Dry latrines - Traditional latrine,0.0,Household Budget Survey - HBS05
Turkey,TR,TUR,792,Urban,9,Dry latrines - Pit latrine without slab/open pit,0.0,Household Budget Survey - HBS05
Turkey,TR,TUR,792,Urban,10,Dry latrines - Hanging toilet/hanging latrine,0.0,Household Budget Survey - HBS05
Turkey,TR,TUR,792,Urban,11,Dry latrines - Bucket latrine,0.0,Household Budget Survey - HBS05
Turkey,TR,TUR,792,Urban,12,Dry latrines - Other,0.0,Household Budget Survey - HBS05
Turkey,TR,TUR,792,Urban,13,Composting toilets,0.0,Household Budget Survey - HBS05
Turkey,TR,TUR,792,Urban,14,Other improved,0.0,Household Budget Survey - HBS05
Turkey,TR,TUR,792,Urban,15,"No facility, bush, field",0.0,Household Budget Survey - HBS05
Turkey,TR,TUR,792,Urban,16,Other unimproved,0.0,Household Budget Survey - HBS05
Turkey,TR,TUR,792,Urban,17,DK/missing information,0.0,Household Budget Survey - HBS05
Turkey,TR,TUR,792,Rural,1,Flush and pour flush - to piped sewer system,0.659,Household Budget Survey - HBS05
Turkey,TR,TUR,792,Rural,2,Flush and pour flush - to septic tank,0.0,Household Budget Survey - HBS05
Turkey,TR,TUR,792,Rural,3,Flush and pour flush - to pit,0.0,Household Budget Survey - HBS05
Turkey,TR,TUR,792,Rural,4,Flush and pour flush - to unknown place/ not sure/DK,0.0,Household Budget Survey - HBS05
Turkey,TR,TUR,792,Rural,5,Flush and pour flush - to elsewhere,0.0,Household Budget Survey - HBS05
Turkey,TR,TUR,792,Rural,6,Dry latrines - Ventilated Improved Pit latrine,0.0,Household Budget Survey - HBS05
Turkey,TR,TUR,792,Rural,7,Dry latrines - Pit latrine with slab/covered latrine,0.0,Household Budget Survey - HBS05
Turkey,TR,TUR,792,Rural,8,Dry latrines - Traditional latrine,0.0,Household Budget Survey - HBS05
Turkey,TR,TUR,792,Rural,9,Dry latrines - Pit latrine without slab/open pit,0.0,Household Budget Survey - HBS05
Turkey,TR,TUR,792,Rural,10,Dry latrines - Hanging toilet/hanging latrine,0.0,Household Budget Survey - HBS05
Turkey,TR,TUR,792,Rural,11,Dry latrines - Bucket latrine,0.0,Household Budget Survey - HBS05
Turkey,TR,TUR,792,Rural,12,Dry latrines - Other,0.0,Household Budget Survey - HBS05
Turkey,TR,TUR,792,Rural,13,Composting toilets,0.0,Household Budget Survey - HBS05
Turkey,TR,TUR,792,Rural,14,Other improved,0.0,Household Budget Survey - HBS05
Turkey,TR,TUR,792,Rural,15,"No facility, bush, field",0.0,Household Budget Survey - HBS05
Turkey,TR,TUR,792,Rural,16,Other unimproved,0.0,Household Budget Survey - HBS05
Turkey,TR,TUR,792,Rural,17,DK/missing information,0.0,Household Budget Survey - HBS05
Turkey,TR,TUR,792,National,1,Flush and pour flush - to piped sewer system,0.0,Household Budget Survey - HBS05
Turkey,TR,TUR,792,National,2,Flush and pour flush - to septic tank,0.0,Household Budget Survey - HBS05
Turkey,TR,TUR,792,National,3,Flush and pour flush - to pit,0.0,Household Budget Survey - HBS05
Turkey,TR,TUR,792,National,4,Flush and pour flush - to unknown place/ not sure/DK,0.0,Household Budget Survey - HBS05
Turkey,TR,TUR,792,National,5,Flush and pour flush - to elsewhere,0.0,Household Budget Survey - HBS05
Turkey,TR,TUR,792,National,6,Dry latrines - Ventilated Improved Pit latrine,0.0,Household Budget Survey - HBS05
Turkey,TR,TUR,792,National,7,Dry latrines - Pit latrine with slab/covered latrine,0.0,Household Budget Survey - HBS05
Turkey,TR,TUR,792,National,8,Dry latrines - Traditional latrine,0.0,Household Budget Survey - HBS05
Turkey,TR,TUR,792,National,9,Dry latrines - Pit latrine without slab/open pit,0.0,Household Budget Survey - HBS05
Turkey,TR,TUR,792,National,10,Dry latrines - Hanging toilet/hanging latrine,0.0,Household Budget Survey - HBS05
Turkey,TR,TUR,792,National,11,Dry latrines - Bucket latrine,0.0,Household Budget Survey - HBS05
Turkey,TR,TUR,792,National,12,Dry latrines - Other,0.0,Household Budget Survey - HBS05
Turkey,TR,TUR,792,National,13,Composting toilets,0.0,Household Budget Survey - HBS05
Turkey,TR,TUR,792,National,14,Other improved,0.0,Household Budget Survey - HBS05
Turkey,TR,TUR,792,National,15,"No facility, bush, field",0.0,Household Budget Survey - HBS05
Turkey,TR,TUR,792,National,16,Other unimproved,0.0,Household Budget Survey - HBS05
Turkey,TR,TUR,792,National,17,DK/missing information,0.0,Household Budget Survey - HBS05
Turkey,TR,TUR,792,Urban,1,Flush and pour flush - to piped sewer system,0.87,Turkish Statistical Institute - TSI06
Turkey,TR,TUR,792,Urban,2,Flush and pour flush - to septic tank,0.0,Turkish Statistical Institute - TSI06
Turkey,TR,TUR,792,Urban,3,Flush and pour flush - to pit,0.0,Turkish Statistical Institute - TSI06
Turkey,TR,TUR,792,Urban,4,Flush and pour flush - to unknown place/ not sure/DK,0.0,Turkish Statistical Institute - TSI06
Turkey,TR,TUR,792,Urban,5,Flush and pour flush - to elsewhere,0.0,Turkish Statistical Institute - TSI06
Turkey,TR,TUR,792,Urban,6,Dry latrines - Ventilated Improved Pit latrine,0.0,Turkish Statistical Institute - TSI06
Turkey,TR,TUR,792,Urban,7,Dry latrines - Pit latrine with slab/covered latrine,0.0,Turkish Statistical Institute - TSI06
Turkey,TR,TUR,792,Urban,8,Dry latrines - Traditional latrine,0.0,Turkish Statistical Institute - TSI06
Turkey,TR,TUR,792,Urban,9,Dry latrines - Pit latrine without slab/open pit,0.0,Turkish Statistical Institute - TSI06
Turkey,TR,TUR,792,Urban,10,Dry latrines - Hanging toilet/hanging latrine,0.0,Turkish Statistical Institute - TSI06
Turkey,TR,TUR,792,Urban,11,Dry latrines - Bucket latrine,0.0,Turkish Statistical Institute - TSI06
Turkey,TR,TUR,792,Urban,12,Dry latrines - Other,0.0,Turkish Statistical Institute - TSI06
Turkey,TR,TUR,792,Urban,13,Composting toilets,0.0,Turkish Statistical Institute - TSI06
Turkey,TR,TUR,792,Urban,14,Other improved,0.0,Turkish Statistical Institute - TSI06
Turkey,TR,TUR,792,Urban,15,"No facility, bush, field",0.0,Turkish Statistical Institute - TSI06
Turkey,TR,TUR,792,Urban,16,Other unimproved,0.0,Turkish Statistical Institute - TSI06
Turkey,TR,TUR,792,Urban,17,DK/missing information,0.0,Turkish Statistical Institute - TSI06
Turkey,TR,TUR,792,Rural,1,Flush and pour flush - to piped sewer system,0.0,Turkish Statistical Institute - TSI06
Turkey,TR,TUR,792,Rural,2,Flush and pour flush - to septic tank,0.0,Turkish Statistical Institute - TSI06
Turkey,TR,TUR,792,Rural,3,Flush and pour flush - to pit,0.0,Turkish Statistical Institute - TSI06
Turkey,TR,TUR,792,Rural,4,Flush and pour flush - to unknown place/ not sure/DK,0.0,Turkish Statistical Institute - TSI06
Turkey,TR,TUR,792,Rural,5,Flush and pour flush - to elsewhere,0.0,Turkish Statistical Institute - TSI06
Turkey,TR,TUR,792,Rural,6,Dry latrines - Ventilated Improved Pit latrine,0.0,Turkish Statistical Institute - TSI06
Turkey,TR,TUR,792,Rural,7,Dry latrines - Pit latrine with slab/covered latrine,0.0,Turkish Statistical Institute - TSI06
Turkey,TR,TUR,792,Rural,8,Dry latrines - Traditional latrine,0.0,Turkish Statistical Institute - TSI06
Turkey,TR,TUR,792,Rural,9,Dry latrines - Pit latrine without slab/open pit,0.0,Turkish Statistical Institute - TSI06
Turkey,TR,TUR,792,Rural,10,Dry latrines - Hanging toilet/hanging latrine,0.0,Turkish Statistical Institute - TSI06
Turkey,TR,TUR,792,Rural,11,Dry latrines - Bucket latrine,0.0,Turkish Statistical Institute - TSI06
Turkey,TR,TUR,792,Rural,12,Dry latrines - Other,0.0,Turkish Statistical Institute - TSI06
Turkey,TR,TUR,792,Rural,13,Composting toilets,0.0,Turkish Statistical Institute - TSI06
Turkey,TR,TUR,792,Rural,14,Other improved,0.0,Turkish Statistical Institute - TSI06
Turkey,TR,TUR,792,Rural,15,"No facility, bush, field",0.0,Turkish Statistical Institute - TSI06
Turkey,TR,TUR,792,Rural,16,Other unimproved,0.0,Turkish Statistical Institute - TSI06
Turkey,TR,TUR,792,Rural,17,DK/missing information,0.0,Turkish Statistical Institute - TSI06
Turkey,TR,TUR,792,National,1,Flush and pour flush - to piped sewer system,0.0,Turkish Statistical Institute - TSI06
Turkey,TR,TUR,792,National,2,Flush and pour flush - to septic tank,0.0,Turkish Statistical Institute - TSI06
Turkey,TR,TUR,792,National,3,Flush and pour flush - to pit,0.0,Turkish Statistical Institute - TSI06
Turkey,TR,TUR,792,National,4,Flush and pour flush - to unknown place/ not sure/DK,0.0,Turkish Statistical Institute - TSI06
Turkey,TR,TUR,792,National,5,Flush and pour flush - to elsewhere,0.0,Turkish Statistical Institute - TSI06
Turkey,TR,TUR,792,National,6,Dry latrines - Ventilated Improved Pit latrine,0.0,Turkish Statistical Institute - TSI06
Turkey,TR,TUR,792,National,7,Dry latrines - Pit latrine with slab/covered latrine,0.0,Turkish Statistical Institute - TSI06
Turkey,TR,TUR,792,National,8,Dry latrines - Traditional latrine,0.0,Turkish Statistical Institute - TSI06
Turkey,TR,TUR,792,National,9,Dry latrines - Pit latrine without slab/open pit,0.0,Turkish Statistical Institute - TSI06
Turkey,TR,TUR,792,National,10,Dry latrines - Hanging toilet/hanging latrine,0.0,Turkish Statistical Institute - TSI06
Turkey,TR,TUR,792,National,11,Dry latrines - Bucket latrine,0.0,Turkish Statistical Institute - TSI06
Turkey,TR,TUR,792,National,12,Dry latrines - Other,0.0,Turkish Statistical Institute - TSI06
Turkey,TR,TUR,792,National,13,Composting toilets,0.0,Turkish Statistical Institute - TSI06
Turkey,TR,TUR,792,National,14,Other improved,0.0,Turkish Statistical Institute - TSI06
Turkey,TR,TUR,792,National,15,"No facility, bush, field",0.0,Turkish Statistical Institute - TSI06
Turkey,TR,TUR,792,National,16,Other unimproved,0.0,Turkish Statistical Institute - TSI06
Turkey,TR,TUR,792,National,17,DK/missing information,0.0,Turkish Statistical Institute - TSI06
Turkey,TR,TUR,792,Urban,1,Flush and pour flush - to piped sewer system,0.962,Household Budget Survey - HBS06
Turkey,TR,TUR,792,Urban,2,Flush and pour flush - to septic tank,0.0,Household Budget Survey - HBS06
Turkey,TR,TUR,792,Urban,3,Flush and pour flush - to pit,0.0,Household Budget Survey - HBS06
Turkey,TR,TUR,792,Urban,4,Flush and pour flush - to unknown place/ not sure/DK,0.0,Household Budget Survey - HBS06
Turkey,TR,TUR,792,Urban,5,Flush and pour flush - to elsewhere,0.0,Household Budget Survey - HBS06
Turkey,TR,TUR,792,Urban,6,Dry latrines - Ventilated Improved Pit latrine,0.0,Household Budget Survey - HBS06
Turkey,TR,TUR,792,Urban,7,Dry latrines - Pit latrine with slab/covered latrine,0.0,Household Budget Survey - HBS06
Turkey,TR,TUR,792,Urban,8,Dry latrines - Traditional latrine,0.0,Household Budget Survey - HBS06
Turkey,TR,TUR,792,Urban,9,Dry latrines - Pit latrine without slab/open pit,0.0,Household Budget Survey - HBS06
Turkey,TR,TUR,792,Urban,10,Dry latrines - Hanging toilet/hanging latrine,0.0,Household Budget Survey - HBS06
Turkey,TR,TUR,792,Urban,11,Dry latrines - Bucket latrine,0.0,Household Budget Survey - HBS06
Turkey,TR,TUR,792,Urban,12,Dry latrines - Other,0.0,Household Budget Survey - HBS06
Turkey,TR,TUR,792,Urban,13,Composting toilets,0.0,Household Budget Survey - HBS06
Turkey,TR,TUR,792,Urban,14,Other improved,0.0,Household Budget Survey - HBS06
Turkey,TR,TUR,792,Urban,15,"No facility, bush, field",0.0,Household Budget Survey - HBS06
Turkey,TR,TUR,792,Urban,16,Other unimproved,0.0,Household Budget Survey - HBS06
Turkey,TR,TUR,792,Urban,17,DK/missing information,0.0,Household Budget Survey - HBS06
Turkey,TR,TUR,792,Rural,1,Flush and pour flush - to piped sewer system,0.689,Household Budget Survey - HBS06
Turkey,TR,TUR,792,Rural,2,Flush and pour flush - to septic tank,0.0,Household Budget Survey - HBS06
Turkey,TR,TUR,792,Rural,3,Flush and pour flush - to pit,0.0,Household Budget Survey - HBS06
Turkey,TR,TUR,792,Rural,4,Flush and pour flush - to unknown place/ not sure/DK,0.0,Household Budget Survey - HBS06
Turkey,TR,TUR,792,Rural,5,Flush and pour flush - to elsewhere,0.0,Household Budget Survey - HBS06
Turkey,TR,TUR,792,Rural,6,Dry latrines - Ventilated Improved Pit latrine,0.0,Household Budget Survey - HBS06
Turkey,TR,TUR,792,Rural,7,Dry latrines - Pit latrine with slab/covered latrine,0.0,Household Budget Survey - HBS06
Turkey,TR,TUR,792,Rural,8,Dry latrines - Traditional latrine,0.0,Household Budget Survey - HBS06
Turkey,TR,TUR,792,Rural,9,Dry latrines - Pit latrine without slab/open pit,0.0,Household Budget Survey - HBS06
Turkey,TR,TUR,792,Rural,10,Dry latrines - Hanging toilet/hanging latrine,0.0,Household Budget Survey - HBS06
Turkey,TR,TUR,792,Rural,11,Dry latrines - Bucket latrine,0.0,Household Budget Survey - HBS06
Turkey,TR,TUR,792,Rural,12,Dry latrines - Other,0.0,Household Budget Survey - HBS06
Turkey,TR,TUR,792,Rural,13,Composting toilets,0.0,Household Budget Survey - HBS06
Turkey,TR,TUR,792,Rural,14,Other improved,0.0,Household Budget Survey - HBS06
Turkey,TR,TUR,792,Rural,15,"No facility, bush, field",0.0,Household Budget Survey - HBS06
Turkey,TR,TUR,792,Rural,16,Other unimproved,0.0,Household Budget Survey - HBS06
Turkey,TR,TUR,792,Rural,17,DK/missing information,0.0,Household Budget Survey - HBS06
Turkey,TR,TUR,792,National,1,Flush and pour flush - to piped sewer system,0.0,Household Budget Survey - HBS06
Turkey,TR,TUR,792,National,2,Flush and pour flush - to septic tank,0.0,Household Budget Survey - HBS06
Turkey,TR,TUR,792,National,3,Flush and pour flush - to pit,0.0,Household Budget Survey - HBS06
Turkey,TR,TUR,792,National,4,Flush and pour flush - to unknown place/ not sure/DK,0.0,Household Budget Survey - HBS06
Turkey,TR,TUR,792,National,5,Flush and pour flush - to elsewhere,0.0,Household Budget Survey - HBS06
Turkey,TR,TUR,792,National,6,Dry latrines - Ventilated Improved Pit latrine,0.0,Household Budget Survey - HBS06
Turkey,TR,TUR,792,National,7,Dry latrines - Pit latrine with slab/covered latrine,0.0,Household Budget Survey - HBS06
Turkey,TR,TUR,792,National,8,Dry latrines - Traditional latrine,0.0,Household Budget Survey - HBS06
Turkey,TR,TUR,792,National,9,Dry latrines - Pit latrine without slab/open pit,0.0,Household Budget Survey - HBS06
Turkey,TR,TUR,792,National,10,Dry latrines - Hanging toilet/hanging latrine,0.0,Household Budget Survey - HBS06
Turkey,TR,TUR,792,National,11,Dry latrines - Bucket latrine,0.0,Household Budget Survey - HBS06
Turkey,TR,TUR,792,National,12,Dry latrines - Other,0.0,Household Budget Survey - HBS06
Turkey,TR,TUR,792,National,13,Composting toilets,0.0,Household Budget Survey - HBS06
Turkey,TR,TUR,792,National,14,Other improved,0.0,Household Budget Survey - HBS06
Turkey,TR,TUR,792,National,15,"No facility, bush, field",0.0,Household Budget Survey - HBS06
Turkey,TR,TUR,792,National,16,Other unimproved,0.0,Household Budget Survey - HBS06
Turkey,TR,TUR,792,National,17,DK/missing information,0.0,Household Budget Survey - HBS06
Turkey,TR,TUR,792,Urban,1,Flush and pour flush - to piped sewer system,0.971,Household Budget Survey - HBS07
Turkey,TR,TUR,792,Urban,2,Flush and pour flush - to septic tank,0.0,Household Budget Survey - HBS07
Turkey,TR,TUR,792,Urban,3,Flush and pour flush - to pit,0.0,Household Budget Survey - HBS07
Turkey,TR,TUR,792,Urban,4,Flush and pour flush - to unknown place/ not sure/DK,0.0,Household Budget Survey - HBS07
Turkey,TR,TUR,792,Urban,5,Flush and pour flush - to elsewhere,0.0,Household Budget Survey - HBS07
Turkey,TR,TUR,792,Urban,6,Dry latrines - Ventilated Improved Pit latrine,0.0,Household Budget Survey - HBS07
Turkey,TR,TUR,792,Urban,7,Dry latrines - Pit latrine with slab/covered latrine,0.0,Household Budget Survey - HBS07
Turkey,TR,TUR,792,Urban,8,Dry latrines - Traditional latrine,0.0,Household Budget Survey - HBS07
Turkey,TR,TUR,792,Urban,9,Dry latrines - Pit latrine without slab/open pit,0.0,Household Budget Survey - HBS07
Turkey,TR,TUR,792,Urban,10,Dry latrines - Hanging toilet/hanging latrine,0.0,Household Budget Survey - HBS07
Turkey,TR,TUR,792,Urban,11,Dry latrines - Bucket latrine,0.0,Household Budget Survey - HBS07
Turkey,TR,TUR,792,Urban,12,Dry latrines - Other,0.0,Household Budget Survey - HBS07
Turkey,TR,TUR,792,Urban,13,Composting toilets,0.0,Household Budget Survey - HBS07
Turkey,TR,TUR,792,Urban,14,Other improved,0.0,Household Budget Survey - HBS07
Turkey,TR,TUR,792,Urban,15,"No facility, bush, field",0.0,Household Budget Survey - HBS07
Turkey,TR,TUR,792,Urban,16,Other unimproved,0.0,Household Budget Survey - HBS07
Turkey,TR,TUR,792,Urban,17,DK/missing information,0.0,Household Budget Survey - HBS07
Turkey,TR,TUR,792,Rural,1,Flush and pour flush - to piped sewer system,0.703,Household Budget Survey - HBS07
Turkey,TR,TUR,792,Rural,2,Flush and pour flush - to septic tank,0.0,Household Budget Survey - HBS07
Turkey,TR,TUR,792,Rural,3,Flush and pour flush - to pit,0.0,Household Budget Survey - HBS07
Turkey,TR,TUR,792,Rural,4,Flush and pour flush - to unknown place/ not sure/DK,0.0,Household Budget Survey - HBS07
Turkey,TR,TUR,792,Rural,5,Flush and pour flush - to elsewhere,0.0,Household Budget Survey - HBS07
Turkey,TR,TUR,792,Rural,6,Dry latrines - Ventilated Improved Pit latrine,0.0,Household Budget Survey - HBS07
Turkey,TR,TUR,792,Rural,7,Dry latrines - Pit latrine with slab/covered latrine,0.0,Household Budget Survey - HBS07
Turkey,TR,TUR,792,Rural,8,Dry latrines - Traditional latrine,0.0,Household Budget Survey - HBS07
Turkey,TR,TUR,792,Rural,9,Dry latrines - Pit latrine without slab/open pit,0.0,Household Budget Survey - HBS07
Turkey,TR,TUR,792,Rural,10,Dry latrines - Hanging toilet/hanging latrine,0.0,Household Budget Survey - HBS07
Turkey,TR,TUR,792,Rural,11,Dry latrines - Bucket latrine,0.0,Household Budget Survey - HBS07
Turkey,TR,TUR,792,Rural,12,Dry latrines - Other,0.0,Household Budget Survey - HBS07
Turkey,TR,TUR,792,Rural,13,Composting toilets,0.0,Household Budget Survey - HBS07
Turkey,TR,TUR,792,Rural,14,Other improved,0.0,Household Budget Survey - HBS07
Turkey,TR,TUR,792,Rural,15,"No facility, bush, field",0.0,Household Budget Survey - HBS07
Turkey,TR,TUR,792,Rural,16,Other unimproved,0.0,Household Budget Survey - HBS07
Turkey,TR,TUR,792,Rural,17,DK/missing information,0.0,Household Budget Survey - HBS07
Turkey,TR,TUR,792,National,1,Flush and pour flush - to piped sewer system,0.0,Household Budget Survey - HBS07
Turkey,TR,TUR,792,National,2,Flush and pour flush - to septic tank,0.0,Household Budget Survey - HBS07
Turkey,TR,TUR,792,National,3,Flush and pour flush - to pit,0.0,Household Budget Survey - HBS07
Turkey,TR,TUR,792,National,4,Flush and pour flush - to unknown place/ not sure/DK,0.0,Household Budget Survey - HBS07
Turkey,TR,TUR,792,National,5,Flush and pour flush - to elsewhere,0.0,Household Budget Survey - HBS07
Turkey,TR,TUR,792,National,6,Dry latrines - Ventilated Improved Pit latrine,0.0,Household Budget Survey - HBS07
Turkey,TR,TUR,792,National,7,Dry latrines - Pit latrine with slab/covered latrine,0.0,Household Budget Survey - HBS07
Turkey,TR,TUR,792,National,8,Dry latrines - Traditional latrine,0.0,Household Budget Survey - HBS07
Turkey,TR,TUR,792,National,9,Dry latrines - Pit latrine without slab/open pit,0.0,Household Budget Survey - HBS07
Turkey,TR,TUR,792,National,10,Dry latrines - Hanging toilet/hanging latrine,0.0,Household Budget Survey - HBS07
Turkey,TR,TUR,792,National,11,Dry latrines - Bucket latrine,0.0,Household Budget Survey - HBS07
Turkey,TR,TUR,792,National,12,Dry latrines - Other,0.0,Household Budget Survey - HBS07
Turkey,TR,TUR,792,National,13,Composting toilets,0.0,Household Budget Survey - HBS07
Turkey,TR,TUR,792,National,14,Other improved,0.0,Household Budget Survey - HBS07
Turkey,TR,TUR,792,National,15,"No facility, bush, field",0.0,Household Budget Survey - HBS07
Turkey,TR,TUR,792,National,16,Other unimproved,0.0,Household Budget Survey - HBS07
Turkey,TR,TUR,792,National,17,DK/missing information,0.0,Household Budget Survey - HBS07
Turkey,TR,TUR,792,Urban,1,Flush and pour flush - to piped sewer system,0.88,Turkish Statistical Institute - TSI08
Turkey,TR,TUR,792,Urban,2,Flush and pour flush - to septic tank,0.0,Turkish Statistical Institute - TSI08
Turkey,TR,TUR,792,Urban,3,Flush and pour flush - to pit,0.0,Turkish Statistical Institute - TSI08
Turkey,TR,TUR,792,Urban,4,Flush and pour flush - to unknown place/ not sure/DK,0.0,Turkish Statistical Institute - TSI08
Turkey,TR,TUR,792,Urban,5,Flush and pour flush - to elsewhere,0.0,Turkish Statistical Institute - TSI08
Turkey,TR,TUR,792,Urban,6,Dry latrines - Ventilated Improved Pit latrine,0.0,Turkish Statistical Institute - TSI08
Turkey,TR,TUR,792,Urban,7,Dry latrines - Pit latrine with slab/covered latrine,0.0,Turkish Statistical Institute - TSI08
Turkey,TR,TUR,792,Urban,8,Dry latrines - Traditional latrine,0.0,Turkish Statistical Institute - TSI08
Turkey,TR,TUR,792,Urban,9,Dry latrines - Pit latrine without slab/open pit,0.0,Turkish Statistical Institute - TSI08
Turkey,TR,TUR,792,Urban,10,Dry latrines - Hanging toilet/hanging latrine,0.0,Turkish Statistical Institute - TSI08
Turkey,TR,TUR,792,Urban,11,Dry latrines - Bucket latrine,0.0,Turkish Statistical Institute - TSI08
Turkey,TR,TUR,792,Urban,12,Dry latrines - Other,0.0,Turkish Statistical Institute - TSI08
Turkey,TR,TUR,792,Urban,13,Composting toilets,0.0,Turkish Statistical Institute - TSI08
Turkey,TR,TUR,792,Urban,14,Other improved,0.0,Turkish Statistical Institute - TSI08
Turkey,TR,TUR,792,Urban,15,"No facility, bush, field",0.0,Turkish Statistical Institute - TSI08
Turkey,TR,TUR,792,Urban,16,Other unimproved,0.0,Turkish Statistical Institute - TSI08
Turkey,TR,TUR,792,Urban,17,DK/missing information,0.0,Turkish Statistical Institute - TSI08
Turkey,TR,TUR,792,Rural,1,Flush and pour flush - to piped sewer system,0.0,Turkish Statistical Institute - TSI08
Turkey,TR,TUR,792,Rural,2,Flush and pour flush - to septic tank,0.0,Turkish Statistical Institute - TSI08
Turkey,TR,TUR,792,Rural,3,Flush and pour flush - to pit,0.0,Turkish Statistical Institute - TSI08
Turkey,TR,TUR,792,Rural,4,Flush and pour flush - to unknown place/ not sure/DK,0.0,Turkish Statistical Institute - TSI08
Turkey,TR,TUR,792,Rural,5,Flush and pour flush - to elsewhere,0.0,Turkish Statistical Institute - TSI08
Turkey,TR,TUR,792,Rural,6,Dry latrines - Ventilated Improved Pit latrine,0.0,Turkish Statistical Institute - TSI08
Turkey,TR,TUR,792,Rural,7,Dry latrines - Pit latrine with slab/covered latrine,0.0,Turkish Statistical Institute - TSI08
Turkey,TR,TUR,792,Rural,8,Dry latrines - Traditional latrine,0.0,Turkish Statistical Institute - TSI08
Turkey,TR,TUR,792,Rural,9,Dry latrines - Pit latrine without slab/open pit,0.0,Turkish Statistical Institute - TSI08
Turkey,TR,TUR,792,Rural,10,Dry latrines - Hanging toilet/hanging latrine,0.0,Turkish Statistical Institute - TSI08
Turkey,TR,TUR,792,Rural,11,Dry latrines - Bucket latrine,0.0,Turkish Statistical Institute - TSI08
Turkey,TR,TUR,792,Rural,12,Dry latrines - Other,0.0,Turkish Statistical Institute - TSI08
Turkey,TR,TUR,792,Rural,13,Composting toilets,0.0,Turkish Statistical Institute - TSI08
Turkey,TR,TUR,792,Rural,14,Other improved,0.0,Turkish Statistical Institute - TSI08
Turkey,TR,TUR,792,Rural,15,"No facility, bush, field",0.0,Turkish Statistical Institute - TSI08
Turkey,TR,TUR,792,Rural,16,Other unimproved,0.0,Turkish Statistical Institute - TSI08
Turkey,TR,TUR,792,Rural,17,DK/missing information,0.0,Turkish Statistical Institute - TSI08
Turkey,TR,TUR,792,National,1,Flush and pour flush - to piped sewer system,0.0,Turkish Statistical Institute - TSI08
Turkey,TR,TUR,792,National,2,Flush and pour flush - to septic tank,0.0,Turkish Statistical Institute - TSI08
Turkey,TR,TUR,792,National,3,Flush and pour flush - to pit,0.0,Turkish Statistical Institute - TSI08
Turkey,TR,TUR,792,National,4,Flush and pour flush - to unknown place/ not sure/DK,0.0,Turkish Statistical Institute - TSI08
Turkey,TR,TUR,792,National,5,Flush and pour flush - to elsewhere,0.0,Turkish Statistical Institute - TSI08
Turkey,TR,TUR,792,National,6,Dry latrines - Ventilated Improved Pit latrine,0.0,Turkish Statistical Institute - TSI08
Turkey,TR,TUR,792,National,7,Dry latrines - Pit latrine with slab/covered latrine,0.0,Turkish Statistical Institute - TSI08
Turkey,TR,TUR,792,National,8,Dry latrines - Traditional latrine,0.0,Turkish Statistical Institute - TSI08
Turkey,TR,TUR,792,National,9,Dry latrines - Pit latrine without slab/open pit,0.0,Turkish Statistical Institute - TSI08
Turkey,TR,TUR,792,National,10,Dry latrines - Hanging toilet/hanging latrine,0.0,Turkish Statistical Institute - TSI08
Turkey,TR,TUR,792,National,11,Dry latrines - Bucket latrine,0.0,Turkish Statistical Institute - TSI08
Turkey,TR,TUR,792,National,12,Dry latrines - Other,0.0,Turkish Statistical Institute - TSI08
Turkey,TR,TUR,792,National,13,Composting toilets,0.0,Turkish Statistical Institute - TSI08
Turkey,TR,TUR,792,National,14,Other improved,0.0,Turkish Statistical Institute - TSI08
Turkey,TR,TUR,792,National,15,"No facility, bush, field",0.0,Turkish Statistical Institute - TSI08
Turkey,TR,TUR,792,National,16,Other unimproved,0.0,Turkish Statistical Institute - TSI08
Turkey,TR,TUR,792,National,17,DK/missing information,0.0,Turkish Statistical Institute - TSI08
Turkey,TR,TUR,792,Urban,1,Flush and pour flush - to piped sewer system,0.88,Turkish Statistical Institute - TSI10
Turkey,TR,TUR,792,Urban,2,Flush and pour flush - to septic tank,0.0,Turkish Statistical Institute - TSI10
Turkey,TR,TUR,792,Urban,3,Flush and pour flush - to pit,0.0,Turkish Statistical Institute - TSI10
Turkey,TR,TUR,792,Urban,4,Flush and pour flush - to unknown place/ not sure/DK,0.0,Turkish Statistical Institute - TSI10
Turkey,TR,TUR,792,Urban,5,Flush and pour flush - to elsewhere,0.0,Turkish Statistical Institute - TSI10
Turkey,TR,TUR,792,Urban,6,Dry latrines - Ventilated Improved Pit latrine,0.0,Turkish Statistical Institute - TSI10
Turkey,TR,TUR,792,Urban,7,Dry latrines - Pit latrine with slab/covered latrine,0.0,Turkish Statistical Institute - TSI10
Turkey,TR,TUR,792,Urban,8,Dry latrines - Traditional latrine,0.0,Turkish Statistical Institute - TSI10
Turkey,TR,TUR,792,Urban,9,Dry latrines - Pit latrine without slab/open pit,0.0,Turkish Statistical Institute - TSI10
Turkey,TR,TUR,792,Urban,10,Dry latrines - Hanging toilet/hanging latrine,0.0,Turkish Statistical Institute - TSI10
Turkey,TR,TUR,792,Urban,11,Dry latrines - Bucket latrine,0.0,Turkish Statistical Institute - TSI10
Turkey,TR,TUR,792,Urban,12,Dry latrines - Other,0.0,Turkish Statistical Institute - TSI10
Turkey,TR,TUR,792,Urban,13,Composting toilets,0.0,Turkish Statistical Institute - TSI10
Turkey,TR,TUR,792,Urban,14,Other improved,0.0,Turkish Statistical Institute - TSI10
Turkey,TR,TUR,792,Urban,15,"No facility, bush, field",0.0,Turkish Statistical Institute - TSI10
Turkey,TR,TUR,792,Urban,16,Other unimproved,0.0,Turkish Statistical Institute - TSI10
Turkey,TR,TUR,792,Urban,17,DK/missing information,0.0,Turkish Statistical Institute - TSI10
Turkey,TR,TUR,792,Rural,1,Flush and pour flush - to piped sewer system,0.0,Turkish Statistical Institute - TSI10
Turkey,TR,TUR,792,Rural,2,Flush and pour flush - to septic tank,0.0,Turkish Statistical Institute - TSI10
Turkey,TR,TUR,792,Rural,3,Flush and pour flush - to pit,0.0,Turkish Statistical Institute - TSI10
Turkey,TR,TUR,792,Rural,4,Flush and pour flush - to unknown place/ not sure/DK,0.0,Turkish Statistical Institute - TSI10
Turkey,TR,TUR,792,Rural,5,Flush and pour flush - to elsewhere,0.0,Turkish Statistical Institute - TSI10
Turkey,TR,TUR,792,Rural,6,Dry latrines - Ventilated Improved Pit latrine,0.0,Turkish Statistical Institute - TSI10
Turkey,TR,TUR,792,Rural,7,Dry latrines - Pit latrine with slab/covered latrine,0.0,Turkish Statistical Institute - TSI10
Turkey,TR,TUR,792,Rural,8,Dry latrines - Traditional latrine,0.0,Turkish Statistical Institute - TSI10
Turkey,TR,TUR,792,Rural,9,Dry latrines - Pit latrine without slab/open pit,0.0,Turkish Statistical Institute - TSI10
Turkey,TR,TUR,792,Rural,10,Dry latrines - Hanging toilet/hanging latrine,0.0,Turkish Statistical Institute - TSI10
Turkey,TR,TUR,792,Rural,11,Dry latrines - Bucket latrine,0.0,Turkish Statistical Institute - TSI10
Turkey,TR,TUR,792,Rural,12,Dry latrines - Other,0.0,Turkish Statistical Institute - TSI10
Turkey,TR,TUR,792,Rural,13,Composting toilets,0.0,Turkish Statistical Institute - TSI10
Turkey,TR,TUR,792,Rural,14,Other improved,0.0,Turkish Statistical Institute - TSI10
Turkey,TR,TUR,792,Rural,15,"No facility, bush, field",0.0,Turkish Statistical Institute - TSI10
Turkey,TR,TUR,792,Rural,16,Other unimproved,0.0,Turkish Statistical Institute - TSI10
Turkey,TR,TUR,792,Rural,17,DK/missing information,0.0,Turkish Statistical Institute - TSI10
Turkey,TR,TUR,792,National,1,Flush and pour flush - to piped sewer system,0.0,Turkish Statistical Institute - TSI10
Turkey,TR,TUR,792,National,2,Flush and pour flush - to septic tank,0.0,Turkish Statistical Institute - TSI10
Turkey,TR,TUR,792,National,3,Flush and pour flush - to pit,0.0,Turkish Statistical Institute - TSI10
Turkey,TR,TUR,792,National,4,Flush and pour flush - to unknown place/ not sure/DK,0.0,Turkish Statistical Institute - TSI10
Turkey,TR,TUR,792,National,5,Flush and pour flush - to elsewhere,0.0,Turkish Statistical Institute - TSI10
Turkey,TR,TUR,792,National,6,Dry latrines - Ventilated Improved Pit latrine,0.0,Turkish Statistical Institute - TSI10
Turkey,TR,TUR,792,National,7,Dry latrines - Pit latrine with slab/covered latrine,0.0,Turkish Statistical Institute - TSI10
Turkey,TR,TUR,792,National,8,Dry latrines - Traditional latrine,0.0,Turkish Statistical Institute - TSI10
Turkey,TR,TUR,792,National,9,Dry latrines - Pit latrine without slab/open pit,0.0,Turkish Statistical Institute - TSI10
Turkey,TR,TUR,792,National,10,Dry latrines - Hanging toilet/hanging latrine,0.0,Turkish Statistical Institute - TSI10
Turkey,TR,TUR,792,National,11,Dry latrines - Bucket latrine,0.0,Turkish Statistical Institute - TSI10
Turkey,TR,TUR,792,National,12,Dry latrines - Other,0.0,Turkish Statistical Institute - TSI10
Turkey,TR,TUR,792,National,13,Composting toilets,0.0,Turkish Statistical Institute - TSI10
Turkey,TR,TUR,792,National,14,Other improved,0.0,Turkish Statistical Institute - TSI10
Turkey,TR,TUR,792,National,15,"No facility, bush, field",0.0,Turkish Statistical Institute - TSI10
Turkey,TR,TUR,792,National,16,Other unimproved,0.0,Turkish Statistical Institute - TSI10
Turkey,TR,TUR,792,National,17,DK/missing information,0.0,Turkish Statistical Institute - TSI10
Turkey,TR,TUR,792,Urban,1,Flush and pour flush - to piped sewer system,0.92,Turkish Statistical Institute - TSI12
Turkey,TR,TUR,792,Urban,2,Flush and pour flush - to septic tank,0.0,Turkish Statistical Institute - TSI12
Turkey,TR,TUR,792,Urban,3,Flush and pour flush - to pit,0.0,Turkish Statistical Institute - TSI12
Turkey,TR,TUR,792,Urban,4,Flush and pour flush - to unknown place/ not sure/DK,0.0,Turkish Statistical Institute - TSI12
Turkey,TR,TUR,792,Urban,5,Flush and pour flush - to elsewhere,0.0,Turkish Statistical Institute - TSI12
Turkey,TR,TUR,792,Urban,6,Dry latrines - Ventilated Improved Pit latrine,0.0,Turkish Statistical Institute - TSI12
Turkey,TR,TUR,792,Urban,7,Dry latrines - Pit latrine with slab/covered latrine,0.0,Turkish Statistical Institute - TSI12
Turkey,TR,TUR,792,Urban,8,Dry latrines - Traditional latrine,0.0,Turkish Statistical Institute - TSI12
Turkey,TR,TUR,792,Urban,9,Dry latrines - Pit latrine without slab/open pit,0.0,Turkish Statistical Institute - TSI12
Turkey,TR,TUR,792,Urban,10,Dry latrines - Hanging toilet/hanging latrine,0.0,Turkish Statistical Institute - TSI12
Turkey,TR,TUR,792,Urban,11,Dry latrines - Bucket latrine,0.0,Turkish Statistical Institute - TSI12
Turkey,TR,TUR,792,Urban,12,Dry latrines - Other,0.0,Turkish Statistical Institute - TSI12
Turkey,TR,TUR,792,Urban,13,Composting toilets,0.0,Turkish Statistical Institute - TSI12
Turkey,TR,TUR,792,Urban,14,Other improved,0.0,Turkish Statistical Institute - TSI12
Turkey,TR,TUR,792,Urban,15,"No facility, bush, field",0.0,Turkish Statistical Institute - TSI12
Turkey,TR,TUR,792,Urban,16,Other unimproved,0.0,Turkish Statistical Institute - TSI12
Turkey,TR,TUR,792,Urban,17,DK/missing information,0.0,Turkish Statistical Institute - TSI12
Turkey,TR,TUR,792,Rural,1,Flush and pour flush - to piped sewer system,0.0,Turkish Statistical Institute - TSI12
Turkey,TR,TUR,792,Rural,2,Flush and pour flush - to septic tank,0.0,Turkish Statistical Institute - TSI12
Turkey,TR,TUR,792,Rural,3,Flush and pour flush - to pit,0.0,Turkish Statistical Institute - TSI12
Turkey,TR,TUR,792,Rural,4,Flush and pour flush - to unknown place/ not sure/DK,0.0,Turkish Statistical Institute - TSI12
Turkey,TR,TUR,792,Rural,5,Flush and pour flush - to elsewhere,0.0,Turkish Statistical Institute - TSI12
Turkey,TR,TUR,792,Rural,6,Dry latrines - Ventilated Improved Pit latrine,0.0,Turkish Statistical Institute - TSI12
Turkey,TR,TUR,792,Rural,7,Dry latrines - Pit latrine with slab/covered latrine,0.0,Turkish Statistical Institute - TSI12
Turkey,TR,TUR,792,Rural,8,Dry latrines - Traditional latrine,0.0,Turkish Statistical Institute - TSI12
Turkey,TR,TUR,792,Rural,9,Dry latrines - Pit latrine without slab/open pit,0.0,Turkish Statistical Institute - TSI12
Turkey,TR,TUR,792,Rural,10,Dry latrines - Hanging toilet/hanging latrine,0.0,Turkish Statistical Institute - TSI12
Turkey,TR,TUR,792,Rural,11,Dry latrines - Bucket latrine,0.0,Turkish Statistical Institute - TSI12
Turkey,TR,TUR,792,Rural,12,Dry latrines - Other,0.0,Turkish Statistical Institute - TSI12
Turkey,TR,TUR,792,Rural,13,Composting toilets,0.0,Turkish Statistical Institute - TSI12
Turkey,TR,TUR,792,Rural,14,Other improved,0.0,Turkish Statistical Institute - TSI12
Turkey,TR,TUR,792,Rural,15,"No facility, bush, field",0.0,Turkish Statistical Institute - TSI12
Turkey,TR,TUR,792,Rural,16,Other unimproved,0.0,Turkish Statistical Institute - TSI12
Turkey,TR,TUR,792,Rural,17,DK/missing information,0.0,Turkish Statistical Institute - TSI12
Turkey,TR,TUR,792,National,1,Flush and pour flush - to piped sewer system,0.78,Turkish Statistical Institute - TSI12
Turkey,TR,TUR,792,National,2,Flush and pour flush - to septic tank,0.0,Turkish Statistical Institute - TSI12
Turkey,TR,TUR,792,National,3,Flush and pour flush - to pit,0.0,Turkish Statistical Institute - TSI12
Turkey,TR,TUR,792,National,4,Flush and pour flush - to unknown place/ not sure/DK,0.0,Turkish Statistical Institute - TSI12
Turkey,TR,TUR,792,National,5,Flush and pour flush - to elsewhere,0.0,Turkish Statistical Institute - TSI12
Turkey,TR,TUR,792,National,6,Dry latrines - Ventilated Improved Pit latrine,0.0,Turkish Statistical Institute - TSI12
Turkey,TR,TUR,792,National,7,Dry latrines - Pit latrine with slab/covered latrine,0.0,Turkish Statistical Institute - TSI12
Turkey,TR,TUR,792,National,8,Dry latrines - Traditional latrine,0.0,Turkish Statistical Institute - TSI12
Turkey,TR,TUR,792,National,9,Dry latrines - Pit latrine without slab/open pit,0.0,Turkish Statistical Institute - TSI12
Turkey,TR,TUR,792,National,10,Dry latrines - Hanging toilet/hanging latrine,0.0,Turkish Statistical Institute - TSI12
Turkey,TR,TUR,792,National,11,Dry latrines - Bucket latrine,0.0,Turkish Statistical Institute - TSI12
Turkey,TR,TUR,792,National,12,Dry latrines - Other,0.0,Turkish Statistical Institute - TSI12
Turkey,TR,TUR,792,National,13,Composting toilets,0.0,Turkish Statistical Institute - TSI12
Turkey,TR,TUR,792,National,14,Other improved,0.0,Turkish Statistical Institute - TSI12
Turkey,TR,TUR,792,National,15,"No facility, bush, field",0.0,Turkish Statistical Institute - TSI12
Turkey,TR,TUR,792,National,16,Other unimproved,0.0,Turkish Statistical Institute - TSI12
Turkey,TR,TUR,792,National,17,DK/missing information,0.0,Turkish Statistical Institute - TSI12
