country,alpha-2,alpha-3,numeric,context,classific_id,classification,percentage,source
Bhutan,BT,BTN,064,Urban,1,Flush and pour flush - to piped sewer system,0.112,Multiple Indicator Cluster Survey - MICS10
Bhutan,BT,BTN,064,Urban,2,Flush and pour flush - to septic tank,0.742,Multiple Indicator Cluster Survey - MICS10
Bhutan,BT,BTN,064,Urban,3,Flush and pour flush - to pit,0.037,Multiple Indicator Cluster Survey - MICS10
Bhutan,BT,BTN,064,Urban,4,Flush and pour flush - to unknown place/ not sure/DK,0.0,Multiple Indicator Cluster Survey - MICS10
Bhutan,BT,BTN,064,Urban,5,Flush and pour flush - to elsewhere,0.001,Multiple Indicator Cluster Survey - MICS10
Bhutan,BT,BTN,064,Urban,6,Dry latrines - Ventilated Improved Pit latrine,0.011,Multiple Indicator Cluster Survey - MICS10
Bhutan,BT,BTN,064,Urban,7,Dry latrines - Pit latrine with slab/covered latrine,0.04,Multiple Indicator Cluster Survey - MICS10
Bhutan,BT,BTN,064,Urban,8,Dry latrines - Traditional latrine,0.0,Multiple Indicator Cluster Survey - MICS10
Bhutan,BT,BTN,064,Urban,9,Dry latrines - Pit latrine without slab/open pit,0.043,Multiple Indicator Cluster Survey - MICS10
Bhutan,BT,BTN,064,Urban,10,Dry latrines - Hanging toilet/hanging latrine,0.002,Multiple Indicator Cluster Survey - MICS10
Bhutan,BT,BTN,064,Urban,11,Dry latrines - Bucket latrine,0.002,Multiple Indicator Cluster Survey - MICS10
Bhutan,BT,BTN,064,Urban,12,Dry latrines - Other,0.0,Multiple Indicator Cluster Survey - MICS10
Bhutan,BT,BTN,064,Urban,13,Composting toilets,0.0,Multiple Indicator Cluster Survey - MICS10
Bhutan,BT,BTN,064,Urban,14,Other improved,0.0,Multiple Indicator Cluster Survey - MICS10
Bhutan,BT,BTN,064,Urban,15,"No facility, bush, field",0.008,Multiple Indicator Cluster Survey - MICS10
Bhutan,BT,BTN,064,Urban,16,Other unimproved,0.001,Multiple Indicator Cluster Survey - MICS10
Bhutan,BT,BTN,064,Urban,17,DK/missing information,0.0,Multiple Indicator Cluster Survey - MICS10
Bhutan,BT,BTN,064,Rural,1,Flush and pour flush - to piped sewer system,0.011,Multiple Indicator Cluster Survey - MICS10
Bhutan,BT,BTN,064,Rural,2,Flush and pour flush - to septic tank,0.248,Multiple Indicator Cluster Survey - MICS10
Bhutan,BT,BTN,064,Rural,3,Flush and pour flush - to pit,0.077,Multiple Indicator Cluster Survey - MICS10
Bhutan,BT,BTN,064,Rural,4,Flush and pour flush - to unknown place/ not sure/DK,0.0,Multiple Indicator Cluster Survey - MICS10
Bhutan,BT,BTN,064,Rural,5,Flush and pour flush - to elsewhere,0.003,Multiple Indicator Cluster Survey - MICS10
Bhutan,BT,BTN,064,Rural,6,Dry latrines - Ventilated Improved Pit latrine,0.003,Multiple Indicator Cluster Survey - MICS10
Bhutan,BT,BTN,064,Rural,7,Dry latrines - Pit latrine with slab/covered latrine,0.221,Multiple Indicator Cluster Survey - MICS10
Bhutan,BT,BTN,064,Rural,8,Dry latrines - Traditional latrine,0.0,Multiple Indicator Cluster Survey - MICS10
Bhutan,BT,BTN,064,Rural,9,Dry latrines - Pit latrine without slab/open pit,0.376,Multiple Indicator Cluster Survey - MICS10
Bhutan,BT,BTN,064,Rural,10,Dry latrines - Hanging toilet/hanging latrine,0.013,Multiple Indicator Cluster Survey - MICS10
Bhutan,BT,BTN,064,Rural,11,Dry latrines - Bucket latrine,0.003,Multiple Indicator Cluster Survey - MICS10
Bhutan,BT,BTN,064,Rural,12,Dry latrines - Other,0.0,Multiple Indicator Cluster Survey - MICS10
Bhutan,BT,BTN,064,Rural,13,Composting toilets,0.001,Multiple Indicator Cluster Survey - MICS10
Bhutan,BT,BTN,064,Rural,14,Other improved,0.0,Multiple Indicator Cluster Survey - MICS10
Bhutan,BT,BTN,064,Rural,15,"No facility, bush, field",0.044,Multiple Indicator Cluster Survey - MICS10
Bhutan,BT,BTN,064,Rural,16,Other unimproved,0.001,Multiple Indicator Cluster Survey - MICS10
Bhutan,BT,BTN,064,Rural,17,DK/missing information,0.0,Multiple Indicator Cluster Survey - MICS10
Bhutan,BT,BTN,064,Urban,1,Flush and pour flush - to piped sewer system,0.134,National Health Survey - NHS12
Bhutan,BT,BTN,064,Urban,2,Flush and pour flush - to septic tank,0.716,National Health Survey - NHS12
Bhutan,BT,BTN,064,Urban,3,Flush and pour flush - to pit,0.0,National Health Survey - NHS12
Bhutan,BT,BTN,064,Urban,4,Flush and pour flush - to unknown place/ not sure/DK,0.0,National Health Survey - NHS12
Bhutan,BT,BTN,064,Urban,5,Flush and pour flush - to elsewhere,0.016,National Health Survey - NHS12
Bhutan,BT,BTN,064,Urban,6,Dry latrines - Ventilated Improved Pit latrine,0.039,National Health Survey - NHS12
Bhutan,BT,BTN,064,Urban,7,Dry latrines - Pit latrine with slab/covered latrine,0.036,National Health Survey - NHS12
Bhutan,BT,BTN,064,Urban,8,Dry latrines - Traditional latrine,0.0,National Health Survey - NHS12
Bhutan,BT,BTN,064,Urban,9,Dry latrines - Pit latrine without slab/open pit,0.051,National Health Survey - NHS12
Bhutan,BT,BTN,064,Urban,10,Dry latrines - Hanging toilet/hanging latrine,0.0,National Health Survey - NHS12
Bhutan,BT,BTN,064,Urban,11,Dry latrines - Bucket latrine,0.0,National Health Survey - NHS12
Bhutan,BT,BTN,064,Urban,12,Dry latrines - Other,0.0,National Health Survey - NHS12
Bhutan,BT,BTN,064,Urban,13,Composting toilets,0.0,National Health Survey - NHS12
Bhutan,BT,BTN,064,Urban,14,Other improved,0.0,National Health Survey - NHS12
Bhutan,BT,BTN,064,Urban,15,"No facility, bush, field",0.0,National Health Survey - NHS12
Bhutan,BT,BTN,064,Urban,16,Other unimproved,0.007,National Health Survey - NHS12
Bhutan,BT,BTN,064,Urban,17,DK/missing information,0.001,National Health Survey - NHS12
Bhutan,BT,BTN,064,Rural,1,Flush and pour flush - to piped sewer system,0.012,National Health Survey - NHS12
Bhutan,BT,BTN,064,Rural,2,Flush and pour flush - to septic tank,0.334,National Health Survey - NHS12
Bhutan,BT,BTN,064,Rural,3,Flush and pour flush - to pit,0.0,National Health Survey - NHS12
Bhutan,BT,BTN,064,Rural,4,Flush and pour flush - to unknown place/ not sure/DK,0.0,National Health Survey - NHS12
Bhutan,BT,BTN,064,Rural,5,Flush and pour flush - to elsewhere,0.041,National Health Survey - NHS12
Bhutan,BT,BTN,064,Rural,6,Dry latrines - Ventilated Improved Pit latrine,0.059,National Health Survey - NHS12
Bhutan,BT,BTN,064,Rural,7,Dry latrines - Pit latrine with slab/covered latrine,0.174,National Health Survey - NHS12
Bhutan,BT,BTN,064,Rural,8,Dry latrines - Traditional latrine,0.0,National Health Survey - NHS12
Bhutan,BT,BTN,064,Rural,9,Dry latrines - Pit latrine without slab/open pit,0.334,National Health Survey - NHS12
Bhutan,BT,BTN,064,Rural,10,Dry latrines - Hanging toilet/hanging latrine,0.0,National Health Survey - NHS12
Bhutan,BT,BTN,064,Rural,11,Dry latrines - Bucket latrine,0.0,National Health Survey - NHS12
Bhutan,BT,BTN,064,Rural,12,Dry latrines - Other,0.0,National Health Survey - NHS12
Bhutan,BT,BTN,064,Rural,13,Composting toilets,0.0,National Health Survey - NHS12
Bhutan,BT,BTN,064,Rural,14,Other improved,0.0,National Health Survey - NHS12
Bhutan,BT,BTN,064,Rural,15,"No facility, bush, field",0.0,National Health Survey - NHS12
Bhutan,BT,BTN,064,Rural,16,Other unimproved,0.045,National Health Survey - NHS12
Bhutan,BT,BTN,064,Rural,17,DK/missing information,0.001,National Health Survey - NHS12
