country,alpha-2,alpha-3,numeric,context,classific_id,classification,percentage,source
Switzerland,CH,CHE,756,Urban,1,Flush and pour flush - to piped sewer system,0.96,Eurostat environmental database - ES00
Switzerland,CH,CHE,756,Urban,2,Flush and pour flush - to septic tank,0.04,Eurostat environmental database - ES00
Switzerland,CH,CHE,756,Urban,3,Flush and pour flush - to pit,0.0,Eurostat environmental database - ES00
Switzerland,CH,CHE,756,Urban,4,Flush and pour flush - to unknown place/ not sure/DK,0.0,Eurostat environmental database - ES00
Switzerland,CH,CHE,756,Urban,5,Flush and pour flush - to elsewhere,0.0,Eurostat environmental database - ES00
Switzerland,CH,CHE,756,Urban,6,Dry latrines - Ventilated Improved Pit latrine,0.0,Eurostat environmental database - ES00
Switzerland,CH,CHE,756,Urban,7,Dry latrines - Pit latrine with slab/covered latrine,0.0,Eurostat environmental database - ES00
Switzerland,CH,CHE,756,Urban,8,Dry latrines - Traditional latrine,0.0,Eurostat environmental database - ES00
Switzerland,CH,CHE,756,Urban,9,Dry latrines - Pit latrine without slab/open pit,0.0,Eurostat environmental database - ES00
Switzerland,CH,CHE,756,Urban,10,Dry latrines - Hanging toilet/hanging latrine,0.0,Eurostat environmental database - ES00
Switzerland,CH,CHE,756,Urban,11,Dry latrines - Bucket latrine,0.0,Eurostat environmental database - ES00
Switzerland,CH,CHE,756,Urban,12,Dry latrines - Other,0.0,Eurostat environmental database - ES00
Switzerland,CH,CHE,756,Urban,13,Composting toilets,0.0,Eurostat environmental database - ES00
Switzerland,CH,CHE,756,Urban,14,Other improved,0.0,Eurostat environmental database - ES00
Switzerland,CH,CHE,756,Urban,15,"No facility, bush, field",0.0,Eurostat environmental database - ES00
Switzerland,CH,CHE,756,Urban,16,Other unimproved,0.0,Eurostat environmental database - ES00
Switzerland,CH,CHE,756,Urban,17,DK/missing information,0.0,Eurostat environmental database - ES00
Switzerland,CH,CHE,756,Rural,1,Flush and pour flush - to piped sewer system,0.96,Eurostat environmental database - ES00
Switzerland,CH,CHE,756,Rural,2,Flush and pour flush - to septic tank,0.04,Eurostat environmental database - ES00
Switzerland,CH,CHE,756,Rural,3,Flush and pour flush - to pit,0.0,Eurostat environmental database - ES00
Switzerland,CH,CHE,756,Rural,4,Flush and pour flush - to unknown place/ not sure/DK,0.0,Eurostat environmental database - ES00
Switzerland,CH,CHE,756,Rural,5,Flush and pour flush - to elsewhere,0.0,Eurostat environmental database - ES00
Switzerland,CH,CHE,756,Rural,6,Dry latrines - Ventilated Improved Pit latrine,0.0,Eurostat environmental database - ES00
Switzerland,CH,CHE,756,Rural,7,Dry latrines - Pit latrine with slab/covered latrine,0.0,Eurostat environmental database - ES00
Switzerland,CH,CHE,756,Rural,8,Dry latrines - Traditional latrine,0.0,Eurostat environmental database - ES00
Switzerland,CH,CHE,756,Rural,9,Dry latrines - Pit latrine without slab/open pit,0.0,Eurostat environmental database - ES00
Switzerland,CH,CHE,756,Rural,10,Dry latrines - Hanging toilet/hanging latrine,0.0,Eurostat environmental database - ES00
Switzerland,CH,CHE,756,Rural,11,Dry latrines - Bucket latrine,0.0,Eurostat environmental database - ES00
Switzerland,CH,CHE,756,Rural,12,Dry latrines - Other,0.0,Eurostat environmental database - ES00
Switzerland,CH,CHE,756,Rural,13,Composting toilets,0.0,Eurostat environmental database - ES00
Switzerland,CH,CHE,756,Rural,14,Other improved,0.0,Eurostat environmental database - ES00
Switzerland,CH,CHE,756,Rural,15,"No facility, bush, field",0.0,Eurostat environmental database - ES00
Switzerland,CH,CHE,756,Rural,16,Other unimproved,0.0,Eurostat environmental database - ES00
Switzerland,CH,CHE,756,Rural,17,DK/missing information,0.0,Eurostat environmental database - ES00
Switzerland,CH,CHE,756,Urban,1,Flush and pour flush - to piped sewer system,0.96,Eurostat environmental database - ES01
Switzerland,CH,CHE,756,Urban,2,Flush and pour flush - to septic tank,0.04,Eurostat environmental database - ES01
Switzerland,CH,CHE,756,Urban,3,Flush and pour flush - to pit,0.0,Eurostat environmental database - ES01
Switzerland,CH,CHE,756,Urban,4,Flush and pour flush - to unknown place/ not sure/DK,0.0,Eurostat environmental database - ES01
Switzerland,CH,CHE,756,Urban,5,Flush and pour flush - to elsewhere,0.0,Eurostat environmental database - ES01
Switzerland,CH,CHE,756,Urban,6,Dry latrines - Ventilated Improved Pit latrine,0.0,Eurostat environmental database - ES01
Switzerland,CH,CHE,756,Urban,7,Dry latrines - Pit latrine with slab/covered latrine,0.0,Eurostat environmental database - ES01
Switzerland,CH,CHE,756,Urban,8,Dry latrines - Traditional latrine,0.0,Eurostat environmental database - ES01
Switzerland,CH,CHE,756,Urban,9,Dry latrines - Pit latrine without slab/open pit,0.0,Eurostat environmental database - ES01
Switzerland,CH,CHE,756,Urban,10,Dry latrines - Hanging toilet/hanging latrine,0.0,Eurostat environmental database - ES01
Switzerland,CH,CHE,756,Urban,11,Dry latrines - Bucket latrine,0.0,Eurostat environmental database - ES01
Switzerland,CH,CHE,756,Urban,12,Dry latrines - Other,0.0,Eurostat environmental database - ES01
Switzerland,CH,CHE,756,Urban,13,Composting toilets,0.0,Eurostat environmental database - ES01
Switzerland,CH,CHE,756,Urban,14,Other improved,0.0,Eurostat environmental database - ES01
Switzerland,CH,CHE,756,Urban,15,"No facility, bush, field",0.0,Eurostat environmental database - ES01
Switzerland,CH,CHE,756,Urban,16,Other unimproved,0.0,Eurostat environmental database - ES01
Switzerland,CH,CHE,756,Urban,17,DK/missing information,0.0,Eurostat environmental database - ES01
Switzerland,CH,CHE,756,Rural,1,Flush and pour flush - to piped sewer system,0.96,Eurostat environmental database - ES01
Switzerland,CH,CHE,756,Rural,2,Flush and pour flush - to septic tank,0.04,Eurostat environmental database - ES01
Switzerland,CH,CHE,756,Rural,3,Flush and pour flush - to pit,0.0,Eurostat environmental database - ES01
Switzerland,CH,CHE,756,Rural,4,Flush and pour flush - to unknown place/ not sure/DK,0.0,Eurostat environmental database - ES01
Switzerland,CH,CHE,756,Rural,5,Flush and pour flush - to elsewhere,0.0,Eurostat environmental database - ES01
Switzerland,CH,CHE,756,Rural,6,Dry latrines - Ventilated Improved Pit latrine,0.0,Eurostat environmental database - ES01
Switzerland,CH,CHE,756,Rural,7,Dry latrines - Pit latrine with slab/covered latrine,0.0,Eurostat environmental database - ES01
Switzerland,CH,CHE,756,Rural,8,Dry latrines - Traditional latrine,0.0,Eurostat environmental database - ES01
Switzerland,CH,CHE,756,Rural,9,Dry latrines - Pit latrine without slab/open pit,0.0,Eurostat environmental database - ES01
Switzerland,CH,CHE,756,Rural,10,Dry latrines - Hanging toilet/hanging latrine,0.0,Eurostat environmental database - ES01
Switzerland,CH,CHE,756,Rural,11,Dry latrines - Bucket latrine,0.0,Eurostat environmental database - ES01
Switzerland,CH,CHE,756,Rural,12,Dry latrines - Other,0.0,Eurostat environmental database - ES01
Switzerland,CH,CHE,756,Rural,13,Composting toilets,0.0,Eurostat environmental database - ES01
Switzerland,CH,CHE,756,Rural,14,Other improved,0.0,Eurostat environmental database - ES01
Switzerland,CH,CHE,756,Rural,15,"No facility, bush, field",0.0,Eurostat environmental database - ES01
Switzerland,CH,CHE,756,Rural,16,Other unimproved,0.0,Eurostat environmental database - ES01
Switzerland,CH,CHE,756,Rural,17,DK/missing information,0.0,Eurostat environmental database - ES01
Switzerland,CH,CHE,756,Urban,1,Flush and pour flush - to piped sewer system,0.96,Eurostat environmental database - ES02
Switzerland,CH,CHE,756,Urban,2,Flush and pour flush - to septic tank,0.04,Eurostat environmental database - ES02
Switzerland,CH,CHE,756,Urban,3,Flush and pour flush - to pit,0.0,Eurostat environmental database - ES02
Switzerland,CH,CHE,756,Urban,4,Flush and pour flush - to unknown place/ not sure/DK,0.0,Eurostat environmental database - ES02
Switzerland,CH,CHE,756,Urban,5,Flush and pour flush - to elsewhere,0.0,Eurostat environmental database - ES02
Switzerland,CH,CHE,756,Urban,6,Dry latrines - Ventilated Improved Pit latrine,0.0,Eurostat environmental database - ES02
Switzerland,CH,CHE,756,Urban,7,Dry latrines - Pit latrine with slab/covered latrine,0.0,Eurostat environmental database - ES02
Switzerland,CH,CHE,756,Urban,8,Dry latrines - Traditional latrine,0.0,Eurostat environmental database - ES02
Switzerland,CH,CHE,756,Urban,9,Dry latrines - Pit latrine without slab/open pit,0.0,Eurostat environmental database - ES02
Switzerland,CH,CHE,756,Urban,10,Dry latrines - Hanging toilet/hanging latrine,0.0,Eurostat environmental database - ES02
Switzerland,CH,CHE,756,Urban,11,Dry latrines - Bucket latrine,0.0,Eurostat environmental database - ES02
Switzerland,CH,CHE,756,Urban,12,Dry latrines - Other,0.0,Eurostat environmental database - ES02
Switzerland,CH,CHE,756,Urban,13,Composting toilets,0.0,Eurostat environmental database - ES02
Switzerland,CH,CHE,756,Urban,14,Other improved,0.0,Eurostat environmental database - ES02
Switzerland,CH,CHE,756,Urban,15,"No facility, bush, field",0.0,Eurostat environmental database - ES02
Switzerland,CH,CHE,756,Urban,16,Other unimproved,0.0,Eurostat environmental database - ES02
Switzerland,CH,CHE,756,Urban,17,DK/missing information,0.0,Eurostat environmental database - ES02
Switzerland,CH,CHE,756,Rural,1,Flush and pour flush - to piped sewer system,0.96,Eurostat environmental database - ES02
Switzerland,CH,CHE,756,Rural,2,Flush and pour flush - to septic tank,0.04,Eurostat environmental database - ES02
Switzerland,CH,CHE,756,Rural,3,Flush and pour flush - to pit,0.0,Eurostat environmental database - ES02
Switzerland,CH,CHE,756,Rural,4,Flush and pour flush - to unknown place/ not sure/DK,0.0,Eurostat environmental database - ES02
Switzerland,CH,CHE,756,Rural,5,Flush and pour flush - to elsewhere,0.0,Eurostat environmental database - ES02
Switzerland,CH,CHE,756,Rural,6,Dry latrines - Ventilated Improved Pit latrine,0.0,Eurostat environmental database - ES02
Switzerland,CH,CHE,756,Rural,7,Dry latrines - Pit latrine with slab/covered latrine,0.0,Eurostat environmental database - ES02
Switzerland,CH,CHE,756,Rural,8,Dry latrines - Traditional latrine,0.0,Eurostat environmental database - ES02
Switzerland,CH,CHE,756,Rural,9,Dry latrines - Pit latrine without slab/open pit,0.0,Eurostat environmental database - ES02
Switzerland,CH,CHE,756,Rural,10,Dry latrines - Hanging toilet/hanging latrine,0.0,Eurostat environmental database - ES02
Switzerland,CH,CHE,756,Rural,11,Dry latrines - Bucket latrine,0.0,Eurostat environmental database - ES02
Switzerland,CH,CHE,756,Rural,12,Dry latrines - Other,0.0,Eurostat environmental database - ES02
Switzerland,CH,CHE,756,Rural,13,Composting toilets,0.0,Eurostat environmental database - ES02
Switzerland,CH,CHE,756,Rural,14,Other improved,0.0,Eurostat environmental database - ES02
Switzerland,CH,CHE,756,Rural,15,"No facility, bush, field",0.0,Eurostat environmental database - ES02
Switzerland,CH,CHE,756,Rural,16,Other unimproved,0.0,Eurostat environmental database - ES02
Switzerland,CH,CHE,756,Rural,17,DK/missing information,0.0,Eurostat environmental database - ES02
Switzerland,CH,CHE,756,Urban,1,Flush and pour flush - to piped sewer system,0.97,Eurostat environmental database - ES05
Switzerland,CH,CHE,756,Urban,2,Flush and pour flush - to septic tank,0.03,Eurostat environmental database - ES05
Switzerland,CH,CHE,756,Urban,3,Flush and pour flush - to pit,0.0,Eurostat environmental database - ES05
Switzerland,CH,CHE,756,Urban,4,Flush and pour flush - to unknown place/ not sure/DK,0.0,Eurostat environmental database - ES05
Switzerland,CH,CHE,756,Urban,5,Flush and pour flush - to elsewhere,0.0,Eurostat environmental database - ES05
Switzerland,CH,CHE,756,Urban,6,Dry latrines - Ventilated Improved Pit latrine,0.0,Eurostat environmental database - ES05
Switzerland,CH,CHE,756,Urban,7,Dry latrines - Pit latrine with slab/covered latrine,0.0,Eurostat environmental database - ES05
Switzerland,CH,CHE,756,Urban,8,Dry latrines - Traditional latrine,0.0,Eurostat environmental database - ES05
Switzerland,CH,CHE,756,Urban,9,Dry latrines - Pit latrine without slab/open pit,0.0,Eurostat environmental database - ES05
Switzerland,CH,CHE,756,Urban,10,Dry latrines - Hanging toilet/hanging latrine,0.0,Eurostat environmental database - ES05
Switzerland,CH,CHE,756,Urban,11,Dry latrines - Bucket latrine,0.0,Eurostat environmental database - ES05
Switzerland,CH,CHE,756,Urban,12,Dry latrines - Other,0.0,Eurostat environmental database - ES05
Switzerland,CH,CHE,756,Urban,13,Composting toilets,0.0,Eurostat environmental database - ES05
Switzerland,CH,CHE,756,Urban,14,Other improved,0.0,Eurostat environmental database - ES05
Switzerland,CH,CHE,756,Urban,15,"No facility, bush, field",0.0,Eurostat environmental database - ES05
Switzerland,CH,CHE,756,Urban,16,Other unimproved,0.0,Eurostat environmental database - ES05
Switzerland,CH,CHE,756,Urban,17,DK/missing information,0.0,Eurostat environmental database - ES05
Switzerland,CH,CHE,756,Rural,1,Flush and pour flush - to piped sewer system,0.97,Eurostat environmental database - ES05
Switzerland,CH,CHE,756,Rural,2,Flush and pour flush - to septic tank,0.03,Eurostat environmental database - ES05
Switzerland,CH,CHE,756,Rural,3,Flush and pour flush - to pit,0.0,Eurostat environmental database - ES05
Switzerland,CH,CHE,756,Rural,4,Flush and pour flush - to unknown place/ not sure/DK,0.0,Eurostat environmental database - ES05
Switzerland,CH,CHE,756,Rural,5,Flush and pour flush - to elsewhere,0.0,Eurostat environmental database - ES05
Switzerland,CH,CHE,756,Rural,6,Dry latrines - Ventilated Improved Pit latrine,0.0,Eurostat environmental database - ES05
Switzerland,CH,CHE,756,Rural,7,Dry latrines - Pit latrine with slab/covered latrine,0.0,Eurostat environmental database - ES05
Switzerland,CH,CHE,756,Rural,8,Dry latrines - Traditional latrine,0.0,Eurostat environmental database - ES05
Switzerland,CH,CHE,756,Rural,9,Dry latrines - Pit latrine without slab/open pit,0.0,Eurostat environmental database - ES05
Switzerland,CH,CHE,756,Rural,10,Dry latrines - Hanging toilet/hanging latrine,0.0,Eurostat environmental database - ES05
Switzerland,CH,CHE,756,Rural,11,Dry latrines - Bucket latrine,0.0,Eurostat environmental database - ES05
Switzerland,CH,CHE,756,Rural,12,Dry latrines - Other,0.0,Eurostat environmental database - ES05
Switzerland,CH,CHE,756,Rural,13,Composting toilets,0.0,Eurostat environmental database - ES05
Switzerland,CH,CHE,756,Rural,14,Other improved,0.0,Eurostat environmental database - ES05
Switzerland,CH,CHE,756,Rural,15,"No facility, bush, field",0.0,Eurostat environmental database - ES05
Switzerland,CH,CHE,756,Rural,16,Other unimproved,0.0,Eurostat environmental database - ES05
Switzerland,CH,CHE,756,Rural,17,DK/missing information,0.0,Eurostat environmental database - ES05
