country,alpha-2,alpha-3,numeric,context,classific_id,classification,percentage,source
Costa Rica,CR,CRI,188,Urban,1,Flush and pour flush - to piped sewer system,0.348,National Census  - CEN00
Costa Rica,CR,CRI,188,Urban,2,Flush and pour flush - to septic tank,0.611,National Census  - CEN00
Costa Rica,CR,CRI,188,Urban,3,Flush and pour flush - to pit,0.0,National Census  - CEN00
Costa Rica,CR,CRI,188,Urban,4,Flush and pour flush - to unknown place/ not sure/DK,0.0,National Census  - CEN00
Costa Rica,CR,CRI,188,Urban,5,Flush and pour flush - to elsewhere,0.0,National Census  - CEN00
Costa Rica,CR,CRI,188,Urban,6,Dry latrines - Ventilated Improved Pit latrine,0.0,National Census  - CEN00
Costa Rica,CR,CRI,188,Urban,7,Dry latrines - Pit latrine with slab/covered latrine,0.0,National Census  - CEN00
Costa Rica,CR,CRI,188,Urban,8,Dry latrines - Traditional latrine,0.024,National Census  - CEN00
Costa Rica,CR,CRI,188,Urban,8,Dry latrines - Traditional latrine,0.021,National Census  - CEN00
Costa Rica,CR,CRI,188,Urban,8,Dry latrines - Traditional latrine,0.004,National Census  - CEN00
Costa Rica,CR,CRI,188,Urban,9,Dry latrines - Pit latrine without slab/open pit,0.0,National Census  - CEN00
Costa Rica,CR,CRI,188,Urban,10,Dry latrines - Hanging toilet/hanging latrine,0.0,National Census  - CEN00
Costa Rica,CR,CRI,188,Urban,11,Dry latrines - Bucket latrine,0.0,National Census  - CEN00
Costa Rica,CR,CRI,188,Urban,12,Dry latrines - Other,0.0,National Census  - CEN00
Costa Rica,CR,CRI,188,Urban,13,Composting toilets,0.0,National Census  - CEN00
Costa Rica,CR,CRI,188,Urban,14,Other improved,0.0,National Census  - CEN00
Costa Rica,CR,CRI,188,Urban,15,"No facility, bush, field",0.006,National Census  - CEN00
Costa Rica,CR,CRI,188,Urban,16,Other unimproved,0.01,National Census  - CEN00
Costa Rica,CR,CRI,188,Urban,17,DK/missing information,0.0,National Census  - CEN00
Costa Rica,CR,CRI,188,Rural,1,Flush and pour flush - to piped sewer system,0.004,National Census  - CEN00
Costa Rica,CR,CRI,188,Rural,2,Flush and pour flush - to septic tank,0.778,National Census  - CEN00
Costa Rica,CR,CRI,188,Rural,3,Flush and pour flush - to pit,0.0,National Census  - CEN00
Costa Rica,CR,CRI,188,Rural,4,Flush and pour flush - to unknown place/ not sure/DK,0.0,National Census  - CEN00
Costa Rica,CR,CRI,188,Rural,5,Flush and pour flush - to elsewhere,0.0,National Census  - CEN00
Costa Rica,CR,CRI,188,Rural,6,Dry latrines - Ventilated Improved Pit latrine,0.0,National Census  - CEN00
Costa Rica,CR,CRI,188,Rural,7,Dry latrines - Pit latrine with slab/covered latrine,0.0,National Census  - CEN00
Costa Rica,CR,CRI,188,Rural,8,Dry latrines - Traditional latrine,0.196,National Census  - CEN00
Costa Rica,CR,CRI,188,Rural,8,Dry latrines - Traditional latrine,0.179,National Census  - CEN00
Costa Rica,CR,CRI,188,Rural,8,Dry latrines - Traditional latrine,0.017,National Census  - CEN00
Costa Rica,CR,CRI,188,Rural,9,Dry latrines - Pit latrine without slab/open pit,0.0,National Census  - CEN00
Costa Rica,CR,CRI,188,Rural,10,Dry latrines - Hanging toilet/hanging latrine,0.0,National Census  - CEN00
Costa Rica,CR,CRI,188,Rural,11,Dry latrines - Bucket latrine,0.0,National Census  - CEN00
Costa Rica,CR,CRI,188,Rural,12,Dry latrines - Other,0.0,National Census  - CEN00
Costa Rica,CR,CRI,188,Rural,13,Composting toilets,0.0,National Census  - CEN00
Costa Rica,CR,CRI,188,Rural,14,Other improved,0.0,National Census  - CEN00
Costa Rica,CR,CRI,188,Rural,15,"No facility, bush, field",0.016,National Census  - CEN00
Costa Rica,CR,CRI,188,Rural,16,Other unimproved,0.006,National Census  - CEN00
Costa Rica,CR,CRI,188,Rural,17,DK/missing information,0.0,National Census  - CEN00
Costa Rica,CR,CRI,188,Urban,1,Flush and pour flush - to piped sewer system,0.456,Encuesta de Hogares de Propósitos Múltiples - EHPM00
Costa Rica,CR,CRI,188,Urban,2,Flush and pour flush - to septic tank,0.512,Encuesta de Hogares de Propósitos Múltiples - EHPM00
Costa Rica,CR,CRI,188,Urban,3,Flush and pour flush - to pit,0.0,Encuesta de Hogares de Propósitos Múltiples - EHPM00
Costa Rica,CR,CRI,188,Urban,4,Flush and pour flush - to unknown place/ not sure/DK,0.0,Encuesta de Hogares de Propósitos Múltiples - EHPM00
Costa Rica,CR,CRI,188,Urban,5,Flush and pour flush - to elsewhere,0.0,Encuesta de Hogares de Propósitos Múltiples - EHPM00
Costa Rica,CR,CRI,188,Urban,6,Dry latrines - Ventilated Improved Pit latrine,0.0,Encuesta de Hogares de Propósitos Múltiples - EHPM00
Costa Rica,CR,CRI,188,Urban,7,Dry latrines - Pit latrine with slab/covered latrine,0.0,Encuesta de Hogares de Propósitos Múltiples - EHPM00
Costa Rica,CR,CRI,188,Urban,8,Dry latrines - Traditional latrine,0.019,Encuesta de Hogares de Propósitos Múltiples - EHPM00
Costa Rica,CR,CRI,188,Urban,9,Dry latrines - Pit latrine without slab/open pit,0.0,Encuesta de Hogares de Propósitos Múltiples - EHPM00
Costa Rica,CR,CRI,188,Urban,10,Dry latrines - Hanging toilet/hanging latrine,0.0,Encuesta de Hogares de Propósitos Múltiples - EHPM00
Costa Rica,CR,CRI,188,Urban,11,Dry latrines - Bucket latrine,0.0,Encuesta de Hogares de Propósitos Múltiples - EHPM00
Costa Rica,CR,CRI,188,Urban,12,Dry latrines - Other,0.0,Encuesta de Hogares de Propósitos Múltiples - EHPM00
Costa Rica,CR,CRI,188,Urban,13,Composting toilets,0.0,Encuesta de Hogares de Propósitos Múltiples - EHPM00
Costa Rica,CR,CRI,188,Urban,14,Other improved,0.0,Encuesta de Hogares de Propósitos Múltiples - EHPM00
Costa Rica,CR,CRI,188,Urban,15,"No facility, bush, field",0.005,Encuesta de Hogares de Propósitos Múltiples - EHPM00
Costa Rica,CR,CRI,188,Urban,16,Other unimproved,0.001,Encuesta de Hogares de Propósitos Múltiples - EHPM00
Costa Rica,CR,CRI,188,Urban,17,DK/missing information,0.007,Encuesta de Hogares de Propósitos Múltiples - EHPM00
Costa Rica,CR,CRI,188,Rural,1,Flush and pour flush - to piped sewer system,0.094,Encuesta de Hogares de Propósitos Múltiples - EHPM00
Costa Rica,CR,CRI,188,Rural,2,Flush and pour flush - to septic tank,0.734,Encuesta de Hogares de Propósitos Múltiples - EHPM00
Costa Rica,CR,CRI,188,Rural,3,Flush and pour flush - to pit,0.0,Encuesta de Hogares de Propósitos Múltiples - EHPM00
Costa Rica,CR,CRI,188,Rural,4,Flush and pour flush - to unknown place/ not sure/DK,0.0,Encuesta de Hogares de Propósitos Múltiples - EHPM00
Costa Rica,CR,CRI,188,Rural,5,Flush and pour flush - to elsewhere,0.0,Encuesta de Hogares de Propósitos Múltiples - EHPM00
Costa Rica,CR,CRI,188,Rural,6,Dry latrines - Ventilated Improved Pit latrine,0.0,Encuesta de Hogares de Propósitos Múltiples - EHPM00
Costa Rica,CR,CRI,188,Rural,7,Dry latrines - Pit latrine with slab/covered latrine,0.0,Encuesta de Hogares de Propósitos Múltiples - EHPM00
Costa Rica,CR,CRI,188,Rural,8,Dry latrines - Traditional latrine,0.151,Encuesta de Hogares de Propósitos Múltiples - EHPM00
Costa Rica,CR,CRI,188,Rural,9,Dry latrines - Pit latrine without slab/open pit,0.0,Encuesta de Hogares de Propósitos Múltiples - EHPM00
Costa Rica,CR,CRI,188,Rural,10,Dry latrines - Hanging toilet/hanging latrine,0.0,Encuesta de Hogares de Propósitos Múltiples - EHPM00
Costa Rica,CR,CRI,188,Rural,11,Dry latrines - Bucket latrine,0.0,Encuesta de Hogares de Propósitos Múltiples - EHPM00
Costa Rica,CR,CRI,188,Rural,12,Dry latrines - Other,0.0,Encuesta de Hogares de Propósitos Múltiples - EHPM00
Costa Rica,CR,CRI,188,Rural,13,Composting toilets,0.0,Encuesta de Hogares de Propósitos Múltiples - EHPM00
Costa Rica,CR,CRI,188,Rural,14,Other improved,0.0,Encuesta de Hogares de Propósitos Múltiples - EHPM00
Costa Rica,CR,CRI,188,Rural,15,"No facility, bush, field",0.013,Encuesta de Hogares de Propósitos Múltiples - EHPM00
Costa Rica,CR,CRI,188,Rural,16,Other unimproved,0.003,Encuesta de Hogares de Propósitos Múltiples - EHPM00
Costa Rica,CR,CRI,188,Rural,17,DK/missing information,0.005,Encuesta de Hogares de Propósitos Múltiples - EHPM00
Costa Rica,CR,CRI,188,Urban,1,Flush and pour flush - to piped sewer system,0.441,Encuesta de Hogares de Propósitos Múltiples - EHPM01
Costa Rica,CR,CRI,188,Urban,2,Flush and pour flush - to septic tank,0.528,Encuesta de Hogares de Propósitos Múltiples - EHPM01
Costa Rica,CR,CRI,188,Urban,3,Flush and pour flush - to pit,0.0,Encuesta de Hogares de Propósitos Múltiples - EHPM01
Costa Rica,CR,CRI,188,Urban,4,Flush and pour flush - to unknown place/ not sure/DK,0.0,Encuesta de Hogares de Propósitos Múltiples - EHPM01
Costa Rica,CR,CRI,188,Urban,5,Flush and pour flush - to elsewhere,0.0,Encuesta de Hogares de Propósitos Múltiples - EHPM01
Costa Rica,CR,CRI,188,Urban,6,Dry latrines - Ventilated Improved Pit latrine,0.0,Encuesta de Hogares de Propósitos Múltiples - EHPM01
Costa Rica,CR,CRI,188,Urban,7,Dry latrines - Pit latrine with slab/covered latrine,0.0,Encuesta de Hogares de Propósitos Múltiples - EHPM01
Costa Rica,CR,CRI,188,Urban,8,Dry latrines - Traditional latrine,0.017,Encuesta de Hogares de Propósitos Múltiples - EHPM01
Costa Rica,CR,CRI,188,Urban,9,Dry latrines - Pit latrine without slab/open pit,0.0,Encuesta de Hogares de Propósitos Múltiples - EHPM01
Costa Rica,CR,CRI,188,Urban,10,Dry latrines - Hanging toilet/hanging latrine,0.0,Encuesta de Hogares de Propósitos Múltiples - EHPM01
Costa Rica,CR,CRI,188,Urban,11,Dry latrines - Bucket latrine,0.0,Encuesta de Hogares de Propósitos Múltiples - EHPM01
Costa Rica,CR,CRI,188,Urban,12,Dry latrines - Other,0.0,Encuesta de Hogares de Propósitos Múltiples - EHPM01
Costa Rica,CR,CRI,188,Urban,13,Composting toilets,0.0,Encuesta de Hogares de Propósitos Múltiples - EHPM01
Costa Rica,CR,CRI,188,Urban,14,Other improved,0.0,Encuesta de Hogares de Propósitos Múltiples - EHPM01
Costa Rica,CR,CRI,188,Urban,15,"No facility, bush, field",0.007,Encuesta de Hogares de Propósitos Múltiples - EHPM01
Costa Rica,CR,CRI,188,Urban,16,Other unimproved,0.005,Encuesta de Hogares de Propósitos Múltiples - EHPM01
Costa Rica,CR,CRI,188,Urban,17,DK/missing information,0.002,Encuesta de Hogares de Propósitos Múltiples - EHPM01
Costa Rica,CR,CRI,188,Rural,1,Flush and pour flush - to piped sewer system,0.073,Encuesta de Hogares de Propósitos Múltiples - EHPM01
Costa Rica,CR,CRI,188,Rural,2,Flush and pour flush - to septic tank,0.773,Encuesta de Hogares de Propósitos Múltiples - EHPM01
Costa Rica,CR,CRI,188,Rural,3,Flush and pour flush - to pit,0.0,Encuesta de Hogares de Propósitos Múltiples - EHPM01
Costa Rica,CR,CRI,188,Rural,4,Flush and pour flush - to unknown place/ not sure/DK,0.0,Encuesta de Hogares de Propósitos Múltiples - EHPM01
Costa Rica,CR,CRI,188,Rural,5,Flush and pour flush - to elsewhere,0.0,Encuesta de Hogares de Propósitos Múltiples - EHPM01
Costa Rica,CR,CRI,188,Rural,6,Dry latrines - Ventilated Improved Pit latrine,0.0,Encuesta de Hogares de Propósitos Múltiples - EHPM01
Costa Rica,CR,CRI,188,Rural,7,Dry latrines - Pit latrine with slab/covered latrine,0.0,Encuesta de Hogares de Propósitos Múltiples - EHPM01
Costa Rica,CR,CRI,188,Rural,8,Dry latrines - Traditional latrine,0.134,Encuesta de Hogares de Propósitos Múltiples - EHPM01
Costa Rica,CR,CRI,188,Rural,9,Dry latrines - Pit latrine without slab/open pit,0.0,Encuesta de Hogares de Propósitos Múltiples - EHPM01
Costa Rica,CR,CRI,188,Rural,10,Dry latrines - Hanging toilet/hanging latrine,0.0,Encuesta de Hogares de Propósitos Múltiples - EHPM01
Costa Rica,CR,CRI,188,Rural,11,Dry latrines - Bucket latrine,0.0,Encuesta de Hogares de Propósitos Múltiples - EHPM01
Costa Rica,CR,CRI,188,Rural,12,Dry latrines - Other,0.0,Encuesta de Hogares de Propósitos Múltiples - EHPM01
Costa Rica,CR,CRI,188,Rural,13,Composting toilets,0.0,Encuesta de Hogares de Propósitos Múltiples - EHPM01
Costa Rica,CR,CRI,188,Rural,14,Other improved,0.0,Encuesta de Hogares de Propósitos Múltiples - EHPM01
Costa Rica,CR,CRI,188,Rural,15,"No facility, bush, field",0.013,Encuesta de Hogares de Propósitos Múltiples - EHPM01
Costa Rica,CR,CRI,188,Rural,16,Other unimproved,0.006,Encuesta de Hogares de Propósitos Múltiples - EHPM01
Costa Rica,CR,CRI,188,Rural,17,DK/missing information,0.002,Encuesta de Hogares de Propósitos Múltiples - EHPM01
Costa Rica,CR,CRI,188,Urban,1,Flush and pour flush - to piped sewer system,0.441,Encuesta de Hogares de Propósitos Múltiples - EHPM02
Costa Rica,CR,CRI,188,Urban,2,Flush and pour flush - to septic tank,0.528,Encuesta de Hogares de Propósitos Múltiples - EHPM02
Costa Rica,CR,CRI,188,Urban,3,Flush and pour flush - to pit,0.0,Encuesta de Hogares de Propósitos Múltiples - EHPM02
Costa Rica,CR,CRI,188,Urban,4,Flush and pour flush - to unknown place/ not sure/DK,0.0,Encuesta de Hogares de Propósitos Múltiples - EHPM02
Costa Rica,CR,CRI,188,Urban,5,Flush and pour flush - to elsewhere,0.0,Encuesta de Hogares de Propósitos Múltiples - EHPM02
Costa Rica,CR,CRI,188,Urban,6,Dry latrines - Ventilated Improved Pit latrine,0.0,Encuesta de Hogares de Propósitos Múltiples - EHPM02
Costa Rica,CR,CRI,188,Urban,7,Dry latrines - Pit latrine with slab/covered latrine,0.0,Encuesta de Hogares de Propósitos Múltiples - EHPM02
Costa Rica,CR,CRI,188,Urban,8,Dry latrines - Traditional latrine,0.017,Encuesta de Hogares de Propósitos Múltiples - EHPM02
Costa Rica,CR,CRI,188,Urban,9,Dry latrines - Pit latrine without slab/open pit,0.0,Encuesta de Hogares de Propósitos Múltiples - EHPM02
Costa Rica,CR,CRI,188,Urban,10,Dry latrines - Hanging toilet/hanging latrine,0.0,Encuesta de Hogares de Propósitos Múltiples - EHPM02
Costa Rica,CR,CRI,188,Urban,11,Dry latrines - Bucket latrine,0.0,Encuesta de Hogares de Propósitos Múltiples - EHPM02
Costa Rica,CR,CRI,188,Urban,12,Dry latrines - Other,0.0,Encuesta de Hogares de Propósitos Múltiples - EHPM02
Costa Rica,CR,CRI,188,Urban,13,Composting toilets,0.0,Encuesta de Hogares de Propósitos Múltiples - EHPM02
Costa Rica,CR,CRI,188,Urban,14,Other improved,0.0,Encuesta de Hogares de Propósitos Múltiples - EHPM02
Costa Rica,CR,CRI,188,Urban,15,"No facility, bush, field",0.007,Encuesta de Hogares de Propósitos Múltiples - EHPM02
Costa Rica,CR,CRI,188,Urban,16,Other unimproved,0.005,Encuesta de Hogares de Propósitos Múltiples - EHPM02
Costa Rica,CR,CRI,188,Urban,17,DK/missing information,0.002,Encuesta de Hogares de Propósitos Múltiples - EHPM02
Costa Rica,CR,CRI,188,Rural,1,Flush and pour flush - to piped sewer system,0.073,Encuesta de Hogares de Propósitos Múltiples - EHPM02
Costa Rica,CR,CRI,188,Rural,2,Flush and pour flush - to septic tank,0.773,Encuesta de Hogares de Propósitos Múltiples - EHPM02
Costa Rica,CR,CRI,188,Rural,3,Flush and pour flush - to pit,0.0,Encuesta de Hogares de Propósitos Múltiples - EHPM02
Costa Rica,CR,CRI,188,Rural,4,Flush and pour flush - to unknown place/ not sure/DK,0.0,Encuesta de Hogares de Propósitos Múltiples - EHPM02
Costa Rica,CR,CRI,188,Rural,5,Flush and pour flush - to elsewhere,0.0,Encuesta de Hogares de Propósitos Múltiples - EHPM02
Costa Rica,CR,CRI,188,Rural,6,Dry latrines - Ventilated Improved Pit latrine,0.0,Encuesta de Hogares de Propósitos Múltiples - EHPM02
Costa Rica,CR,CRI,188,Rural,7,Dry latrines - Pit latrine with slab/covered latrine,0.0,Encuesta de Hogares de Propósitos Múltiples - EHPM02
Costa Rica,CR,CRI,188,Rural,8,Dry latrines - Traditional latrine,0.134,Encuesta de Hogares de Propósitos Múltiples - EHPM02
Costa Rica,CR,CRI,188,Rural,9,Dry latrines - Pit latrine without slab/open pit,0.0,Encuesta de Hogares de Propósitos Múltiples - EHPM02
Costa Rica,CR,CRI,188,Rural,10,Dry latrines - Hanging toilet/hanging latrine,0.0,Encuesta de Hogares de Propósitos Múltiples - EHPM02
Costa Rica,CR,CRI,188,Rural,11,Dry latrines - Bucket latrine,0.0,Encuesta de Hogares de Propósitos Múltiples - EHPM02
Costa Rica,CR,CRI,188,Rural,12,Dry latrines - Other,0.0,Encuesta de Hogares de Propósitos Múltiples - EHPM02
Costa Rica,CR,CRI,188,Rural,13,Composting toilets,0.0,Encuesta de Hogares de Propósitos Múltiples - EHPM02
Costa Rica,CR,CRI,188,Rural,14,Other improved,0.0,Encuesta de Hogares de Propósitos Múltiples - EHPM02
Costa Rica,CR,CRI,188,Rural,15,"No facility, bush, field",0.013,Encuesta de Hogares de Propósitos Múltiples - EHPM02
Costa Rica,CR,CRI,188,Rural,16,Other unimproved,0.006,Encuesta de Hogares de Propósitos Múltiples - EHPM02
Costa Rica,CR,CRI,188,Rural,17,DK/missing information,0.002,Encuesta de Hogares de Propósitos Múltiples - EHPM02
Costa Rica,CR,CRI,188,Urban,1,Flush and pour flush - to piped sewer system,0.441,Encuesta de Hogares de Propósitos Múltiples - EHPM03
Costa Rica,CR,CRI,188,Urban,2,Flush and pour flush - to septic tank,0.538,Encuesta de Hogares de Propósitos Múltiples - EHPM03
Costa Rica,CR,CRI,188,Urban,3,Flush and pour flush - to pit,0.0,Encuesta de Hogares de Propósitos Múltiples - EHPM03
Costa Rica,CR,CRI,188,Urban,4,Flush and pour flush - to unknown place/ not sure/DK,0.0,Encuesta de Hogares de Propósitos Múltiples - EHPM03
Costa Rica,CR,CRI,188,Urban,5,Flush and pour flush - to elsewhere,0.0,Encuesta de Hogares de Propósitos Múltiples - EHPM03
Costa Rica,CR,CRI,188,Urban,6,Dry latrines - Ventilated Improved Pit latrine,0.0,Encuesta de Hogares de Propósitos Múltiples - EHPM03
Costa Rica,CR,CRI,188,Urban,7,Dry latrines - Pit latrine with slab/covered latrine,0.0,Encuesta de Hogares de Propósitos Múltiples - EHPM03
Costa Rica,CR,CRI,188,Urban,8,Dry latrines - Traditional latrine,0.009,Encuesta de Hogares de Propósitos Múltiples - EHPM03
Costa Rica,CR,CRI,188,Urban,9,Dry latrines - Pit latrine without slab/open pit,0.0,Encuesta de Hogares de Propósitos Múltiples - EHPM03
Costa Rica,CR,CRI,188,Urban,10,Dry latrines - Hanging toilet/hanging latrine,0.0,Encuesta de Hogares de Propósitos Múltiples - EHPM03
Costa Rica,CR,CRI,188,Urban,11,Dry latrines - Bucket latrine,0.0,Encuesta de Hogares de Propósitos Múltiples - EHPM03
Costa Rica,CR,CRI,188,Urban,12,Dry latrines - Other,0.0,Encuesta de Hogares de Propósitos Múltiples - EHPM03
Costa Rica,CR,CRI,188,Urban,13,Composting toilets,0.0,Encuesta de Hogares de Propósitos Múltiples - EHPM03
Costa Rica,CR,CRI,188,Urban,14,Other improved,0.0,Encuesta de Hogares de Propósitos Múltiples - EHPM03
Costa Rica,CR,CRI,188,Urban,15,"No facility, bush, field",0.005,Encuesta de Hogares de Propósitos Múltiples - EHPM03
Costa Rica,CR,CRI,188,Urban,16,Other unimproved,0.007,Encuesta de Hogares de Propósitos Múltiples - EHPM03
Costa Rica,CR,CRI,188,Urban,17,DK/missing information,0.001,Encuesta de Hogares de Propósitos Múltiples - EHPM03
Costa Rica,CR,CRI,188,Rural,1,Flush and pour flush - to piped sewer system,0.074,Encuesta de Hogares de Propósitos Múltiples - EHPM03
Costa Rica,CR,CRI,188,Rural,2,Flush and pour flush - to septic tank,0.803,Encuesta de Hogares de Propósitos Múltiples - EHPM03
Costa Rica,CR,CRI,188,Rural,3,Flush and pour flush - to pit,0.0,Encuesta de Hogares de Propósitos Múltiples - EHPM03
Costa Rica,CR,CRI,188,Rural,4,Flush and pour flush - to unknown place/ not sure/DK,0.0,Encuesta de Hogares de Propósitos Múltiples - EHPM03
Costa Rica,CR,CRI,188,Rural,5,Flush and pour flush - to elsewhere,0.0,Encuesta de Hogares de Propósitos Múltiples - EHPM03
Costa Rica,CR,CRI,188,Rural,6,Dry latrines - Ventilated Improved Pit latrine,0.0,Encuesta de Hogares de Propósitos Múltiples - EHPM03
Costa Rica,CR,CRI,188,Rural,7,Dry latrines - Pit latrine with slab/covered latrine,0.0,Encuesta de Hogares de Propósitos Múltiples - EHPM03
Costa Rica,CR,CRI,188,Rural,8,Dry latrines - Traditional latrine,0.106,Encuesta de Hogares de Propósitos Múltiples - EHPM03
Costa Rica,CR,CRI,188,Rural,9,Dry latrines - Pit latrine without slab/open pit,0.0,Encuesta de Hogares de Propósitos Múltiples - EHPM03
Costa Rica,CR,CRI,188,Rural,10,Dry latrines - Hanging toilet/hanging latrine,0.0,Encuesta de Hogares de Propósitos Múltiples - EHPM03
Costa Rica,CR,CRI,188,Rural,11,Dry latrines - Bucket latrine,0.0,Encuesta de Hogares de Propósitos Múltiples - EHPM03
Costa Rica,CR,CRI,188,Rural,12,Dry latrines - Other,0.0,Encuesta de Hogares de Propósitos Múltiples - EHPM03
Costa Rica,CR,CRI,188,Rural,13,Composting toilets,0.0,Encuesta de Hogares de Propósitos Múltiples - EHPM03
Costa Rica,CR,CRI,188,Rural,14,Other improved,0.0,Encuesta de Hogares de Propósitos Múltiples - EHPM03
Costa Rica,CR,CRI,188,Rural,15,"No facility, bush, field",0.013,Encuesta de Hogares de Propósitos Múltiples - EHPM03
Costa Rica,CR,CRI,188,Rural,16,Other unimproved,0.003,Encuesta de Hogares de Propósitos Múltiples - EHPM03
Costa Rica,CR,CRI,188,Rural,17,DK/missing information,0.0,Encuesta de Hogares de Propósitos Múltiples - EHPM03
Costa Rica,CR,CRI,188,Urban,1,Flush and pour flush - to piped sewer system,0.405,Encuesta de Hogares de Propósitos Múltiples - EHPM04
Costa Rica,CR,CRI,188,Urban,2,Flush and pour flush - to septic tank,0.574,Encuesta de Hogares de Propósitos Múltiples - EHPM04
Costa Rica,CR,CRI,188,Urban,3,Flush and pour flush - to pit,0.0,Encuesta de Hogares de Propósitos Múltiples - EHPM04
Costa Rica,CR,CRI,188,Urban,4,Flush and pour flush - to unknown place/ not sure/DK,0.0,Encuesta de Hogares de Propósitos Múltiples - EHPM04
Costa Rica,CR,CRI,188,Urban,5,Flush and pour flush - to elsewhere,0.0,Encuesta de Hogares de Propósitos Múltiples - EHPM04
Costa Rica,CR,CRI,188,Urban,6,Dry latrines - Ventilated Improved Pit latrine,0.0,Encuesta de Hogares de Propósitos Múltiples - EHPM04
Costa Rica,CR,CRI,188,Urban,7,Dry latrines - Pit latrine with slab/covered latrine,0.0,Encuesta de Hogares de Propósitos Múltiples - EHPM04
Costa Rica,CR,CRI,188,Urban,8,Dry latrines - Traditional latrine,0.008,Encuesta de Hogares de Propósitos Múltiples - EHPM04
Costa Rica,CR,CRI,188,Urban,9,Dry latrines - Pit latrine without slab/open pit,0.0,Encuesta de Hogares de Propósitos Múltiples - EHPM04
Costa Rica,CR,CRI,188,Urban,10,Dry latrines - Hanging toilet/hanging latrine,0.0,Encuesta de Hogares de Propósitos Múltiples - EHPM04
Costa Rica,CR,CRI,188,Urban,11,Dry latrines - Bucket latrine,0.0,Encuesta de Hogares de Propósitos Múltiples - EHPM04
Costa Rica,CR,CRI,188,Urban,12,Dry latrines - Other,0.0,Encuesta de Hogares de Propósitos Múltiples - EHPM04
Costa Rica,CR,CRI,188,Urban,13,Composting toilets,0.0,Encuesta de Hogares de Propósitos Múltiples - EHPM04
Costa Rica,CR,CRI,188,Urban,14,Other improved,0.0,Encuesta de Hogares de Propósitos Múltiples - EHPM04
Costa Rica,CR,CRI,188,Urban,15,"No facility, bush, field",0.004,Encuesta de Hogares de Propósitos Múltiples - EHPM04
Costa Rica,CR,CRI,188,Urban,16,Other unimproved,0.007,Encuesta de Hogares de Propósitos Múltiples - EHPM04
Costa Rica,CR,CRI,188,Urban,17,DK/missing information,0.001,Encuesta de Hogares de Propósitos Múltiples - EHPM04
Costa Rica,CR,CRI,188,Rural,1,Flush and pour flush - to piped sewer system,0.082,Encuesta de Hogares de Propósitos Múltiples - EHPM04
Costa Rica,CR,CRI,188,Rural,2,Flush and pour flush - to septic tank,0.81,Encuesta de Hogares de Propósitos Múltiples - EHPM04
Costa Rica,CR,CRI,188,Rural,3,Flush and pour flush - to pit,0.0,Encuesta de Hogares de Propósitos Múltiples - EHPM04
Costa Rica,CR,CRI,188,Rural,4,Flush and pour flush - to unknown place/ not sure/DK,0.0,Encuesta de Hogares de Propósitos Múltiples - EHPM04
Costa Rica,CR,CRI,188,Rural,5,Flush and pour flush - to elsewhere,0.0,Encuesta de Hogares de Propósitos Múltiples - EHPM04
Costa Rica,CR,CRI,188,Rural,6,Dry latrines - Ventilated Improved Pit latrine,0.0,Encuesta de Hogares de Propósitos Múltiples - EHPM04
Costa Rica,CR,CRI,188,Rural,7,Dry latrines - Pit latrine with slab/covered latrine,0.0,Encuesta de Hogares de Propósitos Múltiples - EHPM04
Costa Rica,CR,CRI,188,Rural,8,Dry latrines - Traditional latrine,0.097,Encuesta de Hogares de Propósitos Múltiples - EHPM04
Costa Rica,CR,CRI,188,Rural,9,Dry latrines - Pit latrine without slab/open pit,0.0,Encuesta de Hogares de Propósitos Múltiples - EHPM04
Costa Rica,CR,CRI,188,Rural,10,Dry latrines - Hanging toilet/hanging latrine,0.0,Encuesta de Hogares de Propósitos Múltiples - EHPM04
Costa Rica,CR,CRI,188,Rural,11,Dry latrines - Bucket latrine,0.0,Encuesta de Hogares de Propósitos Múltiples - EHPM04
Costa Rica,CR,CRI,188,Rural,12,Dry latrines - Other,0.0,Encuesta de Hogares de Propósitos Múltiples - EHPM04
Costa Rica,CR,CRI,188,Rural,13,Composting toilets,0.0,Encuesta de Hogares de Propósitos Múltiples - EHPM04
Costa Rica,CR,CRI,188,Rural,14,Other improved,0.0,Encuesta de Hogares de Propósitos Múltiples - EHPM04
Costa Rica,CR,CRI,188,Rural,15,"No facility, bush, field",0.007,Encuesta de Hogares de Propósitos Múltiples - EHPM04
Costa Rica,CR,CRI,188,Rural,16,Other unimproved,0.002,Encuesta de Hogares de Propósitos Múltiples - EHPM04
Costa Rica,CR,CRI,188,Rural,17,DK/missing information,0.001,Encuesta de Hogares de Propósitos Múltiples - EHPM04
Costa Rica,CR,CRI,188,Urban,1,Flush and pour flush - to piped sewer system,0.393,Encuesta de Hogares de Propósitos Múltiples - EHPM05
Costa Rica,CR,CRI,188,Urban,2,Flush and pour flush - to septic tank,0.587,Encuesta de Hogares de Propósitos Múltiples - EHPM05
Costa Rica,CR,CRI,188,Urban,3,Flush and pour flush - to pit,0.0,Encuesta de Hogares de Propósitos Múltiples - EHPM05
Costa Rica,CR,CRI,188,Urban,4,Flush and pour flush - to unknown place/ not sure/DK,0.0,Encuesta de Hogares de Propósitos Múltiples - EHPM05
Costa Rica,CR,CRI,188,Urban,5,Flush and pour flush - to elsewhere,0.0,Encuesta de Hogares de Propósitos Múltiples - EHPM05
Costa Rica,CR,CRI,188,Urban,6,Dry latrines - Ventilated Improved Pit latrine,0.0,Encuesta de Hogares de Propósitos Múltiples - EHPM05
Costa Rica,CR,CRI,188,Urban,7,Dry latrines - Pit latrine with slab/covered latrine,0.0,Encuesta de Hogares de Propósitos Múltiples - EHPM05
Costa Rica,CR,CRI,188,Urban,8,Dry latrines - Traditional latrine,0.008,Encuesta de Hogares de Propósitos Múltiples - EHPM05
Costa Rica,CR,CRI,188,Urban,9,Dry latrines - Pit latrine without slab/open pit,0.0,Encuesta de Hogares de Propósitos Múltiples - EHPM05
Costa Rica,CR,CRI,188,Urban,10,Dry latrines - Hanging toilet/hanging latrine,0.0,Encuesta de Hogares de Propósitos Múltiples - EHPM05
Costa Rica,CR,CRI,188,Urban,11,Dry latrines - Bucket latrine,0.0,Encuesta de Hogares de Propósitos Múltiples - EHPM05
Costa Rica,CR,CRI,188,Urban,12,Dry latrines - Other,0.0,Encuesta de Hogares de Propósitos Múltiples - EHPM05
Costa Rica,CR,CRI,188,Urban,13,Composting toilets,0.0,Encuesta de Hogares de Propósitos Múltiples - EHPM05
Costa Rica,CR,CRI,188,Urban,14,Other improved,0.0,Encuesta de Hogares de Propósitos Múltiples - EHPM05
Costa Rica,CR,CRI,188,Urban,15,"No facility, bush, field",0.003,Encuesta de Hogares de Propósitos Múltiples - EHPM05
Costa Rica,CR,CRI,188,Urban,16,Other unimproved,0.008,Encuesta de Hogares de Propósitos Múltiples - EHPM05
Costa Rica,CR,CRI,188,Urban,17,DK/missing information,0.001,Encuesta de Hogares de Propósitos Múltiples - EHPM05
Costa Rica,CR,CRI,188,Rural,1,Flush and pour flush - to piped sewer system,0.078,Encuesta de Hogares de Propósitos Múltiples - EHPM05
Costa Rica,CR,CRI,188,Rural,2,Flush and pour flush - to septic tank,0.809,Encuesta de Hogares de Propósitos Múltiples - EHPM05
Costa Rica,CR,CRI,188,Rural,3,Flush and pour flush - to pit,0.0,Encuesta de Hogares de Propósitos Múltiples - EHPM05
Costa Rica,CR,CRI,188,Rural,4,Flush and pour flush - to unknown place/ not sure/DK,0.0,Encuesta de Hogares de Propósitos Múltiples - EHPM05
Costa Rica,CR,CRI,188,Rural,5,Flush and pour flush - to elsewhere,0.0,Encuesta de Hogares de Propósitos Múltiples - EHPM05
Costa Rica,CR,CRI,188,Rural,6,Dry latrines - Ventilated Improved Pit latrine,0.0,Encuesta de Hogares de Propósitos Múltiples - EHPM05
Costa Rica,CR,CRI,188,Rural,7,Dry latrines - Pit latrine with slab/covered latrine,0.0,Encuesta de Hogares de Propósitos Múltiples - EHPM05
Costa Rica,CR,CRI,188,Rural,8,Dry latrines - Traditional latrine,0.105,Encuesta de Hogares de Propósitos Múltiples - EHPM05
Costa Rica,CR,CRI,188,Rural,9,Dry latrines - Pit latrine without slab/open pit,0.0,Encuesta de Hogares de Propósitos Múltiples - EHPM05
Costa Rica,CR,CRI,188,Rural,10,Dry latrines - Hanging toilet/hanging latrine,0.0,Encuesta de Hogares de Propósitos Múltiples - EHPM05
Costa Rica,CR,CRI,188,Rural,11,Dry latrines - Bucket latrine,0.0,Encuesta de Hogares de Propósitos Múltiples - EHPM05
Costa Rica,CR,CRI,188,Rural,12,Dry latrines - Other,0.0,Encuesta de Hogares de Propósitos Múltiples - EHPM05
Costa Rica,CR,CRI,188,Rural,13,Composting toilets,0.0,Encuesta de Hogares de Propósitos Múltiples - EHPM05
Costa Rica,CR,CRI,188,Rural,14,Other improved,0.0,Encuesta de Hogares de Propósitos Múltiples - EHPM05
Costa Rica,CR,CRI,188,Rural,15,"No facility, bush, field",0.005,Encuesta de Hogares de Propósitos Múltiples - EHPM05
Costa Rica,CR,CRI,188,Rural,16,Other unimproved,0.002,Encuesta de Hogares de Propósitos Múltiples - EHPM05
Costa Rica,CR,CRI,188,Rural,17,DK/missing information,0.001,Encuesta de Hogares de Propósitos Múltiples - EHPM05
Costa Rica,CR,CRI,188,Urban,1,Flush and pour flush - to piped sewer system,0.437,Encuesta de Hogares de Propósitos Múltiples - EHPM06
Costa Rica,CR,CRI,188,Urban,2,Flush and pour flush - to septic tank,0.55,Encuesta de Hogares de Propósitos Múltiples - EHPM06
Costa Rica,CR,CRI,188,Urban,3,Flush and pour flush - to pit,0.0,Encuesta de Hogares de Propósitos Múltiples - EHPM06
Costa Rica,CR,CRI,188,Urban,4,Flush and pour flush - to unknown place/ not sure/DK,0.0,Encuesta de Hogares de Propósitos Múltiples - EHPM06
Costa Rica,CR,CRI,188,Urban,5,Flush and pour flush - to elsewhere,0.0,Encuesta de Hogares de Propósitos Múltiples - EHPM06
Costa Rica,CR,CRI,188,Urban,6,Dry latrines - Ventilated Improved Pit latrine,0.0,Encuesta de Hogares de Propósitos Múltiples - EHPM06
Costa Rica,CR,CRI,188,Urban,7,Dry latrines - Pit latrine with slab/covered latrine,0.0,Encuesta de Hogares de Propósitos Múltiples - EHPM06
Costa Rica,CR,CRI,188,Urban,8,Dry latrines - Traditional latrine,0.006,Encuesta de Hogares de Propósitos Múltiples - EHPM06
Costa Rica,CR,CRI,188,Urban,9,Dry latrines - Pit latrine without slab/open pit,0.0,Encuesta de Hogares de Propósitos Múltiples - EHPM06
Costa Rica,CR,CRI,188,Urban,10,Dry latrines - Hanging toilet/hanging latrine,0.0,Encuesta de Hogares de Propósitos Múltiples - EHPM06
Costa Rica,CR,CRI,188,Urban,11,Dry latrines - Bucket latrine,0.0,Encuesta de Hogares de Propósitos Múltiples - EHPM06
Costa Rica,CR,CRI,188,Urban,12,Dry latrines - Other,0.0,Encuesta de Hogares de Propósitos Múltiples - EHPM06
Costa Rica,CR,CRI,188,Urban,13,Composting toilets,0.0,Encuesta de Hogares de Propósitos Múltiples - EHPM06
Costa Rica,CR,CRI,188,Urban,14,Other improved,0.0,Encuesta de Hogares de Propósitos Múltiples - EHPM06
Costa Rica,CR,CRI,188,Urban,15,"No facility, bush, field",0.003,Encuesta de Hogares de Propósitos Múltiples - EHPM06
Costa Rica,CR,CRI,188,Urban,16,Other unimproved,0.004,Encuesta de Hogares de Propósitos Múltiples - EHPM06
Costa Rica,CR,CRI,188,Urban,17,DK/missing information,0.0,Encuesta de Hogares de Propósitos Múltiples - EHPM06
Costa Rica,CR,CRI,188,Rural,1,Flush and pour flush - to piped sewer system,0.055,Encuesta de Hogares de Propósitos Múltiples - EHPM06
Costa Rica,CR,CRI,188,Rural,2,Flush and pour flush - to septic tank,0.86,Encuesta de Hogares de Propósitos Múltiples - EHPM06
Costa Rica,CR,CRI,188,Rural,3,Flush and pour flush - to pit,0.0,Encuesta de Hogares de Propósitos Múltiples - EHPM06
Costa Rica,CR,CRI,188,Rural,4,Flush and pour flush - to unknown place/ not sure/DK,0.0,Encuesta de Hogares de Propósitos Múltiples - EHPM06
Costa Rica,CR,CRI,188,Rural,5,Flush and pour flush - to elsewhere,0.0,Encuesta de Hogares de Propósitos Múltiples - EHPM06
Costa Rica,CR,CRI,188,Rural,6,Dry latrines - Ventilated Improved Pit latrine,0.0,Encuesta de Hogares de Propósitos Múltiples - EHPM06
Costa Rica,CR,CRI,188,Rural,7,Dry latrines - Pit latrine with slab/covered latrine,0.0,Encuesta de Hogares de Propósitos Múltiples - EHPM06
Costa Rica,CR,CRI,188,Rural,8,Dry latrines - Traditional latrine,0.076,Encuesta de Hogares de Propósitos Múltiples - EHPM06
Costa Rica,CR,CRI,188,Rural,9,Dry latrines - Pit latrine without slab/open pit,0.0,Encuesta de Hogares de Propósitos Múltiples - EHPM06
Costa Rica,CR,CRI,188,Rural,10,Dry latrines - Hanging toilet/hanging latrine,0.0,Encuesta de Hogares de Propósitos Múltiples - EHPM06
Costa Rica,CR,CRI,188,Rural,11,Dry latrines - Bucket latrine,0.0,Encuesta de Hogares de Propósitos Múltiples - EHPM06
Costa Rica,CR,CRI,188,Rural,12,Dry latrines - Other,0.0,Encuesta de Hogares de Propósitos Múltiples - EHPM06
Costa Rica,CR,CRI,188,Rural,13,Composting toilets,0.0,Encuesta de Hogares de Propósitos Múltiples - EHPM06
Costa Rica,CR,CRI,188,Rural,14,Other improved,0.0,Encuesta de Hogares de Propósitos Múltiples - EHPM06
Costa Rica,CR,CRI,188,Rural,15,"No facility, bush, field",0.008,Encuesta de Hogares de Propósitos Múltiples - EHPM06
Costa Rica,CR,CRI,188,Rural,16,Other unimproved,0.001,Encuesta de Hogares de Propósitos Múltiples - EHPM06
Costa Rica,CR,CRI,188,Rural,17,DK/missing information,0.0,Encuesta de Hogares de Propósitos Múltiples - EHPM06
Costa Rica,CR,CRI,188,Urban,1,Flush and pour flush - to piped sewer system,0.393,Encuesta de Hogares de Propósitos Múltiples - EHPM07
Costa Rica,CR,CRI,188,Urban,2,Flush and pour flush - to septic tank,0.599,Encuesta de Hogares de Propósitos Múltiples - EHPM07
Costa Rica,CR,CRI,188,Urban,3,Flush and pour flush - to pit,0.0,Encuesta de Hogares de Propósitos Múltiples - EHPM07
Costa Rica,CR,CRI,188,Urban,4,Flush and pour flush - to unknown place/ not sure/DK,0.0,Encuesta de Hogares de Propósitos Múltiples - EHPM07
Costa Rica,CR,CRI,188,Urban,5,Flush and pour flush - to elsewhere,0.0,Encuesta de Hogares de Propósitos Múltiples - EHPM07
Costa Rica,CR,CRI,188,Urban,6,Dry latrines - Ventilated Improved Pit latrine,0.0,Encuesta de Hogares de Propósitos Múltiples - EHPM07
Costa Rica,CR,CRI,188,Urban,7,Dry latrines - Pit latrine with slab/covered latrine,0.0,Encuesta de Hogares de Propósitos Múltiples - EHPM07
Costa Rica,CR,CRI,188,Urban,8,Dry latrines - Traditional latrine,0.004,Encuesta de Hogares de Propósitos Múltiples - EHPM07
Costa Rica,CR,CRI,188,Urban,9,Dry latrines - Pit latrine without slab/open pit,0.0,Encuesta de Hogares de Propósitos Múltiples - EHPM07
Costa Rica,CR,CRI,188,Urban,10,Dry latrines - Hanging toilet/hanging latrine,0.0,Encuesta de Hogares de Propósitos Múltiples - EHPM07
Costa Rica,CR,CRI,188,Urban,11,Dry latrines - Bucket latrine,0.0,Encuesta de Hogares de Propósitos Múltiples - EHPM07
Costa Rica,CR,CRI,188,Urban,12,Dry latrines - Other,0.0,Encuesta de Hogares de Propósitos Múltiples - EHPM07
Costa Rica,CR,CRI,188,Urban,13,Composting toilets,0.0,Encuesta de Hogares de Propósitos Múltiples - EHPM07
Costa Rica,CR,CRI,188,Urban,14,Other improved,0.0,Encuesta de Hogares de Propósitos Múltiples - EHPM07
Costa Rica,CR,CRI,188,Urban,15,"No facility, bush, field",0.002,Encuesta de Hogares de Propósitos Múltiples - EHPM07
Costa Rica,CR,CRI,188,Urban,16,Other unimproved,0.002,Encuesta de Hogares de Propósitos Múltiples - EHPM07
Costa Rica,CR,CRI,188,Urban,17,DK/missing information,0.001,Encuesta de Hogares de Propósitos Múltiples - EHPM07
Costa Rica,CR,CRI,188,Rural,1,Flush and pour flush - to piped sewer system,0.05,Encuesta de Hogares de Propósitos Múltiples - EHPM07
Costa Rica,CR,CRI,188,Rural,2,Flush and pour flush - to septic tank,0.872,Encuesta de Hogares de Propósitos Múltiples - EHPM07
Costa Rica,CR,CRI,188,Rural,3,Flush and pour flush - to pit,0.0,Encuesta de Hogares de Propósitos Múltiples - EHPM07
Costa Rica,CR,CRI,188,Rural,4,Flush and pour flush - to unknown place/ not sure/DK,0.0,Encuesta de Hogares de Propósitos Múltiples - EHPM07
Costa Rica,CR,CRI,188,Rural,5,Flush and pour flush - to elsewhere,0.0,Encuesta de Hogares de Propósitos Múltiples - EHPM07
Costa Rica,CR,CRI,188,Rural,6,Dry latrines - Ventilated Improved Pit latrine,0.0,Encuesta de Hogares de Propósitos Múltiples - EHPM07
Costa Rica,CR,CRI,188,Rural,7,Dry latrines - Pit latrine with slab/covered latrine,0.0,Encuesta de Hogares de Propósitos Múltiples - EHPM07
Costa Rica,CR,CRI,188,Rural,8,Dry latrines - Traditional latrine,0.068,Encuesta de Hogares de Propósitos Múltiples - EHPM07
Costa Rica,CR,CRI,188,Rural,9,Dry latrines - Pit latrine without slab/open pit,0.0,Encuesta de Hogares de Propósitos Múltiples - EHPM07
Costa Rica,CR,CRI,188,Rural,10,Dry latrines - Hanging toilet/hanging latrine,0.0,Encuesta de Hogares de Propósitos Múltiples - EHPM07
Costa Rica,CR,CRI,188,Rural,11,Dry latrines - Bucket latrine,0.0,Encuesta de Hogares de Propósitos Múltiples - EHPM07
Costa Rica,CR,CRI,188,Rural,12,Dry latrines - Other,0.0,Encuesta de Hogares de Propósitos Múltiples - EHPM07
Costa Rica,CR,CRI,188,Rural,13,Composting toilets,0.0,Encuesta de Hogares de Propósitos Múltiples - EHPM07
Costa Rica,CR,CRI,188,Rural,14,Other improved,0.0,Encuesta de Hogares de Propósitos Múltiples - EHPM07
Costa Rica,CR,CRI,188,Rural,15,"No facility, bush, field",0.008,Encuesta de Hogares de Propósitos Múltiples - EHPM07
Costa Rica,CR,CRI,188,Rural,16,Other unimproved,0.001,Encuesta de Hogares de Propósitos Múltiples - EHPM07
Costa Rica,CR,CRI,188,Rural,17,DK/missing information,0.001,Encuesta de Hogares de Propósitos Múltiples - EHPM07
Costa Rica,CR,CRI,188,Urban,1,Flush and pour flush - to piped sewer system,0.399,Encuesta de Hogares de Propósitos Múltiples - EHPM08
Costa Rica,CR,CRI,188,Urban,2,Flush and pour flush - to septic tank,0.587,Encuesta de Hogares de Propósitos Múltiples - EHPM08
Costa Rica,CR,CRI,188,Urban,3,Flush and pour flush - to pit,0.0,Encuesta de Hogares de Propósitos Múltiples - EHPM08
Costa Rica,CR,CRI,188,Urban,4,Flush and pour flush - to unknown place/ not sure/DK,0.0,Encuesta de Hogares de Propósitos Múltiples - EHPM08
Costa Rica,CR,CRI,188,Urban,5,Flush and pour flush - to elsewhere,0.0,Encuesta de Hogares de Propósitos Múltiples - EHPM08
Costa Rica,CR,CRI,188,Urban,6,Dry latrines - Ventilated Improved Pit latrine,0.0,Encuesta de Hogares de Propósitos Múltiples - EHPM08
Costa Rica,CR,CRI,188,Urban,7,Dry latrines - Pit latrine with slab/covered latrine,0.0,Encuesta de Hogares de Propósitos Múltiples - EHPM08
Costa Rica,CR,CRI,188,Urban,8,Dry latrines - Traditional latrine,0.007,Encuesta de Hogares de Propósitos Múltiples - EHPM08
Costa Rica,CR,CRI,188,Urban,9,Dry latrines - Pit latrine without slab/open pit,0.0,Encuesta de Hogares de Propósitos Múltiples - EHPM08
Costa Rica,CR,CRI,188,Urban,10,Dry latrines - Hanging toilet/hanging latrine,0.0,Encuesta de Hogares de Propósitos Múltiples - EHPM08
Costa Rica,CR,CRI,188,Urban,11,Dry latrines - Bucket latrine,0.0,Encuesta de Hogares de Propósitos Múltiples - EHPM08
Costa Rica,CR,CRI,188,Urban,12,Dry latrines - Other,0.0,Encuesta de Hogares de Propósitos Múltiples - EHPM08
Costa Rica,CR,CRI,188,Urban,13,Composting toilets,0.0,Encuesta de Hogares de Propósitos Múltiples - EHPM08
Costa Rica,CR,CRI,188,Urban,14,Other improved,0.0,Encuesta de Hogares de Propósitos Múltiples - EHPM08
Costa Rica,CR,CRI,188,Urban,15,"No facility, bush, field",0.002,Encuesta de Hogares de Propósitos Múltiples - EHPM08
Costa Rica,CR,CRI,188,Urban,16,Other unimproved,0.003,Encuesta de Hogares de Propósitos Múltiples - EHPM08
Costa Rica,CR,CRI,188,Urban,17,DK/missing information,0.003,Encuesta de Hogares de Propósitos Múltiples - EHPM08
Costa Rica,CR,CRI,188,Rural,1,Flush and pour flush - to piped sewer system,0.043,Encuesta de Hogares de Propósitos Múltiples - EHPM08
Costa Rica,CR,CRI,188,Rural,2,Flush and pour flush - to septic tank,0.885,Encuesta de Hogares de Propósitos Múltiples - EHPM08
Costa Rica,CR,CRI,188,Rural,3,Flush and pour flush - to pit,0.0,Encuesta de Hogares de Propósitos Múltiples - EHPM08
Costa Rica,CR,CRI,188,Rural,4,Flush and pour flush - to unknown place/ not sure/DK,0.0,Encuesta de Hogares de Propósitos Múltiples - EHPM08
Costa Rica,CR,CRI,188,Rural,5,Flush and pour flush - to elsewhere,0.0,Encuesta de Hogares de Propósitos Múltiples - EHPM08
Costa Rica,CR,CRI,188,Rural,6,Dry latrines - Ventilated Improved Pit latrine,0.0,Encuesta de Hogares de Propósitos Múltiples - EHPM08
Costa Rica,CR,CRI,188,Rural,7,Dry latrines - Pit latrine with slab/covered latrine,0.0,Encuesta de Hogares de Propósitos Múltiples - EHPM08
Costa Rica,CR,CRI,188,Rural,8,Dry latrines - Traditional latrine,0.064,Encuesta de Hogares de Propósitos Múltiples - EHPM08
Costa Rica,CR,CRI,188,Rural,9,Dry latrines - Pit latrine without slab/open pit,0.0,Encuesta de Hogares de Propósitos Múltiples - EHPM08
Costa Rica,CR,CRI,188,Rural,10,Dry latrines - Hanging toilet/hanging latrine,0.0,Encuesta de Hogares de Propósitos Múltiples - EHPM08
Costa Rica,CR,CRI,188,Rural,11,Dry latrines - Bucket latrine,0.0,Encuesta de Hogares de Propósitos Múltiples - EHPM08
Costa Rica,CR,CRI,188,Rural,12,Dry latrines - Other,0.0,Encuesta de Hogares de Propósitos Múltiples - EHPM08
Costa Rica,CR,CRI,188,Rural,13,Composting toilets,0.0,Encuesta de Hogares de Propósitos Múltiples - EHPM08
Costa Rica,CR,CRI,188,Rural,14,Other improved,0.0,Encuesta de Hogares de Propósitos Múltiples - EHPM08
Costa Rica,CR,CRI,188,Rural,15,"No facility, bush, field",0.004,Encuesta de Hogares de Propósitos Múltiples - EHPM08
Costa Rica,CR,CRI,188,Rural,16,Other unimproved,0.002,Encuesta de Hogares de Propósitos Múltiples - EHPM08
Costa Rica,CR,CRI,188,Rural,17,DK/missing information,0.001,Encuesta de Hogares de Propósitos Múltiples - EHPM08
Costa Rica,CR,CRI,188,Urban,1,Flush and pour flush - to piped sewer system,0.0,Census - CEN11
Costa Rica,CR,CRI,188,Urban,2,Flush and pour flush - to septic tank,0.978,Census - CEN11
Costa Rica,CR,CRI,188,Urban,3,Flush and pour flush - to pit,0.0,Census - CEN11
Costa Rica,CR,CRI,188,Urban,4,Flush and pour flush - to unknown place/ not sure/DK,0.0,Census - CEN11
Costa Rica,CR,CRI,188,Urban,5,Flush and pour flush - to elsewhere,0.012,Census - CEN11
Costa Rica,CR,CRI,188,Urban,6,Dry latrines - Ventilated Improved Pit latrine,0.0,Census - CEN11
Costa Rica,CR,CRI,188,Urban,7,Dry latrines - Pit latrine with slab/covered latrine,0.0,Census - CEN11
Costa Rica,CR,CRI,188,Urban,8,Dry latrines - Traditional latrine,0.008,Census - CEN11
Costa Rica,CR,CRI,188,Urban,9,Dry latrines - Pit latrine without slab/open pit,0.0,Census - CEN11
Costa Rica,CR,CRI,188,Urban,10,Dry latrines - Hanging toilet/hanging latrine,0.0,Census - CEN11
Costa Rica,CR,CRI,188,Urban,11,Dry latrines - Bucket latrine,0.0,Census - CEN11
Costa Rica,CR,CRI,188,Urban,12,Dry latrines - Other,0.0,Census - CEN11
Costa Rica,CR,CRI,188,Urban,13,Composting toilets,0.0,Census - CEN11
Costa Rica,CR,CRI,188,Urban,14,Other improved,0.0,Census - CEN11
Costa Rica,CR,CRI,188,Urban,15,"No facility, bush, field",0.002,Census - CEN11
Costa Rica,CR,CRI,188,Urban,16,Other unimproved,0.0,Census - CEN11
Costa Rica,CR,CRI,188,Urban,17,DK/missing information,0.0,Census - CEN11
Costa Rica,CR,CRI,188,Rural,1,Flush and pour flush - to piped sewer system,0.0,Census - CEN11
Costa Rica,CR,CRI,188,Rural,2,Flush and pour flush - to septic tank,0.898,Census - CEN11
Costa Rica,CR,CRI,188,Rural,3,Flush and pour flush - to pit,0.0,Census - CEN11
Costa Rica,CR,CRI,188,Rural,4,Flush and pour flush - to unknown place/ not sure/DK,0.0,Census - CEN11
Costa Rica,CR,CRI,188,Rural,5,Flush and pour flush - to elsewhere,0.003,Census - CEN11
Costa Rica,CR,CRI,188,Rural,6,Dry latrines - Ventilated Improved Pit latrine,0.0,Census - CEN11
Costa Rica,CR,CRI,188,Rural,7,Dry latrines - Pit latrine with slab/covered latrine,0.0,Census - CEN11
Costa Rica,CR,CRI,188,Rural,8,Dry latrines - Traditional latrine,0.09,Census - CEN11
Costa Rica,CR,CRI,188,Rural,9,Dry latrines - Pit latrine without slab/open pit,0.0,Census - CEN11
Costa Rica,CR,CRI,188,Rural,10,Dry latrines - Hanging toilet/hanging latrine,0.0,Census - CEN11
Costa Rica,CR,CRI,188,Rural,11,Dry latrines - Bucket latrine,0.0,Census - CEN11
Costa Rica,CR,CRI,188,Rural,12,Dry latrines - Other,0.0,Census - CEN11
Costa Rica,CR,CRI,188,Rural,13,Composting toilets,0.0,Census - CEN11
Costa Rica,CR,CRI,188,Rural,14,Other improved,0.0,Census - CEN11
Costa Rica,CR,CRI,188,Rural,15,"No facility, bush, field",0.01,Census - CEN11
Costa Rica,CR,CRI,188,Rural,16,Other unimproved,0.0,Census - CEN11
Costa Rica,CR,CRI,188,Rural,17,DK/missing information,0.0,Census - CEN11
Costa Rica,CR,CRI,188,Urban,1,Flush and pour flush - to piped sewer system,0.315,Multiple Indicator Cluster Survey - MICS11
Costa Rica,CR,CRI,188,Urban,2,Flush and pour flush - to septic tank,0.655,Multiple Indicator Cluster Survey - MICS11
Costa Rica,CR,CRI,188,Urban,3,Flush and pour flush - to pit,0.001,Multiple Indicator Cluster Survey - MICS11
Costa Rica,CR,CRI,188,Urban,4,Flush and pour flush - to unknown place/ not sure/DK,0.0,Multiple Indicator Cluster Survey - MICS11
Costa Rica,CR,CRI,188,Urban,5,Flush and pour flush - to elsewhere,0.003,Multiple Indicator Cluster Survey - MICS11
Costa Rica,CR,CRI,188,Urban,6,Dry latrines - Ventilated Improved Pit latrine,0.0,Multiple Indicator Cluster Survey - MICS11
Costa Rica,CR,CRI,188,Urban,7,Dry latrines - Pit latrine with slab/covered latrine,0.0,Multiple Indicator Cluster Survey - MICS11
Costa Rica,CR,CRI,188,Urban,8,Dry latrines - Traditional latrine,0.0,Multiple Indicator Cluster Survey - MICS11
Costa Rica,CR,CRI,188,Urban,9,Dry latrines - Pit latrine without slab/open pit,0.001,Multiple Indicator Cluster Survey - MICS11
Costa Rica,CR,CRI,188,Urban,10,Dry latrines - Hanging toilet/hanging latrine,0.0,Multiple Indicator Cluster Survey - MICS11
Costa Rica,CR,CRI,188,Urban,11,Dry latrines - Bucket latrine,0.0,Multiple Indicator Cluster Survey - MICS11
Costa Rica,CR,CRI,188,Urban,12,Dry latrines - Other,0.0,Multiple Indicator Cluster Survey - MICS11
Costa Rica,CR,CRI,188,Urban,13,Composting toilets,0.0,Multiple Indicator Cluster Survey - MICS11
Costa Rica,CR,CRI,188,Urban,14,Other improved,0.0,Multiple Indicator Cluster Survey - MICS11
Costa Rica,CR,CRI,188,Urban,15,"No facility, bush, field",0.0,Multiple Indicator Cluster Survey - MICS11
Costa Rica,CR,CRI,188,Urban,16,Other unimproved,0.01,Multiple Indicator Cluster Survey - MICS11
Costa Rica,CR,CRI,188,Urban,17,DK/missing information,0.013,Multiple Indicator Cluster Survey - MICS11
Costa Rica,CR,CRI,188,Rural,1,Flush and pour flush - to piped sewer system,0.045,Multiple Indicator Cluster Survey - MICS11
Costa Rica,CR,CRI,188,Rural,2,Flush and pour flush - to septic tank,0.882,Multiple Indicator Cluster Survey - MICS11
Costa Rica,CR,CRI,188,Rural,3,Flush and pour flush - to pit,0.039,Multiple Indicator Cluster Survey - MICS11
Costa Rica,CR,CRI,188,Rural,4,Flush and pour flush - to unknown place/ not sure/DK,0.0,Multiple Indicator Cluster Survey - MICS11
Costa Rica,CR,CRI,188,Rural,5,Flush and pour flush - to elsewhere,0.002,Multiple Indicator Cluster Survey - MICS11
Costa Rica,CR,CRI,188,Rural,6,Dry latrines - Ventilated Improved Pit latrine,0.008,Multiple Indicator Cluster Survey - MICS11
Costa Rica,CR,CRI,188,Rural,7,Dry latrines - Pit latrine with slab/covered latrine,0.006,Multiple Indicator Cluster Survey - MICS11
Costa Rica,CR,CRI,188,Rural,8,Dry latrines - Traditional latrine,0.0,Multiple Indicator Cluster Survey - MICS11
Costa Rica,CR,CRI,188,Rural,9,Dry latrines - Pit latrine without slab/open pit,0.01,Multiple Indicator Cluster Survey - MICS11
Costa Rica,CR,CRI,188,Rural,10,Dry latrines - Hanging toilet/hanging latrine,0.001,Multiple Indicator Cluster Survey - MICS11
Costa Rica,CR,CRI,188,Rural,11,Dry latrines - Bucket latrine,0.0,Multiple Indicator Cluster Survey - MICS11
Costa Rica,CR,CRI,188,Rural,12,Dry latrines - Other,0.0,Multiple Indicator Cluster Survey - MICS11
Costa Rica,CR,CRI,188,Rural,13,Composting toilets,0.0,Multiple Indicator Cluster Survey - MICS11
Costa Rica,CR,CRI,188,Rural,14,Other improved,0.0,Multiple Indicator Cluster Survey - MICS11
Costa Rica,CR,CRI,188,Rural,15,"No facility, bush, field",0.0,Multiple Indicator Cluster Survey - MICS11
Costa Rica,CR,CRI,188,Rural,16,Other unimproved,0.004,Multiple Indicator Cluster Survey - MICS11
Costa Rica,CR,CRI,188,Rural,17,DK/missing information,0.002,Multiple Indicator Cluster Survey - MICS11
Costa Rica,CR,CRI,188,Urban,1,Flush and pour flush - to piped sewer system,0.347," Encuesta Nacional de Hogares, 2011 - ENH11"
Costa Rica,CR,CRI,188,Urban,2,Flush and pour flush - to septic tank,0.638," Encuesta Nacional de Hogares, 2011 - ENH11"
Costa Rica,CR,CRI,188,Urban,3,Flush and pour flush - to pit,0.003," Encuesta Nacional de Hogares, 2011 - ENH11"
Costa Rica,CR,CRI,188,Urban,4,Flush and pour flush - to unknown place/ not sure/DK,0.0," Encuesta Nacional de Hogares, 2011 - ENH11"
Costa Rica,CR,CRI,188,Urban,5,Flush and pour flush - to elsewhere,0.0," Encuesta Nacional de Hogares, 2011 - ENH11"
Costa Rica,CR,CRI,188,Urban,6,Dry latrines - Ventilated Improved Pit latrine,0.0," Encuesta Nacional de Hogares, 2011 - ENH11"
Costa Rica,CR,CRI,188,Urban,7,Dry latrines - Pit latrine with slab/covered latrine,0.0," Encuesta Nacional de Hogares, 2011 - ENH11"
Costa Rica,CR,CRI,188,Urban,8,Dry latrines - Traditional latrine,0.006," Encuesta Nacional de Hogares, 2011 - ENH11"
Costa Rica,CR,CRI,188,Urban,9,Dry latrines - Pit latrine without slab/open pit,0.0," Encuesta Nacional de Hogares, 2011 - ENH11"
Costa Rica,CR,CRI,188,Urban,10,Dry latrines - Hanging toilet/hanging latrine,0.0," Encuesta Nacional de Hogares, 2011 - ENH11"
Costa Rica,CR,CRI,188,Urban,11,Dry latrines - Bucket latrine,0.0," Encuesta Nacional de Hogares, 2011 - ENH11"
Costa Rica,CR,CRI,188,Urban,12,Dry latrines - Other,0.0," Encuesta Nacional de Hogares, 2011 - ENH11"
Costa Rica,CR,CRI,188,Urban,13,Composting toilets,0.0," Encuesta Nacional de Hogares, 2011 - ENH11"
Costa Rica,CR,CRI,188,Urban,14,Other improved,0.0," Encuesta Nacional de Hogares, 2011 - ENH11"
Costa Rica,CR,CRI,188,Urban,15,"No facility, bush, field",0.002," Encuesta Nacional de Hogares, 2011 - ENH11"
Costa Rica,CR,CRI,188,Urban,16,Other unimproved,0.003," Encuesta Nacional de Hogares, 2011 - ENH11"
Costa Rica,CR,CRI,188,Urban,17,DK/missing information,0.0," Encuesta Nacional de Hogares, 2011 - ENH11"
Costa Rica,CR,CRI,188,Rural,1,Flush and pour flush - to piped sewer system,0.069," Encuesta Nacional de Hogares, 2011 - ENH11"
Costa Rica,CR,CRI,188,Rural,2,Flush and pour flush - to septic tank,0.845," Encuesta Nacional de Hogares, 2011 - ENH11"
Costa Rica,CR,CRI,188,Rural,3,Flush and pour flush - to pit,0.003," Encuesta Nacional de Hogares, 2011 - ENH11"
Costa Rica,CR,CRI,188,Rural,4,Flush and pour flush - to unknown place/ not sure/DK,0.0," Encuesta Nacional de Hogares, 2011 - ENH11"
Costa Rica,CR,CRI,188,Rural,5,Flush and pour flush - to elsewhere,0.0," Encuesta Nacional de Hogares, 2011 - ENH11"
Costa Rica,CR,CRI,188,Rural,6,Dry latrines - Ventilated Improved Pit latrine,0.0," Encuesta Nacional de Hogares, 2011 - ENH11"
Costa Rica,CR,CRI,188,Rural,7,Dry latrines - Pit latrine with slab/covered latrine,0.0," Encuesta Nacional de Hogares, 2011 - ENH11"
Costa Rica,CR,CRI,188,Rural,8,Dry latrines - Traditional latrine,0.075," Encuesta Nacional de Hogares, 2011 - ENH11"
Costa Rica,CR,CRI,188,Rural,9,Dry latrines - Pit latrine without slab/open pit,0.0," Encuesta Nacional de Hogares, 2011 - ENH11"
Costa Rica,CR,CRI,188,Rural,10,Dry latrines - Hanging toilet/hanging latrine,0.0," Encuesta Nacional de Hogares, 2011 - ENH11"
Costa Rica,CR,CRI,188,Rural,11,Dry latrines - Bucket latrine,0.0," Encuesta Nacional de Hogares, 2011 - ENH11"
Costa Rica,CR,CRI,188,Rural,12,Dry latrines - Other,0.0," Encuesta Nacional de Hogares, 2011 - ENH11"
Costa Rica,CR,CRI,188,Rural,13,Composting toilets,0.0," Encuesta Nacional de Hogares, 2011 - ENH11"
Costa Rica,CR,CRI,188,Rural,14,Other improved,0.0," Encuesta Nacional de Hogares, 2011 - ENH11"
Costa Rica,CR,CRI,188,Rural,15,"No facility, bush, field",0.008," Encuesta Nacional de Hogares, 2011 - ENH11"
Costa Rica,CR,CRI,188,Rural,16,Other unimproved,0.001," Encuesta Nacional de Hogares, 2011 - ENH11"
Costa Rica,CR,CRI,188,Rural,17,DK/missing information,0.0," Encuesta Nacional de Hogares, 2011 - ENH11"
Costa Rica,CR,CRI,188,Urban,1,Flush and pour flush - to piped sewer system,0.329,"Encuesta Nacional de Hogares, 2012 - ENH12"
Costa Rica,CR,CRI,188,Urban,2,Flush and pour flush - to septic tank,0.66,"Encuesta Nacional de Hogares, 2012 - ENH12"
Costa Rica,CR,CRI,188,Urban,3,Flush and pour flush - to pit,0.005,"Encuesta Nacional de Hogares, 2012 - ENH12"
Costa Rica,CR,CRI,188,Urban,4,Flush and pour flush - to unknown place/ not sure/DK,0.0,"Encuesta Nacional de Hogares, 2012 - ENH12"
Costa Rica,CR,CRI,188,Urban,5,Flush and pour flush - to elsewhere,0.0,"Encuesta Nacional de Hogares, 2012 - ENH12"
Costa Rica,CR,CRI,188,Urban,6,Dry latrines - Ventilated Improved Pit latrine,0.0,"Encuesta Nacional de Hogares, 2012 - ENH12"
Costa Rica,CR,CRI,188,Urban,7,Dry latrines - Pit latrine with slab/covered latrine,0.0,"Encuesta Nacional de Hogares, 2012 - ENH12"
Costa Rica,CR,CRI,188,Urban,8,Dry latrines - Traditional latrine,0.002,"Encuesta Nacional de Hogares, 2012 - ENH12"
Costa Rica,CR,CRI,188,Urban,9,Dry latrines - Pit latrine without slab/open pit,0.0,"Encuesta Nacional de Hogares, 2012 - ENH12"
Costa Rica,CR,CRI,188,Urban,10,Dry latrines - Hanging toilet/hanging latrine,0.0,"Encuesta Nacional de Hogares, 2012 - ENH12"
Costa Rica,CR,CRI,188,Urban,11,Dry latrines - Bucket latrine,0.0,"Encuesta Nacional de Hogares, 2012 - ENH12"
Costa Rica,CR,CRI,188,Urban,12,Dry latrines - Other,0.0,"Encuesta Nacional de Hogares, 2012 - ENH12"
Costa Rica,CR,CRI,188,Urban,13,Composting toilets,0.0,"Encuesta Nacional de Hogares, 2012 - ENH12"
Costa Rica,CR,CRI,188,Urban,14,Other improved,0.0,"Encuesta Nacional de Hogares, 2012 - ENH12"
Costa Rica,CR,CRI,188,Urban,15,"No facility, bush, field",0.001,"Encuesta Nacional de Hogares, 2012 - ENH12"
Costa Rica,CR,CRI,188,Urban,16,Other unimproved,0.001,"Encuesta Nacional de Hogares, 2012 - ENH12"
Costa Rica,CR,CRI,188,Urban,17,DK/missing information,0.0,"Encuesta Nacional de Hogares, 2012 - ENH12"
Costa Rica,CR,CRI,188,Rural,1,Flush and pour flush - to piped sewer system,0.081,"Encuesta Nacional de Hogares, 2012 - ENH12"
Costa Rica,CR,CRI,188,Rural,2,Flush and pour flush - to septic tank,0.847,"Encuesta Nacional de Hogares, 2012 - ENH12"
Costa Rica,CR,CRI,188,Rural,3,Flush and pour flush - to pit,0.006,"Encuesta Nacional de Hogares, 2012 - ENH12"
Costa Rica,CR,CRI,188,Rural,4,Flush and pour flush - to unknown place/ not sure/DK,0.0,"Encuesta Nacional de Hogares, 2012 - ENH12"
Costa Rica,CR,CRI,188,Rural,5,Flush and pour flush - to elsewhere,0.0,"Encuesta Nacional de Hogares, 2012 - ENH12"
Costa Rica,CR,CRI,188,Rural,6,Dry latrines - Ventilated Improved Pit latrine,0.0,"Encuesta Nacional de Hogares, 2012 - ENH12"
Costa Rica,CR,CRI,188,Rural,7,Dry latrines - Pit latrine with slab/covered latrine,0.0,"Encuesta Nacional de Hogares, 2012 - ENH12"
Costa Rica,CR,CRI,188,Rural,8,Dry latrines - Traditional latrine,0.058,"Encuesta Nacional de Hogares, 2012 - ENH12"
Costa Rica,CR,CRI,188,Rural,9,Dry latrines - Pit latrine without slab/open pit,0.0,"Encuesta Nacional de Hogares, 2012 - ENH12"
Costa Rica,CR,CRI,188,Rural,10,Dry latrines - Hanging toilet/hanging latrine,0.0,"Encuesta Nacional de Hogares, 2012 - ENH12"
Costa Rica,CR,CRI,188,Rural,11,Dry latrines - Bucket latrine,0.0,"Encuesta Nacional de Hogares, 2012 - ENH12"
Costa Rica,CR,CRI,188,Rural,12,Dry latrines - Other,0.0,"Encuesta Nacional de Hogares, 2012 - ENH12"
Costa Rica,CR,CRI,188,Rural,13,Composting toilets,0.0,"Encuesta Nacional de Hogares, 2012 - ENH12"
Costa Rica,CR,CRI,188,Rural,14,Other improved,0.0,"Encuesta Nacional de Hogares, 2012 - ENH12"
Costa Rica,CR,CRI,188,Rural,15,"No facility, bush, field",0.007,"Encuesta Nacional de Hogares, 2012 - ENH12"
Costa Rica,CR,CRI,188,Rural,16,Other unimproved,0.002,"Encuesta Nacional de Hogares, 2012 - ENH12"
Costa Rica,CR,CRI,188,Rural,17,DK/missing information,0.0,"Encuesta Nacional de Hogares, 2012 - ENH12"
Costa Rica,CR,CRI,188,Urban,1,Flush and pour flush - to piped sewer system,0.32,"Encuesta Nacional de Hogares, 2013 - ENH13"
Costa Rica,CR,CRI,188,Urban,2,Flush and pour flush - to septic tank,0.66,"Encuesta Nacional de Hogares, 2013 - ENH13"
Costa Rica,CR,CRI,188,Urban,3,Flush and pour flush - to pit,0.008,"Encuesta Nacional de Hogares, 2013 - ENH13"
Costa Rica,CR,CRI,188,Urban,4,Flush and pour flush - to unknown place/ not sure/DK,0.0,"Encuesta Nacional de Hogares, 2013 - ENH13"
Costa Rica,CR,CRI,188,Urban,5,Flush and pour flush - to elsewhere,0.0,"Encuesta Nacional de Hogares, 2013 - ENH13"
Costa Rica,CR,CRI,188,Urban,6,Dry latrines - Ventilated Improved Pit latrine,0.0,"Encuesta Nacional de Hogares, 2013 - ENH13"
Costa Rica,CR,CRI,188,Urban,7,Dry latrines - Pit latrine with slab/covered latrine,0.0,"Encuesta Nacional de Hogares, 2013 - ENH13"
Costa Rica,CR,CRI,188,Urban,8,Dry latrines - Traditional latrine,0.004,"Encuesta Nacional de Hogares, 2013 - ENH13"
Costa Rica,CR,CRI,188,Urban,9,Dry latrines - Pit latrine without slab/open pit,0.0,"Encuesta Nacional de Hogares, 2013 - ENH13"
Costa Rica,CR,CRI,188,Urban,10,Dry latrines - Hanging toilet/hanging latrine,0.0,"Encuesta Nacional de Hogares, 2013 - ENH13"
Costa Rica,CR,CRI,188,Urban,11,Dry latrines - Bucket latrine,0.0,"Encuesta Nacional de Hogares, 2013 - ENH13"
Costa Rica,CR,CRI,188,Urban,12,Dry latrines - Other,0.0,"Encuesta Nacional de Hogares, 2013 - ENH13"
Costa Rica,CR,CRI,188,Urban,13,Composting toilets,0.0,"Encuesta Nacional de Hogares, 2013 - ENH13"
Costa Rica,CR,CRI,188,Urban,14,Other improved,0.0,"Encuesta Nacional de Hogares, 2013 - ENH13"
Costa Rica,CR,CRI,188,Urban,15,"No facility, bush, field",0.002,"Encuesta Nacional de Hogares, 2013 - ENH13"
Costa Rica,CR,CRI,188,Urban,16,Other unimproved,0.006,"Encuesta Nacional de Hogares, 2013 - ENH13"
Costa Rica,CR,CRI,188,Urban,17,DK/missing information,0.0,"Encuesta Nacional de Hogares, 2013 - ENH13"
Costa Rica,CR,CRI,188,Rural,1,Flush and pour flush - to piped sewer system,0.08,"Encuesta Nacional de Hogares, 2013 - ENH13"
Costa Rica,CR,CRI,188,Rural,2,Flush and pour flush - to septic tank,0.853,"Encuesta Nacional de Hogares, 2013 - ENH13"
Costa Rica,CR,CRI,188,Rural,3,Flush and pour flush - to pit,0.006,"Encuesta Nacional de Hogares, 2013 - ENH13"
Costa Rica,CR,CRI,188,Rural,4,Flush and pour flush - to unknown place/ not sure/DK,0.0,"Encuesta Nacional de Hogares, 2013 - ENH13"
Costa Rica,CR,CRI,188,Rural,5,Flush and pour flush - to elsewhere,0.0,"Encuesta Nacional de Hogares, 2013 - ENH13"
Costa Rica,CR,CRI,188,Rural,6,Dry latrines - Ventilated Improved Pit latrine,0.0,"Encuesta Nacional de Hogares, 2013 - ENH13"
Costa Rica,CR,CRI,188,Rural,7,Dry latrines - Pit latrine with slab/covered latrine,0.0,"Encuesta Nacional de Hogares, 2013 - ENH13"
Costa Rica,CR,CRI,188,Rural,8,Dry latrines - Traditional latrine,0.053,"Encuesta Nacional de Hogares, 2013 - ENH13"
Costa Rica,CR,CRI,188,Rural,9,Dry latrines - Pit latrine without slab/open pit,0.0,"Encuesta Nacional de Hogares, 2013 - ENH13"
Costa Rica,CR,CRI,188,Rural,10,Dry latrines - Hanging toilet/hanging latrine,0.0,"Encuesta Nacional de Hogares, 2013 - ENH13"
Costa Rica,CR,CRI,188,Rural,11,Dry latrines - Bucket latrine,0.0,"Encuesta Nacional de Hogares, 2013 - ENH13"
Costa Rica,CR,CRI,188,Rural,12,Dry latrines - Other,0.0,"Encuesta Nacional de Hogares, 2013 - ENH13"
Costa Rica,CR,CRI,188,Rural,13,Composting toilets,0.0,"Encuesta Nacional de Hogares, 2013 - ENH13"
Costa Rica,CR,CRI,188,Rural,14,Other improved,0.0,"Encuesta Nacional de Hogares, 2013 - ENH13"
Costa Rica,CR,CRI,188,Rural,15,"No facility, bush, field",0.007,"Encuesta Nacional de Hogares, 2013 - ENH13"
Costa Rica,CR,CRI,188,Rural,16,Other unimproved,0.001,"Encuesta Nacional de Hogares, 2013 - ENH13"
Costa Rica,CR,CRI,188,Rural,17,DK/missing information,0.0,"Encuesta Nacional de Hogares, 2013 - ENH13"
Costa Rica,CR,CRI,188,Urban,1,Flush and pour flush - to piped sewer system,0.208," Encuesta Nacional de Ingresos y Gastos de Hogares, 2013 - ENIGH13"
Costa Rica,CR,CRI,188,Urban,2,Flush and pour flush - to septic tank,0.748," Encuesta Nacional de Ingresos y Gastos de Hogares, 2013 - ENIGH13"
Costa Rica,CR,CRI,188,Urban,3,Flush and pour flush - to pit,0.022," Encuesta Nacional de Ingresos y Gastos de Hogares, 2013 - ENIGH13"
Costa Rica,CR,CRI,188,Urban,4,Flush and pour flush - to unknown place/ not sure/DK,0.0," Encuesta Nacional de Ingresos y Gastos de Hogares, 2013 - ENIGH13"
Costa Rica,CR,CRI,188,Urban,5,Flush and pour flush - to elsewhere,0.011," Encuesta Nacional de Ingresos y Gastos de Hogares, 2013 - ENIGH13"
Costa Rica,CR,CRI,188,Urban,6,Dry latrines - Ventilated Improved Pit latrine,0.0," Encuesta Nacional de Ingresos y Gastos de Hogares, 2013 - ENIGH13"
Costa Rica,CR,CRI,188,Urban,7,Dry latrines - Pit latrine with slab/covered latrine,0.0," Encuesta Nacional de Ingresos y Gastos de Hogares, 2013 - ENIGH13"
Costa Rica,CR,CRI,188,Urban,8,Dry latrines - Traditional latrine,0.007," Encuesta Nacional de Ingresos y Gastos de Hogares, 2013 - ENIGH13"
Costa Rica,CR,CRI,188,Urban,9,Dry latrines - Pit latrine without slab/open pit,0.0," Encuesta Nacional de Ingresos y Gastos de Hogares, 2013 - ENIGH13"
Costa Rica,CR,CRI,188,Urban,10,Dry latrines - Hanging toilet/hanging latrine,0.0," Encuesta Nacional de Ingresos y Gastos de Hogares, 2013 - ENIGH13"
Costa Rica,CR,CRI,188,Urban,11,Dry latrines - Bucket latrine,0.0," Encuesta Nacional de Ingresos y Gastos de Hogares, 2013 - ENIGH13"
Costa Rica,CR,CRI,188,Urban,12,Dry latrines - Other,0.0," Encuesta Nacional de Ingresos y Gastos de Hogares, 2013 - ENIGH13"
Costa Rica,CR,CRI,188,Urban,13,Composting toilets,0.0," Encuesta Nacional de Ingresos y Gastos de Hogares, 2013 - ENIGH13"
Costa Rica,CR,CRI,188,Urban,14,Other improved,0.0," Encuesta Nacional de Ingresos y Gastos de Hogares, 2013 - ENIGH13"
Costa Rica,CR,CRI,188,Urban,15,"No facility, bush, field",0.002," Encuesta Nacional de Ingresos y Gastos de Hogares, 2013 - ENIGH13"
Costa Rica,CR,CRI,188,Urban,16,Other unimproved,0.0," Encuesta Nacional de Ingresos y Gastos de Hogares, 2013 - ENIGH13"
Costa Rica,CR,CRI,188,Urban,17,DK/missing information,0.0," Encuesta Nacional de Ingresos y Gastos de Hogares, 2013 - ENIGH13"
Costa Rica,CR,CRI,188,Rural,1,Flush and pour flush - to piped sewer system,0.045," Encuesta Nacional de Ingresos y Gastos de Hogares, 2013 - ENIGH13"
Costa Rica,CR,CRI,188,Rural,2,Flush and pour flush - to septic tank,0.885," Encuesta Nacional de Ingresos y Gastos de Hogares, 2013 - ENIGH13"
Costa Rica,CR,CRI,188,Rural,3,Flush and pour flush - to pit,0.003," Encuesta Nacional de Ingresos y Gastos de Hogares, 2013 - ENIGH13"
Costa Rica,CR,CRI,188,Rural,4,Flush and pour flush - to unknown place/ not sure/DK,0.0," Encuesta Nacional de Ingresos y Gastos de Hogares, 2013 - ENIGH13"
Costa Rica,CR,CRI,188,Rural,5,Flush and pour flush - to elsewhere,0.001," Encuesta Nacional de Ingresos y Gastos de Hogares, 2013 - ENIGH13"
Costa Rica,CR,CRI,188,Rural,6,Dry latrines - Ventilated Improved Pit latrine,0.0," Encuesta Nacional de Ingresos y Gastos de Hogares, 2013 - ENIGH13"
Costa Rica,CR,CRI,188,Rural,7,Dry latrines - Pit latrine with slab/covered latrine,0.0," Encuesta Nacional de Ingresos y Gastos de Hogares, 2013 - ENIGH13"
Costa Rica,CR,CRI,188,Rural,8,Dry latrines - Traditional latrine,0.056," Encuesta Nacional de Ingresos y Gastos de Hogares, 2013 - ENIGH13"
Costa Rica,CR,CRI,188,Rural,9,Dry latrines - Pit latrine without slab/open pit,0.0," Encuesta Nacional de Ingresos y Gastos de Hogares, 2013 - ENIGH13"
Costa Rica,CR,CRI,188,Rural,10,Dry latrines - Hanging toilet/hanging latrine,0.0," Encuesta Nacional de Ingresos y Gastos de Hogares, 2013 - ENIGH13"
Costa Rica,CR,CRI,188,Rural,11,Dry latrines - Bucket latrine,0.0," Encuesta Nacional de Ingresos y Gastos de Hogares, 2013 - ENIGH13"
Costa Rica,CR,CRI,188,Rural,12,Dry latrines - Other,0.0," Encuesta Nacional de Ingresos y Gastos de Hogares, 2013 - ENIGH13"
Costa Rica,CR,CRI,188,Rural,13,Composting toilets,0.0," Encuesta Nacional de Ingresos y Gastos de Hogares, 2013 - ENIGH13"
Costa Rica,CR,CRI,188,Rural,14,Other improved,0.0," Encuesta Nacional de Ingresos y Gastos de Hogares, 2013 - ENIGH13"
Costa Rica,CR,CRI,188,Rural,15,"No facility, bush, field",0.009," Encuesta Nacional de Ingresos y Gastos de Hogares, 2013 - ENIGH13"
Costa Rica,CR,CRI,188,Rural,16,Other unimproved,0.001," Encuesta Nacional de Ingresos y Gastos de Hogares, 2013 - ENIGH13"
Costa Rica,CR,CRI,188,Rural,17,DK/missing information,0.0," Encuesta Nacional de Ingresos y Gastos de Hogares, 2013 - ENIGH13"
Costa Rica,CR,CRI,188,Urban,1,Flush and pour flush - to piped sewer system,0.339," Encuesta Nacional de Hogares, 2014 - ENH14"
Costa Rica,CR,CRI,188,Urban,2,Flush and pour flush - to septic tank,0.638," Encuesta Nacional de Hogares, 2014 - ENH14"
Costa Rica,CR,CRI,188,Urban,3,Flush and pour flush - to pit,0.016," Encuesta Nacional de Hogares, 2014 - ENH14"
Costa Rica,CR,CRI,188,Urban,4,Flush and pour flush - to unknown place/ not sure/DK,0.0," Encuesta Nacional de Hogares, 2014 - ENH14"
Costa Rica,CR,CRI,188,Urban,5,Flush and pour flush - to elsewhere,0.0," Encuesta Nacional de Hogares, 2014 - ENH14"
Costa Rica,CR,CRI,188,Urban,6,Dry latrines - Ventilated Improved Pit latrine,0.0," Encuesta Nacional de Hogares, 2014 - ENH14"
Costa Rica,CR,CRI,188,Urban,7,Dry latrines - Pit latrine with slab/covered latrine,0.0," Encuesta Nacional de Hogares, 2014 - ENH14"
Costa Rica,CR,CRI,188,Urban,8,Dry latrines - Traditional latrine,0.003," Encuesta Nacional de Hogares, 2014 - ENH14"
Costa Rica,CR,CRI,188,Urban,9,Dry latrines - Pit latrine without slab/open pit,0.0," Encuesta Nacional de Hogares, 2014 - ENH14"
Costa Rica,CR,CRI,188,Urban,10,Dry latrines - Hanging toilet/hanging latrine,0.0," Encuesta Nacional de Hogares, 2014 - ENH14"
Costa Rica,CR,CRI,188,Urban,11,Dry latrines - Bucket latrine,0.0," Encuesta Nacional de Hogares, 2014 - ENH14"
Costa Rica,CR,CRI,188,Urban,12,Dry latrines - Other,0.0," Encuesta Nacional de Hogares, 2014 - ENH14"
Costa Rica,CR,CRI,188,Urban,13,Composting toilets,0.0," Encuesta Nacional de Hogares, 2014 - ENH14"
Costa Rica,CR,CRI,188,Urban,14,Other improved,0.0," Encuesta Nacional de Hogares, 2014 - ENH14"
Costa Rica,CR,CRI,188,Urban,15,"No facility, bush, field",0.003," Encuesta Nacional de Hogares, 2014 - ENH14"
Costa Rica,CR,CRI,188,Urban,16,Other unimproved,0.001," Encuesta Nacional de Hogares, 2014 - ENH14"
Costa Rica,CR,CRI,188,Urban,17,DK/missing information,0.0," Encuesta Nacional de Hogares, 2014 - ENH14"
Costa Rica,CR,CRI,188,Rural,1,Flush and pour flush - to piped sewer system,0.072," Encuesta Nacional de Hogares, 2014 - ENH14"
Costa Rica,CR,CRI,188,Rural,2,Flush and pour flush - to septic tank,0.871," Encuesta Nacional de Hogares, 2014 - ENH14"
Costa Rica,CR,CRI,188,Rural,3,Flush and pour flush - to pit,0.007," Encuesta Nacional de Hogares, 2014 - ENH14"
Costa Rica,CR,CRI,188,Rural,4,Flush and pour flush - to unknown place/ not sure/DK,0.0," Encuesta Nacional de Hogares, 2014 - ENH14"
Costa Rica,CR,CRI,188,Rural,5,Flush and pour flush - to elsewhere,0.0," Encuesta Nacional de Hogares, 2014 - ENH14"
Costa Rica,CR,CRI,188,Rural,6,Dry latrines - Ventilated Improved Pit latrine,0.0," Encuesta Nacional de Hogares, 2014 - ENH14"
Costa Rica,CR,CRI,188,Rural,7,Dry latrines - Pit latrine with slab/covered latrine,0.0," Encuesta Nacional de Hogares, 2014 - ENH14"
Costa Rica,CR,CRI,188,Rural,8,Dry latrines - Traditional latrine,0.046," Encuesta Nacional de Hogares, 2014 - ENH14"
Costa Rica,CR,CRI,188,Rural,9,Dry latrines - Pit latrine without slab/open pit,0.0," Encuesta Nacional de Hogares, 2014 - ENH14"
Costa Rica,CR,CRI,188,Rural,10,Dry latrines - Hanging toilet/hanging latrine,0.0," Encuesta Nacional de Hogares, 2014 - ENH14"
Costa Rica,CR,CRI,188,Rural,11,Dry latrines - Bucket latrine,0.0," Encuesta Nacional de Hogares, 2014 - ENH14"
Costa Rica,CR,CRI,188,Rural,12,Dry latrines - Other,0.0," Encuesta Nacional de Hogares, 2014 - ENH14"
Costa Rica,CR,CRI,188,Rural,13,Composting toilets,0.0," Encuesta Nacional de Hogares, 2014 - ENH14"
Costa Rica,CR,CRI,188,Rural,14,Other improved,0.0," Encuesta Nacional de Hogares, 2014 - ENH14"
Costa Rica,CR,CRI,188,Rural,15,"No facility, bush, field",0.005," Encuesta Nacional de Hogares, 2014 - ENH14"
Costa Rica,CR,CRI,188,Rural,16,Other unimproved,0.0," Encuesta Nacional de Hogares, 2014 - ENH14"
Costa Rica,CR,CRI,188,Rural,17,DK/missing information,0.0," Encuesta Nacional de Hogares, 2014 - ENH14"
Costa Rica,CR,CRI,188,Urban,1,Flush and pour flush - to piped sewer system,0.27," Encuesta Nacional de Hogares, 2015 - ENH15"
Costa Rica,CR,CRI,188,Urban,2,Flush and pour flush - to septic tank,0.704," Encuesta Nacional de Hogares, 2015 - ENH15"
Costa Rica,CR,CRI,188,Urban,3,Flush and pour flush - to pit,0.015," Encuesta Nacional de Hogares, 2015 - ENH15"
Costa Rica,CR,CRI,188,Urban,4,Flush and pour flush - to unknown place/ not sure/DK,0.0," Encuesta Nacional de Hogares, 2015 - ENH15"
Costa Rica,CR,CRI,188,Urban,5,Flush and pour flush - to elsewhere,0.0," Encuesta Nacional de Hogares, 2015 - ENH15"
Costa Rica,CR,CRI,188,Urban,6,Dry latrines - Ventilated Improved Pit latrine,0.0," Encuesta Nacional de Hogares, 2015 - ENH15"
Costa Rica,CR,CRI,188,Urban,7,Dry latrines - Pit latrine with slab/covered latrine,0.0," Encuesta Nacional de Hogares, 2015 - ENH15"
Costa Rica,CR,CRI,188,Urban,8,Dry latrines - Traditional latrine,0.006," Encuesta Nacional de Hogares, 2015 - ENH15"
Costa Rica,CR,CRI,188,Urban,9,Dry latrines - Pit latrine without slab/open pit,0.0," Encuesta Nacional de Hogares, 2015 - ENH15"
Costa Rica,CR,CRI,188,Urban,10,Dry latrines - Hanging toilet/hanging latrine,0.0," Encuesta Nacional de Hogares, 2015 - ENH15"
Costa Rica,CR,CRI,188,Urban,11,Dry latrines - Bucket latrine,0.0," Encuesta Nacional de Hogares, 2015 - ENH15"
Costa Rica,CR,CRI,188,Urban,12,Dry latrines - Other,0.0," Encuesta Nacional de Hogares, 2015 - ENH15"
Costa Rica,CR,CRI,188,Urban,13,Composting toilets,0.0," Encuesta Nacional de Hogares, 2015 - ENH15"
Costa Rica,CR,CRI,188,Urban,14,Other improved,0.0," Encuesta Nacional de Hogares, 2015 - ENH15"
Costa Rica,CR,CRI,188,Urban,15,"No facility, bush, field",0.004," Encuesta Nacional de Hogares, 2015 - ENH15"
Costa Rica,CR,CRI,188,Urban,16,Other unimproved,0.001," Encuesta Nacional de Hogares, 2015 - ENH15"
Costa Rica,CR,CRI,188,Urban,17,DK/missing information,0.0," Encuesta Nacional de Hogares, 2015 - ENH15"
Costa Rica,CR,CRI,188,Rural,1,Flush and pour flush - to piped sewer system,0.055," Encuesta Nacional de Hogares, 2015 - ENH15"
Costa Rica,CR,CRI,188,Rural,2,Flush and pour flush - to septic tank,0.896," Encuesta Nacional de Hogares, 2015 - ENH15"
Costa Rica,CR,CRI,188,Rural,3,Flush and pour flush - to pit,0.003," Encuesta Nacional de Hogares, 2015 - ENH15"
Costa Rica,CR,CRI,188,Rural,4,Flush and pour flush - to unknown place/ not sure/DK,0.0," Encuesta Nacional de Hogares, 2015 - ENH15"
Costa Rica,CR,CRI,188,Rural,5,Flush and pour flush - to elsewhere,0.0," Encuesta Nacional de Hogares, 2015 - ENH15"
Costa Rica,CR,CRI,188,Rural,6,Dry latrines - Ventilated Improved Pit latrine,0.0," Encuesta Nacional de Hogares, 2015 - ENH15"
Costa Rica,CR,CRI,188,Rural,7,Dry latrines - Pit latrine with slab/covered latrine,0.0," Encuesta Nacional de Hogares, 2015 - ENH15"
Costa Rica,CR,CRI,188,Rural,8,Dry latrines - Traditional latrine,0.041," Encuesta Nacional de Hogares, 2015 - ENH15"
Costa Rica,CR,CRI,188,Rural,9,Dry latrines - Pit latrine without slab/open pit,0.0," Encuesta Nacional de Hogares, 2015 - ENH15"
Costa Rica,CR,CRI,188,Rural,10,Dry latrines - Hanging toilet/hanging latrine,0.0," Encuesta Nacional de Hogares, 2015 - ENH15"
Costa Rica,CR,CRI,188,Rural,11,Dry latrines - Bucket latrine,0.0," Encuesta Nacional de Hogares, 2015 - ENH15"
Costa Rica,CR,CRI,188,Rural,12,Dry latrines - Other,0.0," Encuesta Nacional de Hogares, 2015 - ENH15"
Costa Rica,CR,CRI,188,Rural,13,Composting toilets,0.0," Encuesta Nacional de Hogares, 2015 - ENH15"
Costa Rica,CR,CRI,188,Rural,14,Other improved,0.0," Encuesta Nacional de Hogares, 2015 - ENH15"
Costa Rica,CR,CRI,188,Rural,15,"No facility, bush, field",0.005," Encuesta Nacional de Hogares, 2015 - ENH15"
Costa Rica,CR,CRI,188,Rural,16,Other unimproved,0.0," Encuesta Nacional de Hogares, 2015 - ENH15"
Costa Rica,CR,CRI,188,Rural,17,DK/missing information,0.0," Encuesta Nacional de Hogares, 2015 - ENH15"
Costa Rica,CR,CRI,188,Urban,1,Flush and pour flush - to piped sewer system,0.274,"Encuesta Nacional de Hogares, 2016 - ENH16"
Costa Rica,CR,CRI,188,Urban,2,Flush and pour flush - to septic tank,0.698,"Encuesta Nacional de Hogares, 2016 - ENH16"
Costa Rica,CR,CRI,188,Urban,3,Flush and pour flush - to pit,0.017,"Encuesta Nacional de Hogares, 2016 - ENH16"
Costa Rica,CR,CRI,188,Urban,4,Flush and pour flush - to unknown place/ not sure/DK,0.0,"Encuesta Nacional de Hogares, 2016 - ENH16"
Costa Rica,CR,CRI,188,Urban,5,Flush and pour flush - to elsewhere,0.0,"Encuesta Nacional de Hogares, 2016 - ENH16"
Costa Rica,CR,CRI,188,Urban,6,Dry latrines - Ventilated Improved Pit latrine,0.0,"Encuesta Nacional de Hogares, 2016 - ENH16"
Costa Rica,CR,CRI,188,Urban,7,Dry latrines - Pit latrine with slab/covered latrine,0.0,"Encuesta Nacional de Hogares, 2016 - ENH16"
Costa Rica,CR,CRI,188,Urban,8,Dry latrines - Traditional latrine,0.007,"Encuesta Nacional de Hogares, 2016 - ENH16"
Costa Rica,CR,CRI,188,Urban,9,Dry latrines - Pit latrine without slab/open pit,0.0,"Encuesta Nacional de Hogares, 2016 - ENH16"
Costa Rica,CR,CRI,188,Urban,10,Dry latrines - Hanging toilet/hanging latrine,0.0,"Encuesta Nacional de Hogares, 2016 - ENH16"
Costa Rica,CR,CRI,188,Urban,11,Dry latrines - Bucket latrine,0.0,"Encuesta Nacional de Hogares, 2016 - ENH16"
Costa Rica,CR,CRI,188,Urban,12,Dry latrines - Other,0.0,"Encuesta Nacional de Hogares, 2016 - ENH16"
Costa Rica,CR,CRI,188,Urban,13,Composting toilets,0.0,"Encuesta Nacional de Hogares, 2016 - ENH16"
Costa Rica,CR,CRI,188,Urban,14,Other improved,0.0,"Encuesta Nacional de Hogares, 2016 - ENH16"
Costa Rica,CR,CRI,188,Urban,15,"No facility, bush, field",0.002,"Encuesta Nacional de Hogares, 2016 - ENH16"
Costa Rica,CR,CRI,188,Urban,16,Other unimproved,0.002,"Encuesta Nacional de Hogares, 2016 - ENH16"
Costa Rica,CR,CRI,188,Urban,17,DK/missing information,0.0,"Encuesta Nacional de Hogares, 2016 - ENH16"
Costa Rica,CR,CRI,188,Rural,1,Flush and pour flush - to piped sewer system,0.05,"Encuesta Nacional de Hogares, 2016 - ENH16"
Costa Rica,CR,CRI,188,Rural,2,Flush and pour flush - to septic tank,0.894,"Encuesta Nacional de Hogares, 2016 - ENH16"
Costa Rica,CR,CRI,188,Rural,3,Flush and pour flush - to pit,0.007,"Encuesta Nacional de Hogares, 2016 - ENH16"
Costa Rica,CR,CRI,188,Rural,4,Flush and pour flush - to unknown place/ not sure/DK,0.0,"Encuesta Nacional de Hogares, 2016 - ENH16"
Costa Rica,CR,CRI,188,Rural,5,Flush and pour flush - to elsewhere,0.0,"Encuesta Nacional de Hogares, 2016 - ENH16"
Costa Rica,CR,CRI,188,Rural,6,Dry latrines - Ventilated Improved Pit latrine,0.0,"Encuesta Nacional de Hogares, 2016 - ENH16"
Costa Rica,CR,CRI,188,Rural,7,Dry latrines - Pit latrine with slab/covered latrine,0.0,"Encuesta Nacional de Hogares, 2016 - ENH16"
Costa Rica,CR,CRI,188,Rural,8,Dry latrines - Traditional latrine,0.045,"Encuesta Nacional de Hogares, 2016 - ENH16"
Costa Rica,CR,CRI,188,Rural,9,Dry latrines - Pit latrine without slab/open pit,0.0,"Encuesta Nacional de Hogares, 2016 - ENH16"
Costa Rica,CR,CRI,188,Rural,10,Dry latrines - Hanging toilet/hanging latrine,0.0,"Encuesta Nacional de Hogares, 2016 - ENH16"
Costa Rica,CR,CRI,188,Rural,11,Dry latrines - Bucket latrine,0.0,"Encuesta Nacional de Hogares, 2016 - ENH16"
Costa Rica,CR,CRI,188,Rural,12,Dry latrines - Other,0.0,"Encuesta Nacional de Hogares, 2016 - ENH16"
Costa Rica,CR,CRI,188,Rural,13,Composting toilets,0.0,"Encuesta Nacional de Hogares, 2016 - ENH16"
Costa Rica,CR,CRI,188,Rural,14,Other improved,0.0,"Encuesta Nacional de Hogares, 2016 - ENH16"
Costa Rica,CR,CRI,188,Rural,15,"No facility, bush, field",0.004,"Encuesta Nacional de Hogares, 2016 - ENH16"
Costa Rica,CR,CRI,188,Rural,16,Other unimproved,0.0,"Encuesta Nacional de Hogares, 2016 - ENH16"
Costa Rica,CR,CRI,188,Rural,17,DK/missing information,0.0,"Encuesta Nacional de Hogares, 2016 - ENH16"
Costa Rica,CR,CRI,188,Urban,1,Flush and pour flush - to piped sewer system,0.299,"Encuesta Nacional de Hogares, 2017 - ENH17"
Costa Rica,CR,CRI,188,Urban,2,Flush and pour flush - to septic tank,0.658,"Encuesta Nacional de Hogares, 2017 - ENH17"
Costa Rica,CR,CRI,188,Urban,3,Flush and pour flush - to pit,0.029,"Encuesta Nacional de Hogares, 2017 - ENH17"
Costa Rica,CR,CRI,188,Urban,4,Flush and pour flush - to unknown place/ not sure/DK,0.0,"Encuesta Nacional de Hogares, 2017 - ENH17"
Costa Rica,CR,CRI,188,Urban,5,Flush and pour flush - to elsewhere,0.0,"Encuesta Nacional de Hogares, 2017 - ENH17"
Costa Rica,CR,CRI,188,Urban,6,Dry latrines - Ventilated Improved Pit latrine,0.0,"Encuesta Nacional de Hogares, 2017 - ENH17"
Costa Rica,CR,CRI,188,Urban,7,Dry latrines - Pit latrine with slab/covered latrine,0.0,"Encuesta Nacional de Hogares, 2017 - ENH17"
Costa Rica,CR,CRI,188,Urban,8,Dry latrines - Traditional latrine,0.007,"Encuesta Nacional de Hogares, 2017 - ENH17"
Costa Rica,CR,CRI,188,Urban,9,Dry latrines - Pit latrine without slab/open pit,0.0,"Encuesta Nacional de Hogares, 2017 - ENH17"
Costa Rica,CR,CRI,188,Urban,10,Dry latrines - Hanging toilet/hanging latrine,0.0,"Encuesta Nacional de Hogares, 2017 - ENH17"
Costa Rica,CR,CRI,188,Urban,11,Dry latrines - Bucket latrine,0.0,"Encuesta Nacional de Hogares, 2017 - ENH17"
Costa Rica,CR,CRI,188,Urban,12,Dry latrines - Other,0.0,"Encuesta Nacional de Hogares, 2017 - ENH17"
Costa Rica,CR,CRI,188,Urban,13,Composting toilets,0.0,"Encuesta Nacional de Hogares, 2017 - ENH17"
Costa Rica,CR,CRI,188,Urban,14,Other improved,0.0,"Encuesta Nacional de Hogares, 2017 - ENH17"
Costa Rica,CR,CRI,188,Urban,15,"No facility, bush, field",0.003,"Encuesta Nacional de Hogares, 2017 - ENH17"
Costa Rica,CR,CRI,188,Urban,16,Other unimproved,0.003,"Encuesta Nacional de Hogares, 2017 - ENH17"
Costa Rica,CR,CRI,188,Urban,17,DK/missing information,0.0,"Encuesta Nacional de Hogares, 2017 - ENH17"
Costa Rica,CR,CRI,188,Rural,1,Flush and pour flush - to piped sewer system,0.063,"Encuesta Nacional de Hogares, 2017 - ENH17"
Costa Rica,CR,CRI,188,Rural,2,Flush and pour flush - to septic tank,0.885,"Encuesta Nacional de Hogares, 2017 - ENH17"
Costa Rica,CR,CRI,188,Rural,3,Flush and pour flush - to pit,0.014,"Encuesta Nacional de Hogares, 2017 - ENH17"
Costa Rica,CR,CRI,188,Rural,4,Flush and pour flush - to unknown place/ not sure/DK,0.0,"Encuesta Nacional de Hogares, 2017 - ENH17"
Costa Rica,CR,CRI,188,Rural,5,Flush and pour flush - to elsewhere,0.0,"Encuesta Nacional de Hogares, 2017 - ENH17"
Costa Rica,CR,CRI,188,Rural,6,Dry latrines - Ventilated Improved Pit latrine,0.0,"Encuesta Nacional de Hogares, 2017 - ENH17"
Costa Rica,CR,CRI,188,Rural,7,Dry latrines - Pit latrine with slab/covered latrine,0.0,"Encuesta Nacional de Hogares, 2017 - ENH17"
Costa Rica,CR,CRI,188,Rural,8,Dry latrines - Traditional latrine,0.033,"Encuesta Nacional de Hogares, 2017 - ENH17"
Costa Rica,CR,CRI,188,Rural,9,Dry latrines - Pit latrine without slab/open pit,0.0,"Encuesta Nacional de Hogares, 2017 - ENH17"
Costa Rica,CR,CRI,188,Rural,10,Dry latrines - Hanging toilet/hanging latrine,0.0,"Encuesta Nacional de Hogares, 2017 - ENH17"
Costa Rica,CR,CRI,188,Rural,11,Dry latrines - Bucket latrine,0.0,"Encuesta Nacional de Hogares, 2017 - ENH17"
Costa Rica,CR,CRI,188,Rural,12,Dry latrines - Other,0.0,"Encuesta Nacional de Hogares, 2017 - ENH17"
Costa Rica,CR,CRI,188,Rural,13,Composting toilets,0.0,"Encuesta Nacional de Hogares, 2017 - ENH17"
Costa Rica,CR,CRI,188,Rural,14,Other improved,0.0,"Encuesta Nacional de Hogares, 2017 - ENH17"
Costa Rica,CR,CRI,188,Rural,15,"No facility, bush, field",0.004,"Encuesta Nacional de Hogares, 2017 - ENH17"
Costa Rica,CR,CRI,188,Rural,16,Other unimproved,0.001,"Encuesta Nacional de Hogares, 2017 - ENH17"
Costa Rica,CR,CRI,188,Rural,17,DK/missing information,0.0,"Encuesta Nacional de Hogares, 2017 - ENH17"
Costa Rica,CR,CRI,188,Urban,1,Flush and pour flush - to piped sewer system,0.291,"Encuesta Nacional de Hogares, 2018 - ENH18"
Costa Rica,CR,CRI,188,Urban,2,Flush and pour flush - to septic tank,0.67,"Encuesta Nacional de Hogares, 2018 - ENH18"
Costa Rica,CR,CRI,188,Urban,3,Flush and pour flush - to pit,0.029,"Encuesta Nacional de Hogares, 2018 - ENH18"
Costa Rica,CR,CRI,188,Urban,4,Flush and pour flush - to unknown place/ not sure/DK,0.0,"Encuesta Nacional de Hogares, 2018 - ENH18"
Costa Rica,CR,CRI,188,Urban,5,Flush and pour flush - to elsewhere,0.0,"Encuesta Nacional de Hogares, 2018 - ENH18"
Costa Rica,CR,CRI,188,Urban,6,Dry latrines - Ventilated Improved Pit latrine,0.0,"Encuesta Nacional de Hogares, 2018 - ENH18"
Costa Rica,CR,CRI,188,Urban,7,Dry latrines - Pit latrine with slab/covered latrine,0.0,"Encuesta Nacional de Hogares, 2018 - ENH18"
Costa Rica,CR,CRI,188,Urban,8,Dry latrines - Traditional latrine,0.005,"Encuesta Nacional de Hogares, 2018 - ENH18"
Costa Rica,CR,CRI,188,Urban,9,Dry latrines - Pit latrine without slab/open pit,0.0,"Encuesta Nacional de Hogares, 2018 - ENH18"
Costa Rica,CR,CRI,188,Urban,10,Dry latrines - Hanging toilet/hanging latrine,0.0,"Encuesta Nacional de Hogares, 2018 - ENH18"
Costa Rica,CR,CRI,188,Urban,11,Dry latrines - Bucket latrine,0.0,"Encuesta Nacional de Hogares, 2018 - ENH18"
Costa Rica,CR,CRI,188,Urban,12,Dry latrines - Other,0.0,"Encuesta Nacional de Hogares, 2018 - ENH18"
Costa Rica,CR,CRI,188,Urban,13,Composting toilets,0.0,"Encuesta Nacional de Hogares, 2018 - ENH18"
Costa Rica,CR,CRI,188,Urban,14,Other improved,0.0,"Encuesta Nacional de Hogares, 2018 - ENH18"
Costa Rica,CR,CRI,188,Urban,15,"No facility, bush, field",0.003,"Encuesta Nacional de Hogares, 2018 - ENH18"
Costa Rica,CR,CRI,188,Urban,16,Other unimproved,0.002,"Encuesta Nacional de Hogares, 2018 - ENH18"
Costa Rica,CR,CRI,188,Urban,17,DK/missing information,0.0,"Encuesta Nacional de Hogares, 2018 - ENH18"
Costa Rica,CR,CRI,188,Rural,1,Flush and pour flush - to piped sewer system,0.063,"Encuesta Nacional de Hogares, 2018 - ENH18"
Costa Rica,CR,CRI,188,Rural,2,Flush and pour flush - to septic tank,0.883,"Encuesta Nacional de Hogares, 2018 - ENH18"
Costa Rica,CR,CRI,188,Rural,3,Flush and pour flush - to pit,0.015,"Encuesta Nacional de Hogares, 2018 - ENH18"
Costa Rica,CR,CRI,188,Rural,4,Flush and pour flush - to unknown place/ not sure/DK,0.0,"Encuesta Nacional de Hogares, 2018 - ENH18"
Costa Rica,CR,CRI,188,Rural,5,Flush and pour flush - to elsewhere,0.0,"Encuesta Nacional de Hogares, 2018 - ENH18"
Costa Rica,CR,CRI,188,Rural,6,Dry latrines - Ventilated Improved Pit latrine,0.0,"Encuesta Nacional de Hogares, 2018 - ENH18"
Costa Rica,CR,CRI,188,Rural,7,Dry latrines - Pit latrine with slab/covered latrine,0.0,"Encuesta Nacional de Hogares, 2018 - ENH18"
Costa Rica,CR,CRI,188,Rural,8,Dry latrines - Traditional latrine,0.031,"Encuesta Nacional de Hogares, 2018 - ENH18"
Costa Rica,CR,CRI,188,Rural,9,Dry latrines - Pit latrine without slab/open pit,0.0,"Encuesta Nacional de Hogares, 2018 - ENH18"
Costa Rica,CR,CRI,188,Rural,10,Dry latrines - Hanging toilet/hanging latrine,0.0,"Encuesta Nacional de Hogares, 2018 - ENH18"
Costa Rica,CR,CRI,188,Rural,11,Dry latrines - Bucket latrine,0.0,"Encuesta Nacional de Hogares, 2018 - ENH18"
Costa Rica,CR,CRI,188,Rural,12,Dry latrines - Other,0.0,"Encuesta Nacional de Hogares, 2018 - ENH18"
Costa Rica,CR,CRI,188,Rural,13,Composting toilets,0.0,"Encuesta Nacional de Hogares, 2018 - ENH18"
Costa Rica,CR,CRI,188,Rural,14,Other improved,0.0,"Encuesta Nacional de Hogares, 2018 - ENH18"
Costa Rica,CR,CRI,188,Rural,15,"No facility, bush, field",0.007,"Encuesta Nacional de Hogares, 2018 - ENH18"
Costa Rica,CR,CRI,188,Rural,16,Other unimproved,0.0,"Encuesta Nacional de Hogares, 2018 - ENH18"
Costa Rica,CR,CRI,188,Rural,17,DK/missing information,0.0,"Encuesta Nacional de Hogares, 2018 - ENH18"
