country,alpha-2,alpha-3,numeric,context,classific_id,classification,percentage,source
Ecuador,EC,ECU,218,Urban,1,Flush and pour flush - to piped sewer system,0.525,Integrated Public Use Microdata Series (IPUMS) record of Census - CEN01
Ecuador,EC,ECU,218,Urban,2,Flush and pour flush - to septic tank,0.181,Integrated Public Use Microdata Series (IPUMS) record of Census - CEN01
Ecuador,EC,ECU,218,Urban,3,Flush and pour flush - to pit,0.147,Integrated Public Use Microdata Series (IPUMS) record of Census - CEN01
Ecuador,EC,ECU,218,Urban,4,Flush and pour flush - to unknown place/ not sure/DK,0.0,Integrated Public Use Microdata Series (IPUMS) record of Census - CEN01
Ecuador,EC,ECU,218,Urban,5,Flush and pour flush - to elsewhere,0.0,Integrated Public Use Microdata Series (IPUMS) record of Census - CEN01
Ecuador,EC,ECU,218,Urban,6,Dry latrines - Ventilated Improved Pit latrine,0.0,Integrated Public Use Microdata Series (IPUMS) record of Census - CEN01
Ecuador,EC,ECU,218,Urban,7,Dry latrines - Pit latrine with slab/covered latrine,0.0,Integrated Public Use Microdata Series (IPUMS) record of Census - CEN01
Ecuador,EC,ECU,218,Urban,8,Dry latrines - Traditional latrine,0.034,Integrated Public Use Microdata Series (IPUMS) record of Census - CEN01
Ecuador,EC,ECU,218,Urban,9,Dry latrines - Pit latrine without slab/open pit,0.0,Integrated Public Use Microdata Series (IPUMS) record of Census - CEN01
Ecuador,EC,ECU,218,Urban,10,Dry latrines - Hanging toilet/hanging latrine,0.0,Integrated Public Use Microdata Series (IPUMS) record of Census - CEN01
Ecuador,EC,ECU,218,Urban,11,Dry latrines - Bucket latrine,0.0,Integrated Public Use Microdata Series (IPUMS) record of Census - CEN01
Ecuador,EC,ECU,218,Urban,12,Dry latrines - Other,0.0,Integrated Public Use Microdata Series (IPUMS) record of Census - CEN01
Ecuador,EC,ECU,218,Urban,13,Composting toilets,0.0,Integrated Public Use Microdata Series (IPUMS) record of Census - CEN01
Ecuador,EC,ECU,218,Urban,14,Other improved,0.033,Integrated Public Use Microdata Series (IPUMS) record of Census - CEN01
Ecuador,EC,ECU,218,Urban,15,"No facility, bush, field",0.072,Integrated Public Use Microdata Series (IPUMS) record of Census - CEN01
Ecuador,EC,ECU,218,Urban,16,Other unimproved,0.0,Integrated Public Use Microdata Series (IPUMS) record of Census - CEN01
Ecuador,EC,ECU,218,Urban,17,DK/missing information,0.008,Integrated Public Use Microdata Series (IPUMS) record of Census - CEN01
Ecuador,EC,ECU,218,Rural,1,Flush and pour flush - to piped sewer system,0.168,Integrated Public Use Microdata Series (IPUMS) record of Census - CEN01
Ecuador,EC,ECU,218,Rural,2,Flush and pour flush - to septic tank,0.159,Integrated Public Use Microdata Series (IPUMS) record of Census - CEN01
Ecuador,EC,ECU,218,Rural,3,Flush and pour flush - to pit,0.187,Integrated Public Use Microdata Series (IPUMS) record of Census - CEN01
Ecuador,EC,ECU,218,Rural,4,Flush and pour flush - to unknown place/ not sure/DK,0.0,Integrated Public Use Microdata Series (IPUMS) record of Census - CEN01
Ecuador,EC,ECU,218,Rural,5,Flush and pour flush - to elsewhere,0.0,Integrated Public Use Microdata Series (IPUMS) record of Census - CEN01
Ecuador,EC,ECU,218,Rural,6,Dry latrines - Ventilated Improved Pit latrine,0.0,Integrated Public Use Microdata Series (IPUMS) record of Census - CEN01
Ecuador,EC,ECU,218,Rural,7,Dry latrines - Pit latrine with slab/covered latrine,0.0,Integrated Public Use Microdata Series (IPUMS) record of Census - CEN01
Ecuador,EC,ECU,218,Rural,8,Dry latrines - Traditional latrine,0.14,Integrated Public Use Microdata Series (IPUMS) record of Census - CEN01
Ecuador,EC,ECU,218,Rural,9,Dry latrines - Pit latrine without slab/open pit,0.0,Integrated Public Use Microdata Series (IPUMS) record of Census - CEN01
Ecuador,EC,ECU,218,Rural,10,Dry latrines - Hanging toilet/hanging latrine,0.0,Integrated Public Use Microdata Series (IPUMS) record of Census - CEN01
Ecuador,EC,ECU,218,Rural,11,Dry latrines - Bucket latrine,0.0,Integrated Public Use Microdata Series (IPUMS) record of Census - CEN01
Ecuador,EC,ECU,218,Rural,12,Dry latrines - Other,0.0,Integrated Public Use Microdata Series (IPUMS) record of Census - CEN01
Ecuador,EC,ECU,218,Rural,13,Composting toilets,0.0,Integrated Public Use Microdata Series (IPUMS) record of Census - CEN01
Ecuador,EC,ECU,218,Rural,14,Other improved,0.06,Integrated Public Use Microdata Series (IPUMS) record of Census - CEN01
Ecuador,EC,ECU,218,Rural,15,"No facility, bush, field",0.28,Integrated Public Use Microdata Series (IPUMS) record of Census - CEN01
Ecuador,EC,ECU,218,Rural,16,Other unimproved,0.0,Integrated Public Use Microdata Series (IPUMS) record of Census - CEN01
Ecuador,EC,ECU,218,Rural,17,DK/missing information,0.006,Integrated Public Use Microdata Series (IPUMS) record of Census - CEN01
Ecuador,EC,ECU,218,Urban,1,Flush and pour flush - to piped sewer system,0.644,ENCUESTA DEMOGRAFICA Y DE SALUD MATERNO INFANTIL - EDSM04
Ecuador,EC,ECU,218,Urban,2,Flush and pour flush - to septic tank,0.193,ENCUESTA DEMOGRAFICA Y DE SALUD MATERNO INFANTIL - EDSM04
Ecuador,EC,ECU,218,Urban,3,Flush and pour flush - to pit,0.115,ENCUESTA DEMOGRAFICA Y DE SALUD MATERNO INFANTIL - EDSM04
Ecuador,EC,ECU,218,Urban,4,Flush and pour flush - to unknown place/ not sure/DK,0.0,ENCUESTA DEMOGRAFICA Y DE SALUD MATERNO INFANTIL - EDSM04
Ecuador,EC,ECU,218,Urban,5,Flush and pour flush - to elsewhere,0.0,ENCUESTA DEMOGRAFICA Y DE SALUD MATERNO INFANTIL - EDSM04
Ecuador,EC,ECU,218,Urban,6,Dry latrines - Ventilated Improved Pit latrine,0.0,ENCUESTA DEMOGRAFICA Y DE SALUD MATERNO INFANTIL - EDSM04
Ecuador,EC,ECU,218,Urban,7,Dry latrines - Pit latrine with slab/covered latrine,0.0,ENCUESTA DEMOGRAFICA Y DE SALUD MATERNO INFANTIL - EDSM04
Ecuador,EC,ECU,218,Urban,8,Dry latrines - Traditional latrine,0.025,ENCUESTA DEMOGRAFICA Y DE SALUD MATERNO INFANTIL - EDSM04
Ecuador,EC,ECU,218,Urban,9,Dry latrines - Pit latrine without slab/open pit,0.0,ENCUESTA DEMOGRAFICA Y DE SALUD MATERNO INFANTIL - EDSM04
Ecuador,EC,ECU,218,Urban,10,Dry latrines - Hanging toilet/hanging latrine,0.0,ENCUESTA DEMOGRAFICA Y DE SALUD MATERNO INFANTIL - EDSM04
Ecuador,EC,ECU,218,Urban,11,Dry latrines - Bucket latrine,0.0,ENCUESTA DEMOGRAFICA Y DE SALUD MATERNO INFANTIL - EDSM04
Ecuador,EC,ECU,218,Urban,12,Dry latrines - Other,0.0,ENCUESTA DEMOGRAFICA Y DE SALUD MATERNO INFANTIL - EDSM04
Ecuador,EC,ECU,218,Urban,13,Composting toilets,0.0,ENCUESTA DEMOGRAFICA Y DE SALUD MATERNO INFANTIL - EDSM04
Ecuador,EC,ECU,218,Urban,14,Other improved,0.0,ENCUESTA DEMOGRAFICA Y DE SALUD MATERNO INFANTIL - EDSM04
Ecuador,EC,ECU,218,Urban,15,"No facility, bush, field",0.024,ENCUESTA DEMOGRAFICA Y DE SALUD MATERNO INFANTIL - EDSM04
Ecuador,EC,ECU,218,Urban,16,Other unimproved,0.0,ENCUESTA DEMOGRAFICA Y DE SALUD MATERNO INFANTIL - EDSM04
Ecuador,EC,ECU,218,Urban,17,DK/missing information,0.0,ENCUESTA DEMOGRAFICA Y DE SALUD MATERNO INFANTIL - EDSM04
Ecuador,EC,ECU,218,Rural,1,Flush and pour flush - to piped sewer system,0.153,ENCUESTA DEMOGRAFICA Y DE SALUD MATERNO INFANTIL - EDSM04
Ecuador,EC,ECU,218,Rural,2,Flush and pour flush - to septic tank,0.211,ENCUESTA DEMOGRAFICA Y DE SALUD MATERNO INFANTIL - EDSM04
Ecuador,EC,ECU,218,Rural,3,Flush and pour flush - to pit,0.289,ENCUESTA DEMOGRAFICA Y DE SALUD MATERNO INFANTIL - EDSM04
Ecuador,EC,ECU,218,Rural,4,Flush and pour flush - to unknown place/ not sure/DK,0.0,ENCUESTA DEMOGRAFICA Y DE SALUD MATERNO INFANTIL - EDSM04
Ecuador,EC,ECU,218,Rural,5,Flush and pour flush - to elsewhere,0.0,ENCUESTA DEMOGRAFICA Y DE SALUD MATERNO INFANTIL - EDSM04
Ecuador,EC,ECU,218,Rural,6,Dry latrines - Ventilated Improved Pit latrine,0.0,ENCUESTA DEMOGRAFICA Y DE SALUD MATERNO INFANTIL - EDSM04
Ecuador,EC,ECU,218,Rural,7,Dry latrines - Pit latrine with slab/covered latrine,0.0,ENCUESTA DEMOGRAFICA Y DE SALUD MATERNO INFANTIL - EDSM04
Ecuador,EC,ECU,218,Rural,8,Dry latrines - Traditional latrine,0.124,ENCUESTA DEMOGRAFICA Y DE SALUD MATERNO INFANTIL - EDSM04
Ecuador,EC,ECU,218,Rural,9,Dry latrines - Pit latrine without slab/open pit,0.0,ENCUESTA DEMOGRAFICA Y DE SALUD MATERNO INFANTIL - EDSM04
Ecuador,EC,ECU,218,Rural,10,Dry latrines - Hanging toilet/hanging latrine,0.0,ENCUESTA DEMOGRAFICA Y DE SALUD MATERNO INFANTIL - EDSM04
Ecuador,EC,ECU,218,Rural,11,Dry latrines - Bucket latrine,0.0,ENCUESTA DEMOGRAFICA Y DE SALUD MATERNO INFANTIL - EDSM04
Ecuador,EC,ECU,218,Rural,12,Dry latrines - Other,0.0,ENCUESTA DEMOGRAFICA Y DE SALUD MATERNO INFANTIL - EDSM04
Ecuador,EC,ECU,218,Rural,13,Composting toilets,0.0,ENCUESTA DEMOGRAFICA Y DE SALUD MATERNO INFANTIL - EDSM04
Ecuador,EC,ECU,218,Rural,14,Other improved,0.0,ENCUESTA DEMOGRAFICA Y DE SALUD MATERNO INFANTIL - EDSM04
Ecuador,EC,ECU,218,Rural,15,"No facility, bush, field",0.222,ENCUESTA DEMOGRAFICA Y DE SALUD MATERNO INFANTIL - EDSM04
Ecuador,EC,ECU,218,Rural,16,Other unimproved,0.0,ENCUESTA DEMOGRAFICA Y DE SALUD MATERNO INFANTIL - EDSM04
Ecuador,EC,ECU,218,Rural,17,DK/missing information,0.0,ENCUESTA DEMOGRAFICA Y DE SALUD MATERNO INFANTIL - EDSM04
Ecuador,EC,ECU,218,Urban,1,Flush and pour flush - to piped sewer system,0.675,Encuestas de Condiciones de Vida - ECV06
Ecuador,EC,ECU,218,Urban,2,Flush and pour flush - to septic tank,0.193,Encuestas de Condiciones de Vida - ECV06
Ecuador,EC,ECU,218,Urban,3,Flush and pour flush - to pit,0.071,Encuestas de Condiciones de Vida - ECV06
Ecuador,EC,ECU,218,Urban,4,Flush and pour flush - to unknown place/ not sure/DK,0.0,Encuestas de Condiciones de Vida - ECV06
Ecuador,EC,ECU,218,Urban,5,Flush and pour flush - to elsewhere,0.0,Encuestas de Condiciones de Vida - ECV06
Ecuador,EC,ECU,218,Urban,6,Dry latrines - Ventilated Improved Pit latrine,0.0,Encuestas de Condiciones de Vida - ECV06
Ecuador,EC,ECU,218,Urban,7,Dry latrines - Pit latrine with slab/covered latrine,0.0,Encuestas de Condiciones de Vida - ECV06
Ecuador,EC,ECU,218,Urban,8,Dry latrines - Traditional latrine,0.03,Encuestas de Condiciones de Vida - ECV06
Ecuador,EC,ECU,218,Urban,9,Dry latrines - Pit latrine without slab/open pit,0.0,Encuestas de Condiciones de Vida - ECV06
Ecuador,EC,ECU,218,Urban,10,Dry latrines - Hanging toilet/hanging latrine,0.0,Encuestas de Condiciones de Vida - ECV06
Ecuador,EC,ECU,218,Urban,11,Dry latrines - Bucket latrine,0.0,Encuestas de Condiciones de Vida - ECV06
Ecuador,EC,ECU,218,Urban,12,Dry latrines - Other,0.0,Encuestas de Condiciones de Vida - ECV06
Ecuador,EC,ECU,218,Urban,13,Composting toilets,0.0,Encuestas de Condiciones de Vida - ECV06
Ecuador,EC,ECU,218,Urban,14,Other improved,0.0,Encuestas de Condiciones de Vida - ECV06
Ecuador,EC,ECU,218,Urban,15,"No facility, bush, field",0.03,Encuestas de Condiciones de Vida - ECV06
Ecuador,EC,ECU,218,Urban,16,Other unimproved,0.0,Encuestas de Condiciones de Vida - ECV06
Ecuador,EC,ECU,218,Urban,17,DK/missing information,0.0,Encuestas de Condiciones de Vida - ECV06
Ecuador,EC,ECU,218,Rural,1,Flush and pour flush - to piped sewer system,0.146,Encuestas de Condiciones de Vida - ECV06
Ecuador,EC,ECU,218,Rural,2,Flush and pour flush - to septic tank,0.266,Encuestas de Condiciones de Vida - ECV06
Ecuador,EC,ECU,218,Rural,3,Flush and pour flush - to pit,0.194,Encuestas de Condiciones de Vida - ECV06
Ecuador,EC,ECU,218,Rural,4,Flush and pour flush - to unknown place/ not sure/DK,0.0,Encuestas de Condiciones de Vida - ECV06
Ecuador,EC,ECU,218,Rural,5,Flush and pour flush - to elsewhere,0.0,Encuestas de Condiciones de Vida - ECV06
Ecuador,EC,ECU,218,Rural,6,Dry latrines - Ventilated Improved Pit latrine,0.0,Encuestas de Condiciones de Vida - ECV06
Ecuador,EC,ECU,218,Rural,7,Dry latrines - Pit latrine with slab/covered latrine,0.0,Encuestas de Condiciones de Vida - ECV06
Ecuador,EC,ECU,218,Rural,8,Dry latrines - Traditional latrine,0.155,Encuestas de Condiciones de Vida - ECV06
Ecuador,EC,ECU,218,Rural,9,Dry latrines - Pit latrine without slab/open pit,0.0,Encuestas de Condiciones de Vida - ECV06
Ecuador,EC,ECU,218,Rural,10,Dry latrines - Hanging toilet/hanging latrine,0.0,Encuestas de Condiciones de Vida - ECV06
Ecuador,EC,ECU,218,Rural,11,Dry latrines - Bucket latrine,0.0,Encuestas de Condiciones de Vida - ECV06
Ecuador,EC,ECU,218,Rural,12,Dry latrines - Other,0.0,Encuestas de Condiciones de Vida - ECV06
Ecuador,EC,ECU,218,Rural,13,Composting toilets,0.0,Encuestas de Condiciones de Vida - ECV06
Ecuador,EC,ECU,218,Rural,14,Other improved,0.0,Encuestas de Condiciones de Vida - ECV06
Ecuador,EC,ECU,218,Rural,15,"No facility, bush, field",0.239,Encuestas de Condiciones de Vida - ECV06
Ecuador,EC,ECU,218,Rural,16,Other unimproved,0.0,Encuestas de Condiciones de Vida - ECV06
Ecuador,EC,ECU,218,Rural,17,DK/missing information,0.0,Encuestas de Condiciones de Vida - ECV06
Ecuador,EC,ECU,218,Urban,1,Flush and pour flush - to piped sewer system,0.713,"Encuesta Nacional de Empleo, Desempleo y Subempleo - ENEMDU07"
Ecuador,EC,ECU,218,Urban,2,Flush and pour flush - to septic tank,0.213,"Encuesta Nacional de Empleo, Desempleo y Subempleo - ENEMDU07"
Ecuador,EC,ECU,218,Urban,3,Flush and pour flush - to pit,0.048,"Encuesta Nacional de Empleo, Desempleo y Subempleo - ENEMDU07"
Ecuador,EC,ECU,218,Urban,4,Flush and pour flush - to unknown place/ not sure/DK,0.0,"Encuesta Nacional de Empleo, Desempleo y Subempleo - ENEMDU07"
Ecuador,EC,ECU,218,Urban,5,Flush and pour flush - to elsewhere,0.0,"Encuesta Nacional de Empleo, Desempleo y Subempleo - ENEMDU07"
Ecuador,EC,ECU,218,Urban,6,Dry latrines - Ventilated Improved Pit latrine,0.0,"Encuesta Nacional de Empleo, Desempleo y Subempleo - ENEMDU07"
Ecuador,EC,ECU,218,Urban,7,Dry latrines - Pit latrine with slab/covered latrine,0.0,"Encuesta Nacional de Empleo, Desempleo y Subempleo - ENEMDU07"
Ecuador,EC,ECU,218,Urban,8,Dry latrines - Traditional latrine,0.015,"Encuesta Nacional de Empleo, Desempleo y Subempleo - ENEMDU07"
Ecuador,EC,ECU,218,Urban,9,Dry latrines - Pit latrine without slab/open pit,0.0,"Encuesta Nacional de Empleo, Desempleo y Subempleo - ENEMDU07"
Ecuador,EC,ECU,218,Urban,10,Dry latrines - Hanging toilet/hanging latrine,0.0,"Encuesta Nacional de Empleo, Desempleo y Subempleo - ENEMDU07"
Ecuador,EC,ECU,218,Urban,11,Dry latrines - Bucket latrine,0.0,"Encuesta Nacional de Empleo, Desempleo y Subempleo - ENEMDU07"
Ecuador,EC,ECU,218,Urban,12,Dry latrines - Other,0.0,"Encuesta Nacional de Empleo, Desempleo y Subempleo - ENEMDU07"
Ecuador,EC,ECU,218,Urban,13,Composting toilets,0.0,"Encuesta Nacional de Empleo, Desempleo y Subempleo - ENEMDU07"
Ecuador,EC,ECU,218,Urban,14,Other improved,0.0,"Encuesta Nacional de Empleo, Desempleo y Subempleo - ENEMDU07"
Ecuador,EC,ECU,218,Urban,15,"No facility, bush, field",0.011,"Encuesta Nacional de Empleo, Desempleo y Subempleo - ENEMDU07"
Ecuador,EC,ECU,218,Urban,16,Other unimproved,0.0,"Encuesta Nacional de Empleo, Desempleo y Subempleo - ENEMDU07"
Ecuador,EC,ECU,218,Urban,17,DK/missing information,0.0,"Encuesta Nacional de Empleo, Desempleo y Subempleo - ENEMDU07"
Ecuador,EC,ECU,218,Rural,1,Flush and pour flush - to piped sewer system,0.141,"Encuesta Nacional de Empleo, Desempleo y Subempleo - ENEMDU07"
Ecuador,EC,ECU,218,Rural,2,Flush and pour flush - to septic tank,0.268,"Encuesta Nacional de Empleo, Desempleo y Subempleo - ENEMDU07"
Ecuador,EC,ECU,218,Rural,3,Flush and pour flush - to pit,0.245,"Encuesta Nacional de Empleo, Desempleo y Subempleo - ENEMDU07"
Ecuador,EC,ECU,218,Rural,4,Flush and pour flush - to unknown place/ not sure/DK,0.0,"Encuesta Nacional de Empleo, Desempleo y Subempleo - ENEMDU07"
Ecuador,EC,ECU,218,Rural,5,Flush and pour flush - to elsewhere,0.0,"Encuesta Nacional de Empleo, Desempleo y Subempleo - ENEMDU07"
Ecuador,EC,ECU,218,Rural,6,Dry latrines - Ventilated Improved Pit latrine,0.0,"Encuesta Nacional de Empleo, Desempleo y Subempleo - ENEMDU07"
Ecuador,EC,ECU,218,Rural,7,Dry latrines - Pit latrine with slab/covered latrine,0.0,"Encuesta Nacional de Empleo, Desempleo y Subempleo - ENEMDU07"
Ecuador,EC,ECU,218,Rural,8,Dry latrines - Traditional latrine,0.134,"Encuesta Nacional de Empleo, Desempleo y Subempleo - ENEMDU07"
Ecuador,EC,ECU,218,Rural,9,Dry latrines - Pit latrine without slab/open pit,0.0,"Encuesta Nacional de Empleo, Desempleo y Subempleo - ENEMDU07"
Ecuador,EC,ECU,218,Rural,10,Dry latrines - Hanging toilet/hanging latrine,0.0,"Encuesta Nacional de Empleo, Desempleo y Subempleo - ENEMDU07"
Ecuador,EC,ECU,218,Rural,11,Dry latrines - Bucket latrine,0.0,"Encuesta Nacional de Empleo, Desempleo y Subempleo - ENEMDU07"
Ecuador,EC,ECU,218,Rural,12,Dry latrines - Other,0.0,"Encuesta Nacional de Empleo, Desempleo y Subempleo - ENEMDU07"
Ecuador,EC,ECU,218,Rural,13,Composting toilets,0.0,"Encuesta Nacional de Empleo, Desempleo y Subempleo - ENEMDU07"
Ecuador,EC,ECU,218,Rural,14,Other improved,0.0,"Encuesta Nacional de Empleo, Desempleo y Subempleo - ENEMDU07"
Ecuador,EC,ECU,218,Rural,15,"No facility, bush, field",0.212,"Encuesta Nacional de Empleo, Desempleo y Subempleo - ENEMDU07"
Ecuador,EC,ECU,218,Rural,16,Other unimproved,0.0,"Encuesta Nacional de Empleo, Desempleo y Subempleo - ENEMDU07"
Ecuador,EC,ECU,218,Rural,17,DK/missing information,0.0,"Encuesta Nacional de Empleo, Desempleo y Subempleo - ENEMDU07"
Ecuador,EC,ECU,218,Urban,1,Flush and pour flush - to piped sewer system,0.741,"Encuesta Nacional de Empleo, Desempleo y Subempleo - ENEMDU08"
Ecuador,EC,ECU,218,Urban,2,Flush and pour flush - to septic tank,0.18,"Encuesta Nacional de Empleo, Desempleo y Subempleo - ENEMDU08"
Ecuador,EC,ECU,218,Urban,3,Flush and pour flush - to pit,0.047,"Encuesta Nacional de Empleo, Desempleo y Subempleo - ENEMDU08"
Ecuador,EC,ECU,218,Urban,4,Flush and pour flush - to unknown place/ not sure/DK,0.0,"Encuesta Nacional de Empleo, Desempleo y Subempleo - ENEMDU08"
Ecuador,EC,ECU,218,Urban,5,Flush and pour flush - to elsewhere,0.0,"Encuesta Nacional de Empleo, Desempleo y Subempleo - ENEMDU08"
Ecuador,EC,ECU,218,Urban,6,Dry latrines - Ventilated Improved Pit latrine,0.0,"Encuesta Nacional de Empleo, Desempleo y Subempleo - ENEMDU08"
Ecuador,EC,ECU,218,Urban,7,Dry latrines - Pit latrine with slab/covered latrine,0.0,"Encuesta Nacional de Empleo, Desempleo y Subempleo - ENEMDU08"
Ecuador,EC,ECU,218,Urban,8,Dry latrines - Traditional latrine,0.016,"Encuesta Nacional de Empleo, Desempleo y Subempleo - ENEMDU08"
Ecuador,EC,ECU,218,Urban,9,Dry latrines - Pit latrine without slab/open pit,0.0,"Encuesta Nacional de Empleo, Desempleo y Subempleo - ENEMDU08"
Ecuador,EC,ECU,218,Urban,10,Dry latrines - Hanging toilet/hanging latrine,0.0,"Encuesta Nacional de Empleo, Desempleo y Subempleo - ENEMDU08"
Ecuador,EC,ECU,218,Urban,11,Dry latrines - Bucket latrine,0.0,"Encuesta Nacional de Empleo, Desempleo y Subempleo - ENEMDU08"
Ecuador,EC,ECU,218,Urban,12,Dry latrines - Other,0.0,"Encuesta Nacional de Empleo, Desempleo y Subempleo - ENEMDU08"
Ecuador,EC,ECU,218,Urban,13,Composting toilets,0.0,"Encuesta Nacional de Empleo, Desempleo y Subempleo - ENEMDU08"
Ecuador,EC,ECU,218,Urban,14,Other improved,0.0,"Encuesta Nacional de Empleo, Desempleo y Subempleo - ENEMDU08"
Ecuador,EC,ECU,218,Urban,15,"No facility, bush, field",0.017,"Encuesta Nacional de Empleo, Desempleo y Subempleo - ENEMDU08"
Ecuador,EC,ECU,218,Urban,16,Other unimproved,0.0,"Encuesta Nacional de Empleo, Desempleo y Subempleo - ENEMDU08"
Ecuador,EC,ECU,218,Urban,17,DK/missing information,0.0,"Encuesta Nacional de Empleo, Desempleo y Subempleo - ENEMDU08"
Ecuador,EC,ECU,218,Rural,1,Flush and pour flush - to piped sewer system,0.164,"Encuesta Nacional de Empleo, Desempleo y Subempleo - ENEMDU08"
Ecuador,EC,ECU,218,Rural,2,Flush and pour flush - to septic tank,0.334,"Encuesta Nacional de Empleo, Desempleo y Subempleo - ENEMDU08"
Ecuador,EC,ECU,218,Rural,3,Flush and pour flush - to pit,0.228,"Encuesta Nacional de Empleo, Desempleo y Subempleo - ENEMDU08"
Ecuador,EC,ECU,218,Rural,4,Flush and pour flush - to unknown place/ not sure/DK,0.0,"Encuesta Nacional de Empleo, Desempleo y Subempleo - ENEMDU08"
Ecuador,EC,ECU,218,Rural,5,Flush and pour flush - to elsewhere,0.0,"Encuesta Nacional de Empleo, Desempleo y Subempleo - ENEMDU08"
Ecuador,EC,ECU,218,Rural,6,Dry latrines - Ventilated Improved Pit latrine,0.0,"Encuesta Nacional de Empleo, Desempleo y Subempleo - ENEMDU08"
Ecuador,EC,ECU,218,Rural,7,Dry latrines - Pit latrine with slab/covered latrine,0.0,"Encuesta Nacional de Empleo, Desempleo y Subempleo - ENEMDU08"
Ecuador,EC,ECU,218,Rural,8,Dry latrines - Traditional latrine,0.099,"Encuesta Nacional de Empleo, Desempleo y Subempleo - ENEMDU08"
Ecuador,EC,ECU,218,Rural,9,Dry latrines - Pit latrine without slab/open pit,0.0,"Encuesta Nacional de Empleo, Desempleo y Subempleo - ENEMDU08"
Ecuador,EC,ECU,218,Rural,10,Dry latrines - Hanging toilet/hanging latrine,0.0,"Encuesta Nacional de Empleo, Desempleo y Subempleo - ENEMDU08"
Ecuador,EC,ECU,218,Rural,11,Dry latrines - Bucket latrine,0.0,"Encuesta Nacional de Empleo, Desempleo y Subempleo - ENEMDU08"
Ecuador,EC,ECU,218,Rural,12,Dry latrines - Other,0.0,"Encuesta Nacional de Empleo, Desempleo y Subempleo - ENEMDU08"
Ecuador,EC,ECU,218,Rural,13,Composting toilets,0.0,"Encuesta Nacional de Empleo, Desempleo y Subempleo - ENEMDU08"
Ecuador,EC,ECU,218,Rural,14,Other improved,0.0,"Encuesta Nacional de Empleo, Desempleo y Subempleo - ENEMDU08"
Ecuador,EC,ECU,218,Rural,15,"No facility, bush, field",0.174,"Encuesta Nacional de Empleo, Desempleo y Subempleo - ENEMDU08"
Ecuador,EC,ECU,218,Rural,16,Other unimproved,0.0,"Encuesta Nacional de Empleo, Desempleo y Subempleo - ENEMDU08"
Ecuador,EC,ECU,218,Rural,17,DK/missing information,0.0,"Encuesta Nacional de Empleo, Desempleo y Subempleo - ENEMDU08"
Ecuador,EC,ECU,218,Urban,1,Flush and pour flush - to piped sewer system,0.742,"Encuesta Nacional de Empleo, Desempleo y Subempleo - ENEMDU09"
Ecuador,EC,ECU,218,Urban,2,Flush and pour flush - to septic tank,0.191,"Encuesta Nacional de Empleo, Desempleo y Subempleo - ENEMDU09"
Ecuador,EC,ECU,218,Urban,3,Flush and pour flush - to pit,0.037,"Encuesta Nacional de Empleo, Desempleo y Subempleo - ENEMDU09"
Ecuador,EC,ECU,218,Urban,4,Flush and pour flush - to unknown place/ not sure/DK,0.0,"Encuesta Nacional de Empleo, Desempleo y Subempleo - ENEMDU09"
Ecuador,EC,ECU,218,Urban,5,Flush and pour flush - to elsewhere,0.0,"Encuesta Nacional de Empleo, Desempleo y Subempleo - ENEMDU09"
Ecuador,EC,ECU,218,Urban,6,Dry latrines - Ventilated Improved Pit latrine,0.0,"Encuesta Nacional de Empleo, Desempleo y Subempleo - ENEMDU09"
Ecuador,EC,ECU,218,Urban,7,Dry latrines - Pit latrine with slab/covered latrine,0.0,"Encuesta Nacional de Empleo, Desempleo y Subempleo - ENEMDU09"
Ecuador,EC,ECU,218,Urban,8,Dry latrines - Traditional latrine,0.02,"Encuesta Nacional de Empleo, Desempleo y Subempleo - ENEMDU09"
Ecuador,EC,ECU,218,Urban,9,Dry latrines - Pit latrine without slab/open pit,0.0,"Encuesta Nacional de Empleo, Desempleo y Subempleo - ENEMDU09"
Ecuador,EC,ECU,218,Urban,10,Dry latrines - Hanging toilet/hanging latrine,0.0,"Encuesta Nacional de Empleo, Desempleo y Subempleo - ENEMDU09"
Ecuador,EC,ECU,218,Urban,11,Dry latrines - Bucket latrine,0.0,"Encuesta Nacional de Empleo, Desempleo y Subempleo - ENEMDU09"
Ecuador,EC,ECU,218,Urban,12,Dry latrines - Other,0.0,"Encuesta Nacional de Empleo, Desempleo y Subempleo - ENEMDU09"
Ecuador,EC,ECU,218,Urban,13,Composting toilets,0.0,"Encuesta Nacional de Empleo, Desempleo y Subempleo - ENEMDU09"
Ecuador,EC,ECU,218,Urban,14,Other improved,0.0,"Encuesta Nacional de Empleo, Desempleo y Subempleo - ENEMDU09"
Ecuador,EC,ECU,218,Urban,15,"No facility, bush, field",0.01,"Encuesta Nacional de Empleo, Desempleo y Subempleo - ENEMDU09"
Ecuador,EC,ECU,218,Urban,16,Other unimproved,0.0,"Encuesta Nacional de Empleo, Desempleo y Subempleo - ENEMDU09"
Ecuador,EC,ECU,218,Urban,17,DK/missing information,0.0,"Encuesta Nacional de Empleo, Desempleo y Subempleo - ENEMDU09"
Ecuador,EC,ECU,218,Rural,1,Flush and pour flush - to piped sewer system,0.168,"Encuesta Nacional de Empleo, Desempleo y Subempleo - ENEMDU09"
Ecuador,EC,ECU,218,Rural,2,Flush and pour flush - to septic tank,0.357,"Encuesta Nacional de Empleo, Desempleo y Subempleo - ENEMDU09"
Ecuador,EC,ECU,218,Rural,3,Flush and pour flush - to pit,0.206,"Encuesta Nacional de Empleo, Desempleo y Subempleo - ENEMDU09"
Ecuador,EC,ECU,218,Rural,4,Flush and pour flush - to unknown place/ not sure/DK,0.0,"Encuesta Nacional de Empleo, Desempleo y Subempleo - ENEMDU09"
Ecuador,EC,ECU,218,Rural,5,Flush and pour flush - to elsewhere,0.0,"Encuesta Nacional de Empleo, Desempleo y Subempleo - ENEMDU09"
Ecuador,EC,ECU,218,Rural,6,Dry latrines - Ventilated Improved Pit latrine,0.0,"Encuesta Nacional de Empleo, Desempleo y Subempleo - ENEMDU09"
Ecuador,EC,ECU,218,Rural,7,Dry latrines - Pit latrine with slab/covered latrine,0.0,"Encuesta Nacional de Empleo, Desempleo y Subempleo - ENEMDU09"
Ecuador,EC,ECU,218,Rural,8,Dry latrines - Traditional latrine,0.125,"Encuesta Nacional de Empleo, Desempleo y Subempleo - ENEMDU09"
Ecuador,EC,ECU,218,Rural,9,Dry latrines - Pit latrine without slab/open pit,0.0,"Encuesta Nacional de Empleo, Desempleo y Subempleo - ENEMDU09"
Ecuador,EC,ECU,218,Rural,10,Dry latrines - Hanging toilet/hanging latrine,0.0,"Encuesta Nacional de Empleo, Desempleo y Subempleo - ENEMDU09"
Ecuador,EC,ECU,218,Rural,11,Dry latrines - Bucket latrine,0.0,"Encuesta Nacional de Empleo, Desempleo y Subempleo - ENEMDU09"
Ecuador,EC,ECU,218,Rural,12,Dry latrines - Other,0.0,"Encuesta Nacional de Empleo, Desempleo y Subempleo - ENEMDU09"
Ecuador,EC,ECU,218,Rural,13,Composting toilets,0.0,"Encuesta Nacional de Empleo, Desempleo y Subempleo - ENEMDU09"
Ecuador,EC,ECU,218,Rural,14,Other improved,0.0,"Encuesta Nacional de Empleo, Desempleo y Subempleo - ENEMDU09"
Ecuador,EC,ECU,218,Rural,15,"No facility, bush, field",0.143,"Encuesta Nacional de Empleo, Desempleo y Subempleo - ENEMDU09"
Ecuador,EC,ECU,218,Rural,16,Other unimproved,0.0,"Encuesta Nacional de Empleo, Desempleo y Subempleo - ENEMDU09"
Ecuador,EC,ECU,218,Rural,17,DK/missing information,0.0,"Encuesta Nacional de Empleo, Desempleo y Subempleo - ENEMDU09"
Ecuador,EC,ECU,218,Urban,1,Flush and pour flush - to piped sewer system,0.71,Censo - CEN10
Ecuador,EC,ECU,218,Urban,2,Flush and pour flush - to septic tank,0.204,Censo - CEN10
Ecuador,EC,ECU,218,Urban,3,Flush and pour flush - to pit,0.045,Censo - CEN10
Ecuador,EC,ECU,218,Urban,4,Flush and pour flush - to unknown place/ not sure/DK,0.0,Censo - CEN10
Ecuador,EC,ECU,218,Urban,5,Flush and pour flush - to elsewhere,0.013,Censo - CEN10
Ecuador,EC,ECU,218,Urban,6,Dry latrines - Ventilated Improved Pit latrine,0.0,Censo - CEN10
Ecuador,EC,ECU,218,Urban,7,Dry latrines - Pit latrine with slab/covered latrine,0.0,Censo - CEN10
Ecuador,EC,ECU,218,Urban,8,Dry latrines - Traditional latrine,0.006,Censo - CEN10
Ecuador,EC,ECU,218,Urban,9,Dry latrines - Pit latrine without slab/open pit,0.0,Censo - CEN10
Ecuador,EC,ECU,218,Urban,10,Dry latrines - Hanging toilet/hanging latrine,0.0,Censo - CEN10
Ecuador,EC,ECU,218,Urban,11,Dry latrines - Bucket latrine,0.0,Censo - CEN10
Ecuador,EC,ECU,218,Urban,12,Dry latrines - Other,0.0,Censo - CEN10
Ecuador,EC,ECU,218,Urban,13,Composting toilets,0.0,Censo - CEN10
Ecuador,EC,ECU,218,Urban,14,Other improved,0.0,Censo - CEN10
Ecuador,EC,ECU,218,Urban,15,"No facility, bush, field",0.022,Censo - CEN10
Ecuador,EC,ECU,218,Urban,16,Other unimproved,0.0,Censo - CEN10
Ecuador,EC,ECU,218,Urban,17,DK/missing information,0.0,Censo - CEN10
Ecuador,EC,ECU,218,Rural,1,Flush and pour flush - to piped sewer system,0.229,Censo - CEN10
Ecuador,EC,ECU,218,Rural,2,Flush and pour flush - to septic tank,0.301,Censo - CEN10
Ecuador,EC,ECU,218,Rural,3,Flush and pour flush - to pit,0.199,Censo - CEN10
Ecuador,EC,ECU,218,Rural,4,Flush and pour flush - to unknown place/ not sure/DK,0.0,Censo - CEN10
Ecuador,EC,ECU,218,Rural,5,Flush and pour flush - to elsewhere,0.024,Censo - CEN10
Ecuador,EC,ECU,218,Rural,6,Dry latrines - Ventilated Improved Pit latrine,0.0,Censo - CEN10
Ecuador,EC,ECU,218,Rural,7,Dry latrines - Pit latrine with slab/covered latrine,0.0,Censo - CEN10
Ecuador,EC,ECU,218,Rural,8,Dry latrines - Traditional latrine,0.065,Censo - CEN10
Ecuador,EC,ECU,218,Rural,9,Dry latrines - Pit latrine without slab/open pit,0.0,Censo - CEN10
Ecuador,EC,ECU,218,Rural,10,Dry latrines - Hanging toilet/hanging latrine,0.0,Censo - CEN10
Ecuador,EC,ECU,218,Rural,11,Dry latrines - Bucket latrine,0.0,Censo - CEN10
Ecuador,EC,ECU,218,Rural,12,Dry latrines - Other,0.0,Censo - CEN10
Ecuador,EC,ECU,218,Rural,13,Composting toilets,0.0,Censo - CEN10
Ecuador,EC,ECU,218,Rural,14,Other improved,0.0,Censo - CEN10
Ecuador,EC,ECU,218,Rural,15,"No facility, bush, field",0.182,Censo - CEN10
Ecuador,EC,ECU,218,Rural,16,Other unimproved,0.0,Censo - CEN10
Ecuador,EC,ECU,218,Rural,17,DK/missing information,0.0,Censo - CEN10
Ecuador,EC,ECU,218,Urban,1,Flush and pour flush - to piped sewer system,0.76,"Encuesta Nacional de Empleo, Desempleo y Subempleo - ENEMDU10"
Ecuador,EC,ECU,218,Urban,2,Flush and pour flush - to septic tank,0.194,"Encuesta Nacional de Empleo, Desempleo y Subempleo - ENEMDU10"
Ecuador,EC,ECU,218,Urban,3,Flush and pour flush - to pit,0.031,"Encuesta Nacional de Empleo, Desempleo y Subempleo - ENEMDU10"
Ecuador,EC,ECU,218,Urban,4,Flush and pour flush - to unknown place/ not sure/DK,0.0,"Encuesta Nacional de Empleo, Desempleo y Subempleo - ENEMDU10"
Ecuador,EC,ECU,218,Urban,5,Flush and pour flush - to elsewhere,0.0,"Encuesta Nacional de Empleo, Desempleo y Subempleo - ENEMDU10"
Ecuador,EC,ECU,218,Urban,6,Dry latrines - Ventilated Improved Pit latrine,0.0,"Encuesta Nacional de Empleo, Desempleo y Subempleo - ENEMDU10"
Ecuador,EC,ECU,218,Urban,7,Dry latrines - Pit latrine with slab/covered latrine,0.0,"Encuesta Nacional de Empleo, Desempleo y Subempleo - ENEMDU10"
Ecuador,EC,ECU,218,Urban,8,Dry latrines - Traditional latrine,0.007,"Encuesta Nacional de Empleo, Desempleo y Subempleo - ENEMDU10"
Ecuador,EC,ECU,218,Urban,9,Dry latrines - Pit latrine without slab/open pit,0.0,"Encuesta Nacional de Empleo, Desempleo y Subempleo - ENEMDU10"
Ecuador,EC,ECU,218,Urban,10,Dry latrines - Hanging toilet/hanging latrine,0.0,"Encuesta Nacional de Empleo, Desempleo y Subempleo - ENEMDU10"
Ecuador,EC,ECU,218,Urban,11,Dry latrines - Bucket latrine,0.0,"Encuesta Nacional de Empleo, Desempleo y Subempleo - ENEMDU10"
Ecuador,EC,ECU,218,Urban,12,Dry latrines - Other,0.0,"Encuesta Nacional de Empleo, Desempleo y Subempleo - ENEMDU10"
Ecuador,EC,ECU,218,Urban,13,Composting toilets,0.0,"Encuesta Nacional de Empleo, Desempleo y Subempleo - ENEMDU10"
Ecuador,EC,ECU,218,Urban,14,Other improved,0.0,"Encuesta Nacional de Empleo, Desempleo y Subempleo - ENEMDU10"
Ecuador,EC,ECU,218,Urban,15,"No facility, bush, field",0.008,"Encuesta Nacional de Empleo, Desempleo y Subempleo - ENEMDU10"
Ecuador,EC,ECU,218,Urban,16,Other unimproved,0.0,"Encuesta Nacional de Empleo, Desempleo y Subempleo - ENEMDU10"
Ecuador,EC,ECU,218,Urban,17,DK/missing information,0.0,"Encuesta Nacional de Empleo, Desempleo y Subempleo - ENEMDU10"
Ecuador,EC,ECU,218,Rural,1,Flush and pour flush - to piped sewer system,0.18,"Encuesta Nacional de Empleo, Desempleo y Subempleo - ENEMDU10"
Ecuador,EC,ECU,218,Rural,2,Flush and pour flush - to septic tank,0.361,"Encuesta Nacional de Empleo, Desempleo y Subempleo - ENEMDU10"
Ecuador,EC,ECU,218,Rural,3,Flush and pour flush - to pit,0.248,"Encuesta Nacional de Empleo, Desempleo y Subempleo - ENEMDU10"
Ecuador,EC,ECU,218,Rural,4,Flush and pour flush - to unknown place/ not sure/DK,0.0,"Encuesta Nacional de Empleo, Desempleo y Subempleo - ENEMDU10"
Ecuador,EC,ECU,218,Rural,5,Flush and pour flush - to elsewhere,0.0,"Encuesta Nacional de Empleo, Desempleo y Subempleo - ENEMDU10"
Ecuador,EC,ECU,218,Rural,6,Dry latrines - Ventilated Improved Pit latrine,0.0,"Encuesta Nacional de Empleo, Desempleo y Subempleo - ENEMDU10"
Ecuador,EC,ECU,218,Rural,7,Dry latrines - Pit latrine with slab/covered latrine,0.0,"Encuesta Nacional de Empleo, Desempleo y Subempleo - ENEMDU10"
Ecuador,EC,ECU,218,Rural,8,Dry latrines - Traditional latrine,0.08,"Encuesta Nacional de Empleo, Desempleo y Subempleo - ENEMDU10"
Ecuador,EC,ECU,218,Rural,9,Dry latrines - Pit latrine without slab/open pit,0.0,"Encuesta Nacional de Empleo, Desempleo y Subempleo - ENEMDU10"
Ecuador,EC,ECU,218,Rural,10,Dry latrines - Hanging toilet/hanging latrine,0.0,"Encuesta Nacional de Empleo, Desempleo y Subempleo - ENEMDU10"
Ecuador,EC,ECU,218,Rural,11,Dry latrines - Bucket latrine,0.0,"Encuesta Nacional de Empleo, Desempleo y Subempleo - ENEMDU10"
Ecuador,EC,ECU,218,Rural,12,Dry latrines - Other,0.0,"Encuesta Nacional de Empleo, Desempleo y Subempleo - ENEMDU10"
Ecuador,EC,ECU,218,Rural,13,Composting toilets,0.0,"Encuesta Nacional de Empleo, Desempleo y Subempleo - ENEMDU10"
Ecuador,EC,ECU,218,Rural,14,Other improved,0.0,"Encuesta Nacional de Empleo, Desempleo y Subempleo - ENEMDU10"
Ecuador,EC,ECU,218,Rural,15,"No facility, bush, field",0.131,"Encuesta Nacional de Empleo, Desempleo y Subempleo - ENEMDU10"
Ecuador,EC,ECU,218,Rural,16,Other unimproved,0.0,"Encuesta Nacional de Empleo, Desempleo y Subempleo - ENEMDU10"
Ecuador,EC,ECU,218,Rural,17,DK/missing information,0.0,"Encuesta Nacional de Empleo, Desempleo y Subempleo - ENEMDU10"
Ecuador,EC,ECU,218,Urban,1,Flush and pour flush - to piped sewer system,0.848,"Encuesta Nacional de Empleo, Desempleo y Subempleo - ENEMDU11"
Ecuador,EC,ECU,218,Urban,2,Flush and pour flush - to septic tank,0.111,"Encuesta Nacional de Empleo, Desempleo y Subempleo - ENEMDU11"
Ecuador,EC,ECU,218,Urban,3,Flush and pour flush - to pit,0.031,"Encuesta Nacional de Empleo, Desempleo y Subempleo - ENEMDU11"
Ecuador,EC,ECU,218,Urban,4,Flush and pour flush - to unknown place/ not sure/DK,0.0,"Encuesta Nacional de Empleo, Desempleo y Subempleo - ENEMDU11"
Ecuador,EC,ECU,218,Urban,5,Flush and pour flush - to elsewhere,0.0,"Encuesta Nacional de Empleo, Desempleo y Subempleo - ENEMDU11"
Ecuador,EC,ECU,218,Urban,6,Dry latrines - Ventilated Improved Pit latrine,0.0,"Encuesta Nacional de Empleo, Desempleo y Subempleo - ENEMDU11"
Ecuador,EC,ECU,218,Urban,7,Dry latrines - Pit latrine with slab/covered latrine,0.0,"Encuesta Nacional de Empleo, Desempleo y Subempleo - ENEMDU11"
Ecuador,EC,ECU,218,Urban,8,Dry latrines - Traditional latrine,0.005,"Encuesta Nacional de Empleo, Desempleo y Subempleo - ENEMDU11"
Ecuador,EC,ECU,218,Urban,9,Dry latrines - Pit latrine without slab/open pit,0.0,"Encuesta Nacional de Empleo, Desempleo y Subempleo - ENEMDU11"
Ecuador,EC,ECU,218,Urban,10,Dry latrines - Hanging toilet/hanging latrine,0.0,"Encuesta Nacional de Empleo, Desempleo y Subempleo - ENEMDU11"
Ecuador,EC,ECU,218,Urban,11,Dry latrines - Bucket latrine,0.0,"Encuesta Nacional de Empleo, Desempleo y Subempleo - ENEMDU11"
Ecuador,EC,ECU,218,Urban,12,Dry latrines - Other,0.0,"Encuesta Nacional de Empleo, Desempleo y Subempleo - ENEMDU11"
Ecuador,EC,ECU,218,Urban,13,Composting toilets,0.0,"Encuesta Nacional de Empleo, Desempleo y Subempleo - ENEMDU11"
Ecuador,EC,ECU,218,Urban,14,Other improved,0.0,"Encuesta Nacional de Empleo, Desempleo y Subempleo - ENEMDU11"
Ecuador,EC,ECU,218,Urban,15,"No facility, bush, field",0.005,"Encuesta Nacional de Empleo, Desempleo y Subempleo - ENEMDU11"
Ecuador,EC,ECU,218,Urban,16,Other unimproved,0.0,"Encuesta Nacional de Empleo, Desempleo y Subempleo - ENEMDU11"
Ecuador,EC,ECU,218,Urban,17,DK/missing information,0.0,"Encuesta Nacional de Empleo, Desempleo y Subempleo - ENEMDU11"
Ecuador,EC,ECU,218,Rural,1,Flush and pour flush - to piped sewer system,0.18,"Encuesta Nacional de Empleo, Desempleo y Subempleo - ENEMDU11"
Ecuador,EC,ECU,218,Rural,2,Flush and pour flush - to septic tank,0.363,"Encuesta Nacional de Empleo, Desempleo y Subempleo - ENEMDU11"
Ecuador,EC,ECU,218,Rural,3,Flush and pour flush - to pit,0.242,"Encuesta Nacional de Empleo, Desempleo y Subempleo - ENEMDU11"
Ecuador,EC,ECU,218,Rural,4,Flush and pour flush - to unknown place/ not sure/DK,0.0,"Encuesta Nacional de Empleo, Desempleo y Subempleo - ENEMDU11"
Ecuador,EC,ECU,218,Rural,5,Flush and pour flush - to elsewhere,0.0,"Encuesta Nacional de Empleo, Desempleo y Subempleo - ENEMDU11"
Ecuador,EC,ECU,218,Rural,6,Dry latrines - Ventilated Improved Pit latrine,0.0,"Encuesta Nacional de Empleo, Desempleo y Subempleo - ENEMDU11"
Ecuador,EC,ECU,218,Rural,7,Dry latrines - Pit latrine with slab/covered latrine,0.0,"Encuesta Nacional de Empleo, Desempleo y Subempleo - ENEMDU11"
Ecuador,EC,ECU,218,Rural,8,Dry latrines - Traditional latrine,0.093,"Encuesta Nacional de Empleo, Desempleo y Subempleo - ENEMDU11"
Ecuador,EC,ECU,218,Rural,9,Dry latrines - Pit latrine without slab/open pit,0.0,"Encuesta Nacional de Empleo, Desempleo y Subempleo - ENEMDU11"
Ecuador,EC,ECU,218,Rural,10,Dry latrines - Hanging toilet/hanging latrine,0.0,"Encuesta Nacional de Empleo, Desempleo y Subempleo - ENEMDU11"
Ecuador,EC,ECU,218,Rural,11,Dry latrines - Bucket latrine,0.0,"Encuesta Nacional de Empleo, Desempleo y Subempleo - ENEMDU11"
Ecuador,EC,ECU,218,Rural,12,Dry latrines - Other,0.0,"Encuesta Nacional de Empleo, Desempleo y Subempleo - ENEMDU11"
Ecuador,EC,ECU,218,Rural,13,Composting toilets,0.0,"Encuesta Nacional de Empleo, Desempleo y Subempleo - ENEMDU11"
Ecuador,EC,ECU,218,Rural,14,Other improved,0.0,"Encuesta Nacional de Empleo, Desempleo y Subempleo - ENEMDU11"
Ecuador,EC,ECU,218,Rural,15,"No facility, bush, field",0.123,"Encuesta Nacional de Empleo, Desempleo y Subempleo - ENEMDU11"
Ecuador,EC,ECU,218,Rural,16,Other unimproved,0.0,"Encuesta Nacional de Empleo, Desempleo y Subempleo - ENEMDU11"
Ecuador,EC,ECU,218,Rural,17,DK/missing information,0.0,"Encuesta Nacional de Empleo, Desempleo y Subempleo - ENEMDU11"
Ecuador,EC,ECU,218,Urban,1,Flush and pour flush - to piped sewer system,0.763,Encuesta Nacional de Salud y Nutrición (ENSANUT 2012) - ENSANUT12
Ecuador,EC,ECU,218,Urban,2,Flush and pour flush - to septic tank,0.172,Encuesta Nacional de Salud y Nutrición (ENSANUT 2012) - ENSANUT12
Ecuador,EC,ECU,218,Urban,3,Flush and pour flush - to pit,0.044,Encuesta Nacional de Salud y Nutrición (ENSANUT 2012) - ENSANUT12
Ecuador,EC,ECU,218,Urban,4,Flush and pour flush - to unknown place/ not sure/DK,0.0,Encuesta Nacional de Salud y Nutrición (ENSANUT 2012) - ENSANUT12
Ecuador,EC,ECU,218,Urban,5,Flush and pour flush - to elsewhere,0.007,Encuesta Nacional de Salud y Nutrición (ENSANUT 2012) - ENSANUT12
Ecuador,EC,ECU,218,Urban,6,Dry latrines - Ventilated Improved Pit latrine,0.0,Encuesta Nacional de Salud y Nutrición (ENSANUT 2012) - ENSANUT12
Ecuador,EC,ECU,218,Urban,7,Dry latrines - Pit latrine with slab/covered latrine,0.0,Encuesta Nacional de Salud y Nutrición (ENSANUT 2012) - ENSANUT12
Ecuador,EC,ECU,218,Urban,8,Dry latrines - Traditional latrine,0.006,Encuesta Nacional de Salud y Nutrición (ENSANUT 2012) - ENSANUT12
Ecuador,EC,ECU,218,Urban,9,Dry latrines - Pit latrine without slab/open pit,0.0,Encuesta Nacional de Salud y Nutrición (ENSANUT 2012) - ENSANUT12
Ecuador,EC,ECU,218,Urban,10,Dry latrines - Hanging toilet/hanging latrine,0.0,Encuesta Nacional de Salud y Nutrición (ENSANUT 2012) - ENSANUT12
Ecuador,EC,ECU,218,Urban,11,Dry latrines - Bucket latrine,0.0,Encuesta Nacional de Salud y Nutrición (ENSANUT 2012) - ENSANUT12
Ecuador,EC,ECU,218,Urban,12,Dry latrines - Other,0.0,Encuesta Nacional de Salud y Nutrición (ENSANUT 2012) - ENSANUT12
Ecuador,EC,ECU,218,Urban,13,Composting toilets,0.0,Encuesta Nacional de Salud y Nutrición (ENSANUT 2012) - ENSANUT12
Ecuador,EC,ECU,218,Urban,14,Other improved,0.0,Encuesta Nacional de Salud y Nutrición (ENSANUT 2012) - ENSANUT12
Ecuador,EC,ECU,218,Urban,15,"No facility, bush, field",0.007,Encuesta Nacional de Salud y Nutrición (ENSANUT 2012) - ENSANUT12
Ecuador,EC,ECU,218,Urban,16,Other unimproved,0.0,Encuesta Nacional de Salud y Nutrición (ENSANUT 2012) - ENSANUT12
Ecuador,EC,ECU,218,Urban,17,DK/missing information,0.0,Encuesta Nacional de Salud y Nutrición (ENSANUT 2012) - ENSANUT12
Ecuador,EC,ECU,218,Rural,1,Flush and pour flush - to piped sewer system,0.229,Encuesta Nacional de Salud y Nutrición (ENSANUT 2012) - ENSANUT12
Ecuador,EC,ECU,218,Rural,2,Flush and pour flush - to septic tank,0.439,Encuesta Nacional de Salud y Nutrición (ENSANUT 2012) - ENSANUT12
Ecuador,EC,ECU,218,Rural,3,Flush and pour flush - to pit,0.194,Encuesta Nacional de Salud y Nutrición (ENSANUT 2012) - ENSANUT12
Ecuador,EC,ECU,218,Rural,4,Flush and pour flush - to unknown place/ not sure/DK,0.0,Encuesta Nacional de Salud y Nutrición (ENSANUT 2012) - ENSANUT12
Ecuador,EC,ECU,218,Rural,5,Flush and pour flush - to elsewhere,0.014,Encuesta Nacional de Salud y Nutrición (ENSANUT 2012) - ENSANUT12
Ecuador,EC,ECU,218,Rural,6,Dry latrines - Ventilated Improved Pit latrine,0.0,Encuesta Nacional de Salud y Nutrición (ENSANUT 2012) - ENSANUT12
Ecuador,EC,ECU,218,Rural,7,Dry latrines - Pit latrine with slab/covered latrine,0.0,Encuesta Nacional de Salud y Nutrición (ENSANUT 2012) - ENSANUT12
Ecuador,EC,ECU,218,Rural,8,Dry latrines - Traditional latrine,0.033,Encuesta Nacional de Salud y Nutrición (ENSANUT 2012) - ENSANUT12
Ecuador,EC,ECU,218,Rural,9,Dry latrines - Pit latrine without slab/open pit,0.0,Encuesta Nacional de Salud y Nutrición (ENSANUT 2012) - ENSANUT12
Ecuador,EC,ECU,218,Rural,10,Dry latrines - Hanging toilet/hanging latrine,0.0,Encuesta Nacional de Salud y Nutrición (ENSANUT 2012) - ENSANUT12
Ecuador,EC,ECU,218,Rural,11,Dry latrines - Bucket latrine,0.0,Encuesta Nacional de Salud y Nutrición (ENSANUT 2012) - ENSANUT12
Ecuador,EC,ECU,218,Rural,12,Dry latrines - Other,0.0,Encuesta Nacional de Salud y Nutrición (ENSANUT 2012) - ENSANUT12
Ecuador,EC,ECU,218,Rural,13,Composting toilets,0.0,Encuesta Nacional de Salud y Nutrición (ENSANUT 2012) - ENSANUT12
Ecuador,EC,ECU,218,Rural,14,Other improved,0.0,Encuesta Nacional de Salud y Nutrición (ENSANUT 2012) - ENSANUT12
Ecuador,EC,ECU,218,Rural,15,"No facility, bush, field",0.091,Encuesta Nacional de Salud y Nutrición (ENSANUT 2012) - ENSANUT12
Ecuador,EC,ECU,218,Rural,16,Other unimproved,0.0,Encuesta Nacional de Salud y Nutrición (ENSANUT 2012) - ENSANUT12
Ecuador,EC,ECU,218,Rural,17,DK/missing information,0.0,Encuesta Nacional de Salud y Nutrición (ENSANUT 2012) - ENSANUT12
Ecuador,EC,ECU,218,Urban,1,Flush and pour flush - to piped sewer system,0.865,"Encuesta Nacional de Empleo, Desempleo y Subempleo - ENEMDU12"
Ecuador,EC,ECU,218,Urban,2,Flush and pour flush - to septic tank,0.108,"Encuesta Nacional de Empleo, Desempleo y Subempleo - ENEMDU12"
Ecuador,EC,ECU,218,Urban,3,Flush and pour flush - to pit,0.019,"Encuesta Nacional de Empleo, Desempleo y Subempleo - ENEMDU12"
Ecuador,EC,ECU,218,Urban,4,Flush and pour flush - to unknown place/ not sure/DK,0.0,"Encuesta Nacional de Empleo, Desempleo y Subempleo - ENEMDU12"
Ecuador,EC,ECU,218,Urban,5,Flush and pour flush - to elsewhere,0.0,"Encuesta Nacional de Empleo, Desempleo y Subempleo - ENEMDU12"
Ecuador,EC,ECU,218,Urban,6,Dry latrines - Ventilated Improved Pit latrine,0.0,"Encuesta Nacional de Empleo, Desempleo y Subempleo - ENEMDU12"
Ecuador,EC,ECU,218,Urban,7,Dry latrines - Pit latrine with slab/covered latrine,0.0,"Encuesta Nacional de Empleo, Desempleo y Subempleo - ENEMDU12"
Ecuador,EC,ECU,218,Urban,8,Dry latrines - Traditional latrine,0.003,"Encuesta Nacional de Empleo, Desempleo y Subempleo - ENEMDU12"
Ecuador,EC,ECU,218,Urban,9,Dry latrines - Pit latrine without slab/open pit,0.0,"Encuesta Nacional de Empleo, Desempleo y Subempleo - ENEMDU12"
Ecuador,EC,ECU,218,Urban,10,Dry latrines - Hanging toilet/hanging latrine,0.0,"Encuesta Nacional de Empleo, Desempleo y Subempleo - ENEMDU12"
Ecuador,EC,ECU,218,Urban,11,Dry latrines - Bucket latrine,0.0,"Encuesta Nacional de Empleo, Desempleo y Subempleo - ENEMDU12"
Ecuador,EC,ECU,218,Urban,12,Dry latrines - Other,0.0,"Encuesta Nacional de Empleo, Desempleo y Subempleo - ENEMDU12"
Ecuador,EC,ECU,218,Urban,13,Composting toilets,0.0,"Encuesta Nacional de Empleo, Desempleo y Subempleo - ENEMDU12"
Ecuador,EC,ECU,218,Urban,14,Other improved,0.0,"Encuesta Nacional de Empleo, Desempleo y Subempleo - ENEMDU12"
Ecuador,EC,ECU,218,Urban,15,"No facility, bush, field",0.005,"Encuesta Nacional de Empleo, Desempleo y Subempleo - ENEMDU12"
Ecuador,EC,ECU,218,Urban,16,Other unimproved,0.0,"Encuesta Nacional de Empleo, Desempleo y Subempleo - ENEMDU12"
Ecuador,EC,ECU,218,Urban,17,DK/missing information,0.0,"Encuesta Nacional de Empleo, Desempleo y Subempleo - ENEMDU12"
Ecuador,EC,ECU,218,Rural,1,Flush and pour flush - to piped sewer system,0.2,"Encuesta Nacional de Empleo, Desempleo y Subempleo - ENEMDU12"
Ecuador,EC,ECU,218,Rural,2,Flush and pour flush - to septic tank,0.404,"Encuesta Nacional de Empleo, Desempleo y Subempleo - ENEMDU12"
Ecuador,EC,ECU,218,Rural,3,Flush and pour flush - to pit,0.216,"Encuesta Nacional de Empleo, Desempleo y Subempleo - ENEMDU12"
Ecuador,EC,ECU,218,Rural,4,Flush and pour flush - to unknown place/ not sure/DK,0.0,"Encuesta Nacional de Empleo, Desempleo y Subempleo - ENEMDU12"
Ecuador,EC,ECU,218,Rural,5,Flush and pour flush - to elsewhere,0.0,"Encuesta Nacional de Empleo, Desempleo y Subempleo - ENEMDU12"
Ecuador,EC,ECU,218,Rural,6,Dry latrines - Ventilated Improved Pit latrine,0.0,"Encuesta Nacional de Empleo, Desempleo y Subempleo - ENEMDU12"
Ecuador,EC,ECU,218,Rural,7,Dry latrines - Pit latrine with slab/covered latrine,0.0,"Encuesta Nacional de Empleo, Desempleo y Subempleo - ENEMDU12"
Ecuador,EC,ECU,218,Rural,8,Dry latrines - Traditional latrine,0.073,"Encuesta Nacional de Empleo, Desempleo y Subempleo - ENEMDU12"
Ecuador,EC,ECU,218,Rural,9,Dry latrines - Pit latrine without slab/open pit,0.0,"Encuesta Nacional de Empleo, Desempleo y Subempleo - ENEMDU12"
Ecuador,EC,ECU,218,Rural,10,Dry latrines - Hanging toilet/hanging latrine,0.0,"Encuesta Nacional de Empleo, Desempleo y Subempleo - ENEMDU12"
Ecuador,EC,ECU,218,Rural,11,Dry latrines - Bucket latrine,0.0,"Encuesta Nacional de Empleo, Desempleo y Subempleo - ENEMDU12"
Ecuador,EC,ECU,218,Rural,12,Dry latrines - Other,0.0,"Encuesta Nacional de Empleo, Desempleo y Subempleo - ENEMDU12"
Ecuador,EC,ECU,218,Rural,13,Composting toilets,0.0,"Encuesta Nacional de Empleo, Desempleo y Subempleo - ENEMDU12"
Ecuador,EC,ECU,218,Rural,14,Other improved,0.0,"Encuesta Nacional de Empleo, Desempleo y Subempleo - ENEMDU12"
Ecuador,EC,ECU,218,Rural,15,"No facility, bush, field",0.107,"Encuesta Nacional de Empleo, Desempleo y Subempleo - ENEMDU12"
Ecuador,EC,ECU,218,Rural,16,Other unimproved,0.0,"Encuesta Nacional de Empleo, Desempleo y Subempleo - ENEMDU12"
Ecuador,EC,ECU,218,Rural,17,DK/missing information,0.0,"Encuesta Nacional de Empleo, Desempleo y Subempleo - ENEMDU12"
Ecuador,EC,ECU,218,Urban,1,Flush and pour flush - to piped sewer system,0.787,"Encuesta Nacional de Empleo, Desempleo y Subempleo - ENEMDU13"
Ecuador,EC,ECU,218,Urban,2,Flush and pour flush - to septic tank,0.163,"Encuesta Nacional de Empleo, Desempleo y Subempleo - ENEMDU13"
Ecuador,EC,ECU,218,Urban,3,Flush and pour flush - to pit,0.035,"Encuesta Nacional de Empleo, Desempleo y Subempleo - ENEMDU13"
Ecuador,EC,ECU,218,Urban,4,Flush and pour flush - to unknown place/ not sure/DK,0.0,"Encuesta Nacional de Empleo, Desempleo y Subempleo - ENEMDU13"
Ecuador,EC,ECU,218,Urban,5,Flush and pour flush - to elsewhere,0.0,"Encuesta Nacional de Empleo, Desempleo y Subempleo - ENEMDU13"
Ecuador,EC,ECU,218,Urban,6,Dry latrines - Ventilated Improved Pit latrine,0.0,"Encuesta Nacional de Empleo, Desempleo y Subempleo - ENEMDU13"
Ecuador,EC,ECU,218,Urban,7,Dry latrines - Pit latrine with slab/covered latrine,0.0,"Encuesta Nacional de Empleo, Desempleo y Subempleo - ENEMDU13"
Ecuador,EC,ECU,218,Urban,8,Dry latrines - Traditional latrine,0.007,"Encuesta Nacional de Empleo, Desempleo y Subempleo - ENEMDU13"
Ecuador,EC,ECU,218,Urban,9,Dry latrines - Pit latrine without slab/open pit,0.0,"Encuesta Nacional de Empleo, Desempleo y Subempleo - ENEMDU13"
Ecuador,EC,ECU,218,Urban,10,Dry latrines - Hanging toilet/hanging latrine,0.0,"Encuesta Nacional de Empleo, Desempleo y Subempleo - ENEMDU13"
Ecuador,EC,ECU,218,Urban,11,Dry latrines - Bucket latrine,0.0,"Encuesta Nacional de Empleo, Desempleo y Subempleo - ENEMDU13"
Ecuador,EC,ECU,218,Urban,12,Dry latrines - Other,0.0,"Encuesta Nacional de Empleo, Desempleo y Subempleo - ENEMDU13"
Ecuador,EC,ECU,218,Urban,13,Composting toilets,0.0,"Encuesta Nacional de Empleo, Desempleo y Subempleo - ENEMDU13"
Ecuador,EC,ECU,218,Urban,14,Other improved,0.0,"Encuesta Nacional de Empleo, Desempleo y Subempleo - ENEMDU13"
Ecuador,EC,ECU,218,Urban,15,"No facility, bush, field",0.007,"Encuesta Nacional de Empleo, Desempleo y Subempleo - ENEMDU13"
Ecuador,EC,ECU,218,Urban,16,Other unimproved,0.0,"Encuesta Nacional de Empleo, Desempleo y Subempleo - ENEMDU13"
Ecuador,EC,ECU,218,Urban,17,DK/missing information,0.0,"Encuesta Nacional de Empleo, Desempleo y Subempleo - ENEMDU13"
Ecuador,EC,ECU,218,Rural,1,Flush and pour flush - to piped sewer system,0.251,"Encuesta Nacional de Empleo, Desempleo y Subempleo - ENEMDU13"
Ecuador,EC,ECU,218,Rural,2,Flush and pour flush - to septic tank,0.381,"Encuesta Nacional de Empleo, Desempleo y Subempleo - ENEMDU13"
Ecuador,EC,ECU,218,Rural,3,Flush and pour flush - to pit,0.208,"Encuesta Nacional de Empleo, Desempleo y Subempleo - ENEMDU13"
Ecuador,EC,ECU,218,Rural,4,Flush and pour flush - to unknown place/ not sure/DK,0.0,"Encuesta Nacional de Empleo, Desempleo y Subempleo - ENEMDU13"
Ecuador,EC,ECU,218,Rural,5,Flush and pour flush - to elsewhere,0.0,"Encuesta Nacional de Empleo, Desempleo y Subempleo - ENEMDU13"
Ecuador,EC,ECU,218,Rural,6,Dry latrines - Ventilated Improved Pit latrine,0.0,"Encuesta Nacional de Empleo, Desempleo y Subempleo - ENEMDU13"
Ecuador,EC,ECU,218,Rural,7,Dry latrines - Pit latrine with slab/covered latrine,0.0,"Encuesta Nacional de Empleo, Desempleo y Subempleo - ENEMDU13"
Ecuador,EC,ECU,218,Rural,8,Dry latrines - Traditional latrine,0.055,"Encuesta Nacional de Empleo, Desempleo y Subempleo - ENEMDU13"
Ecuador,EC,ECU,218,Rural,9,Dry latrines - Pit latrine without slab/open pit,0.0,"Encuesta Nacional de Empleo, Desempleo y Subempleo - ENEMDU13"
Ecuador,EC,ECU,218,Rural,10,Dry latrines - Hanging toilet/hanging latrine,0.0,"Encuesta Nacional de Empleo, Desempleo y Subempleo - ENEMDU13"
Ecuador,EC,ECU,218,Rural,11,Dry latrines - Bucket latrine,0.0,"Encuesta Nacional de Empleo, Desempleo y Subempleo - ENEMDU13"
Ecuador,EC,ECU,218,Rural,12,Dry latrines - Other,0.0,"Encuesta Nacional de Empleo, Desempleo y Subempleo - ENEMDU13"
Ecuador,EC,ECU,218,Rural,13,Composting toilets,0.0,"Encuesta Nacional de Empleo, Desempleo y Subempleo - ENEMDU13"
Ecuador,EC,ECU,218,Rural,14,Other improved,0.0,"Encuesta Nacional de Empleo, Desempleo y Subempleo - ENEMDU13"
Ecuador,EC,ECU,218,Rural,15,"No facility, bush, field",0.106,"Encuesta Nacional de Empleo, Desempleo y Subempleo - ENEMDU13"
Ecuador,EC,ECU,218,Rural,16,Other unimproved,0.0,"Encuesta Nacional de Empleo, Desempleo y Subempleo - ENEMDU13"
Ecuador,EC,ECU,218,Rural,17,DK/missing information,0.0,"Encuesta Nacional de Empleo, Desempleo y Subempleo - ENEMDU13"
Ecuador,EC,ECU,218,Urban,1,Flush and pour flush - to piped sewer system,0.758,"Encuesta de Condiciones de Vida, 2013-2014 - ECV14"
Ecuador,EC,ECU,218,Urban,2,Flush and pour flush - to septic tank,0.186,"Encuesta de Condiciones de Vida, 2013-2014 - ECV14"
Ecuador,EC,ECU,218,Urban,3,Flush and pour flush - to pit,0.027,"Encuesta de Condiciones de Vida, 2013-2014 - ECV14"
Ecuador,EC,ECU,218,Urban,4,Flush and pour flush - to unknown place/ not sure/DK,0.0,"Encuesta de Condiciones de Vida, 2013-2014 - ECV14"
Ecuador,EC,ECU,218,Urban,5,Flush and pour flush - to elsewhere,0.0,"Encuesta de Condiciones de Vida, 2013-2014 - ECV14"
Ecuador,EC,ECU,218,Urban,6,Dry latrines - Ventilated Improved Pit latrine,0.0,"Encuesta de Condiciones de Vida, 2013-2014 - ECV14"
Ecuador,EC,ECU,218,Urban,7,Dry latrines - Pit latrine with slab/covered latrine,0.0,"Encuesta de Condiciones de Vida, 2013-2014 - ECV14"
Ecuador,EC,ECU,218,Urban,8,Dry latrines - Traditional latrine,0.008,"Encuesta de Condiciones de Vida, 2013-2014 - ECV14"
Ecuador,EC,ECU,218,Urban,9,Dry latrines - Pit latrine without slab/open pit,0.0,"Encuesta de Condiciones de Vida, 2013-2014 - ECV14"
Ecuador,EC,ECU,218,Urban,10,Dry latrines - Hanging toilet/hanging latrine,0.0,"Encuesta de Condiciones de Vida, 2013-2014 - ECV14"
Ecuador,EC,ECU,218,Urban,11,Dry latrines - Bucket latrine,0.0,"Encuesta de Condiciones de Vida, 2013-2014 - ECV14"
Ecuador,EC,ECU,218,Urban,12,Dry latrines - Other,0.0,"Encuesta de Condiciones de Vida, 2013-2014 - ECV14"
Ecuador,EC,ECU,218,Urban,13,Composting toilets,0.0,"Encuesta de Condiciones de Vida, 2013-2014 - ECV14"
Ecuador,EC,ECU,218,Urban,14,Other improved,0.0,"Encuesta de Condiciones de Vida, 2013-2014 - ECV14"
Ecuador,EC,ECU,218,Urban,15,"No facility, bush, field",0.021,"Encuesta de Condiciones de Vida, 2013-2014 - ECV14"
Ecuador,EC,ECU,218,Urban,16,Other unimproved,0.0,"Encuesta de Condiciones de Vida, 2013-2014 - ECV14"
Ecuador,EC,ECU,218,Urban,17,DK/missing information,0.0,"Encuesta de Condiciones de Vida, 2013-2014 - ECV14"
Ecuador,EC,ECU,218,Rural,1,Flush and pour flush - to piped sewer system,0.215,"Encuesta de Condiciones de Vida, 2013-2014 - ECV14"
Ecuador,EC,ECU,218,Rural,2,Flush and pour flush - to septic tank,0.432,"Encuesta de Condiciones de Vida, 2013-2014 - ECV14"
Ecuador,EC,ECU,218,Rural,3,Flush and pour flush - to pit,0.145,"Encuesta de Condiciones de Vida, 2013-2014 - ECV14"
Ecuador,EC,ECU,218,Rural,4,Flush and pour flush - to unknown place/ not sure/DK,0.0,"Encuesta de Condiciones de Vida, 2013-2014 - ECV14"
Ecuador,EC,ECU,218,Rural,5,Flush and pour flush - to elsewhere,0.0,"Encuesta de Condiciones de Vida, 2013-2014 - ECV14"
Ecuador,EC,ECU,218,Rural,6,Dry latrines - Ventilated Improved Pit latrine,0.0,"Encuesta de Condiciones de Vida, 2013-2014 - ECV14"
Ecuador,EC,ECU,218,Rural,7,Dry latrines - Pit latrine with slab/covered latrine,0.0,"Encuesta de Condiciones de Vida, 2013-2014 - ECV14"
Ecuador,EC,ECU,218,Rural,8,Dry latrines - Traditional latrine,0.06,"Encuesta de Condiciones de Vida, 2013-2014 - ECV14"
Ecuador,EC,ECU,218,Rural,9,Dry latrines - Pit latrine without slab/open pit,0.0,"Encuesta de Condiciones de Vida, 2013-2014 - ECV14"
Ecuador,EC,ECU,218,Rural,10,Dry latrines - Hanging toilet/hanging latrine,0.0,"Encuesta de Condiciones de Vida, 2013-2014 - ECV14"
Ecuador,EC,ECU,218,Rural,11,Dry latrines - Bucket latrine,0.0,"Encuesta de Condiciones de Vida, 2013-2014 - ECV14"
Ecuador,EC,ECU,218,Rural,12,Dry latrines - Other,0.0,"Encuesta de Condiciones de Vida, 2013-2014 - ECV14"
Ecuador,EC,ECU,218,Rural,13,Composting toilets,0.0,"Encuesta de Condiciones de Vida, 2013-2014 - ECV14"
Ecuador,EC,ECU,218,Rural,14,Other improved,0.0,"Encuesta de Condiciones de Vida, 2013-2014 - ECV14"
Ecuador,EC,ECU,218,Rural,15,"No facility, bush, field",0.147,"Encuesta de Condiciones de Vida, 2013-2014 - ECV14"
Ecuador,EC,ECU,218,Rural,16,Other unimproved,0.0,"Encuesta de Condiciones de Vida, 2013-2014 - ECV14"
Ecuador,EC,ECU,218,Rural,17,DK/missing information,0.0,"Encuesta de Condiciones de Vida, 2013-2014 - ECV14"
Ecuador,EC,ECU,218,Urban,1,Flush and pour flush - to piped sewer system,0.762,"Encuesta Nacional de Empleo, Desempleo y Subempleo - ENEMDU14"
Ecuador,EC,ECU,218,Urban,2,Flush and pour flush - to septic tank,0.195,"Encuesta Nacional de Empleo, Desempleo y Subempleo - ENEMDU14"
Ecuador,EC,ECU,218,Urban,3,Flush and pour flush - to pit,0.028,"Encuesta Nacional de Empleo, Desempleo y Subempleo - ENEMDU14"
Ecuador,EC,ECU,218,Urban,4,Flush and pour flush - to unknown place/ not sure/DK,0.0,"Encuesta Nacional de Empleo, Desempleo y Subempleo - ENEMDU14"
Ecuador,EC,ECU,218,Urban,5,Flush and pour flush - to elsewhere,0.0,"Encuesta Nacional de Empleo, Desempleo y Subempleo - ENEMDU14"
Ecuador,EC,ECU,218,Urban,6,Dry latrines - Ventilated Improved Pit latrine,0.0,"Encuesta Nacional de Empleo, Desempleo y Subempleo - ENEMDU14"
Ecuador,EC,ECU,218,Urban,7,Dry latrines - Pit latrine with slab/covered latrine,0.0,"Encuesta Nacional de Empleo, Desempleo y Subempleo - ENEMDU14"
Ecuador,EC,ECU,218,Urban,8,Dry latrines - Traditional latrine,0.006,"Encuesta Nacional de Empleo, Desempleo y Subempleo - ENEMDU14"
Ecuador,EC,ECU,218,Urban,9,Dry latrines - Pit latrine without slab/open pit,0.0,"Encuesta Nacional de Empleo, Desempleo y Subempleo - ENEMDU14"
Ecuador,EC,ECU,218,Urban,10,Dry latrines - Hanging toilet/hanging latrine,0.0,"Encuesta Nacional de Empleo, Desempleo y Subempleo - ENEMDU14"
Ecuador,EC,ECU,218,Urban,11,Dry latrines - Bucket latrine,0.0,"Encuesta Nacional de Empleo, Desempleo y Subempleo - ENEMDU14"
Ecuador,EC,ECU,218,Urban,12,Dry latrines - Other,0.0,"Encuesta Nacional de Empleo, Desempleo y Subempleo - ENEMDU14"
Ecuador,EC,ECU,218,Urban,13,Composting toilets,0.0,"Encuesta Nacional de Empleo, Desempleo y Subempleo - ENEMDU14"
Ecuador,EC,ECU,218,Urban,14,Other improved,0.0,"Encuesta Nacional de Empleo, Desempleo y Subempleo - ENEMDU14"
Ecuador,EC,ECU,218,Urban,15,"No facility, bush, field",0.01,"Encuesta Nacional de Empleo, Desempleo y Subempleo - ENEMDU14"
Ecuador,EC,ECU,218,Urban,16,Other unimproved,0.0,"Encuesta Nacional de Empleo, Desempleo y Subempleo - ENEMDU14"
Ecuador,EC,ECU,218,Urban,17,DK/missing information,0.0,"Encuesta Nacional de Empleo, Desempleo y Subempleo - ENEMDU14"
Ecuador,EC,ECU,218,Rural,1,Flush and pour flush - to piped sewer system,0.246,"Encuesta Nacional de Empleo, Desempleo y Subempleo - ENEMDU14"
Ecuador,EC,ECU,218,Rural,2,Flush and pour flush - to septic tank,0.47,"Encuesta Nacional de Empleo, Desempleo y Subempleo - ENEMDU14"
Ecuador,EC,ECU,218,Rural,3,Flush and pour flush - to pit,0.144,"Encuesta Nacional de Empleo, Desempleo y Subempleo - ENEMDU14"
Ecuador,EC,ECU,218,Rural,4,Flush and pour flush - to unknown place/ not sure/DK,0.0,"Encuesta Nacional de Empleo, Desempleo y Subempleo - ENEMDU14"
Ecuador,EC,ECU,218,Rural,5,Flush and pour flush - to elsewhere,0.0,"Encuesta Nacional de Empleo, Desempleo y Subempleo - ENEMDU14"
Ecuador,EC,ECU,218,Rural,6,Dry latrines - Ventilated Improved Pit latrine,0.0,"Encuesta Nacional de Empleo, Desempleo y Subempleo - ENEMDU14"
Ecuador,EC,ECU,218,Rural,7,Dry latrines - Pit latrine with slab/covered latrine,0.0,"Encuesta Nacional de Empleo, Desempleo y Subempleo - ENEMDU14"
Ecuador,EC,ECU,218,Rural,8,Dry latrines - Traditional latrine,0.046,"Encuesta Nacional de Empleo, Desempleo y Subempleo - ENEMDU14"
Ecuador,EC,ECU,218,Rural,9,Dry latrines - Pit latrine without slab/open pit,0.0,"Encuesta Nacional de Empleo, Desempleo y Subempleo - ENEMDU14"
Ecuador,EC,ECU,218,Rural,10,Dry latrines - Hanging toilet/hanging latrine,0.0,"Encuesta Nacional de Empleo, Desempleo y Subempleo - ENEMDU14"
Ecuador,EC,ECU,218,Rural,11,Dry latrines - Bucket latrine,0.0,"Encuesta Nacional de Empleo, Desempleo y Subempleo - ENEMDU14"
Ecuador,EC,ECU,218,Rural,12,Dry latrines - Other,0.0,"Encuesta Nacional de Empleo, Desempleo y Subempleo - ENEMDU14"
Ecuador,EC,ECU,218,Rural,13,Composting toilets,0.0,"Encuesta Nacional de Empleo, Desempleo y Subempleo - ENEMDU14"
Ecuador,EC,ECU,218,Rural,14,Other improved,0.0,"Encuesta Nacional de Empleo, Desempleo y Subempleo - ENEMDU14"
Ecuador,EC,ECU,218,Rural,15,"No facility, bush, field",0.094,"Encuesta Nacional de Empleo, Desempleo y Subempleo - ENEMDU14"
Ecuador,EC,ECU,218,Rural,16,Other unimproved,0.0,"Encuesta Nacional de Empleo, Desempleo y Subempleo - ENEMDU14"
Ecuador,EC,ECU,218,Rural,17,DK/missing information,0.0,"Encuesta Nacional de Empleo, Desempleo y Subempleo - ENEMDU14"
Ecuador,EC,ECU,218,Urban,1,Flush and pour flush - to piped sewer system,0.793,"Encuesta Nacional de Empleo, Desempleo y Subempleo - ENEMDU15"
Ecuador,EC,ECU,218,Urban,2,Flush and pour flush - to septic tank,0.176,"Encuesta Nacional de Empleo, Desempleo y Subempleo - ENEMDU15"
Ecuador,EC,ECU,218,Urban,3,Flush and pour flush - to pit,0.022,"Encuesta Nacional de Empleo, Desempleo y Subempleo - ENEMDU15"
Ecuador,EC,ECU,218,Urban,4,Flush and pour flush - to unknown place/ not sure/DK,0.0,"Encuesta Nacional de Empleo, Desempleo y Subempleo - ENEMDU15"
Ecuador,EC,ECU,218,Urban,5,Flush and pour flush - to elsewhere,0.0,"Encuesta Nacional de Empleo, Desempleo y Subempleo - ENEMDU15"
Ecuador,EC,ECU,218,Urban,6,Dry latrines - Ventilated Improved Pit latrine,0.0,"Encuesta Nacional de Empleo, Desempleo y Subempleo - ENEMDU15"
Ecuador,EC,ECU,218,Urban,7,Dry latrines - Pit latrine with slab/covered latrine,0.0,"Encuesta Nacional de Empleo, Desempleo y Subempleo - ENEMDU15"
Ecuador,EC,ECU,218,Urban,8,Dry latrines - Traditional latrine,0.003,"Encuesta Nacional de Empleo, Desempleo y Subempleo - ENEMDU15"
Ecuador,EC,ECU,218,Urban,9,Dry latrines - Pit latrine without slab/open pit,0.0,"Encuesta Nacional de Empleo, Desempleo y Subempleo - ENEMDU15"
Ecuador,EC,ECU,218,Urban,10,Dry latrines - Hanging toilet/hanging latrine,0.0,"Encuesta Nacional de Empleo, Desempleo y Subempleo - ENEMDU15"
Ecuador,EC,ECU,218,Urban,11,Dry latrines - Bucket latrine,0.0,"Encuesta Nacional de Empleo, Desempleo y Subempleo - ENEMDU15"
Ecuador,EC,ECU,218,Urban,12,Dry latrines - Other,0.0,"Encuesta Nacional de Empleo, Desempleo y Subempleo - ENEMDU15"
Ecuador,EC,ECU,218,Urban,13,Composting toilets,0.0,"Encuesta Nacional de Empleo, Desempleo y Subempleo - ENEMDU15"
Ecuador,EC,ECU,218,Urban,14,Other improved,0.0,"Encuesta Nacional de Empleo, Desempleo y Subempleo - ENEMDU15"
Ecuador,EC,ECU,218,Urban,15,"No facility, bush, field",0.006,"Encuesta Nacional de Empleo, Desempleo y Subempleo - ENEMDU15"
Ecuador,EC,ECU,218,Urban,16,Other unimproved,0.0,"Encuesta Nacional de Empleo, Desempleo y Subempleo - ENEMDU15"
Ecuador,EC,ECU,218,Urban,17,DK/missing information,0.0,"Encuesta Nacional de Empleo, Desempleo y Subempleo - ENEMDU15"
Ecuador,EC,ECU,218,Rural,1,Flush and pour flush - to piped sewer system,0.28,"Encuesta Nacional de Empleo, Desempleo y Subempleo - ENEMDU15"
Ecuador,EC,ECU,218,Rural,2,Flush and pour flush - to septic tank,0.433,"Encuesta Nacional de Empleo, Desempleo y Subempleo - ENEMDU15"
Ecuador,EC,ECU,218,Rural,3,Flush and pour flush - to pit,0.142,"Encuesta Nacional de Empleo, Desempleo y Subempleo - ENEMDU15"
Ecuador,EC,ECU,218,Rural,4,Flush and pour flush - to unknown place/ not sure/DK,0.0,"Encuesta Nacional de Empleo, Desempleo y Subempleo - ENEMDU15"
Ecuador,EC,ECU,218,Rural,5,Flush and pour flush - to elsewhere,0.0,"Encuesta Nacional de Empleo, Desempleo y Subempleo - ENEMDU15"
Ecuador,EC,ECU,218,Rural,6,Dry latrines - Ventilated Improved Pit latrine,0.0,"Encuesta Nacional de Empleo, Desempleo y Subempleo - ENEMDU15"
Ecuador,EC,ECU,218,Rural,7,Dry latrines - Pit latrine with slab/covered latrine,0.0,"Encuesta Nacional de Empleo, Desempleo y Subempleo - ENEMDU15"
Ecuador,EC,ECU,218,Rural,8,Dry latrines - Traditional latrine,0.048,"Encuesta Nacional de Empleo, Desempleo y Subempleo - ENEMDU15"
Ecuador,EC,ECU,218,Rural,9,Dry latrines - Pit latrine without slab/open pit,0.0,"Encuesta Nacional de Empleo, Desempleo y Subempleo - ENEMDU15"
Ecuador,EC,ECU,218,Rural,10,Dry latrines - Hanging toilet/hanging latrine,0.0,"Encuesta Nacional de Empleo, Desempleo y Subempleo - ENEMDU15"
Ecuador,EC,ECU,218,Rural,11,Dry latrines - Bucket latrine,0.0,"Encuesta Nacional de Empleo, Desempleo y Subempleo - ENEMDU15"
Ecuador,EC,ECU,218,Rural,12,Dry latrines - Other,0.0,"Encuesta Nacional de Empleo, Desempleo y Subempleo - ENEMDU15"
Ecuador,EC,ECU,218,Rural,13,Composting toilets,0.0,"Encuesta Nacional de Empleo, Desempleo y Subempleo - ENEMDU15"
Ecuador,EC,ECU,218,Rural,14,Other improved,0.0,"Encuesta Nacional de Empleo, Desempleo y Subempleo - ENEMDU15"
Ecuador,EC,ECU,218,Rural,15,"No facility, bush, field",0.097,"Encuesta Nacional de Empleo, Desempleo y Subempleo - ENEMDU15"
Ecuador,EC,ECU,218,Rural,16,Other unimproved,0.0,"Encuesta Nacional de Empleo, Desempleo y Subempleo - ENEMDU15"
Ecuador,EC,ECU,218,Rural,17,DK/missing information,0.0,"Encuesta Nacional de Empleo, Desempleo y Subempleo - ENEMDU15"
Ecuador,EC,ECU,218,Urban,1,Flush and pour flush - to piped sewer system,0.788,"Encuesta Nacional de Empleo, Desempleo y Subempleo - ENEMDU16"
Ecuador,EC,ECU,218,Urban,2,Flush and pour flush - to septic tank,0.178,"Encuesta Nacional de Empleo, Desempleo y Subempleo - ENEMDU16"
Ecuador,EC,ECU,218,Urban,3,Flush and pour flush - to pit,0.019,"Encuesta Nacional de Empleo, Desempleo y Subempleo - ENEMDU16"
Ecuador,EC,ECU,218,Urban,4,Flush and pour flush - to unknown place/ not sure/DK,0.0,"Encuesta Nacional de Empleo, Desempleo y Subempleo - ENEMDU16"
Ecuador,EC,ECU,218,Urban,5,Flush and pour flush - to elsewhere,0.0,"Encuesta Nacional de Empleo, Desempleo y Subempleo - ENEMDU16"
Ecuador,EC,ECU,218,Urban,6,Dry latrines - Ventilated Improved Pit latrine,0.0,"Encuesta Nacional de Empleo, Desempleo y Subempleo - ENEMDU16"
Ecuador,EC,ECU,218,Urban,7,Dry latrines - Pit latrine with slab/covered latrine,0.0,"Encuesta Nacional de Empleo, Desempleo y Subempleo - ENEMDU16"
Ecuador,EC,ECU,218,Urban,8,Dry latrines - Traditional latrine,0.0,"Encuesta Nacional de Empleo, Desempleo y Subempleo - ENEMDU16"
Ecuador,EC,ECU,218,Urban,9,Dry latrines - Pit latrine without slab/open pit,0.0,"Encuesta Nacional de Empleo, Desempleo y Subempleo - ENEMDU16"
Ecuador,EC,ECU,218,Urban,10,Dry latrines - Hanging toilet/hanging latrine,0.0,"Encuesta Nacional de Empleo, Desempleo y Subempleo - ENEMDU16"
Ecuador,EC,ECU,218,Urban,11,Dry latrines - Bucket latrine,0.0,"Encuesta Nacional de Empleo, Desempleo y Subempleo - ENEMDU16"
Ecuador,EC,ECU,218,Urban,12,Dry latrines - Other,0.0,"Encuesta Nacional de Empleo, Desempleo y Subempleo - ENEMDU16"
Ecuador,EC,ECU,218,Urban,13,Composting toilets,0.0,"Encuesta Nacional de Empleo, Desempleo y Subempleo - ENEMDU16"
Ecuador,EC,ECU,218,Urban,14,Other improved,0.009,"Encuesta Nacional de Empleo, Desempleo y Subempleo - ENEMDU16"
Ecuador,EC,ECU,218,Urban,15,"No facility, bush, field",0.001,"Encuesta Nacional de Empleo, Desempleo y Subempleo - ENEMDU16"
Ecuador,EC,ECU,218,Urban,16,Other unimproved,0.001,"Encuesta Nacional de Empleo, Desempleo y Subempleo - ENEMDU16"
Ecuador,EC,ECU,218,Urban,17,DK/missing information,0.0,"Encuesta Nacional de Empleo, Desempleo y Subempleo - ENEMDU16"
Ecuador,EC,ECU,218,Rural,1,Flush and pour flush - to piped sewer system,0.264,"Encuesta Nacional de Empleo, Desempleo y Subempleo - ENEMDU16"
Ecuador,EC,ECU,218,Rural,2,Flush and pour flush - to septic tank,0.491,"Encuesta Nacional de Empleo, Desempleo y Subempleo - ENEMDU16"
Ecuador,EC,ECU,218,Rural,3,Flush and pour flush - to pit,0.134,"Encuesta Nacional de Empleo, Desempleo y Subempleo - ENEMDU16"
Ecuador,EC,ECU,218,Rural,4,Flush and pour flush - to unknown place/ not sure/DK,0.0,"Encuesta Nacional de Empleo, Desempleo y Subempleo - ENEMDU16"
Ecuador,EC,ECU,218,Rural,5,Flush and pour flush - to elsewhere,0.0,"Encuesta Nacional de Empleo, Desempleo y Subempleo - ENEMDU16"
Ecuador,EC,ECU,218,Rural,6,Dry latrines - Ventilated Improved Pit latrine,0.0,"Encuesta Nacional de Empleo, Desempleo y Subempleo - ENEMDU16"
Ecuador,EC,ECU,218,Rural,7,Dry latrines - Pit latrine with slab/covered latrine,0.0,"Encuesta Nacional de Empleo, Desempleo y Subempleo - ENEMDU16"
Ecuador,EC,ECU,218,Rural,8,Dry latrines - Traditional latrine,0.0,"Encuesta Nacional de Empleo, Desempleo y Subempleo - ENEMDU16"
Ecuador,EC,ECU,218,Rural,9,Dry latrines - Pit latrine without slab/open pit,0.0,"Encuesta Nacional de Empleo, Desempleo y Subempleo - ENEMDU16"
Ecuador,EC,ECU,218,Rural,10,Dry latrines - Hanging toilet/hanging latrine,0.0,"Encuesta Nacional de Empleo, Desempleo y Subempleo - ENEMDU16"
Ecuador,EC,ECU,218,Rural,11,Dry latrines - Bucket latrine,0.0,"Encuesta Nacional de Empleo, Desempleo y Subempleo - ENEMDU16"
Ecuador,EC,ECU,218,Rural,12,Dry latrines - Other,0.0,"Encuesta Nacional de Empleo, Desempleo y Subempleo - ENEMDU16"
Ecuador,EC,ECU,218,Rural,13,Composting toilets,0.0,"Encuesta Nacional de Empleo, Desempleo y Subempleo - ENEMDU16"
Ecuador,EC,ECU,218,Rural,14,Other improved,0.015,"Encuesta Nacional de Empleo, Desempleo y Subempleo - ENEMDU16"
Ecuador,EC,ECU,218,Rural,15,"No facility, bush, field",0.056,"Encuesta Nacional de Empleo, Desempleo y Subempleo - ENEMDU16"
Ecuador,EC,ECU,218,Rural,16,Other unimproved,0.001,"Encuesta Nacional de Empleo, Desempleo y Subempleo - ENEMDU16"
Ecuador,EC,ECU,218,Rural,17,DK/missing information,0.0,"Encuesta Nacional de Empleo, Desempleo y Subempleo - ENEMDU16"
Ecuador,EC,ECU,218,Urban,1,Flush and pour flush - to piped sewer system,0.824,"Encuesta Nacional de Empleo, Desempleo y Subempleo - ENEMDU17"
Ecuador,EC,ECU,218,Urban,2,Flush and pour flush - to septic tank,0.156,"Encuesta Nacional de Empleo, Desempleo y Subempleo - ENEMDU17"
Ecuador,EC,ECU,218,Urban,3,Flush and pour flush - to pit,0.015,"Encuesta Nacional de Empleo, Desempleo y Subempleo - ENEMDU17"
Ecuador,EC,ECU,218,Urban,4,Flush and pour flush - to unknown place/ not sure/DK,0.0,"Encuesta Nacional de Empleo, Desempleo y Subempleo - ENEMDU17"
Ecuador,EC,ECU,218,Urban,5,Flush and pour flush - to elsewhere,0.0,"Encuesta Nacional de Empleo, Desempleo y Subempleo - ENEMDU17"
Ecuador,EC,ECU,218,Urban,6,Dry latrines - Ventilated Improved Pit latrine,0.0,"Encuesta Nacional de Empleo, Desempleo y Subempleo - ENEMDU17"
Ecuador,EC,ECU,218,Urban,7,Dry latrines - Pit latrine with slab/covered latrine,0.0,"Encuesta Nacional de Empleo, Desempleo y Subempleo - ENEMDU17"
Ecuador,EC,ECU,218,Urban,8,Dry latrines - Traditional latrine,0.0,"Encuesta Nacional de Empleo, Desempleo y Subempleo - ENEMDU17"
Ecuador,EC,ECU,218,Urban,9,Dry latrines - Pit latrine without slab/open pit,0.0,"Encuesta Nacional de Empleo, Desempleo y Subempleo - ENEMDU17"
Ecuador,EC,ECU,218,Urban,10,Dry latrines - Hanging toilet/hanging latrine,0.0,"Encuesta Nacional de Empleo, Desempleo y Subempleo - ENEMDU17"
Ecuador,EC,ECU,218,Urban,11,Dry latrines - Bucket latrine,0.0,"Encuesta Nacional de Empleo, Desempleo y Subempleo - ENEMDU17"
Ecuador,EC,ECU,218,Urban,12,Dry latrines - Other,0.0,"Encuesta Nacional de Empleo, Desempleo y Subempleo - ENEMDU17"
Ecuador,EC,ECU,218,Urban,13,Composting toilets,0.0,"Encuesta Nacional de Empleo, Desempleo y Subempleo - ENEMDU17"
Ecuador,EC,ECU,218,Urban,14,Other improved,0.0,"Encuesta Nacional de Empleo, Desempleo y Subempleo - ENEMDU17"
Ecuador,EC,ECU,218,Urban,15,"No facility, bush, field",0.002,"Encuesta Nacional de Empleo, Desempleo y Subempleo - ENEMDU17"
Ecuador,EC,ECU,218,Urban,16,Other unimproved,0.0,"Encuesta Nacional de Empleo, Desempleo y Subempleo - ENEMDU17"
Ecuador,EC,ECU,218,Urban,17,DK/missing information,0.0,"Encuesta Nacional de Empleo, Desempleo y Subempleo - ENEMDU17"
Ecuador,EC,ECU,218,Rural,1,Flush and pour flush - to piped sewer system,0.293,"Encuesta Nacional de Empleo, Desempleo y Subempleo - ENEMDU17"
Ecuador,EC,ECU,218,Rural,2,Flush and pour flush - to septic tank,0.433,"Encuesta Nacional de Empleo, Desempleo y Subempleo - ENEMDU17"
Ecuador,EC,ECU,218,Rural,3,Flush and pour flush - to pit,0.149,"Encuesta Nacional de Empleo, Desempleo y Subempleo - ENEMDU17"
Ecuador,EC,ECU,218,Rural,4,Flush and pour flush - to unknown place/ not sure/DK,0.0,"Encuesta Nacional de Empleo, Desempleo y Subempleo - ENEMDU17"
Ecuador,EC,ECU,218,Rural,5,Flush and pour flush - to elsewhere,0.0,"Encuesta Nacional de Empleo, Desempleo y Subempleo - ENEMDU17"
Ecuador,EC,ECU,218,Rural,6,Dry latrines - Ventilated Improved Pit latrine,0.0,"Encuesta Nacional de Empleo, Desempleo y Subempleo - ENEMDU17"
Ecuador,EC,ECU,218,Rural,7,Dry latrines - Pit latrine with slab/covered latrine,0.0,"Encuesta Nacional de Empleo, Desempleo y Subempleo - ENEMDU17"
Ecuador,EC,ECU,218,Rural,8,Dry latrines - Traditional latrine,0.0,"Encuesta Nacional de Empleo, Desempleo y Subempleo - ENEMDU17"
Ecuador,EC,ECU,218,Rural,9,Dry latrines - Pit latrine without slab/open pit,0.0,"Encuesta Nacional de Empleo, Desempleo y Subempleo - ENEMDU17"
Ecuador,EC,ECU,218,Rural,10,Dry latrines - Hanging toilet/hanging latrine,0.0,"Encuesta Nacional de Empleo, Desempleo y Subempleo - ENEMDU17"
Ecuador,EC,ECU,218,Rural,11,Dry latrines - Bucket latrine,0.0,"Encuesta Nacional de Empleo, Desempleo y Subempleo - ENEMDU17"
Ecuador,EC,ECU,218,Rural,12,Dry latrines - Other,0.0,"Encuesta Nacional de Empleo, Desempleo y Subempleo - ENEMDU17"
Ecuador,EC,ECU,218,Rural,13,Composting toilets,0.0,"Encuesta Nacional de Empleo, Desempleo y Subempleo - ENEMDU17"
Ecuador,EC,ECU,218,Rural,14,Other improved,0.0,"Encuesta Nacional de Empleo, Desempleo y Subempleo - ENEMDU17"
Ecuador,EC,ECU,218,Rural,15,"No facility, bush, field",0.074,"Encuesta Nacional de Empleo, Desempleo y Subempleo - ENEMDU17"
Ecuador,EC,ECU,218,Rural,16,Other unimproved,0.001,"Encuesta Nacional de Empleo, Desempleo y Subempleo - ENEMDU17"
Ecuador,EC,ECU,218,Rural,17,DK/missing information,0.0,"Encuesta Nacional de Empleo, Desempleo y Subempleo - ENEMDU17"
