country,alpha-2,alpha-3,numeric,context,classific_id,classification,percentage,source
Ghana,GH,GHA,288,Urban,1,Flush and pour flush - to piped sewer system,0.156,World Health Survey - WHS03
Ghana,GH,GHA,288,Urban,2,Flush and pour flush - to septic tank,0.121,World Health Survey - WHS03
Ghana,GH,GHA,288,Urban,3,Flush and pour flush - to pit,0.0,World Health Survey - WHS03
Ghana,GH,GHA,288,Urban,4,Flush and pour flush - to unknown place/ not sure/DK,0.0,World Health Survey - WHS03
Ghana,GH,GHA,288,Urban,5,Flush and pour flush - to elsewhere,0.0,World Health Survey - WHS03
Ghana,GH,GHA,288,Urban,6,Dry latrines - Ventilated Improved Pit latrine,0.0,World Health Survey - WHS03
Ghana,GH,GHA,288,Urban,7,Dry latrines - Pit latrine with slab/covered latrine,0.431,World Health Survey - WHS03
Ghana,GH,GHA,288,Urban,8,Dry latrines - Traditional latrine,0.0,World Health Survey - WHS03
Ghana,GH,GHA,288,Urban,9,Dry latrines - Pit latrine without slab/open pit,0.068,World Health Survey - WHS03
Ghana,GH,GHA,288,Urban,10,Dry latrines - Hanging toilet/hanging latrine,0.0,World Health Survey - WHS03
Ghana,GH,GHA,288,Urban,11,Dry latrines - Bucket latrine,0.044,World Health Survey - WHS03
Ghana,GH,GHA,288,Urban,7,Dry latrines - Pit latrine with slab/covered latrine,0.07,World Health Survey - WHS03
Ghana,GH,GHA,288,Urban,7,Dry latrines - Pit latrine with slab/covered latrine,0.361,World Health Survey - WHS03
Ghana,GH,GHA,288,Urban,8,Dry latrines - Traditional latrine,0.0,World Health Survey - WHS03
Ghana,GH,GHA,288,Urban,9,Dry latrines - Pit latrine without slab/open pit,0.0,World Health Survey - WHS03
Ghana,GH,GHA,288,Urban,10,Dry latrines - Hanging toilet/hanging latrine,0.0,World Health Survey - WHS03
Ghana,GH,GHA,288,Urban,11,Dry latrines - Bucket latrine,0.0,World Health Survey - WHS03
Ghana,GH,GHA,288,Urban,12,Dry latrines - Other,0.0,World Health Survey - WHS03
Ghana,GH,GHA,288,Urban,13,Composting toilets,0.0,World Health Survey - WHS03
Ghana,GH,GHA,288,Urban,14,Other improved,0.0,World Health Survey - WHS03
Ghana,GH,GHA,288,Urban,15,"No facility, bush, field",0.097,World Health Survey - WHS03
Ghana,GH,GHA,288,Urban,16,Other unimproved,0.073,World Health Survey - WHS03
Ghana,GH,GHA,288,Urban,17,DK/missing information,0.0,World Health Survey - WHS03
Ghana,GH,GHA,288,Rural,1,Flush and pour flush - to piped sewer system,0.035,World Health Survey - WHS03
Ghana,GH,GHA,288,Rural,2,Flush and pour flush - to septic tank,0.007,World Health Survey - WHS03
Ghana,GH,GHA,288,Rural,3,Flush and pour flush - to pit,0.0,World Health Survey - WHS03
Ghana,GH,GHA,288,Rural,4,Flush and pour flush - to unknown place/ not sure/DK,0.0,World Health Survey - WHS03
Ghana,GH,GHA,288,Rural,5,Flush and pour flush - to elsewhere,0.0,World Health Survey - WHS03
Ghana,GH,GHA,288,Rural,6,Dry latrines - Ventilated Improved Pit latrine,0.0,World Health Survey - WHS03
Ghana,GH,GHA,288,Rural,7,Dry latrines - Pit latrine with slab/covered latrine,0.311,World Health Survey - WHS03
Ghana,GH,GHA,288,Rural,8,Dry latrines - Traditional latrine,0.0,World Health Survey - WHS03
Ghana,GH,GHA,288,Rural,9,Dry latrines - Pit latrine without slab/open pit,0.28,World Health Survey - WHS03
Ghana,GH,GHA,288,Rural,10,Dry latrines - Hanging toilet/hanging latrine,0.0,World Health Survey - WHS03
Ghana,GH,GHA,288,Rural,11,Dry latrines - Bucket latrine,0.006,World Health Survey - WHS03
Ghana,GH,GHA,288,Rural,7,Dry latrines - Pit latrine with slab/covered latrine,0.069,World Health Survey - WHS03
Ghana,GH,GHA,288,Rural,7,Dry latrines - Pit latrine with slab/covered latrine,0.242,World Health Survey - WHS03
Ghana,GH,GHA,288,Rural,8,Dry latrines - Traditional latrine,0.0,World Health Survey - WHS03
Ghana,GH,GHA,288,Rural,9,Dry latrines - Pit latrine without slab/open pit,0.0,World Health Survey - WHS03
Ghana,GH,GHA,288,Rural,10,Dry latrines - Hanging toilet/hanging latrine,0.0,World Health Survey - WHS03
Ghana,GH,GHA,288,Rural,11,Dry latrines - Bucket latrine,0.0,World Health Survey - WHS03
Ghana,GH,GHA,288,Rural,12,Dry latrines - Other,0.0,World Health Survey - WHS03
Ghana,GH,GHA,288,Rural,13,Composting toilets,0.0,World Health Survey - WHS03
Ghana,GH,GHA,288,Rural,14,Other improved,0.0,World Health Survey - WHS03
Ghana,GH,GHA,288,Rural,15,"No facility, bush, field",0.32,World Health Survey - WHS03
Ghana,GH,GHA,288,Rural,16,Other unimproved,0.041,World Health Survey - WHS03
Ghana,GH,GHA,288,Rural,17,DK/missing information,0.0,World Health Survey - WHS03
Ghana,GH,GHA,288,Urban,1,Flush and pour flush - to piped sewer system,0.038,Multiple Indicator Cluster Survey - MICS06
Ghana,GH,GHA,288,Urban,2,Flush and pour flush - to septic tank,0.149,Multiple Indicator Cluster Survey - MICS06
Ghana,GH,GHA,288,Urban,3,Flush and pour flush - to pit,0.053,Multiple Indicator Cluster Survey - MICS06
Ghana,GH,GHA,288,Urban,4,Flush and pour flush - to unknown place/ not sure/DK,0.0,Multiple Indicator Cluster Survey - MICS06
Ghana,GH,GHA,288,Urban,5,Flush and pour flush - to elsewhere,0.0,Multiple Indicator Cluster Survey - MICS06
Ghana,GH,GHA,288,Urban,6,Dry latrines - Ventilated Improved Pit latrine,0.465,Multiple Indicator Cluster Survey - MICS06
Ghana,GH,GHA,288,Urban,7,Dry latrines - Pit latrine with slab/covered latrine,0.12,Multiple Indicator Cluster Survey - MICS06
Ghana,GH,GHA,288,Urban,8,Dry latrines - Traditional latrine,0.0,Multiple Indicator Cluster Survey - MICS06
Ghana,GH,GHA,288,Urban,9,Dry latrines - Pit latrine without slab/open pit,0.07,Multiple Indicator Cluster Survey - MICS06
Ghana,GH,GHA,288,Urban,10,Dry latrines - Hanging toilet/hanging latrine,0.0,Multiple Indicator Cluster Survey - MICS06
Ghana,GH,GHA,288,Urban,11,Dry latrines - Bucket latrine,0.017,Multiple Indicator Cluster Survey - MICS06
Ghana,GH,GHA,288,Urban,12,Dry latrines - Other,0.0,Multiple Indicator Cluster Survey - MICS06
Ghana,GH,GHA,288,Urban,13,Composting toilets,0.0,Multiple Indicator Cluster Survey - MICS06
Ghana,GH,GHA,288,Urban,14,Other improved,0.0,Multiple Indicator Cluster Survey - MICS06
Ghana,GH,GHA,288,Urban,15,"No facility, bush, field",0.087,Multiple Indicator Cluster Survey - MICS06
Ghana,GH,GHA,288,Urban,16,Other unimproved,0.0,Multiple Indicator Cluster Survey - MICS06
Ghana,GH,GHA,288,Urban,17,DK/missing information,0.001,Multiple Indicator Cluster Survey - MICS06
Ghana,GH,GHA,288,Rural,1,Flush and pour flush - to piped sewer system,0.006,Multiple Indicator Cluster Survey - MICS06
Ghana,GH,GHA,288,Rural,2,Flush and pour flush - to septic tank,0.012,Multiple Indicator Cluster Survey - MICS06
Ghana,GH,GHA,288,Rural,3,Flush and pour flush - to pit,0.006,Multiple Indicator Cluster Survey - MICS06
Ghana,GH,GHA,288,Rural,4,Flush and pour flush - to unknown place/ not sure/DK,0.0,Multiple Indicator Cluster Survey - MICS06
Ghana,GH,GHA,288,Rural,5,Flush and pour flush - to elsewhere,0.0,Multiple Indicator Cluster Survey - MICS06
Ghana,GH,GHA,288,Rural,6,Dry latrines - Ventilated Improved Pit latrine,0.19,Multiple Indicator Cluster Survey - MICS06
Ghana,GH,GHA,288,Rural,7,Dry latrines - Pit latrine with slab/covered latrine,0.238,Multiple Indicator Cluster Survey - MICS06
Ghana,GH,GHA,288,Rural,8,Dry latrines - Traditional latrine,0.0,Multiple Indicator Cluster Survey - MICS06
Ghana,GH,GHA,288,Rural,9,Dry latrines - Pit latrine without slab/open pit,0.19,Multiple Indicator Cluster Survey - MICS06
Ghana,GH,GHA,288,Rural,10,Dry latrines - Hanging toilet/hanging latrine,0.0,Multiple Indicator Cluster Survey - MICS06
Ghana,GH,GHA,288,Rural,11,Dry latrines - Bucket latrine,0.002,Multiple Indicator Cluster Survey - MICS06
Ghana,GH,GHA,288,Rural,12,Dry latrines - Other,0.0,Multiple Indicator Cluster Survey - MICS06
Ghana,GH,GHA,288,Rural,13,Composting toilets,0.0,Multiple Indicator Cluster Survey - MICS06
Ghana,GH,GHA,288,Rural,14,Other improved,0.0,Multiple Indicator Cluster Survey - MICS06
Ghana,GH,GHA,288,Rural,15,"No facility, bush, field",0.355,Multiple Indicator Cluster Survey - MICS06
Ghana,GH,GHA,288,Rural,16,Other unimproved,0.001,Multiple Indicator Cluster Survey - MICS06
Ghana,GH,GHA,288,Rural,17,DK/missing information,0.0,Multiple Indicator Cluster Survey - MICS06
Ghana,GH,GHA,288,Urban,1,Flush and pour flush - to piped sewer system,0.038,Demographic and Health Survey - DHS08
Ghana,GH,GHA,288,Urban,2,Flush and pour flush - to septic tank,0.2,Demographic and Health Survey - DHS08
Ghana,GH,GHA,288,Urban,3,Flush and pour flush - to pit,0.044,Demographic and Health Survey - DHS08
Ghana,GH,GHA,288,Urban,4,Flush and pour flush - to unknown place/ not sure/DK,0.0,Demographic and Health Survey - DHS08
Ghana,GH,GHA,288,Urban,5,Flush and pour flush - to elsewhere,0.001,Demographic and Health Survey - DHS08
Ghana,GH,GHA,288,Urban,6,Dry latrines - Ventilated Improved Pit latrine,0.516,Demographic and Health Survey - DHS08
Ghana,GH,GHA,288,Urban,7,Dry latrines - Pit latrine with slab/covered latrine,0.069,Demographic and Health Survey - DHS08
Ghana,GH,GHA,288,Urban,8,Dry latrines - Traditional latrine,0.0,Demographic and Health Survey - DHS08
Ghana,GH,GHA,288,Urban,9,Dry latrines - Pit latrine without slab/open pit,0.04,Demographic and Health Survey - DHS08
Ghana,GH,GHA,288,Urban,10,Dry latrines - Hanging toilet/hanging latrine,0.0,Demographic and Health Survey - DHS08
Ghana,GH,GHA,288,Urban,11,Dry latrines - Bucket latrine,0.018,Demographic and Health Survey - DHS08
Ghana,GH,GHA,288,Urban,12,Dry latrines - Other,0.0,Demographic and Health Survey - DHS08
Ghana,GH,GHA,288,Urban,13,Composting toilets,0.0,Demographic and Health Survey - DHS08
Ghana,GH,GHA,288,Urban,14,Other improved,0.0,Demographic and Health Survey - DHS08
Ghana,GH,GHA,288,Urban,15,"No facility, bush, field",0.072,Demographic and Health Survey - DHS08
Ghana,GH,GHA,288,Urban,16,Other unimproved,0.0,Demographic and Health Survey - DHS08
Ghana,GH,GHA,288,Urban,17,DK/missing information,0.001,Demographic and Health Survey - DHS08
Ghana,GH,GHA,288,Rural,1,Flush and pour flush - to piped sewer system,0.007,Demographic and Health Survey - DHS08
Ghana,GH,GHA,288,Rural,2,Flush and pour flush - to septic tank,0.017,Demographic and Health Survey - DHS08
Ghana,GH,GHA,288,Rural,3,Flush and pour flush - to pit,0.006,Demographic and Health Survey - DHS08
Ghana,GH,GHA,288,Rural,4,Flush and pour flush - to unknown place/ not sure/DK,0.0,Demographic and Health Survey - DHS08
Ghana,GH,GHA,288,Rural,5,Flush and pour flush - to elsewhere,0.0,Demographic and Health Survey - DHS08
Ghana,GH,GHA,288,Rural,6,Dry latrines - Ventilated Improved Pit latrine,0.258,Demographic and Health Survey - DHS08
Ghana,GH,GHA,288,Rural,7,Dry latrines - Pit latrine with slab/covered latrine,0.215,Demographic and Health Survey - DHS08
Ghana,GH,GHA,288,Rural,8,Dry latrines - Traditional latrine,0.0,Demographic and Health Survey - DHS08
Ghana,GH,GHA,288,Rural,9,Dry latrines - Pit latrine without slab/open pit,0.136,Demographic and Health Survey - DHS08
Ghana,GH,GHA,288,Rural,10,Dry latrines - Hanging toilet/hanging latrine,0.0,Demographic and Health Survey - DHS08
Ghana,GH,GHA,288,Rural,11,Dry latrines - Bucket latrine,0.002,Demographic and Health Survey - DHS08
Ghana,GH,GHA,288,Rural,12,Dry latrines - Other,0.0,Demographic and Health Survey - DHS08
Ghana,GH,GHA,288,Rural,13,Composting toilets,0.003,Demographic and Health Survey - DHS08
Ghana,GH,GHA,288,Rural,14,Other improved,0.0,Demographic and Health Survey - DHS08
Ghana,GH,GHA,288,Rural,15,"No facility, bush, field",0.354,Demographic and Health Survey - DHS08
Ghana,GH,GHA,288,Rural,16,Other unimproved,0.0,Demographic and Health Survey - DHS08
Ghana,GH,GHA,288,Rural,17,DK/missing information,0.001,Demographic and Health Survey - DHS08
Ghana,GH,GHA,288,Urban,1,Flush and pour flush - to piped sewer system,0.039,Study on Global Ageing and Adult Health - SAGE08
Ghana,GH,GHA,288,Urban,2,Flush and pour flush - to septic tank,0.211,Study on Global Ageing and Adult Health - SAGE08
Ghana,GH,GHA,288,Urban,3,Flush and pour flush - to pit,0.01,Study on Global Ageing and Adult Health - SAGE08
Ghana,GH,GHA,288,Urban,4,Flush and pour flush - to unknown place/ not sure/DK,0.005,Study on Global Ageing and Adult Health - SAGE08
Ghana,GH,GHA,288,Urban,5,Flush and pour flush - to elsewhere,0.006,Study on Global Ageing and Adult Health - SAGE08
Ghana,GH,GHA,288,Urban,6,Dry latrines - Ventilated Improved Pit latrine,0.465,Study on Global Ageing and Adult Health - SAGE08
Ghana,GH,GHA,288,Urban,7,Dry latrines - Pit latrine with slab/covered latrine,0.125,Study on Global Ageing and Adult Health - SAGE08
Ghana,GH,GHA,288,Urban,8,Dry latrines - Traditional latrine,0.0,Study on Global Ageing and Adult Health - SAGE08
Ghana,GH,GHA,288,Urban,9,Dry latrines - Pit latrine without slab/open pit,0.041,Study on Global Ageing and Adult Health - SAGE08
Ghana,GH,GHA,288,Urban,10,Dry latrines - Hanging toilet/hanging latrine,0.0,Study on Global Ageing and Adult Health - SAGE08
Ghana,GH,GHA,288,Urban,11,Dry latrines - Bucket latrine,0.027,Study on Global Ageing and Adult Health - SAGE08
Ghana,GH,GHA,288,Urban,12,Dry latrines - Other,0.0,Study on Global Ageing and Adult Health - SAGE08
Ghana,GH,GHA,288,Urban,13,Composting toilets,0.002,Study on Global Ageing and Adult Health - SAGE08
Ghana,GH,GHA,288,Urban,14,Other improved,0.0,Study on Global Ageing and Adult Health - SAGE08
Ghana,GH,GHA,288,Urban,15,"No facility, bush, field",0.064,Study on Global Ageing and Adult Health - SAGE08
Ghana,GH,GHA,288,Urban,16,Other unimproved,0.005,Study on Global Ageing and Adult Health - SAGE08
Ghana,GH,GHA,288,Urban,17,DK/missing information,0.0,Study on Global Ageing and Adult Health - SAGE08
Ghana,GH,GHA,288,Rural,1,Flush and pour flush - to piped sewer system,0.004,Study on Global Ageing and Adult Health - SAGE08
Ghana,GH,GHA,288,Rural,2,Flush and pour flush - to septic tank,0.013,Study on Global Ageing and Adult Health - SAGE08
Ghana,GH,GHA,288,Rural,3,Flush and pour flush - to pit,0.002,Study on Global Ageing and Adult Health - SAGE08
Ghana,GH,GHA,288,Rural,4,Flush and pour flush - to unknown place/ not sure/DK,0.002,Study on Global Ageing and Adult Health - SAGE08
Ghana,GH,GHA,288,Rural,5,Flush and pour flush - to elsewhere,0.003,Study on Global Ageing and Adult Health - SAGE08
Ghana,GH,GHA,288,Rural,6,Dry latrines - Ventilated Improved Pit latrine,0.264,Study on Global Ageing and Adult Health - SAGE08
Ghana,GH,GHA,288,Rural,7,Dry latrines - Pit latrine with slab/covered latrine,0.267,Study on Global Ageing and Adult Health - SAGE08
Ghana,GH,GHA,288,Rural,8,Dry latrines - Traditional latrine,0.0,Study on Global Ageing and Adult Health - SAGE08
Ghana,GH,GHA,288,Rural,9,Dry latrines - Pit latrine without slab/open pit,0.171,Study on Global Ageing and Adult Health - SAGE08
Ghana,GH,GHA,288,Rural,10,Dry latrines - Hanging toilet/hanging latrine,0.001,Study on Global Ageing and Adult Health - SAGE08
Ghana,GH,GHA,288,Rural,11,Dry latrines - Bucket latrine,0.004,Study on Global Ageing and Adult Health - SAGE08
Ghana,GH,GHA,288,Rural,12,Dry latrines - Other,0.0,Study on Global Ageing and Adult Health - SAGE08
Ghana,GH,GHA,288,Rural,13,Composting toilets,0.0,Study on Global Ageing and Adult Health - SAGE08
Ghana,GH,GHA,288,Rural,14,Other improved,0.0,Study on Global Ageing and Adult Health - SAGE08
Ghana,GH,GHA,288,Rural,15,"No facility, bush, field",0.264,Study on Global Ageing and Adult Health - SAGE08
Ghana,GH,GHA,288,Rural,16,Other unimproved,0.005,Study on Global Ageing and Adult Health - SAGE08
Ghana,GH,GHA,288,Rural,17,DK/missing information,0.0,Study on Global Ageing and Adult Health - SAGE08
Ghana,GH,GHA,288,Urban,1,Flush and pour flush - to piped sewer system,0.036,Measure DHS - Multiple Indicator Cluster Survey with an enhanced Malaria Module and Biomarker - MICS-DHS11
Ghana,GH,GHA,288,Urban,2,Flush and pour flush - to septic tank,0.228,Measure DHS - Multiple Indicator Cluster Survey with an enhanced Malaria Module and Biomarker - MICS-DHS11
Ghana,GH,GHA,288,Urban,3,Flush and pour flush - to pit,0.023,Measure DHS - Multiple Indicator Cluster Survey with an enhanced Malaria Module and Biomarker - MICS-DHS11
Ghana,GH,GHA,288,Urban,4,Flush and pour flush - to unknown place/ not sure/DK,0.003,Measure DHS - Multiple Indicator Cluster Survey with an enhanced Malaria Module and Biomarker - MICS-DHS11
Ghana,GH,GHA,288,Urban,5,Flush and pour flush - to elsewhere,0.001,Measure DHS - Multiple Indicator Cluster Survey with an enhanced Malaria Module and Biomarker - MICS-DHS11
Ghana,GH,GHA,288,Urban,6,Dry latrines - Ventilated Improved Pit latrine,0.4,Measure DHS - Multiple Indicator Cluster Survey with an enhanced Malaria Module and Biomarker - MICS-DHS11
Ghana,GH,GHA,288,Urban,7,Dry latrines - Pit latrine with slab/covered latrine,0.107,Measure DHS - Multiple Indicator Cluster Survey with an enhanced Malaria Module and Biomarker - MICS-DHS11
Ghana,GH,GHA,288,Urban,8,Dry latrines - Traditional latrine,0.0,Measure DHS - Multiple Indicator Cluster Survey with an enhanced Malaria Module and Biomarker - MICS-DHS11
Ghana,GH,GHA,288,Urban,9,Dry latrines - Pit latrine without slab/open pit,0.097,Measure DHS - Multiple Indicator Cluster Survey with an enhanced Malaria Module and Biomarker - MICS-DHS11
Ghana,GH,GHA,288,Urban,10,Dry latrines - Hanging toilet/hanging latrine,0.0,Measure DHS - Multiple Indicator Cluster Survey with an enhanced Malaria Module and Biomarker - MICS-DHS11
Ghana,GH,GHA,288,Urban,11,Dry latrines - Bucket latrine,0.005,Measure DHS - Multiple Indicator Cluster Survey with an enhanced Malaria Module and Biomarker - MICS-DHS11
Ghana,GH,GHA,288,Urban,12,Dry latrines - Other,0.0,Measure DHS - Multiple Indicator Cluster Survey with an enhanced Malaria Module and Biomarker - MICS-DHS11
Ghana,GH,GHA,288,Urban,13,Composting toilets,0.0,Measure DHS - Multiple Indicator Cluster Survey with an enhanced Malaria Module and Biomarker - MICS-DHS11
Ghana,GH,GHA,288,Urban,14,Other improved,0.0,Measure DHS - Multiple Indicator Cluster Survey with an enhanced Malaria Module and Biomarker - MICS-DHS11
Ghana,GH,GHA,288,Urban,15,"No facility, bush, field",0.099,Measure DHS - Multiple Indicator Cluster Survey with an enhanced Malaria Module and Biomarker - MICS-DHS11
Ghana,GH,GHA,288,Urban,16,Other unimproved,0.001,Measure DHS - Multiple Indicator Cluster Survey with an enhanced Malaria Module and Biomarker - MICS-DHS11
Ghana,GH,GHA,288,Urban,17,DK/missing information,0.0,Measure DHS - Multiple Indicator Cluster Survey with an enhanced Malaria Module and Biomarker - MICS-DHS11
Ghana,GH,GHA,288,Rural,1,Flush and pour flush - to piped sewer system,0.003,Measure DHS - Multiple Indicator Cluster Survey with an enhanced Malaria Module and Biomarker - MICS-DHS11
Ghana,GH,GHA,288,Rural,2,Flush and pour flush - to septic tank,0.013,Measure DHS - Multiple Indicator Cluster Survey with an enhanced Malaria Module and Biomarker - MICS-DHS11
Ghana,GH,GHA,288,Rural,3,Flush and pour flush - to pit,0.005,Measure DHS - Multiple Indicator Cluster Survey with an enhanced Malaria Module and Biomarker - MICS-DHS11
Ghana,GH,GHA,288,Rural,4,Flush and pour flush - to unknown place/ not sure/DK,0.0,Measure DHS - Multiple Indicator Cluster Survey with an enhanced Malaria Module and Biomarker - MICS-DHS11
Ghana,GH,GHA,288,Rural,5,Flush and pour flush - to elsewhere,0.0,Measure DHS - Multiple Indicator Cluster Survey with an enhanced Malaria Module and Biomarker - MICS-DHS11
Ghana,GH,GHA,288,Rural,6,Dry latrines - Ventilated Improved Pit latrine,0.216,Measure DHS - Multiple Indicator Cluster Survey with an enhanced Malaria Module and Biomarker - MICS-DHS11
Ghana,GH,GHA,288,Rural,7,Dry latrines - Pit latrine with slab/covered latrine,0.196,Measure DHS - Multiple Indicator Cluster Survey with an enhanced Malaria Module and Biomarker - MICS-DHS11
Ghana,GH,GHA,288,Rural,8,Dry latrines - Traditional latrine,0.0,Measure DHS - Multiple Indicator Cluster Survey with an enhanced Malaria Module and Biomarker - MICS-DHS11
Ghana,GH,GHA,288,Rural,9,Dry latrines - Pit latrine without slab/open pit,0.212,Measure DHS - Multiple Indicator Cluster Survey with an enhanced Malaria Module and Biomarker - MICS-DHS11
Ghana,GH,GHA,288,Rural,10,Dry latrines - Hanging toilet/hanging latrine,0.0,Measure DHS - Multiple Indicator Cluster Survey with an enhanced Malaria Module and Biomarker - MICS-DHS11
Ghana,GH,GHA,288,Rural,11,Dry latrines - Bucket latrine,0.004,Measure DHS - Multiple Indicator Cluster Survey with an enhanced Malaria Module and Biomarker - MICS-DHS11
Ghana,GH,GHA,288,Rural,12,Dry latrines - Other,0.0,Measure DHS - Multiple Indicator Cluster Survey with an enhanced Malaria Module and Biomarker - MICS-DHS11
Ghana,GH,GHA,288,Rural,13,Composting toilets,0.0,Measure DHS - Multiple Indicator Cluster Survey with an enhanced Malaria Module and Biomarker - MICS-DHS11
Ghana,GH,GHA,288,Rural,14,Other improved,0.0,Measure DHS - Multiple Indicator Cluster Survey with an enhanced Malaria Module and Biomarker - MICS-DHS11
Ghana,GH,GHA,288,Rural,15,"No facility, bush, field",0.352,Measure DHS - Multiple Indicator Cluster Survey with an enhanced Malaria Module and Biomarker - MICS-DHS11
Ghana,GH,GHA,288,Rural,16,Other unimproved,0.0,Measure DHS - Multiple Indicator Cluster Survey with an enhanced Malaria Module and Biomarker - MICS-DHS11
Ghana,GH,GHA,288,Rural,17,DK/missing information,0.0,Measure DHS - Multiple Indicator Cluster Survey with an enhanced Malaria Module and Biomarker - MICS-DHS11
Ghana,GH,GHA,288,Urban,1,Flush and pour flush - to piped sewer system,0.13,"Demographic and Health Survey, 2014 - DHS14"
Ghana,GH,GHA,288,Urban,2,Flush and pour flush - to septic tank,0.21,"Demographic and Health Survey, 2014 - DHS14"
Ghana,GH,GHA,288,Urban,3,Flush and pour flush - to pit,0.048,"Demographic and Health Survey, 2014 - DHS14"
Ghana,GH,GHA,288,Urban,4,Flush and pour flush - to unknown place/ not sure/DK,0.006,"Demographic and Health Survey, 2014 - DHS14"
Ghana,GH,GHA,288,Urban,5,Flush and pour flush - to elsewhere,0.007,"Demographic and Health Survey, 2014 - DHS14"
Ghana,GH,GHA,288,Urban,6,Dry latrines - Ventilated Improved Pit latrine,0.372,"Demographic and Health Survey, 2014 - DHS14"
Ghana,GH,GHA,288,Urban,7,Dry latrines - Pit latrine with slab/covered latrine,0.095,"Demographic and Health Survey, 2014 - DHS14"
Ghana,GH,GHA,288,Urban,8,Dry latrines - Traditional latrine,0.0,"Demographic and Health Survey, 2014 - DHS14"
Ghana,GH,GHA,288,Urban,9,Dry latrines - Pit latrine without slab/open pit,0.047,"Demographic and Health Survey, 2014 - DHS14"
Ghana,GH,GHA,288,Urban,10,Dry latrines - Hanging toilet/hanging latrine,0.002,"Demographic and Health Survey, 2014 - DHS14"
Ghana,GH,GHA,288,Urban,11,Dry latrines - Bucket latrine,0.003,"Demographic and Health Survey, 2014 - DHS14"
Ghana,GH,GHA,288,Urban,12,Dry latrines - Other,0.0,"Demographic and Health Survey, 2014 - DHS14"
Ghana,GH,GHA,288,Urban,13,Composting toilets,0.0,"Demographic and Health Survey, 2014 - DHS14"
Ghana,GH,GHA,288,Urban,14,Other improved,0.0,"Demographic and Health Survey, 2014 - DHS14"
Ghana,GH,GHA,288,Urban,15,"No facility, bush, field",0.079,"Demographic and Health Survey, 2014 - DHS14"
Ghana,GH,GHA,288,Urban,16,Other unimproved,0.001,"Demographic and Health Survey, 2014 - DHS14"
Ghana,GH,GHA,288,Urban,17,DK/missing information,0.0,"Demographic and Health Survey, 2014 - DHS14"
Ghana,GH,GHA,288,Rural,1,Flush and pour flush - to piped sewer system,0.009,"Demographic and Health Survey, 2014 - DHS14"
Ghana,GH,GHA,288,Rural,2,Flush and pour flush - to septic tank,0.024,"Demographic and Health Survey, 2014 - DHS14"
Ghana,GH,GHA,288,Rural,3,Flush and pour flush - to pit,0.009,"Demographic and Health Survey, 2014 - DHS14"
Ghana,GH,GHA,288,Rural,4,Flush and pour flush - to unknown place/ not sure/DK,0.0,"Demographic and Health Survey, 2014 - DHS14"
Ghana,GH,GHA,288,Rural,5,Flush and pour flush - to elsewhere,0.0,"Demographic and Health Survey, 2014 - DHS14"
Ghana,GH,GHA,288,Rural,6,Dry latrines - Ventilated Improved Pit latrine,0.265,"Demographic and Health Survey, 2014 - DHS14"
Ghana,GH,GHA,288,Rural,7,Dry latrines - Pit latrine with slab/covered latrine,0.233,"Demographic and Health Survey, 2014 - DHS14"
Ghana,GH,GHA,288,Rural,8,Dry latrines - Traditional latrine,0.0,"Demographic and Health Survey, 2014 - DHS14"
Ghana,GH,GHA,288,Rural,9,Dry latrines - Pit latrine without slab/open pit,0.115,"Demographic and Health Survey, 2014 - DHS14"
Ghana,GH,GHA,288,Rural,10,Dry latrines - Hanging toilet/hanging latrine,0.003,"Demographic and Health Survey, 2014 - DHS14"
Ghana,GH,GHA,288,Rural,11,Dry latrines - Bucket latrine,0.001,"Demographic and Health Survey, 2014 - DHS14"
Ghana,GH,GHA,288,Rural,12,Dry latrines - Other,0.0,"Demographic and Health Survey, 2014 - DHS14"
Ghana,GH,GHA,288,Rural,13,Composting toilets,0.0,"Demographic and Health Survey, 2014 - DHS14"
Ghana,GH,GHA,288,Rural,14,Other improved,0.0,"Demographic and Health Survey, 2014 - DHS14"
Ghana,GH,GHA,288,Rural,15,"No facility, bush, field",0.34,"Demographic and Health Survey, 2014 - DHS14"
Ghana,GH,GHA,288,Rural,16,Other unimproved,0.0,"Demographic and Health Survey, 2014 - DHS14"
Ghana,GH,GHA,288,Rural,17,DK/missing information,0.0,"Demographic and Health Survey, 2014 - DHS14"
Ghana,GH,GHA,288,Urban,1,Flush and pour flush - to piped sewer system,0.172,Performance Monitoring and Accountability - PMA14
Ghana,GH,GHA,288,Urban,2,Flush and pour flush - to septic tank,0.0,Performance Monitoring and Accountability - PMA14
Ghana,GH,GHA,288,Urban,3,Flush and pour flush - to pit,0.0,Performance Monitoring and Accountability - PMA14
Ghana,GH,GHA,288,Urban,4,Flush and pour flush - to unknown place/ not sure/DK,0.0,Performance Monitoring and Accountability - PMA14
Ghana,GH,GHA,288,Urban,5,Flush and pour flush - to elsewhere,0.0,Performance Monitoring and Accountability - PMA14
Ghana,GH,GHA,288,Urban,6,Dry latrines - Ventilated Improved Pit latrine,0.267,Performance Monitoring and Accountability - PMA14
Ghana,GH,GHA,288,Urban,7,Dry latrines - Pit latrine with slab/covered latrine,0.158,Performance Monitoring and Accountability - PMA14
Ghana,GH,GHA,288,Urban,8,Dry latrines - Traditional latrine,0.0,Performance Monitoring and Accountability - PMA14
Ghana,GH,GHA,288,Urban,9,Dry latrines - Pit latrine without slab/open pit,0.084,Performance Monitoring and Accountability - PMA14
Ghana,GH,GHA,288,Urban,10,Dry latrines - Hanging toilet/hanging latrine,0.0,Performance Monitoring and Accountability - PMA14
Ghana,GH,GHA,288,Urban,11,Dry latrines - Bucket latrine,0.0,Performance Monitoring and Accountability - PMA14
Ghana,GH,GHA,288,Urban,12,Dry latrines - Other,0.0,Performance Monitoring and Accountability - PMA14
Ghana,GH,GHA,288,Urban,13,Composting toilets,0.047,Performance Monitoring and Accountability - PMA14
Ghana,GH,GHA,288,Urban,14,Other improved,0.0,Performance Monitoring and Accountability - PMA14
Ghana,GH,GHA,288,Urban,15,"No facility, bush, field",0.102,Performance Monitoring and Accountability - PMA14
Ghana,GH,GHA,288,Urban,16,Other unimproved,0.0,Performance Monitoring and Accountability - PMA14
Ghana,GH,GHA,288,Urban,17,DK/missing information,0.0,Performance Monitoring and Accountability - PMA14
Ghana,GH,GHA,288,Rural,1,Flush and pour flush - to piped sewer system,0.016,Performance Monitoring and Accountability - PMA14
Ghana,GH,GHA,288,Rural,2,Flush and pour flush - to septic tank,0.0,Performance Monitoring and Accountability - PMA14
Ghana,GH,GHA,288,Rural,3,Flush and pour flush - to pit,0.0,Performance Monitoring and Accountability - PMA14
Ghana,GH,GHA,288,Rural,4,Flush and pour flush - to unknown place/ not sure/DK,0.0,Performance Monitoring and Accountability - PMA14
Ghana,GH,GHA,288,Rural,5,Flush and pour flush - to elsewhere,0.0,Performance Monitoring and Accountability - PMA14
Ghana,GH,GHA,288,Rural,6,Dry latrines - Ventilated Improved Pit latrine,0.335,Performance Monitoring and Accountability - PMA14
Ghana,GH,GHA,288,Rural,7,Dry latrines - Pit latrine with slab/covered latrine,0.169,Performance Monitoring and Accountability - PMA14
Ghana,GH,GHA,288,Rural,8,Dry latrines - Traditional latrine,0.0,Performance Monitoring and Accountability - PMA14
Ghana,GH,GHA,288,Rural,9,Dry latrines - Pit latrine without slab/open pit,0.171,Performance Monitoring and Accountability - PMA14
Ghana,GH,GHA,288,Rural,10,Dry latrines - Hanging toilet/hanging latrine,0.0,Performance Monitoring and Accountability - PMA14
Ghana,GH,GHA,288,Rural,11,Dry latrines - Bucket latrine,0.0,Performance Monitoring and Accountability - PMA14
Ghana,GH,GHA,288,Rural,12,Dry latrines - Other,0.0,Performance Monitoring and Accountability - PMA14
Ghana,GH,GHA,288,Rural,13,Composting toilets,0.0,Performance Monitoring and Accountability - PMA14
Ghana,GH,GHA,288,Rural,14,Other improved,0.0,Performance Monitoring and Accountability - PMA14
Ghana,GH,GHA,288,Rural,15,"No facility, bush, field",0.247,Performance Monitoring and Accountability - PMA14
Ghana,GH,GHA,288,Rural,16,Other unimproved,0.043,Performance Monitoring and Accountability - PMA14
Ghana,GH,GHA,288,Rural,17,DK/missing information,0.0,Performance Monitoring and Accountability - PMA14
Ghana,GH,GHA,288,Urban,1,Flush and pour flush - to piped sewer system,0.009,Malaria Indicator Survey - MIS16
Ghana,GH,GHA,288,Urban,2,Flush and pour flush - to septic tank,0.331,Malaria Indicator Survey - MIS16
Ghana,GH,GHA,288,Urban,3,Flush and pour flush - to pit,0.048,Malaria Indicator Survey - MIS16
Ghana,GH,GHA,288,Urban,4,Flush and pour flush - to unknown place/ not sure/DK,0.003,Malaria Indicator Survey - MIS16
Ghana,GH,GHA,288,Urban,5,Flush and pour flush - to elsewhere,0.001,Malaria Indicator Survey - MIS16
Ghana,GH,GHA,288,Urban,6,Dry latrines - Ventilated Improved Pit latrine,0.343,Malaria Indicator Survey - MIS16
Ghana,GH,GHA,288,Urban,7,Dry latrines - Pit latrine with slab/covered latrine,0.155,Malaria Indicator Survey - MIS16
Ghana,GH,GHA,288,Urban,8,Dry latrines - Traditional latrine,0.0,Malaria Indicator Survey - MIS16
Ghana,GH,GHA,288,Urban,9,Dry latrines - Pit latrine without slab/open pit,0.036,Malaria Indicator Survey - MIS16
Ghana,GH,GHA,288,Urban,10,Dry latrines - Hanging toilet/hanging latrine,0.0,Malaria Indicator Survey - MIS16
Ghana,GH,GHA,288,Urban,11,Dry latrines - Bucket latrine,0.001,Malaria Indicator Survey - MIS16
Ghana,GH,GHA,288,Urban,12,Dry latrines - Other,0.0,Malaria Indicator Survey - MIS16
Ghana,GH,GHA,288,Urban,13,Composting toilets,0.0,Malaria Indicator Survey - MIS16
Ghana,GH,GHA,288,Urban,14,Other improved,0.0,Malaria Indicator Survey - MIS16
Ghana,GH,GHA,288,Urban,15,"No facility, bush, field",0.073,Malaria Indicator Survey - MIS16
Ghana,GH,GHA,288,Urban,16,Other unimproved,0.0,Malaria Indicator Survey - MIS16
Ghana,GH,GHA,288,Urban,17,DK/missing information,0.0,Malaria Indicator Survey - MIS16
Ghana,GH,GHA,288,Rural,1,Flush and pour flush - to piped sewer system,0.001,Malaria Indicator Survey - MIS16
Ghana,GH,GHA,288,Rural,2,Flush and pour flush - to septic tank,0.044,Malaria Indicator Survey - MIS16
Ghana,GH,GHA,288,Rural,3,Flush and pour flush - to pit,0.018,Malaria Indicator Survey - MIS16
Ghana,GH,GHA,288,Rural,4,Flush and pour flush - to unknown place/ not sure/DK,0.0,Malaria Indicator Survey - MIS16
Ghana,GH,GHA,288,Rural,5,Flush and pour flush - to elsewhere,0.001,Malaria Indicator Survey - MIS16
Ghana,GH,GHA,288,Rural,6,Dry latrines - Ventilated Improved Pit latrine,0.161,Malaria Indicator Survey - MIS16
Ghana,GH,GHA,288,Rural,7,Dry latrines - Pit latrine with slab/covered latrine,0.275,Malaria Indicator Survey - MIS16
Ghana,GH,GHA,288,Rural,8,Dry latrines - Traditional latrine,0.0,Malaria Indicator Survey - MIS16
Ghana,GH,GHA,288,Rural,9,Dry latrines - Pit latrine without slab/open pit,0.198,Malaria Indicator Survey - MIS16
Ghana,GH,GHA,288,Rural,10,Dry latrines - Hanging toilet/hanging latrine,0.001,Malaria Indicator Survey - MIS16
Ghana,GH,GHA,288,Rural,11,Dry latrines - Bucket latrine,0.001,Malaria Indicator Survey - MIS16
Ghana,GH,GHA,288,Rural,12,Dry latrines - Other,0.0,Malaria Indicator Survey - MIS16
Ghana,GH,GHA,288,Rural,13,Composting toilets,0.001,Malaria Indicator Survey - MIS16
Ghana,GH,GHA,288,Rural,14,Other improved,0.0,Malaria Indicator Survey - MIS16
Ghana,GH,GHA,288,Rural,15,"No facility, bush, field",0.299,Malaria Indicator Survey - MIS16
Ghana,GH,GHA,288,Rural,16,Other unimproved,0.0,Malaria Indicator Survey - MIS16
Ghana,GH,GHA,288,Rural,17,DK/missing information,0.0,Malaria Indicator Survey - MIS16
Ghana,GH,GHA,288,Urban,1,Flush and pour flush - to piped sewer system,0.078,Performance Monitoring and Accountability - PMA16
Ghana,GH,GHA,288,Urban,2,Flush and pour flush - to septic tank,0.327,Performance Monitoring and Accountability - PMA16
Ghana,GH,GHA,288,Urban,3,Flush and pour flush - to pit,0.03,Performance Monitoring and Accountability - PMA16
Ghana,GH,GHA,288,Urban,4,Flush and pour flush - to unknown place/ not sure/DK,0.006,Performance Monitoring and Accountability - PMA16
Ghana,GH,GHA,288,Urban,5,Flush and pour flush - to elsewhere,0.055,Performance Monitoring and Accountability - PMA16
Ghana,GH,GHA,288,Urban,6,Dry latrines - Ventilated Improved Pit latrine,0.262,Performance Monitoring and Accountability - PMA16
Ghana,GH,GHA,288,Urban,7,Dry latrines - Pit latrine with slab/covered latrine,0.128,Performance Monitoring and Accountability - PMA16
Ghana,GH,GHA,288,Urban,8,Dry latrines - Traditional latrine,0.0,Performance Monitoring and Accountability - PMA16
Ghana,GH,GHA,288,Urban,9,Dry latrines - Pit latrine without slab/open pit,0.044,Performance Monitoring and Accountability - PMA16
Ghana,GH,GHA,288,Urban,10,Dry latrines - Hanging toilet/hanging latrine,0.008,Performance Monitoring and Accountability - PMA16
Ghana,GH,GHA,288,Urban,11,Dry latrines - Bucket latrine,0.0,Performance Monitoring and Accountability - PMA16
Ghana,GH,GHA,288,Urban,12,Dry latrines - Other,0.0,Performance Monitoring and Accountability - PMA16
Ghana,GH,GHA,288,Urban,13,Composting toilets,0.001,Performance Monitoring and Accountability - PMA16
Ghana,GH,GHA,288,Urban,14,Other improved,0.0,Performance Monitoring and Accountability - PMA16
Ghana,GH,GHA,288,Urban,15,"No facility, bush, field",0.059,Performance Monitoring and Accountability - PMA16
Ghana,GH,GHA,288,Urban,16,Other unimproved,0.0,Performance Monitoring and Accountability - PMA16
Ghana,GH,GHA,288,Urban,17,DK/missing information,0.001,Performance Monitoring and Accountability - PMA16
Ghana,GH,GHA,288,Rural,1,Flush and pour flush - to piped sewer system,0.008,Performance Monitoring and Accountability - PMA16
Ghana,GH,GHA,288,Rural,2,Flush and pour flush - to septic tank,0.005,Performance Monitoring and Accountability - PMA16
Ghana,GH,GHA,288,Rural,3,Flush and pour flush - to pit,0.021,Performance Monitoring and Accountability - PMA16
Ghana,GH,GHA,288,Rural,4,Flush and pour flush - to unknown place/ not sure/DK,0.0,Performance Monitoring and Accountability - PMA16
Ghana,GH,GHA,288,Rural,5,Flush and pour flush - to elsewhere,0.003,Performance Monitoring and Accountability - PMA16
Ghana,GH,GHA,288,Rural,6,Dry latrines - Ventilated Improved Pit latrine,0.197,Performance Monitoring and Accountability - PMA16
Ghana,GH,GHA,288,Rural,7,Dry latrines - Pit latrine with slab/covered latrine,0.268,Performance Monitoring and Accountability - PMA16
Ghana,GH,GHA,288,Rural,8,Dry latrines - Traditional latrine,0.0,Performance Monitoring and Accountability - PMA16
Ghana,GH,GHA,288,Rural,9,Dry latrines - Pit latrine without slab/open pit,0.102,Performance Monitoring and Accountability - PMA16
Ghana,GH,GHA,288,Rural,10,Dry latrines - Hanging toilet/hanging latrine,0.021,Performance Monitoring and Accountability - PMA16
Ghana,GH,GHA,288,Rural,11,Dry latrines - Bucket latrine,0.0,Performance Monitoring and Accountability - PMA16
Ghana,GH,GHA,288,Rural,12,Dry latrines - Other,0.0,Performance Monitoring and Accountability - PMA16
Ghana,GH,GHA,288,Rural,13,Composting toilets,0.024,Performance Monitoring and Accountability - PMA16
Ghana,GH,GHA,288,Rural,14,Other improved,0.0,Performance Monitoring and Accountability - PMA16
Ghana,GH,GHA,288,Rural,15,"No facility, bush, field",0.338,Performance Monitoring and Accountability - PMA16
Ghana,GH,GHA,288,Rural,16,Other unimproved,0.01,Performance Monitoring and Accountability - PMA16
Ghana,GH,GHA,288,Rural,17,DK/missing information,0.0,Performance Monitoring and Accountability - PMA16
Ghana,GH,GHA,288,Urban,1,Flush and pour flush - to piped sewer system,0.01,Maternal Health Survey - MHS17
Ghana,GH,GHA,288,Urban,2,Flush and pour flush - to septic tank,0.372,Maternal Health Survey - MHS17
Ghana,GH,GHA,288,Urban,3,Flush and pour flush - to pit,0.02,Maternal Health Survey - MHS17
Ghana,GH,GHA,288,Urban,4,Flush and pour flush - to unknown place/ not sure/DK,0.001,Maternal Health Survey - MHS17
Ghana,GH,GHA,288,Urban,5,Flush and pour flush - to elsewhere,0.002,Maternal Health Survey - MHS17
Ghana,GH,GHA,288,Urban,6,Dry latrines - Ventilated Improved Pit latrine,0.315,Maternal Health Survey - MHS17
Ghana,GH,GHA,288,Urban,7,Dry latrines - Pit latrine with slab/covered latrine,0.115,Maternal Health Survey - MHS17
Ghana,GH,GHA,288,Urban,8,Dry latrines - Traditional latrine,0.0,Maternal Health Survey - MHS17
Ghana,GH,GHA,288,Urban,9,Dry latrines - Pit latrine without slab/open pit,0.071,Maternal Health Survey - MHS17
Ghana,GH,GHA,288,Urban,10,Dry latrines - Hanging toilet/hanging latrine,0.0,Maternal Health Survey - MHS17
Ghana,GH,GHA,288,Urban,11,Dry latrines - Bucket latrine,0.002,Maternal Health Survey - MHS17
Ghana,GH,GHA,288,Urban,12,Dry latrines - Other,0.0,Maternal Health Survey - MHS17
Ghana,GH,GHA,288,Urban,13,Composting toilets,0.002,Maternal Health Survey - MHS17
Ghana,GH,GHA,288,Urban,14,Other improved,0.0,Maternal Health Survey - MHS17
Ghana,GH,GHA,288,Urban,15,"No facility, bush, field",0.083,Maternal Health Survey - MHS17
Ghana,GH,GHA,288,Urban,16,Other unimproved,0.007,Maternal Health Survey - MHS17
Ghana,GH,GHA,288,Urban,17,DK/missing information,0.0,Maternal Health Survey - MHS17
Ghana,GH,GHA,288,Rural,1,Flush and pour flush - to piped sewer system,0.001,Maternal Health Survey - MHS17
Ghana,GH,GHA,288,Rural,2,Flush and pour flush - to septic tank,0.048,Maternal Health Survey - MHS17
Ghana,GH,GHA,288,Rural,3,Flush and pour flush - to pit,0.007,Maternal Health Survey - MHS17
Ghana,GH,GHA,288,Rural,4,Flush and pour flush - to unknown place/ not sure/DK,0.0,Maternal Health Survey - MHS17
Ghana,GH,GHA,288,Rural,5,Flush and pour flush - to elsewhere,0.001,Maternal Health Survey - MHS17
Ghana,GH,GHA,288,Rural,6,Dry latrines - Ventilated Improved Pit latrine,0.188,Maternal Health Survey - MHS17
Ghana,GH,GHA,288,Rural,7,Dry latrines - Pit latrine with slab/covered latrine,0.224,Maternal Health Survey - MHS17
Ghana,GH,GHA,288,Rural,8,Dry latrines - Traditional latrine,0.0,Maternal Health Survey - MHS17
Ghana,GH,GHA,288,Rural,9,Dry latrines - Pit latrine without slab/open pit,0.234,Maternal Health Survey - MHS17
Ghana,GH,GHA,288,Rural,10,Dry latrines - Hanging toilet/hanging latrine,0.0,Maternal Health Survey - MHS17
Ghana,GH,GHA,288,Rural,11,Dry latrines - Bucket latrine,0.001,Maternal Health Survey - MHS17
Ghana,GH,GHA,288,Rural,12,Dry latrines - Other,0.0,Maternal Health Survey - MHS17
Ghana,GH,GHA,288,Rural,13,Composting toilets,0.002,Maternal Health Survey - MHS17
Ghana,GH,GHA,288,Rural,14,Other improved,0.0,Maternal Health Survey - MHS17
Ghana,GH,GHA,288,Rural,15,"No facility, bush, field",0.293,Maternal Health Survey - MHS17
Ghana,GH,GHA,288,Rural,16,Other unimproved,0.001,Maternal Health Survey - MHS17
Ghana,GH,GHA,288,Rural,17,DK/missing information,0.0,Maternal Health Survey - MHS17
Ghana,GH,GHA,288,Urban,1,Flush and pour flush - to piped sewer system,0.062,Ghana Micronutrients Survey - GMS17
Ghana,GH,GHA,288,Urban,2,Flush and pour flush - to septic tank,0.191,Ghana Micronutrients Survey - GMS17
Ghana,GH,GHA,288,Urban,3,Flush and pour flush - to pit,0.021,Ghana Micronutrients Survey - GMS17
Ghana,GH,GHA,288,Urban,4,Flush and pour flush - to unknown place/ not sure/DK,0.001,Ghana Micronutrients Survey - GMS17
Ghana,GH,GHA,288,Urban,5,Flush and pour flush - to elsewhere,0.004,Ghana Micronutrients Survey - GMS17
Ghana,GH,GHA,288,Urban,6,Dry latrines - Ventilated Improved Pit latrine,0.351,Ghana Micronutrients Survey - GMS17
Ghana,GH,GHA,288,Urban,7,Dry latrines - Pit latrine with slab/covered latrine,0.162,Ghana Micronutrients Survey - GMS17
Ghana,GH,GHA,288,Urban,8,Dry latrines - Traditional latrine,0.0,Ghana Micronutrients Survey - GMS17
Ghana,GH,GHA,288,Urban,9,Dry latrines - Pit latrine without slab/open pit,0.141,Ghana Micronutrients Survey - GMS17
Ghana,GH,GHA,288,Urban,10,Dry latrines - Hanging toilet/hanging latrine,0.0,Ghana Micronutrients Survey - GMS17
Ghana,GH,GHA,288,Urban,11,Dry latrines - Bucket latrine,0.002,Ghana Micronutrients Survey - GMS17
Ghana,GH,GHA,288,Urban,12,Dry latrines - Other,0.0,Ghana Micronutrients Survey - GMS17
Ghana,GH,GHA,288,Urban,13,Composting toilets,0.0,Ghana Micronutrients Survey - GMS17
Ghana,GH,GHA,288,Urban,14,Other improved,0.0,Ghana Micronutrients Survey - GMS17
Ghana,GH,GHA,288,Urban,15,"No facility, bush, field",0.066,Ghana Micronutrients Survey - GMS17
Ghana,GH,GHA,288,Urban,16,Other unimproved,0.0,Ghana Micronutrients Survey - GMS17
Ghana,GH,GHA,288,Urban,17,DK/missing information,0.0,Ghana Micronutrients Survey - GMS17
Ghana,GH,GHA,288,Rural,1,Flush and pour flush - to piped sewer system,0.011,Ghana Micronutrients Survey - GMS17
Ghana,GH,GHA,288,Rural,2,Flush and pour flush - to septic tank,0.016,Ghana Micronutrients Survey - GMS17
Ghana,GH,GHA,288,Rural,3,Flush and pour flush - to pit,0.002,Ghana Micronutrients Survey - GMS17
Ghana,GH,GHA,288,Rural,4,Flush and pour flush - to unknown place/ not sure/DK,0.0,Ghana Micronutrients Survey - GMS17
Ghana,GH,GHA,288,Rural,5,Flush and pour flush - to elsewhere,0.0,Ghana Micronutrients Survey - GMS17
Ghana,GH,GHA,288,Rural,6,Dry latrines - Ventilated Improved Pit latrine,0.122,Ghana Micronutrients Survey - GMS17
Ghana,GH,GHA,288,Rural,7,Dry latrines - Pit latrine with slab/covered latrine,0.155,Ghana Micronutrients Survey - GMS17
Ghana,GH,GHA,288,Rural,8,Dry latrines - Traditional latrine,0.0,Ghana Micronutrients Survey - GMS17
Ghana,GH,GHA,288,Rural,9,Dry latrines - Pit latrine without slab/open pit,0.342,Ghana Micronutrients Survey - GMS17
Ghana,GH,GHA,288,Rural,10,Dry latrines - Hanging toilet/hanging latrine,0.001,Ghana Micronutrients Survey - GMS17
Ghana,GH,GHA,288,Rural,11,Dry latrines - Bucket latrine,0.0,Ghana Micronutrients Survey - GMS17
Ghana,GH,GHA,288,Rural,12,Dry latrines - Other,0.0,Ghana Micronutrients Survey - GMS17
Ghana,GH,GHA,288,Rural,13,Composting toilets,0.0,Ghana Micronutrients Survey - GMS17
Ghana,GH,GHA,288,Rural,14,Other improved,0.0,Ghana Micronutrients Survey - GMS17
Ghana,GH,GHA,288,Rural,15,"No facility, bush, field",0.348,Ghana Micronutrients Survey - GMS17
Ghana,GH,GHA,288,Rural,16,Other unimproved,0.005,Ghana Micronutrients Survey - GMS17
Ghana,GH,GHA,288,Rural,17,DK/missing information,0.0,Ghana Micronutrients Survey - GMS17
