country,alpha-2,alpha-3,numeric,context,classific_id,classification,percentage,source
Gambia,GM,GMB,270,Urban,1,Flush and pour flush - to piped sewer system,0.077,Multiple Indicator Cluster Survey - MICS06
Gambia,GM,GMB,270,Urban,2,Flush and pour flush - to septic tank,0.25,Multiple Indicator Cluster Survey - MICS06
Gambia,GM,GMB,270,Urban,3,Flush and pour flush - to pit,0.054,Multiple Indicator Cluster Survey - MICS06
Gambia,GM,GMB,270,Urban,4,Flush and pour flush - to unknown place/ not sure/DK,0.001,Multiple Indicator Cluster Survey - MICS06
Gambia,GM,GMB,270,Urban,5,Flush and pour flush - to elsewhere,0.004,Multiple Indicator Cluster Survey - MICS06
Gambia,GM,GMB,270,Urban,6,Dry latrines - Ventilated Improved Pit latrine,0.006,Multiple Indicator Cluster Survey - MICS06
Gambia,GM,GMB,270,Urban,7,Dry latrines - Pit latrine with slab/covered latrine,0.546,Multiple Indicator Cluster Survey - MICS06
Gambia,GM,GMB,270,Urban,8,Dry latrines - Traditional latrine,0.0,Multiple Indicator Cluster Survey - MICS06
Gambia,GM,GMB,270,Urban,9,Dry latrines - Pit latrine without slab/open pit,0.052,Multiple Indicator Cluster Survey - MICS06
Gambia,GM,GMB,270,Urban,10,Dry latrines - Hanging toilet/hanging latrine,0.0,Multiple Indicator Cluster Survey - MICS06
Gambia,GM,GMB,270,Urban,11,Dry latrines - Bucket latrine,0.0,Multiple Indicator Cluster Survey - MICS06
Gambia,GM,GMB,270,Urban,12,Dry latrines - Other,0.0,Multiple Indicator Cluster Survey - MICS06
Gambia,GM,GMB,270,Urban,13,Composting toilets,0.0,Multiple Indicator Cluster Survey - MICS06
Gambia,GM,GMB,270,Urban,14,Other improved,0.0,Multiple Indicator Cluster Survey - MICS06
Gambia,GM,GMB,270,Urban,15,"No facility, bush, field",0.007,Multiple Indicator Cluster Survey - MICS06
Gambia,GM,GMB,270,Urban,16,Other unimproved,0.002,Multiple Indicator Cluster Survey - MICS06
Gambia,GM,GMB,270,Urban,17,DK/missing information,0.0,Multiple Indicator Cluster Survey - MICS06
Gambia,GM,GMB,270,Rural,1,Flush and pour flush - to piped sewer system,0.006,Multiple Indicator Cluster Survey - MICS06
Gambia,GM,GMB,270,Rural,2,Flush and pour flush - to septic tank,0.021,Multiple Indicator Cluster Survey - MICS06
Gambia,GM,GMB,270,Rural,3,Flush and pour flush - to pit,0.013,Multiple Indicator Cluster Survey - MICS06
Gambia,GM,GMB,270,Rural,4,Flush and pour flush - to unknown place/ not sure/DK,0.0,Multiple Indicator Cluster Survey - MICS06
Gambia,GM,GMB,270,Rural,5,Flush and pour flush - to elsewhere,0.003,Multiple Indicator Cluster Survey - MICS06
Gambia,GM,GMB,270,Rural,6,Dry latrines - Ventilated Improved Pit latrine,0.003,Multiple Indicator Cluster Survey - MICS06
Gambia,GM,GMB,270,Rural,7,Dry latrines - Pit latrine with slab/covered latrine,0.74,Multiple Indicator Cluster Survey - MICS06
Gambia,GM,GMB,270,Rural,8,Dry latrines - Traditional latrine,0.0,Multiple Indicator Cluster Survey - MICS06
Gambia,GM,GMB,270,Rural,9,Dry latrines - Pit latrine without slab/open pit,0.143,Multiple Indicator Cluster Survey - MICS06
Gambia,GM,GMB,270,Rural,10,Dry latrines - Hanging toilet/hanging latrine,0.0,Multiple Indicator Cluster Survey - MICS06
Gambia,GM,GMB,270,Rural,11,Dry latrines - Bucket latrine,0.0,Multiple Indicator Cluster Survey - MICS06
Gambia,GM,GMB,270,Rural,12,Dry latrines - Other,0.0,Multiple Indicator Cluster Survey - MICS06
Gambia,GM,GMB,270,Rural,13,Composting toilets,0.0,Multiple Indicator Cluster Survey - MICS06
Gambia,GM,GMB,270,Rural,14,Other improved,0.0,Multiple Indicator Cluster Survey - MICS06
Gambia,GM,GMB,270,Rural,15,"No facility, bush, field",0.067,Multiple Indicator Cluster Survey - MICS06
Gambia,GM,GMB,270,Rural,16,Other unimproved,0.002,Multiple Indicator Cluster Survey - MICS06
Gambia,GM,GMB,270,Rural,17,DK/missing information,0.001,Multiple Indicator Cluster Survey - MICS06
Gambia,GM,GMB,270,Urban,1,Flush and pour flush - to piped sewer system,0.049,Multiple Indicator Cluster Survey (MICS) Report 2012 - MICS10
Gambia,GM,GMB,270,Urban,2,Flush and pour flush - to septic tank,0.23,Multiple Indicator Cluster Survey (MICS) Report 2012 - MICS10
Gambia,GM,GMB,270,Urban,3,Flush and pour flush - to pit,0.058,Multiple Indicator Cluster Survey (MICS) Report 2012 - MICS10
Gambia,GM,GMB,270,Urban,4,Flush and pour flush - to unknown place/ not sure/DK,0.0,Multiple Indicator Cluster Survey (MICS) Report 2012 - MICS10
Gambia,GM,GMB,270,Urban,5,Flush and pour flush - to elsewhere,0.0,Multiple Indicator Cluster Survey (MICS) Report 2012 - MICS10
Gambia,GM,GMB,270,Urban,6,Dry latrines - Ventilated Improved Pit latrine,0.059,Multiple Indicator Cluster Survey (MICS) Report 2012 - MICS10
Gambia,GM,GMB,270,Urban,7,Dry latrines - Pit latrine with slab/covered latrine,0.515,Multiple Indicator Cluster Survey (MICS) Report 2012 - MICS10
Gambia,GM,GMB,270,Urban,8,Dry latrines - Traditional latrine,0.0,Multiple Indicator Cluster Survey (MICS) Report 2012 - MICS10
Gambia,GM,GMB,270,Urban,9,Dry latrines - Pit latrine without slab/open pit,0.084,Multiple Indicator Cluster Survey (MICS) Report 2012 - MICS10
Gambia,GM,GMB,270,Urban,10,Dry latrines - Hanging toilet/hanging latrine,0.0,Multiple Indicator Cluster Survey (MICS) Report 2012 - MICS10
Gambia,GM,GMB,270,Urban,11,Dry latrines - Bucket latrine,0.0,Multiple Indicator Cluster Survey (MICS) Report 2012 - MICS10
Gambia,GM,GMB,270,Urban,12,Dry latrines - Other,0.0,Multiple Indicator Cluster Survey (MICS) Report 2012 - MICS10
Gambia,GM,GMB,270,Urban,13,Composting toilets,0.0,Multiple Indicator Cluster Survey (MICS) Report 2012 - MICS10
Gambia,GM,GMB,270,Urban,14,Other improved,0.0,Multiple Indicator Cluster Survey (MICS) Report 2012 - MICS10
Gambia,GM,GMB,270,Urban,15,"No facility, bush, field",0.003,Multiple Indicator Cluster Survey (MICS) Report 2012 - MICS10
Gambia,GM,GMB,270,Urban,16,Other unimproved,0.0,Multiple Indicator Cluster Survey (MICS) Report 2012 - MICS10
Gambia,GM,GMB,270,Urban,17,DK/missing information,0.002,Multiple Indicator Cluster Survey (MICS) Report 2012 - MICS10
Gambia,GM,GMB,270,Rural,1,Flush and pour flush - to piped sewer system,0.0,Multiple Indicator Cluster Survey (MICS) Report 2012 - MICS10
Gambia,GM,GMB,270,Rural,2,Flush and pour flush - to septic tank,0.01,Multiple Indicator Cluster Survey (MICS) Report 2012 - MICS10
Gambia,GM,GMB,270,Rural,3,Flush and pour flush - to pit,0.013,Multiple Indicator Cluster Survey (MICS) Report 2012 - MICS10
Gambia,GM,GMB,270,Rural,4,Flush and pour flush - to unknown place/ not sure/DK,0.0,Multiple Indicator Cluster Survey (MICS) Report 2012 - MICS10
Gambia,GM,GMB,270,Rural,5,Flush and pour flush - to elsewhere,0.0,Multiple Indicator Cluster Survey (MICS) Report 2012 - MICS10
Gambia,GM,GMB,270,Rural,6,Dry latrines - Ventilated Improved Pit latrine,0.018,Multiple Indicator Cluster Survey (MICS) Report 2012 - MICS10
Gambia,GM,GMB,270,Rural,7,Dry latrines - Pit latrine with slab/covered latrine,0.595,Multiple Indicator Cluster Survey (MICS) Report 2012 - MICS10
Gambia,GM,GMB,270,Rural,8,Dry latrines - Traditional latrine,0.0,Multiple Indicator Cluster Survey (MICS) Report 2012 - MICS10
Gambia,GM,GMB,270,Rural,9,Dry latrines - Pit latrine without slab/open pit,0.309,Multiple Indicator Cluster Survey (MICS) Report 2012 - MICS10
Gambia,GM,GMB,270,Rural,10,Dry latrines - Hanging toilet/hanging latrine,0.0,Multiple Indicator Cluster Survey (MICS) Report 2012 - MICS10
Gambia,GM,GMB,270,Rural,11,Dry latrines - Bucket latrine,0.0,Multiple Indicator Cluster Survey (MICS) Report 2012 - MICS10
Gambia,GM,GMB,270,Rural,12,Dry latrines - Other,0.0,Multiple Indicator Cluster Survey (MICS) Report 2012 - MICS10
Gambia,GM,GMB,270,Rural,13,Composting toilets,0.0,Multiple Indicator Cluster Survey (MICS) Report 2012 - MICS10
Gambia,GM,GMB,270,Rural,14,Other improved,0.0,Multiple Indicator Cluster Survey (MICS) Report 2012 - MICS10
Gambia,GM,GMB,270,Rural,15,"No facility, bush, field",0.051,Multiple Indicator Cluster Survey (MICS) Report 2012 - MICS10
Gambia,GM,GMB,270,Rural,16,Other unimproved,0.002,Multiple Indicator Cluster Survey (MICS) Report 2012 - MICS10
Gambia,GM,GMB,270,Rural,17,DK/missing information,0.003,Multiple Indicator Cluster Survey (MICS) Report 2012 - MICS10
Gambia,GM,GMB,270,Urban,1,Flush and pour flush - to piped sewer system,0.031,Demographic and Health Survey - DHS13
Gambia,GM,GMB,270,Urban,2,Flush and pour flush - to septic tank,0.296,Demographic and Health Survey - DHS13
Gambia,GM,GMB,270,Urban,3,Flush and pour flush - to pit,0.036,Demographic and Health Survey - DHS13
Gambia,GM,GMB,270,Urban,4,Flush and pour flush - to unknown place/ not sure/DK,0.0,Demographic and Health Survey - DHS13
Gambia,GM,GMB,270,Urban,5,Flush and pour flush - to elsewhere,0.0,Demographic and Health Survey - DHS13
Gambia,GM,GMB,270,Urban,6,Dry latrines - Ventilated Improved Pit latrine,0.119,Demographic and Health Survey - DHS13
Gambia,GM,GMB,270,Urban,7,Dry latrines - Pit latrine with slab/covered latrine,0.289,Demographic and Health Survey - DHS13
Gambia,GM,GMB,270,Urban,8,Dry latrines - Traditional latrine,0.0,Demographic and Health Survey - DHS13
Gambia,GM,GMB,270,Urban,9,Dry latrines - Pit latrine without slab/open pit,0.226,Demographic and Health Survey - DHS13
Gambia,GM,GMB,270,Urban,10,Dry latrines - Hanging toilet/hanging latrine,0.0,Demographic and Health Survey - DHS13
Gambia,GM,GMB,270,Urban,11,Dry latrines - Bucket latrine,0.0,Demographic and Health Survey - DHS13
Gambia,GM,GMB,270,Urban,12,Dry latrines - Other,0.0,Demographic and Health Survey - DHS13
Gambia,GM,GMB,270,Urban,13,Composting toilets,0.0,Demographic and Health Survey - DHS13
Gambia,GM,GMB,270,Urban,14,Other improved,0.0,Demographic and Health Survey - DHS13
Gambia,GM,GMB,270,Urban,15,"No facility, bush, field",0.002,Demographic and Health Survey - DHS13
Gambia,GM,GMB,270,Urban,16,Other unimproved,0.0,Demographic and Health Survey - DHS13
Gambia,GM,GMB,270,Urban,17,DK/missing information,0.001,Demographic and Health Survey - DHS13
Gambia,GM,GMB,270,Rural,1,Flush and pour flush - to piped sewer system,0.0,Demographic and Health Survey - DHS13
Gambia,GM,GMB,270,Rural,2,Flush and pour flush - to septic tank,0.018,Demographic and Health Survey - DHS13
Gambia,GM,GMB,270,Rural,3,Flush and pour flush - to pit,0.007,Demographic and Health Survey - DHS13
Gambia,GM,GMB,270,Rural,4,Flush and pour flush - to unknown place/ not sure/DK,0.0,Demographic and Health Survey - DHS13
Gambia,GM,GMB,270,Rural,5,Flush and pour flush - to elsewhere,0.0,Demographic and Health Survey - DHS13
Gambia,GM,GMB,270,Rural,6,Dry latrines - Ventilated Improved Pit latrine,0.059,Demographic and Health Survey - DHS13
Gambia,GM,GMB,270,Rural,7,Dry latrines - Pit latrine with slab/covered latrine,0.314,Demographic and Health Survey - DHS13
Gambia,GM,GMB,270,Rural,8,Dry latrines - Traditional latrine,0.0,Demographic and Health Survey - DHS13
Gambia,GM,GMB,270,Rural,9,Dry latrines - Pit latrine without slab/open pit,0.565,Demographic and Health Survey - DHS13
Gambia,GM,GMB,270,Rural,10,Dry latrines - Hanging toilet/hanging latrine,0.0,Demographic and Health Survey - DHS13
Gambia,GM,GMB,270,Rural,11,Dry latrines - Bucket latrine,0.0,Demographic and Health Survey - DHS13
Gambia,GM,GMB,270,Rural,12,Dry latrines - Other,0.0,Demographic and Health Survey - DHS13
Gambia,GM,GMB,270,Rural,13,Composting toilets,0.0,Demographic and Health Survey - DHS13
Gambia,GM,GMB,270,Rural,14,Other improved,0.0,Demographic and Health Survey - DHS13
Gambia,GM,GMB,270,Rural,15,"No facility, bush, field",0.035,Demographic and Health Survey - DHS13
Gambia,GM,GMB,270,Rural,16,Other unimproved,0.001,Demographic and Health Survey - DHS13
Gambia,GM,GMB,270,Rural,17,DK/missing information,0.001,Demographic and Health Survey - DHS13
Gambia,GM,GMB,270,Urban,1,Flush and pour flush - to piped sewer system,0.04,Census - CEN13
Gambia,GM,GMB,270,Urban,2,Flush and pour flush - to septic tank,0.267,Census - CEN13
Gambia,GM,GMB,270,Urban,3,Flush and pour flush - to pit,0.0,Census - CEN13
Gambia,GM,GMB,270,Urban,4,Flush and pour flush - to unknown place/ not sure/DK,0.0,Census - CEN13
Gambia,GM,GMB,270,Urban,5,Flush and pour flush - to elsewhere,0.0,Census - CEN13
Gambia,GM,GMB,270,Urban,6,Dry latrines - Ventilated Improved Pit latrine,0.048,Census - CEN13
Gambia,GM,GMB,270,Urban,7,Dry latrines - Pit latrine with slab/covered latrine,0.412,Census - CEN13
Gambia,GM,GMB,270,Urban,8,Dry latrines - Traditional latrine,0.0,Census - CEN13
Gambia,GM,GMB,270,Urban,9,Dry latrines - Pit latrine without slab/open pit,0.215,Census - CEN13
Gambia,GM,GMB,270,Urban,10,Dry latrines - Hanging toilet/hanging latrine,0.0,Census - CEN13
Gambia,GM,GMB,270,Urban,11,Dry latrines - Bucket latrine,0.004,Census - CEN13
Gambia,GM,GMB,270,Urban,12,Dry latrines - Other,0.0,Census - CEN13
Gambia,GM,GMB,270,Urban,13,Composting toilets,0.0,Census - CEN13
Gambia,GM,GMB,270,Urban,14,Other improved,0.0,Census - CEN13
Gambia,GM,GMB,270,Urban,15,"No facility, bush, field",0.005,Census - CEN13
Gambia,GM,GMB,270,Urban,16,Other unimproved,0.009,Census - CEN13
Gambia,GM,GMB,270,Urban,17,DK/missing information,0.0,Census - CEN13
Gambia,GM,GMB,270,Rural,1,Flush and pour flush - to piped sewer system,0.0,Census - CEN13
Gambia,GM,GMB,270,Rural,2,Flush and pour flush - to septic tank,0.024,Census - CEN13
Gambia,GM,GMB,270,Rural,3,Flush and pour flush - to pit,0.0,Census - CEN13
Gambia,GM,GMB,270,Rural,4,Flush and pour flush - to unknown place/ not sure/DK,0.0,Census - CEN13
Gambia,GM,GMB,270,Rural,5,Flush and pour flush - to elsewhere,0.0,Census - CEN13
Gambia,GM,GMB,270,Rural,6,Dry latrines - Ventilated Improved Pit latrine,0.024,Census - CEN13
Gambia,GM,GMB,270,Rural,7,Dry latrines - Pit latrine with slab/covered latrine,0.366,Census - CEN13
Gambia,GM,GMB,270,Rural,8,Dry latrines - Traditional latrine,0.0,Census - CEN13
Gambia,GM,GMB,270,Rural,9,Dry latrines - Pit latrine without slab/open pit,0.517,Census - CEN13
Gambia,GM,GMB,270,Rural,10,Dry latrines - Hanging toilet/hanging latrine,0.0,Census - CEN13
Gambia,GM,GMB,270,Rural,11,Dry latrines - Bucket latrine,0.0,Census - CEN13
Gambia,GM,GMB,270,Rural,12,Dry latrines - Other,0.0,Census - CEN13
Gambia,GM,GMB,270,Rural,13,Composting toilets,0.0,Census - CEN13
Gambia,GM,GMB,270,Rural,14,Other improved,0.0,Census - CEN13
Gambia,GM,GMB,270,Rural,15,"No facility, bush, field",0.06,Census - CEN13
Gambia,GM,GMB,270,Rural,16,Other unimproved,0.009,Census - CEN13
Gambia,GM,GMB,270,Rural,17,DK/missing information,0.001,Census - CEN13
