country,alpha-2,alpha-3,numeric,context,classific_id,classification,percentage,source
Iran (Islamic Republic of),IR,IRN,364,Urban,1,Flush and pour flush - to piped sewer system,0.36,Population and housing census 2006 - CEN06
Iran (Islamic Republic of),IR,IRN,364,Urban,2,Flush and pour flush - to septic tank,0.004,Population and housing census 2006 - CEN06
Iran (Islamic Republic of),IR,IRN,364,Urban,3,Flush and pour flush - to pit,0.0,Population and housing census 2006 - CEN06
Iran (Islamic Republic of),IR,IRN,364,Urban,4,Flush and pour flush - to unknown place/ not sure/DK,0.0,Population and housing census 2006 - CEN06
Iran (Islamic Republic of),IR,IRN,364,Urban,5,Flush and pour flush - to elsewhere,0.0,Population and housing census 2006 - CEN06
Iran (Islamic Republic of),IR,IRN,364,Urban,6,Dry latrines - Ventilated Improved Pit latrine,0.0,Population and housing census 2006 - CEN06
Iran (Islamic Republic of),IR,IRN,364,Urban,7,Dry latrines - Pit latrine with slab/covered latrine,0.625,Population and housing census 2006 - CEN06
Iran (Islamic Republic of),IR,IRN,364,Urban,8,Dry latrines - Traditional latrine,0.0,Population and housing census 2006 - CEN06
Iran (Islamic Republic of),IR,IRN,364,Urban,9,Dry latrines - Pit latrine without slab/open pit,0.0,Population and housing census 2006 - CEN06
Iran (Islamic Republic of),IR,IRN,364,Urban,10,Dry latrines - Hanging toilet/hanging latrine,0.0,Population and housing census 2006 - CEN06
Iran (Islamic Republic of),IR,IRN,364,Urban,11,Dry latrines - Bucket latrine,0.0,Population and housing census 2006 - CEN06
Iran (Islamic Republic of),IR,IRN,364,Urban,12,Dry latrines - Other,0.0,Population and housing census 2006 - CEN06
Iran (Islamic Republic of),IR,IRN,364,Urban,13,Composting toilets,0.0,Population and housing census 2006 - CEN06
Iran (Islamic Republic of),IR,IRN,364,Urban,14,Other improved,0.0,Population and housing census 2006 - CEN06
Iran (Islamic Republic of),IR,IRN,364,Urban,15,"No facility, bush, field",0.002,Population and housing census 2006 - CEN06
Iran (Islamic Republic of),IR,IRN,364,Urban,16,Other unimproved,0.004,Population and housing census 2006 - CEN06
Iran (Islamic Republic of),IR,IRN,364,Urban,17,DK/missing information,0.004,Population and housing census 2006 - CEN06
Iran (Islamic Republic of),IR,IRN,364,Rural,1,Flush and pour flush - to piped sewer system,0.106,Population and housing census 2006 - CEN06
Iran (Islamic Republic of),IR,IRN,364,Rural,2,Flush and pour flush - to septic tank,0.004,Population and housing census 2006 - CEN06
Iran (Islamic Republic of),IR,IRN,364,Rural,3,Flush and pour flush - to pit,0.0,Population and housing census 2006 - CEN06
Iran (Islamic Republic of),IR,IRN,364,Rural,4,Flush and pour flush - to unknown place/ not sure/DK,0.0,Population and housing census 2006 - CEN06
Iran (Islamic Republic of),IR,IRN,364,Rural,5,Flush and pour flush - to elsewhere,0.0,Population and housing census 2006 - CEN06
Iran (Islamic Republic of),IR,IRN,364,Rural,6,Dry latrines - Ventilated Improved Pit latrine,0.0,Population and housing census 2006 - CEN06
Iran (Islamic Republic of),IR,IRN,364,Rural,7,Dry latrines - Pit latrine with slab/covered latrine,0.85,Population and housing census 2006 - CEN06
Iran (Islamic Republic of),IR,IRN,364,Rural,8,Dry latrines - Traditional latrine,0.0,Population and housing census 2006 - CEN06
Iran (Islamic Republic of),IR,IRN,364,Rural,9,Dry latrines - Pit latrine without slab/open pit,0.0,Population and housing census 2006 - CEN06
Iran (Islamic Republic of),IR,IRN,364,Rural,10,Dry latrines - Hanging toilet/hanging latrine,0.0,Population and housing census 2006 - CEN06
Iran (Islamic Republic of),IR,IRN,364,Rural,11,Dry latrines - Bucket latrine,0.0,Population and housing census 2006 - CEN06
Iran (Islamic Republic of),IR,IRN,364,Rural,12,Dry latrines - Other,0.0,Population and housing census 2006 - CEN06
Iran (Islamic Republic of),IR,IRN,364,Rural,13,Composting toilets,0.0,Population and housing census 2006 - CEN06
Iran (Islamic Republic of),IR,IRN,364,Rural,14,Other improved,0.0,Population and housing census 2006 - CEN06
Iran (Islamic Republic of),IR,IRN,364,Rural,15,"No facility, bush, field",0.015,Population and housing census 2006 - CEN06
Iran (Islamic Republic of),IR,IRN,364,Rural,16,Other unimproved,0.018,Population and housing census 2006 - CEN06
Iran (Islamic Republic of),IR,IRN,364,Rural,17,DK/missing information,0.007,Population and housing census 2006 - CEN06
Iran (Islamic Republic of),IR,IRN,364,Urban,1,Flush and pour flush - to piped sewer system,0.309,Multiple Indicator Cluster Survey (MICS)  - MICS10
Iran (Islamic Republic of),IR,IRN,364,Urban,2,Flush and pour flush - to septic tank,0.017,Multiple Indicator Cluster Survey (MICS)  - MICS10
Iran (Islamic Republic of),IR,IRN,364,Urban,3,Flush and pour flush - to pit,0.663,Multiple Indicator Cluster Survey (MICS)  - MICS10
Iran (Islamic Republic of),IR,IRN,364,Urban,4,Flush and pour flush - to unknown place/ not sure/DK,0.0,Multiple Indicator Cluster Survey (MICS)  - MICS10
Iran (Islamic Republic of),IR,IRN,364,Urban,5,Flush and pour flush - to elsewhere,0.0,Multiple Indicator Cluster Survey (MICS)  - MICS10
Iran (Islamic Republic of),IR,IRN,364,Urban,6,Dry latrines - Ventilated Improved Pit latrine,0.0,Multiple Indicator Cluster Survey (MICS)  - MICS10
Iran (Islamic Republic of),IR,IRN,364,Urban,7,Dry latrines - Pit latrine with slab/covered latrine,0.0,Multiple Indicator Cluster Survey (MICS)  - MICS10
Iran (Islamic Republic of),IR,IRN,364,Urban,8,Dry latrines - Traditional latrine,0.0,Multiple Indicator Cluster Survey (MICS)  - MICS10
Iran (Islamic Republic of),IR,IRN,364,Urban,9,Dry latrines - Pit latrine without slab/open pit,0.002,Multiple Indicator Cluster Survey (MICS)  - MICS10
Iran (Islamic Republic of),IR,IRN,364,Urban,10,Dry latrines - Hanging toilet/hanging latrine,0.0,Multiple Indicator Cluster Survey (MICS)  - MICS10
Iran (Islamic Republic of),IR,IRN,364,Urban,11,Dry latrines - Bucket latrine,0.0,Multiple Indicator Cluster Survey (MICS)  - MICS10
Iran (Islamic Republic of),IR,IRN,364,Urban,12,Dry latrines - Other,0.001,Multiple Indicator Cluster Survey (MICS)  - MICS10
Iran (Islamic Republic of),IR,IRN,364,Urban,13,Composting toilets,0.0,Multiple Indicator Cluster Survey (MICS)  - MICS10
Iran (Islamic Republic of),IR,IRN,364,Urban,14,Other improved,0.0,Multiple Indicator Cluster Survey (MICS)  - MICS10
Iran (Islamic Republic of),IR,IRN,364,Urban,15,"No facility, bush, field",0.0,Multiple Indicator Cluster Survey (MICS)  - MICS10
Iran (Islamic Republic of),IR,IRN,364,Urban,16,Other unimproved,0.0,Multiple Indicator Cluster Survey (MICS)  - MICS10
Iran (Islamic Republic of),IR,IRN,364,Urban,17,DK/missing information,0.0,Multiple Indicator Cluster Survey (MICS)  - MICS10
Iran (Islamic Republic of),IR,IRN,364,Rural,1,Flush and pour flush - to piped sewer system,0.036,Multiple Indicator Cluster Survey (MICS)  - MICS10
Iran (Islamic Republic of),IR,IRN,364,Rural,2,Flush and pour flush - to septic tank,0.015,Multiple Indicator Cluster Survey (MICS)  - MICS10
Iran (Islamic Republic of),IR,IRN,364,Rural,3,Flush and pour flush - to pit,0.906,Multiple Indicator Cluster Survey (MICS)  - MICS10
Iran (Islamic Republic of),IR,IRN,364,Rural,4,Flush and pour flush - to unknown place/ not sure/DK,0.0,Multiple Indicator Cluster Survey (MICS)  - MICS10
Iran (Islamic Republic of),IR,IRN,364,Rural,5,Flush and pour flush - to elsewhere,0.0,Multiple Indicator Cluster Survey (MICS)  - MICS10
Iran (Islamic Republic of),IR,IRN,364,Rural,6,Dry latrines - Ventilated Improved Pit latrine,0.0,Multiple Indicator Cluster Survey (MICS)  - MICS10
Iran (Islamic Republic of),IR,IRN,364,Rural,7,Dry latrines - Pit latrine with slab/covered latrine,0.0,Multiple Indicator Cluster Survey (MICS)  - MICS10
Iran (Islamic Republic of),IR,IRN,364,Rural,8,Dry latrines - Traditional latrine,0.0,Multiple Indicator Cluster Survey (MICS)  - MICS10
Iran (Islamic Republic of),IR,IRN,364,Rural,9,Dry latrines - Pit latrine without slab/open pit,0.009,Multiple Indicator Cluster Survey (MICS)  - MICS10
Iran (Islamic Republic of),IR,IRN,364,Rural,10,Dry latrines - Hanging toilet/hanging latrine,0.0,Multiple Indicator Cluster Survey (MICS)  - MICS10
Iran (Islamic Republic of),IR,IRN,364,Rural,11,Dry latrines - Bucket latrine,0.0,Multiple Indicator Cluster Survey (MICS)  - MICS10
Iran (Islamic Republic of),IR,IRN,364,Rural,12,Dry latrines - Other,0.009,Multiple Indicator Cluster Survey (MICS)  - MICS10
Iran (Islamic Republic of),IR,IRN,364,Rural,13,Composting toilets,0.0,Multiple Indicator Cluster Survey (MICS)  - MICS10
Iran (Islamic Republic of),IR,IRN,364,Rural,14,Other improved,0.0,Multiple Indicator Cluster Survey (MICS)  - MICS10
Iran (Islamic Republic of),IR,IRN,364,Rural,15,"No facility, bush, field",0.019,Multiple Indicator Cluster Survey (MICS)  - MICS10
Iran (Islamic Republic of),IR,IRN,364,Rural,16,Other unimproved,0.001,Multiple Indicator Cluster Survey (MICS)  - MICS10
Iran (Islamic Republic of),IR,IRN,364,Rural,17,DK/missing information,0.0,Multiple Indicator Cluster Survey (MICS)  - MICS10
Iran (Islamic Republic of),IR,IRN,364,Urban,1,Flush and pour flush - to piped sewer system,0.39,Population and housing census 2011 - CEN11
Iran (Islamic Republic of),IR,IRN,364,Urban,2,Flush and pour flush - to septic tank,0.005,Population and housing census 2011 - CEN11
Iran (Islamic Republic of),IR,IRN,364,Urban,3,Flush and pour flush - to pit,0.0,Population and housing census 2011 - CEN11
Iran (Islamic Republic of),IR,IRN,364,Urban,4,Flush and pour flush - to unknown place/ not sure/DK,0.0,Population and housing census 2011 - CEN11
Iran (Islamic Republic of),IR,IRN,364,Urban,5,Flush and pour flush - to elsewhere,0.0,Population and housing census 2011 - CEN11
Iran (Islamic Republic of),IR,IRN,364,Urban,6,Dry latrines - Ventilated Improved Pit latrine,0.0,Population and housing census 2011 - CEN11
Iran (Islamic Republic of),IR,IRN,364,Urban,7,Dry latrines - Pit latrine with slab/covered latrine,0.594,Population and housing census 2011 - CEN11
Iran (Islamic Republic of),IR,IRN,364,Urban,8,Dry latrines - Traditional latrine,0.0,Population and housing census 2011 - CEN11
Iran (Islamic Republic of),IR,IRN,364,Urban,9,Dry latrines - Pit latrine without slab/open pit,0.0,Population and housing census 2011 - CEN11
Iran (Islamic Republic of),IR,IRN,364,Urban,10,Dry latrines - Hanging toilet/hanging latrine,0.0,Population and housing census 2011 - CEN11
Iran (Islamic Republic of),IR,IRN,364,Urban,11,Dry latrines - Bucket latrine,0.0,Population and housing census 2011 - CEN11
Iran (Islamic Republic of),IR,IRN,364,Urban,12,Dry latrines - Other,0.0,Population and housing census 2011 - CEN11
Iran (Islamic Republic of),IR,IRN,364,Urban,13,Composting toilets,0.0,Population and housing census 2011 - CEN11
Iran (Islamic Republic of),IR,IRN,364,Urban,14,Other improved,0.0,Population and housing census 2011 - CEN11
Iran (Islamic Republic of),IR,IRN,364,Urban,15,"No facility, bush, field",0.0,Population and housing census 2011 - CEN11
Iran (Islamic Republic of),IR,IRN,364,Urban,16,Other unimproved,0.011,Population and housing census 2011 - CEN11
Iran (Islamic Republic of),IR,IRN,364,Urban,17,DK/missing information,0.0,Population and housing census 2011 - CEN11
Iran (Islamic Republic of),IR,IRN,364,Rural,1,Flush and pour flush - to piped sewer system,0.053,Population and housing census 2011 - CEN11
Iran (Islamic Republic of),IR,IRN,364,Rural,2,Flush and pour flush - to septic tank,0.005,Population and housing census 2011 - CEN11
Iran (Islamic Republic of),IR,IRN,364,Rural,3,Flush and pour flush - to pit,0.0,Population and housing census 2011 - CEN11
Iran (Islamic Republic of),IR,IRN,364,Rural,4,Flush and pour flush - to unknown place/ not sure/DK,0.0,Population and housing census 2011 - CEN11
Iran (Islamic Republic of),IR,IRN,364,Rural,5,Flush and pour flush - to elsewhere,0.0,Population and housing census 2011 - CEN11
Iran (Islamic Republic of),IR,IRN,364,Rural,6,Dry latrines - Ventilated Improved Pit latrine,0.0,Population and housing census 2011 - CEN11
Iran (Islamic Republic of),IR,IRN,364,Rural,7,Dry latrines - Pit latrine with slab/covered latrine,0.901,Population and housing census 2011 - CEN11
Iran (Islamic Republic of),IR,IRN,364,Rural,8,Dry latrines - Traditional latrine,0.0,Population and housing census 2011 - CEN11
Iran (Islamic Republic of),IR,IRN,364,Rural,9,Dry latrines - Pit latrine without slab/open pit,0.0,Population and housing census 2011 - CEN11
Iran (Islamic Republic of),IR,IRN,364,Rural,10,Dry latrines - Hanging toilet/hanging latrine,0.0,Population and housing census 2011 - CEN11
Iran (Islamic Republic of),IR,IRN,364,Rural,11,Dry latrines - Bucket latrine,0.0,Population and housing census 2011 - CEN11
Iran (Islamic Republic of),IR,IRN,364,Rural,12,Dry latrines - Other,0.0,Population and housing census 2011 - CEN11
Iran (Islamic Republic of),IR,IRN,364,Rural,13,Composting toilets,0.0,Population and housing census 2011 - CEN11
Iran (Islamic Republic of),IR,IRN,364,Rural,14,Other improved,0.0,Population and housing census 2011 - CEN11
Iran (Islamic Republic of),IR,IRN,364,Rural,15,"No facility, bush, field",0.0,Population and housing census 2011 - CEN11
Iran (Islamic Republic of),IR,IRN,364,Rural,16,Other unimproved,0.041,Population and housing census 2011 - CEN11
Iran (Islamic Republic of),IR,IRN,364,Rural,17,DK/missing information,0.0,Population and housing census 2011 - CEN11
