country,alpha-2,alpha-3,numeric,context,classific_id,classification,percentage,source
Lao People's Democratic Republic,LA,LAO,418,Urban,1,Flush and pour flush - to piped sewer system,0.039,World Health Survey - WHS03
Lao People's Democratic Republic,LA,LAO,418,Urban,2,Flush and pour flush - to septic tank,0.055,World Health Survey - WHS03
Lao People's Democratic Republic,LA,LAO,418,Urban,3,Flush and pour flush - to pit,0.0,World Health Survey - WHS03
Lao People's Democratic Republic,LA,LAO,418,Urban,4,Flush and pour flush - to unknown place/ not sure/DK,0.0,World Health Survey - WHS03
Lao People's Democratic Republic,LA,LAO,418,Urban,5,Flush and pour flush - to elsewhere,0.0,World Health Survey - WHS03
Lao People's Democratic Republic,LA,LAO,418,Urban,6,Dry latrines - Ventilated Improved Pit latrine,0.0,World Health Survey - WHS03
Lao People's Democratic Republic,LA,LAO,418,Urban,7,Dry latrines - Pit latrine with slab/covered latrine,0.024,World Health Survey - WHS03
Lao People's Democratic Republic,LA,LAO,418,Urban,8,Dry latrines - Traditional latrine,0.0,World Health Survey - WHS03
Lao People's Democratic Republic,LA,LAO,418,Urban,9,Dry latrines - Pit latrine without slab/open pit,0.066,World Health Survey - WHS03
Lao People's Democratic Republic,LA,LAO,418,Urban,10,Dry latrines - Hanging toilet/hanging latrine,0.0,World Health Survey - WHS03
Lao People's Democratic Republic,LA,LAO,418,Urban,11,Dry latrines - Bucket latrine,0.0,World Health Survey - WHS03
Lao People's Democratic Republic,LA,LAO,418,Urban,7,Dry latrines - Pit latrine with slab/covered latrine,0.022,World Health Survey - WHS03
Lao People's Democratic Republic,LA,LAO,418,Urban,7,Dry latrines - Pit latrine with slab/covered latrine,0.002,World Health Survey - WHS03
Lao People's Democratic Republic,LA,LAO,418,Urban,8,Dry latrines - Traditional latrine,0.0,World Health Survey - WHS03
Lao People's Democratic Republic,LA,LAO,418,Urban,9,Dry latrines - Pit latrine without slab/open pit,0.0,World Health Survey - WHS03
Lao People's Democratic Republic,LA,LAO,418,Urban,10,Dry latrines - Hanging toilet/hanging latrine,0.0,World Health Survey - WHS03
Lao People's Democratic Republic,LA,LAO,418,Urban,11,Dry latrines - Bucket latrine,0.0,World Health Survey - WHS03
Lao People's Democratic Republic,LA,LAO,418,Urban,12,Dry latrines - Other,0.0,World Health Survey - WHS03
Lao People's Democratic Republic,LA,LAO,418,Urban,13,Composting toilets,0.0,World Health Survey - WHS03
Lao People's Democratic Republic,LA,LAO,418,Urban,14,Other improved,0.0,World Health Survey - WHS03
Lao People's Democratic Republic,LA,LAO,418,Urban,15,"No facility, bush, field",0.127,World Health Survey - WHS03
Lao People's Democratic Republic,LA,LAO,418,Urban,16,Other unimproved,0.001,World Health Survey - WHS03
Lao People's Democratic Republic,LA,LAO,418,Urban,17,DK/missing information,0.0,World Health Survey - WHS03
Lao People's Democratic Republic,LA,LAO,418,Rural,1,Flush and pour flush - to piped sewer system,0.002,World Health Survey - WHS03
Lao People's Democratic Republic,LA,LAO,418,Rural,2,Flush and pour flush - to septic tank,0.003,World Health Survey - WHS03
Lao People's Democratic Republic,LA,LAO,418,Rural,3,Flush and pour flush - to pit,0.0,World Health Survey - WHS03
Lao People's Democratic Republic,LA,LAO,418,Rural,4,Flush and pour flush - to unknown place/ not sure/DK,0.0,World Health Survey - WHS03
Lao People's Democratic Republic,LA,LAO,418,Rural,5,Flush and pour flush - to elsewhere,0.0,World Health Survey - WHS03
Lao People's Democratic Republic,LA,LAO,418,Rural,6,Dry latrines - Ventilated Improved Pit latrine,0.0,World Health Survey - WHS03
Lao People's Democratic Republic,LA,LAO,418,Rural,7,Dry latrines - Pit latrine with slab/covered latrine,0.026,World Health Survey - WHS03
Lao People's Democratic Republic,LA,LAO,418,Rural,8,Dry latrines - Traditional latrine,0.0,World Health Survey - WHS03
Lao People's Democratic Republic,LA,LAO,418,Rural,9,Dry latrines - Pit latrine without slab/open pit,0.068,World Health Survey - WHS03
Lao People's Democratic Republic,LA,LAO,418,Rural,10,Dry latrines - Hanging toilet/hanging latrine,0.0,World Health Survey - WHS03
Lao People's Democratic Republic,LA,LAO,418,Rural,11,Dry latrines - Bucket latrine,0.002,World Health Survey - WHS03
Lao People's Democratic Republic,LA,LAO,418,Rural,7,Dry latrines - Pit latrine with slab/covered latrine,0.023,World Health Survey - WHS03
Lao People's Democratic Republic,LA,LAO,418,Rural,7,Dry latrines - Pit latrine with slab/covered latrine,0.003,World Health Survey - WHS03
Lao People's Democratic Republic,LA,LAO,418,Rural,8,Dry latrines - Traditional latrine,0.0,World Health Survey - WHS03
Lao People's Democratic Republic,LA,LAO,418,Rural,9,Dry latrines - Pit latrine without slab/open pit,0.0,World Health Survey - WHS03
Lao People's Democratic Republic,LA,LAO,418,Rural,10,Dry latrines - Hanging toilet/hanging latrine,0.0,World Health Survey - WHS03
Lao People's Democratic Republic,LA,LAO,418,Rural,11,Dry latrines - Bucket latrine,0.0,World Health Survey - WHS03
Lao People's Democratic Republic,LA,LAO,418,Rural,12,Dry latrines - Other,0.0,World Health Survey - WHS03
Lao People's Democratic Republic,LA,LAO,418,Rural,13,Composting toilets,0.0,World Health Survey - WHS03
Lao People's Democratic Republic,LA,LAO,418,Rural,14,Other improved,0.0,World Health Survey - WHS03
Lao People's Democratic Republic,LA,LAO,418,Rural,15,"No facility, bush, field",0.621,World Health Survey - WHS03
Lao People's Democratic Republic,LA,LAO,418,Rural,16,Other unimproved,0.001,World Health Survey - WHS03
Lao People's Democratic Republic,LA,LAO,418,Rural,17,DK/missing information,0.0,World Health Survey - WHS03
Lao People's Democratic Republic,LA,LAO,418,Urban,1,Flush and pour flush - to piped sewer system,0.068,Multiple Indicator Cluster Survey - MICS06
Lao People's Democratic Republic,LA,LAO,418,Urban,2,Flush and pour flush - to septic tank,0.384,Multiple Indicator Cluster Survey - MICS06
Lao People's Democratic Republic,LA,LAO,418,Urban,3,Flush and pour flush - to pit,0.379,Multiple Indicator Cluster Survey - MICS06
Lao People's Democratic Republic,LA,LAO,418,Urban,4,Flush and pour flush - to unknown place/ not sure/DK,0.001,Multiple Indicator Cluster Survey - MICS06
Lao People's Democratic Republic,LA,LAO,418,Urban,5,Flush and pour flush - to elsewhere,0.005,Multiple Indicator Cluster Survey - MICS06
Lao People's Democratic Republic,LA,LAO,418,Urban,6,Dry latrines - Ventilated Improved Pit latrine,0.0,Multiple Indicator Cluster Survey - MICS06
Lao People's Democratic Republic,LA,LAO,418,Urban,7,Dry latrines - Pit latrine with slab/covered latrine,0.004,Multiple Indicator Cluster Survey - MICS06
Lao People's Democratic Republic,LA,LAO,418,Urban,8,Dry latrines - Traditional latrine,0.0,Multiple Indicator Cluster Survey - MICS06
Lao People's Democratic Republic,LA,LAO,418,Urban,9,Dry latrines - Pit latrine without slab/open pit,0.013,Multiple Indicator Cluster Survey - MICS06
Lao People's Democratic Republic,LA,LAO,418,Urban,10,Dry latrines - Hanging toilet/hanging latrine,0.01,Multiple Indicator Cluster Survey - MICS06
Lao People's Democratic Republic,LA,LAO,418,Urban,11,Dry latrines - Bucket latrine,0.0,Multiple Indicator Cluster Survey - MICS06
Lao People's Democratic Republic,LA,LAO,418,Urban,12,Dry latrines - Other,0.0,Multiple Indicator Cluster Survey - MICS06
Lao People's Democratic Republic,LA,LAO,418,Urban,13,Composting toilets,0.0,Multiple Indicator Cluster Survey - MICS06
Lao People's Democratic Republic,LA,LAO,418,Urban,14,Other improved,0.0,Multiple Indicator Cluster Survey - MICS06
Lao People's Democratic Republic,LA,LAO,418,Urban,15,"No facility, bush, field",0.137,Multiple Indicator Cluster Survey - MICS06
Lao People's Democratic Republic,LA,LAO,418,Urban,16,Other unimproved,0.0,Multiple Indicator Cluster Survey - MICS06
Lao People's Democratic Republic,LA,LAO,418,Urban,17,DK/missing information,0.0,Multiple Indicator Cluster Survey - MICS06
Lao People's Democratic Republic,LA,LAO,418,Rural,1,Flush and pour flush - to piped sewer system,0.004,Multiple Indicator Cluster Survey - MICS06
Lao People's Democratic Republic,LA,LAO,418,Rural,2,Flush and pour flush - to septic tank,0.073,Multiple Indicator Cluster Survey - MICS06
Lao People's Democratic Republic,LA,LAO,418,Rural,3,Flush and pour flush - to pit,0.236,Multiple Indicator Cluster Survey - MICS06
Lao People's Democratic Republic,LA,LAO,418,Rural,4,Flush and pour flush - to unknown place/ not sure/DK,0.0,Multiple Indicator Cluster Survey - MICS06
Lao People's Democratic Republic,LA,LAO,418,Rural,5,Flush and pour flush - to elsewhere,0.003,Multiple Indicator Cluster Survey - MICS06
Lao People's Democratic Republic,LA,LAO,418,Rural,6,Dry latrines - Ventilated Improved Pit latrine,0.0,Multiple Indicator Cluster Survey - MICS06
Lao People's Democratic Republic,LA,LAO,418,Rural,7,Dry latrines - Pit latrine with slab/covered latrine,0.011,Multiple Indicator Cluster Survey - MICS06
Lao People's Democratic Republic,LA,LAO,418,Rural,8,Dry latrines - Traditional latrine,0.0,Multiple Indicator Cluster Survey - MICS06
Lao People's Democratic Republic,LA,LAO,418,Rural,9,Dry latrines - Pit latrine without slab/open pit,0.047,Multiple Indicator Cluster Survey - MICS06
Lao People's Democratic Republic,LA,LAO,418,Rural,10,Dry latrines - Hanging toilet/hanging latrine,0.009,Multiple Indicator Cluster Survey - MICS06
Lao People's Democratic Republic,LA,LAO,418,Rural,11,Dry latrines - Bucket latrine,0.0,Multiple Indicator Cluster Survey - MICS06
Lao People's Democratic Republic,LA,LAO,418,Rural,12,Dry latrines - Other,0.0,Multiple Indicator Cluster Survey - MICS06
Lao People's Democratic Republic,LA,LAO,418,Rural,13,Composting toilets,0.0,Multiple Indicator Cluster Survey - MICS06
Lao People's Democratic Republic,LA,LAO,418,Rural,14,Other improved,0.0,Multiple Indicator Cluster Survey - MICS06
Lao People's Democratic Republic,LA,LAO,418,Rural,15,"No facility, bush, field",0.617,Multiple Indicator Cluster Survey - MICS06
Lao People's Democratic Republic,LA,LAO,418,Rural,16,Other unimproved,0.0,Multiple Indicator Cluster Survey - MICS06
Lao People's Democratic Republic,LA,LAO,418,Rural,17,DK/missing information,0.0,Multiple Indicator Cluster Survey - MICS06
Lao People's Democratic Republic,LA,LAO,418,Urban,1,Flush and pour flush - to piped sewer system,0.013,Multiple Indicator Cluster Survey (MICS) & PDRLao Social Indicator Survey (LSIS) 2011-2012 - MICS12
Lao People's Democratic Republic,LA,LAO,418,Urban,2,Flush and pour flush - to septic tank,0.479,Multiple Indicator Cluster Survey (MICS) & PDRLao Social Indicator Survey (LSIS) 2011-2012 - MICS12
Lao People's Democratic Republic,LA,LAO,418,Urban,3,Flush and pour flush - to pit,0.414,Multiple Indicator Cluster Survey (MICS) & PDRLao Social Indicator Survey (LSIS) 2011-2012 - MICS12
Lao People's Democratic Republic,LA,LAO,418,Urban,4,Flush and pour flush - to unknown place/ not sure/DK,0.0,Multiple Indicator Cluster Survey (MICS) & PDRLao Social Indicator Survey (LSIS) 2011-2012 - MICS12
Lao People's Democratic Republic,LA,LAO,418,Urban,5,Flush and pour flush - to elsewhere,0.0,Multiple Indicator Cluster Survey (MICS) & PDRLao Social Indicator Survey (LSIS) 2011-2012 - MICS12
Lao People's Democratic Republic,LA,LAO,418,Urban,6,Dry latrines - Ventilated Improved Pit latrine,0.002,Multiple Indicator Cluster Survey (MICS) & PDRLao Social Indicator Survey (LSIS) 2011-2012 - MICS12
Lao People's Democratic Republic,LA,LAO,418,Urban,7,Dry latrines - Pit latrine with slab/covered latrine,0.004,Multiple Indicator Cluster Survey (MICS) & PDRLao Social Indicator Survey (LSIS) 2011-2012 - MICS12
Lao People's Democratic Republic,LA,LAO,418,Urban,8,Dry latrines - Traditional latrine,0.0,Multiple Indicator Cluster Survey (MICS) & PDRLao Social Indicator Survey (LSIS) 2011-2012 - MICS12
Lao People's Democratic Republic,LA,LAO,418,Urban,9,Dry latrines - Pit latrine without slab/open pit,0.005,Multiple Indicator Cluster Survey (MICS) & PDRLao Social Indicator Survey (LSIS) 2011-2012 - MICS12
Lao People's Democratic Republic,LA,LAO,418,Urban,10,Dry latrines - Hanging toilet/hanging latrine,0.0,Multiple Indicator Cluster Survey (MICS) & PDRLao Social Indicator Survey (LSIS) 2011-2012 - MICS12
Lao People's Democratic Republic,LA,LAO,418,Urban,11,Dry latrines - Bucket latrine,0.001,Multiple Indicator Cluster Survey (MICS) & PDRLao Social Indicator Survey (LSIS) 2011-2012 - MICS12
Lao People's Democratic Republic,LA,LAO,418,Urban,12,Dry latrines - Other,0.0,Multiple Indicator Cluster Survey (MICS) & PDRLao Social Indicator Survey (LSIS) 2011-2012 - MICS12
Lao People's Democratic Republic,LA,LAO,418,Urban,13,Composting toilets,0.0,Multiple Indicator Cluster Survey (MICS) & PDRLao Social Indicator Survey (LSIS) 2011-2012 - MICS12
Lao People's Democratic Republic,LA,LAO,418,Urban,14,Other improved,0.0,Multiple Indicator Cluster Survey (MICS) & PDRLao Social Indicator Survey (LSIS) 2011-2012 - MICS12
Lao People's Democratic Republic,LA,LAO,418,Urban,15,"No facility, bush, field",0.077,Multiple Indicator Cluster Survey (MICS) & PDRLao Social Indicator Survey (LSIS) 2011-2012 - MICS12
Lao People's Democratic Republic,LA,LAO,418,Urban,16,Other unimproved,0.004,Multiple Indicator Cluster Survey (MICS) & PDRLao Social Indicator Survey (LSIS) 2011-2012 - MICS12
Lao People's Democratic Republic,LA,LAO,418,Urban,17,DK/missing information,0.0,Multiple Indicator Cluster Survey (MICS) & PDRLao Social Indicator Survey (LSIS) 2011-2012 - MICS12
Lao People's Democratic Republic,LA,LAO,418,Rural,1,Flush and pour flush - to piped sewer system,0.001,Multiple Indicator Cluster Survey (MICS) & PDRLao Social Indicator Survey (LSIS) 2011-2012 - MICS12
Lao People's Democratic Republic,LA,LAO,418,Rural,2,Flush and pour flush - to septic tank,0.14,Multiple Indicator Cluster Survey (MICS) & PDRLao Social Indicator Survey (LSIS) 2011-2012 - MICS12
Lao People's Democratic Republic,LA,LAO,418,Rural,3,Flush and pour flush - to pit,0.332,Multiple Indicator Cluster Survey (MICS) & PDRLao Social Indicator Survey (LSIS) 2011-2012 - MICS12
Lao People's Democratic Republic,LA,LAO,418,Rural,4,Flush and pour flush - to unknown place/ not sure/DK,0.0,Multiple Indicator Cluster Survey (MICS) & PDRLao Social Indicator Survey (LSIS) 2011-2012 - MICS12
Lao People's Democratic Republic,LA,LAO,418,Rural,5,Flush and pour flush - to elsewhere,0.0,Multiple Indicator Cluster Survey (MICS) & PDRLao Social Indicator Survey (LSIS) 2011-2012 - MICS12
Lao People's Democratic Republic,LA,LAO,418,Rural,6,Dry latrines - Ventilated Improved Pit latrine,0.001,Multiple Indicator Cluster Survey (MICS) & PDRLao Social Indicator Survey (LSIS) 2011-2012 - MICS12
Lao People's Democratic Republic,LA,LAO,418,Rural,7,Dry latrines - Pit latrine with slab/covered latrine,0.007,Multiple Indicator Cluster Survey (MICS) & PDRLao Social Indicator Survey (LSIS) 2011-2012 - MICS12
Lao People's Democratic Republic,LA,LAO,418,Rural,8,Dry latrines - Traditional latrine,0.0,Multiple Indicator Cluster Survey (MICS) & PDRLao Social Indicator Survey (LSIS) 2011-2012 - MICS12
Lao People's Democratic Republic,LA,LAO,418,Rural,9,Dry latrines - Pit latrine without slab/open pit,0.029,Multiple Indicator Cluster Survey (MICS) & PDRLao Social Indicator Survey (LSIS) 2011-2012 - MICS12
Lao People's Democratic Republic,LA,LAO,418,Rural,10,Dry latrines - Hanging toilet/hanging latrine,0.0,Multiple Indicator Cluster Survey (MICS) & PDRLao Social Indicator Survey (LSIS) 2011-2012 - MICS12
Lao People's Democratic Republic,LA,LAO,418,Rural,11,Dry latrines - Bucket latrine,0.001,Multiple Indicator Cluster Survey (MICS) & PDRLao Social Indicator Survey (LSIS) 2011-2012 - MICS12
Lao People's Democratic Republic,LA,LAO,418,Rural,12,Dry latrines - Other,0.0,Multiple Indicator Cluster Survey (MICS) & PDRLao Social Indicator Survey (LSIS) 2011-2012 - MICS12
Lao People's Democratic Republic,LA,LAO,418,Rural,13,Composting toilets,0.002,Multiple Indicator Cluster Survey (MICS) & PDRLao Social Indicator Survey (LSIS) 2011-2012 - MICS12
Lao People's Democratic Republic,LA,LAO,418,Rural,14,Other improved,0.0,Multiple Indicator Cluster Survey (MICS) & PDRLao Social Indicator Survey (LSIS) 2011-2012 - MICS12
Lao People's Democratic Republic,LA,LAO,418,Rural,15,"No facility, bush, field",0.482,Multiple Indicator Cluster Survey (MICS) & PDRLao Social Indicator Survey (LSIS) 2011-2012 - MICS12
Lao People's Democratic Republic,LA,LAO,418,Rural,16,Other unimproved,0.005,Multiple Indicator Cluster Survey (MICS) & PDRLao Social Indicator Survey (LSIS) 2011-2012 - MICS12
Lao People's Democratic Republic,LA,LAO,418,Rural,17,DK/missing information,0.0,Multiple Indicator Cluster Survey (MICS) & PDRLao Social Indicator Survey (LSIS) 2011-2012 - MICS12
Lao People's Democratic Republic,LA,LAO,418,Urban,1,Flush and pour flush - to piped sewer system,0.013,Lao Social Indicator Survey 2017 - LSIS17
Lao People's Democratic Republic,LA,LAO,418,Urban,2,Flush and pour flush - to septic tank,0.223,Lao Social Indicator Survey 2017 - LSIS17
Lao People's Democratic Republic,LA,LAO,418,Urban,3,Flush and pour flush - to pit,0.698,Lao Social Indicator Survey 2017 - LSIS17
Lao People's Democratic Republic,LA,LAO,418,Urban,4,Flush and pour flush - to unknown place/ not sure/DK,0.005,Lao Social Indicator Survey 2017 - LSIS17
Lao People's Democratic Republic,LA,LAO,418,Urban,5,Flush and pour flush - to elsewhere,0.013,Lao Social Indicator Survey 2017 - LSIS17
Lao People's Democratic Republic,LA,LAO,418,Urban,6,Dry latrines - Ventilated Improved Pit latrine,0.001,Lao Social Indicator Survey 2017 - LSIS17
Lao People's Democratic Republic,LA,LAO,418,Urban,7,Dry latrines - Pit latrine with slab/covered latrine,0.001,Lao Social Indicator Survey 2017 - LSIS17
Lao People's Democratic Republic,LA,LAO,418,Urban,8,Dry latrines - Traditional latrine,0.0,Lao Social Indicator Survey 2017 - LSIS17
Lao People's Democratic Republic,LA,LAO,418,Urban,9,Dry latrines - Pit latrine without slab/open pit,0.0,Lao Social Indicator Survey 2017 - LSIS17
Lao People's Democratic Republic,LA,LAO,418,Urban,10,Dry latrines - Hanging toilet/hanging latrine,0.0,Lao Social Indicator Survey 2017 - LSIS17
Lao People's Democratic Republic,LA,LAO,418,Urban,11,Dry latrines - Bucket latrine,0.0,Lao Social Indicator Survey 2017 - LSIS17
Lao People's Democratic Republic,LA,LAO,418,Urban,12,Dry latrines - Other,0.0,Lao Social Indicator Survey 2017 - LSIS17
Lao People's Democratic Republic,LA,LAO,418,Urban,13,Composting toilets,0.0,Lao Social Indicator Survey 2017 - LSIS17
Lao People's Democratic Republic,LA,LAO,418,Urban,14,Other improved,0.0,Lao Social Indicator Survey 2017 - LSIS17
Lao People's Democratic Republic,LA,LAO,418,Urban,15,"No facility, bush, field",0.042,Lao Social Indicator Survey 2017 - LSIS17
Lao People's Democratic Republic,LA,LAO,418,Urban,16,Other unimproved,0.003,Lao Social Indicator Survey 2017 - LSIS17
Lao People's Democratic Republic,LA,LAO,418,Urban,17,DK/missing information,0.0,Lao Social Indicator Survey 2017 - LSIS17
Lao People's Democratic Republic,LA,LAO,418,Rural,1,Flush and pour flush - to piped sewer system,0.009,Lao Social Indicator Survey 2017 - LSIS17
Lao People's Democratic Republic,LA,LAO,418,Rural,2,Flush and pour flush - to septic tank,0.055,Lao Social Indicator Survey 2017 - LSIS17
Lao People's Democratic Republic,LA,LAO,418,Rural,3,Flush and pour flush - to pit,0.571,Lao Social Indicator Survey 2017 - LSIS17
Lao People's Democratic Republic,LA,LAO,418,Rural,4,Flush and pour flush - to unknown place/ not sure/DK,0.009,Lao Social Indicator Survey 2017 - LSIS17
Lao People's Democratic Republic,LA,LAO,418,Rural,5,Flush and pour flush - to elsewhere,0.015,Lao Social Indicator Survey 2017 - LSIS17
Lao People's Democratic Republic,LA,LAO,418,Rural,6,Dry latrines - Ventilated Improved Pit latrine,0.001,Lao Social Indicator Survey 2017 - LSIS17
Lao People's Democratic Republic,LA,LAO,418,Rural,7,Dry latrines - Pit latrine with slab/covered latrine,0.004,Lao Social Indicator Survey 2017 - LSIS17
Lao People's Democratic Republic,LA,LAO,418,Rural,8,Dry latrines - Traditional latrine,0.0,Lao Social Indicator Survey 2017 - LSIS17
Lao People's Democratic Republic,LA,LAO,418,Rural,9,Dry latrines - Pit latrine without slab/open pit,0.004,Lao Social Indicator Survey 2017 - LSIS17
Lao People's Democratic Republic,LA,LAO,418,Rural,10,Dry latrines - Hanging toilet/hanging latrine,0.0,Lao Social Indicator Survey 2017 - LSIS17
Lao People's Democratic Republic,LA,LAO,418,Rural,11,Dry latrines - Bucket latrine,0.0,Lao Social Indicator Survey 2017 - LSIS17
Lao People's Democratic Republic,LA,LAO,418,Rural,12,Dry latrines - Other,0.0,Lao Social Indicator Survey 2017 - LSIS17
Lao People's Democratic Republic,LA,LAO,418,Rural,13,Composting toilets,0.001,Lao Social Indicator Survey 2017 - LSIS17
Lao People's Democratic Republic,LA,LAO,418,Rural,14,Other improved,0.0,Lao Social Indicator Survey 2017 - LSIS17
Lao People's Democratic Republic,LA,LAO,418,Rural,15,"No facility, bush, field",0.326,Lao Social Indicator Survey 2017 - LSIS17
Lao People's Democratic Republic,LA,LAO,418,Rural,16,Other unimproved,0.006,Lao Social Indicator Survey 2017 - LSIS17
Lao People's Democratic Republic,LA,LAO,418,Rural,17,DK/missing information,0.0,Lao Social Indicator Survey 2017 - LSIS17
