country,alpha-2,alpha-3,numeric,context,classific_id,classification,percentage,source
Mexico,MX,MEX,484,Urban,1,Flush and pour flush - to piped sewer system,0.766,National Census  - CEN00
Mexico,MX,MEX,484,Urban,2,Flush and pour flush - to septic tank,0.082,National Census  - CEN00
Mexico,MX,MEX,484,Urban,3,Flush and pour flush - to pit,0.0,National Census  - CEN00
Mexico,MX,MEX,484,Urban,4,Flush and pour flush - to unknown place/ not sure/DK,0.0,National Census  - CEN00
Mexico,MX,MEX,484,Urban,5,Flush and pour flush - to elsewhere,0.0,National Census  - CEN00
Mexico,MX,MEX,484,Urban,6,Dry latrines - Ventilated Improved Pit latrine,0.0,National Census  - CEN00
Mexico,MX,MEX,484,Urban,7,Dry latrines - Pit latrine with slab/covered latrine,0.0,National Census  - CEN00
Mexico,MX,MEX,484,Urban,8,Dry latrines - Traditional latrine,0.06,National Census  - CEN00
Mexico,MX,MEX,484,Urban,9,Dry latrines - Pit latrine without slab/open pit,0.0,National Census  - CEN00
Mexico,MX,MEX,484,Urban,10,Dry latrines - Hanging toilet/hanging latrine,0.0,National Census  - CEN00
Mexico,MX,MEX,484,Urban,11,Dry latrines - Bucket latrine,0.0,National Census  - CEN00
Mexico,MX,MEX,484,Urban,12,Dry latrines - Other,0.0,National Census  - CEN00
Mexico,MX,MEX,484,Urban,13,Composting toilets,0.0,National Census  - CEN00
Mexico,MX,MEX,484,Urban,14,Other improved,0.053,National Census  - CEN00
Mexico,MX,MEX,484,Urban,15,"No facility, bush, field",0.039,National Census  - CEN00
Mexico,MX,MEX,484,Urban,16,Other unimproved,0.0,National Census  - CEN00
Mexico,MX,MEX,484,Urban,17,DK/missing information,0.0,National Census  - CEN00
Mexico,MX,MEX,484,Rural,1,Flush and pour flush - to piped sewer system,0.101,National Census  - CEN00
Mexico,MX,MEX,484,Rural,2,Flush and pour flush - to septic tank,0.159,National Census  - CEN00
Mexico,MX,MEX,484,Rural,3,Flush and pour flush - to pit,0.0,National Census  - CEN00
Mexico,MX,MEX,484,Rural,4,Flush and pour flush - to unknown place/ not sure/DK,0.0,National Census  - CEN00
Mexico,MX,MEX,484,Rural,5,Flush and pour flush - to elsewhere,0.0,National Census  - CEN00
Mexico,MX,MEX,484,Rural,6,Dry latrines - Ventilated Improved Pit latrine,0.0,National Census  - CEN00
Mexico,MX,MEX,484,Rural,7,Dry latrines - Pit latrine with slab/covered latrine,0.0,National Census  - CEN00
Mexico,MX,MEX,484,Rural,8,Dry latrines - Traditional latrine,0.323,National Census  - CEN00
Mexico,MX,MEX,484,Rural,9,Dry latrines - Pit latrine without slab/open pit,0.0,National Census  - CEN00
Mexico,MX,MEX,484,Rural,10,Dry latrines - Hanging toilet/hanging latrine,0.0,National Census  - CEN00
Mexico,MX,MEX,484,Rural,11,Dry latrines - Bucket latrine,0.0,National Census  - CEN00
Mexico,MX,MEX,484,Rural,12,Dry latrines - Other,0.0,National Census  - CEN00
Mexico,MX,MEX,484,Rural,13,Composting toilets,0.0,National Census  - CEN00
Mexico,MX,MEX,484,Rural,14,Other improved,0.107,National Census  - CEN00
Mexico,MX,MEX,484,Rural,15,"No facility, bush, field",0.31,National Census  - CEN00
Mexico,MX,MEX,484,Rural,16,Other unimproved,0.0,National Census  - CEN00
Mexico,MX,MEX,484,Rural,17,DK/missing information,0.0,National Census  - CEN00
Mexico,MX,MEX,484,Urban,1,Flush and pour flush - to piped sewer system,0.783,"Encuesta Nacional de Ingresos y Gastos de los Hogares, ENIGH - ENIGH04"
Mexico,MX,MEX,484,Urban,2,Flush and pour flush - to septic tank,0.095,"Encuesta Nacional de Ingresos y Gastos de los Hogares, ENIGH - ENIGH04"
Mexico,MX,MEX,484,Urban,3,Flush and pour flush - to pit,0.0,"Encuesta Nacional de Ingresos y Gastos de los Hogares, ENIGH - ENIGH04"
Mexico,MX,MEX,484,Urban,4,Flush and pour flush - to unknown place/ not sure/DK,0.0,"Encuesta Nacional de Ingresos y Gastos de los Hogares, ENIGH - ENIGH04"
Mexico,MX,MEX,484,Urban,5,Flush and pour flush - to elsewhere,0.01,"Encuesta Nacional de Ingresos y Gastos de los Hogares, ENIGH - ENIGH04"
Mexico,MX,MEX,484,Urban,6,Dry latrines - Ventilated Improved Pit latrine,0.0,"Encuesta Nacional de Ingresos y Gastos de los Hogares, ENIGH - ENIGH04"
Mexico,MX,MEX,484,Urban,7,Dry latrines - Pit latrine with slab/covered latrine,0.0,"Encuesta Nacional de Ingresos y Gastos de los Hogares, ENIGH - ENIGH04"
Mexico,MX,MEX,484,Urban,8,Dry latrines - Traditional latrine,0.0,"Encuesta Nacional de Ingresos y Gastos de los Hogares, ENIGH - ENIGH04"
Mexico,MX,MEX,484,Urban,9,Dry latrines - Pit latrine without slab/open pit,0.0,"Encuesta Nacional de Ingresos y Gastos de los Hogares, ENIGH - ENIGH04"
Mexico,MX,MEX,484,Urban,10,Dry latrines - Hanging toilet/hanging latrine,0.0,"Encuesta Nacional de Ingresos y Gastos de los Hogares, ENIGH - ENIGH04"
Mexico,MX,MEX,484,Urban,11,Dry latrines - Bucket latrine,0.0,"Encuesta Nacional de Ingresos y Gastos de los Hogares, ENIGH - ENIGH04"
Mexico,MX,MEX,484,Urban,12,Dry latrines - Other,0.0,"Encuesta Nacional de Ingresos y Gastos de los Hogares, ENIGH - ENIGH04"
Mexico,MX,MEX,484,Urban,13,Composting toilets,0.0,"Encuesta Nacional de Ingresos y Gastos de los Hogares, ENIGH - ENIGH04"
Mexico,MX,MEX,484,Urban,14,Other improved,0.0,"Encuesta Nacional de Ingresos y Gastos de los Hogares, ENIGH - ENIGH04"
Mexico,MX,MEX,484,Urban,15,"No facility, bush, field",0.077,"Encuesta Nacional de Ingresos y Gastos de los Hogares, ENIGH - ENIGH04"
Mexico,MX,MEX,484,Urban,16,Other unimproved,0.111,"Encuesta Nacional de Ingresos y Gastos de los Hogares, ENIGH - ENIGH04"
Mexico,MX,MEX,484,Urban,17,DK/missing information,0.0,"Encuesta Nacional de Ingresos y Gastos de los Hogares, ENIGH - ENIGH04"
Mexico,MX,MEX,484,Rural,1,Flush and pour flush - to piped sewer system,0.283,"Encuesta Nacional de Ingresos y Gastos de los Hogares, ENIGH - ENIGH04"
Mexico,MX,MEX,484,Rural,2,Flush and pour flush - to septic tank,0.318,"Encuesta Nacional de Ingresos y Gastos de los Hogares, ENIGH - ENIGH04"
Mexico,MX,MEX,484,Rural,3,Flush and pour flush - to pit,0.0,"Encuesta Nacional de Ingresos y Gastos de los Hogares, ENIGH - ENIGH04"
Mexico,MX,MEX,484,Rural,4,Flush and pour flush - to unknown place/ not sure/DK,0.0,"Encuesta Nacional de Ingresos y Gastos de los Hogares, ENIGH - ENIGH04"
Mexico,MX,MEX,484,Rural,5,Flush and pour flush - to elsewhere,0.026,"Encuesta Nacional de Ingresos y Gastos de los Hogares, ENIGH - ENIGH04"
Mexico,MX,MEX,484,Rural,6,Dry latrines - Ventilated Improved Pit latrine,0.0,"Encuesta Nacional de Ingresos y Gastos de los Hogares, ENIGH - ENIGH04"
Mexico,MX,MEX,484,Rural,7,Dry latrines - Pit latrine with slab/covered latrine,0.0,"Encuesta Nacional de Ingresos y Gastos de los Hogares, ENIGH - ENIGH04"
Mexico,MX,MEX,484,Rural,8,Dry latrines - Traditional latrine,0.0,"Encuesta Nacional de Ingresos y Gastos de los Hogares, ENIGH - ENIGH04"
Mexico,MX,MEX,484,Rural,9,Dry latrines - Pit latrine without slab/open pit,0.0,"Encuesta Nacional de Ingresos y Gastos de los Hogares, ENIGH - ENIGH04"
Mexico,MX,MEX,484,Rural,10,Dry latrines - Hanging toilet/hanging latrine,0.0,"Encuesta Nacional de Ingresos y Gastos de los Hogares, ENIGH - ENIGH04"
Mexico,MX,MEX,484,Rural,11,Dry latrines - Bucket latrine,0.0,"Encuesta Nacional de Ingresos y Gastos de los Hogares, ENIGH - ENIGH04"
Mexico,MX,MEX,484,Rural,12,Dry latrines - Other,0.0,"Encuesta Nacional de Ingresos y Gastos de los Hogares, ENIGH - ENIGH04"
Mexico,MX,MEX,484,Rural,13,Composting toilets,0.0,"Encuesta Nacional de Ingresos y Gastos de los Hogares, ENIGH - ENIGH04"
Mexico,MX,MEX,484,Rural,14,Other improved,0.0,"Encuesta Nacional de Ingresos y Gastos de los Hogares, ENIGH - ENIGH04"
Mexico,MX,MEX,484,Rural,15,"No facility, bush, field",0.278,"Encuesta Nacional de Ingresos y Gastos de los Hogares, ENIGH - ENIGH04"
Mexico,MX,MEX,484,Rural,16,Other unimproved,0.373,"Encuesta Nacional de Ingresos y Gastos de los Hogares, ENIGH - ENIGH04"
Mexico,MX,MEX,484,Rural,17,DK/missing information,0.0,"Encuesta Nacional de Ingresos y Gastos de los Hogares, ENIGH - ENIGH04"
Mexico,MX,MEX,484,Urban,1,Flush and pour flush - to piped sewer system,0.827,National Census  - CEN05
Mexico,MX,MEX,484,Urban,2,Flush and pour flush - to septic tank,0.102,National Census  - CEN05
Mexico,MX,MEX,484,Urban,3,Flush and pour flush - to pit,0.0,National Census  - CEN05
Mexico,MX,MEX,484,Urban,4,Flush and pour flush - to unknown place/ not sure/DK,0.0,National Census  - CEN05
Mexico,MX,MEX,484,Urban,5,Flush and pour flush - to elsewhere,0.014,National Census  - CEN05
Mexico,MX,MEX,484,Urban,6,Dry latrines - Ventilated Improved Pit latrine,0.0,National Census  - CEN05
Mexico,MX,MEX,484,Urban,7,Dry latrines - Pit latrine with slab/covered latrine,0.0,National Census  - CEN05
Mexico,MX,MEX,484,Urban,8,Dry latrines - Traditional latrine,0.0,National Census  - CEN05
Mexico,MX,MEX,484,Urban,9,Dry latrines - Pit latrine without slab/open pit,0.0,National Census  - CEN05
Mexico,MX,MEX,484,Urban,10,Dry latrines - Hanging toilet/hanging latrine,0.0,National Census  - CEN05
Mexico,MX,MEX,484,Urban,11,Dry latrines - Bucket latrine,0.0,National Census  - CEN05
Mexico,MX,MEX,484,Urban,12,Dry latrines - Other,0.0,National Census  - CEN05
Mexico,MX,MEX,484,Urban,13,Composting toilets,0.0,National Census  - CEN05
Mexico,MX,MEX,484,Urban,14,Other improved,0.0,National Census  - CEN05
Mexico,MX,MEX,484,Urban,15,"No facility, bush, field",0.031,National Census  - CEN05
Mexico,MX,MEX,484,Urban,16,Other unimproved,0.054,National Census  - CEN05
Mexico,MX,MEX,484,Urban,17,DK/missing information,0.002,National Census  - CEN05
Mexico,MX,MEX,484,Rural,1,Flush and pour flush - to piped sewer system,0.193,National Census  - CEN05
Mexico,MX,MEX,484,Rural,2,Flush and pour flush - to septic tank,0.34,National Census  - CEN05
Mexico,MX,MEX,484,Rural,3,Flush and pour flush - to pit,0.0,National Census  - CEN05
Mexico,MX,MEX,484,Rural,4,Flush and pour flush - to unknown place/ not sure/DK,0.0,National Census  - CEN05
Mexico,MX,MEX,484,Rural,5,Flush and pour flush - to elsewhere,0.041,National Census  - CEN05
Mexico,MX,MEX,484,Rural,6,Dry latrines - Ventilated Improved Pit latrine,0.0,National Census  - CEN05
Mexico,MX,MEX,484,Rural,7,Dry latrines - Pit latrine with slab/covered latrine,0.0,National Census  - CEN05
Mexico,MX,MEX,484,Rural,8,Dry latrines - Traditional latrine,0.0,National Census  - CEN05
Mexico,MX,MEX,484,Rural,9,Dry latrines - Pit latrine without slab/open pit,0.0,National Census  - CEN05
Mexico,MX,MEX,484,Rural,10,Dry latrines - Hanging toilet/hanging latrine,0.0,National Census  - CEN05
Mexico,MX,MEX,484,Rural,11,Dry latrines - Bucket latrine,0.0,National Census  - CEN05
Mexico,MX,MEX,484,Rural,12,Dry latrines - Other,0.0,National Census  - CEN05
Mexico,MX,MEX,484,Rural,13,Composting toilets,0.0,National Census  - CEN05
Mexico,MX,MEX,484,Rural,14,Other improved,0.0,National Census  - CEN05
Mexico,MX,MEX,484,Rural,15,"No facility, bush, field",0.3,National Census  - CEN05
Mexico,MX,MEX,484,Rural,16,Other unimproved,0.424,National Census  - CEN05
Mexico,MX,MEX,484,Rural,17,DK/missing information,0.001,National Census  - CEN05
Mexico,MX,MEX,484,Urban,1,Flush and pour flush - to piped sewer system,0.808,"Encuesta Nacional de Ingresos y Gastos de los Hogares, ENIGH - ENIGH06"
Mexico,MX,MEX,484,Urban,2,Flush and pour flush - to septic tank,0.092,"Encuesta Nacional de Ingresos y Gastos de los Hogares, ENIGH - ENIGH06"
Mexico,MX,MEX,484,Urban,3,Flush and pour flush - to pit,0.0,"Encuesta Nacional de Ingresos y Gastos de los Hogares, ENIGH - ENIGH06"
Mexico,MX,MEX,484,Urban,4,Flush and pour flush - to unknown place/ not sure/DK,0.0,"Encuesta Nacional de Ingresos y Gastos de los Hogares, ENIGH - ENIGH06"
Mexico,MX,MEX,484,Urban,5,Flush and pour flush - to elsewhere,0.01,"Encuesta Nacional de Ingresos y Gastos de los Hogares, ENIGH - ENIGH06"
Mexico,MX,MEX,484,Urban,6,Dry latrines - Ventilated Improved Pit latrine,0.0,"Encuesta Nacional de Ingresos y Gastos de los Hogares, ENIGH - ENIGH06"
Mexico,MX,MEX,484,Urban,7,Dry latrines - Pit latrine with slab/covered latrine,0.0,"Encuesta Nacional de Ingresos y Gastos de los Hogares, ENIGH - ENIGH06"
Mexico,MX,MEX,484,Urban,8,Dry latrines - Traditional latrine,0.0,"Encuesta Nacional de Ingresos y Gastos de los Hogares, ENIGH - ENIGH06"
Mexico,MX,MEX,484,Urban,9,Dry latrines - Pit latrine without slab/open pit,0.0,"Encuesta Nacional de Ingresos y Gastos de los Hogares, ENIGH - ENIGH06"
Mexico,MX,MEX,484,Urban,10,Dry latrines - Hanging toilet/hanging latrine,0.0,"Encuesta Nacional de Ingresos y Gastos de los Hogares, ENIGH - ENIGH06"
Mexico,MX,MEX,484,Urban,11,Dry latrines - Bucket latrine,0.0,"Encuesta Nacional de Ingresos y Gastos de los Hogares, ENIGH - ENIGH06"
Mexico,MX,MEX,484,Urban,12,Dry latrines - Other,0.0,"Encuesta Nacional de Ingresos y Gastos de los Hogares, ENIGH - ENIGH06"
Mexico,MX,MEX,484,Urban,13,Composting toilets,0.0,"Encuesta Nacional de Ingresos y Gastos de los Hogares, ENIGH - ENIGH06"
Mexico,MX,MEX,484,Urban,14,Other improved,0.0,"Encuesta Nacional de Ingresos y Gastos de los Hogares, ENIGH - ENIGH06"
Mexico,MX,MEX,484,Urban,15,"No facility, bush, field",0.063,"Encuesta Nacional de Ingresos y Gastos de los Hogares, ENIGH - ENIGH06"
Mexico,MX,MEX,484,Urban,16,Other unimproved,0.09,"Encuesta Nacional de Ingresos y Gastos de los Hogares, ENIGH - ENIGH06"
Mexico,MX,MEX,484,Urban,17,DK/missing information,0.0,"Encuesta Nacional de Ingresos y Gastos de los Hogares, ENIGH - ENIGH06"
Mexico,MX,MEX,484,Rural,1,Flush and pour flush - to piped sewer system,0.315,"Encuesta Nacional de Ingresos y Gastos de los Hogares, ENIGH - ENIGH06"
Mexico,MX,MEX,484,Rural,2,Flush and pour flush - to septic tank,0.301,"Encuesta Nacional de Ingresos y Gastos de los Hogares, ENIGH - ENIGH06"
Mexico,MX,MEX,484,Rural,3,Flush and pour flush - to pit,0.0,"Encuesta Nacional de Ingresos y Gastos de los Hogares, ENIGH - ENIGH06"
Mexico,MX,MEX,484,Rural,4,Flush and pour flush - to unknown place/ not sure/DK,0.0,"Encuesta Nacional de Ingresos y Gastos de los Hogares, ENIGH - ENIGH06"
Mexico,MX,MEX,484,Rural,5,Flush and pour flush - to elsewhere,0.054,"Encuesta Nacional de Ingresos y Gastos de los Hogares, ENIGH - ENIGH06"
Mexico,MX,MEX,484,Rural,6,Dry latrines - Ventilated Improved Pit latrine,0.0,"Encuesta Nacional de Ingresos y Gastos de los Hogares, ENIGH - ENIGH06"
Mexico,MX,MEX,484,Rural,7,Dry latrines - Pit latrine with slab/covered latrine,0.0,"Encuesta Nacional de Ingresos y Gastos de los Hogares, ENIGH - ENIGH06"
Mexico,MX,MEX,484,Rural,8,Dry latrines - Traditional latrine,0.0,"Encuesta Nacional de Ingresos y Gastos de los Hogares, ENIGH - ENIGH06"
Mexico,MX,MEX,484,Rural,9,Dry latrines - Pit latrine without slab/open pit,0.0,"Encuesta Nacional de Ingresos y Gastos de los Hogares, ENIGH - ENIGH06"
Mexico,MX,MEX,484,Rural,10,Dry latrines - Hanging toilet/hanging latrine,0.0,"Encuesta Nacional de Ingresos y Gastos de los Hogares, ENIGH - ENIGH06"
Mexico,MX,MEX,484,Rural,11,Dry latrines - Bucket latrine,0.0,"Encuesta Nacional de Ingresos y Gastos de los Hogares, ENIGH - ENIGH06"
Mexico,MX,MEX,484,Rural,12,Dry latrines - Other,0.0,"Encuesta Nacional de Ingresos y Gastos de los Hogares, ENIGH - ENIGH06"
Mexico,MX,MEX,484,Rural,13,Composting toilets,0.0,"Encuesta Nacional de Ingresos y Gastos de los Hogares, ENIGH - ENIGH06"
Mexico,MX,MEX,484,Rural,14,Other improved,0.0,"Encuesta Nacional de Ingresos y Gastos de los Hogares, ENIGH - ENIGH06"
Mexico,MX,MEX,484,Rural,15,"No facility, bush, field",0.245,"Encuesta Nacional de Ingresos y Gastos de los Hogares, ENIGH - ENIGH06"
Mexico,MX,MEX,484,Rural,16,Other unimproved,0.329,"Encuesta Nacional de Ingresos y Gastos de los Hogares, ENIGH - ENIGH06"
Mexico,MX,MEX,484,Rural,17,DK/missing information,0.0,"Encuesta Nacional de Ingresos y Gastos de los Hogares, ENIGH - ENIGH06"
Mexico,MX,MEX,484,Urban,1,Flush and pour flush - to piped sewer system,0.824,"Encuesta Nacional de Ingresos y Gastos de los Hogares, ENIGH - ENIGH08"
Mexico,MX,MEX,484,Urban,2,Flush and pour flush - to septic tank,0.095,"Encuesta Nacional de Ingresos y Gastos de los Hogares, ENIGH - ENIGH08"
Mexico,MX,MEX,484,Urban,3,Flush and pour flush - to pit,0.0,"Encuesta Nacional de Ingresos y Gastos de los Hogares, ENIGH - ENIGH08"
Mexico,MX,MEX,484,Urban,4,Flush and pour flush - to unknown place/ not sure/DK,0.0,"Encuesta Nacional de Ingresos y Gastos de los Hogares, ENIGH - ENIGH08"
Mexico,MX,MEX,484,Urban,5,Flush and pour flush - to elsewhere,0.012,"Encuesta Nacional de Ingresos y Gastos de los Hogares, ENIGH - ENIGH08"
Mexico,MX,MEX,484,Urban,6,Dry latrines - Ventilated Improved Pit latrine,0.0,"Encuesta Nacional de Ingresos y Gastos de los Hogares, ENIGH - ENIGH08"
Mexico,MX,MEX,484,Urban,7,Dry latrines - Pit latrine with slab/covered latrine,0.0,"Encuesta Nacional de Ingresos y Gastos de los Hogares, ENIGH - ENIGH08"
Mexico,MX,MEX,484,Urban,8,Dry latrines - Traditional latrine,0.0,"Encuesta Nacional de Ingresos y Gastos de los Hogares, ENIGH - ENIGH08"
Mexico,MX,MEX,484,Urban,9,Dry latrines - Pit latrine without slab/open pit,0.0,"Encuesta Nacional de Ingresos y Gastos de los Hogares, ENIGH - ENIGH08"
Mexico,MX,MEX,484,Urban,10,Dry latrines - Hanging toilet/hanging latrine,0.0,"Encuesta Nacional de Ingresos y Gastos de los Hogares, ENIGH - ENIGH08"
Mexico,MX,MEX,484,Urban,11,Dry latrines - Bucket latrine,0.0,"Encuesta Nacional de Ingresos y Gastos de los Hogares, ENIGH - ENIGH08"
Mexico,MX,MEX,484,Urban,12,Dry latrines - Other,0.0,"Encuesta Nacional de Ingresos y Gastos de los Hogares, ENIGH - ENIGH08"
Mexico,MX,MEX,484,Urban,13,Composting toilets,0.0,"Encuesta Nacional de Ingresos y Gastos de los Hogares, ENIGH - ENIGH08"
Mexico,MX,MEX,484,Urban,14,Other improved,0.0,"Encuesta Nacional de Ingresos y Gastos de los Hogares, ENIGH - ENIGH08"
Mexico,MX,MEX,484,Urban,15,"No facility, bush, field",0.048,"Encuesta Nacional de Ingresos y Gastos de los Hogares, ENIGH - ENIGH08"
Mexico,MX,MEX,484,Urban,16,Other unimproved,0.069,"Encuesta Nacional de Ingresos y Gastos de los Hogares, ENIGH - ENIGH08"
Mexico,MX,MEX,484,Urban,17,DK/missing information,0.0,"Encuesta Nacional de Ingresos y Gastos de los Hogares, ENIGH - ENIGH08"
Mexico,MX,MEX,484,Rural,1,Flush and pour flush - to piped sewer system,0.257,"Encuesta Nacional de Ingresos y Gastos de los Hogares, ENIGH - ENIGH08"
Mexico,MX,MEX,484,Rural,2,Flush and pour flush - to septic tank,0.371,"Encuesta Nacional de Ingresos y Gastos de los Hogares, ENIGH - ENIGH08"
Mexico,MX,MEX,484,Rural,3,Flush and pour flush - to pit,0.0,"Encuesta Nacional de Ingresos y Gastos de los Hogares, ENIGH - ENIGH08"
Mexico,MX,MEX,484,Rural,4,Flush and pour flush - to unknown place/ not sure/DK,0.0,"Encuesta Nacional de Ingresos y Gastos de los Hogares, ENIGH - ENIGH08"
Mexico,MX,MEX,484,Rural,5,Flush and pour flush - to elsewhere,0.047,"Encuesta Nacional de Ingresos y Gastos de los Hogares, ENIGH - ENIGH08"
Mexico,MX,MEX,484,Rural,6,Dry latrines - Ventilated Improved Pit latrine,0.0,"Encuesta Nacional de Ingresos y Gastos de los Hogares, ENIGH - ENIGH08"
Mexico,MX,MEX,484,Rural,7,Dry latrines - Pit latrine with slab/covered latrine,0.0,"Encuesta Nacional de Ingresos y Gastos de los Hogares, ENIGH - ENIGH08"
Mexico,MX,MEX,484,Rural,8,Dry latrines - Traditional latrine,0.0,"Encuesta Nacional de Ingresos y Gastos de los Hogares, ENIGH - ENIGH08"
Mexico,MX,MEX,484,Rural,9,Dry latrines - Pit latrine without slab/open pit,0.0,"Encuesta Nacional de Ingresos y Gastos de los Hogares, ENIGH - ENIGH08"
Mexico,MX,MEX,484,Rural,10,Dry latrines - Hanging toilet/hanging latrine,0.0,"Encuesta Nacional de Ingresos y Gastos de los Hogares, ENIGH - ENIGH08"
Mexico,MX,MEX,484,Rural,11,Dry latrines - Bucket latrine,0.0,"Encuesta Nacional de Ingresos y Gastos de los Hogares, ENIGH - ENIGH08"
Mexico,MX,MEX,484,Rural,12,Dry latrines - Other,0.0,"Encuesta Nacional de Ingresos y Gastos de los Hogares, ENIGH - ENIGH08"
Mexico,MX,MEX,484,Rural,13,Composting toilets,0.0,"Encuesta Nacional de Ingresos y Gastos de los Hogares, ENIGH - ENIGH08"
Mexico,MX,MEX,484,Rural,14,Other improved,0.0,"Encuesta Nacional de Ingresos y Gastos de los Hogares, ENIGH - ENIGH08"
Mexico,MX,MEX,484,Rural,15,"No facility, bush, field",0.243,"Encuesta Nacional de Ingresos y Gastos de los Hogares, ENIGH - ENIGH08"
Mexico,MX,MEX,484,Rural,16,Other unimproved,0.326,"Encuesta Nacional de Ingresos y Gastos de los Hogares, ENIGH - ENIGH08"
Mexico,MX,MEX,484,Rural,17,DK/missing information,0.0,"Encuesta Nacional de Ingresos y Gastos de los Hogares, ENIGH - ENIGH08"
Mexico,MX,MEX,484,Urban,1,Flush and pour flush - to piped sewer system,0.835,"ENIGH-MCS, 2008 - MCS08"
Mexico,MX,MEX,484,Urban,2,Flush and pour flush - to septic tank,0.101,"ENIGH-MCS, 2008 - MCS08"
Mexico,MX,MEX,484,Urban,3,Flush and pour flush - to pit,0.0,"ENIGH-MCS, 2008 - MCS08"
Mexico,MX,MEX,484,Urban,4,Flush and pour flush - to unknown place/ not sure/DK,0.0,"ENIGH-MCS, 2008 - MCS08"
Mexico,MX,MEX,484,Urban,5,Flush and pour flush - to elsewhere,0.0,"ENIGH-MCS, 2008 - MCS08"
Mexico,MX,MEX,484,Urban,6,Dry latrines - Ventilated Improved Pit latrine,0.0,"ENIGH-MCS, 2008 - MCS08"
Mexico,MX,MEX,484,Urban,7,Dry latrines - Pit latrine with slab/covered latrine,0.0,"ENIGH-MCS, 2008 - MCS08"
Mexico,MX,MEX,484,Urban,8,Dry latrines - Traditional latrine,0.029,"ENIGH-MCS, 2008 - MCS08"
Mexico,MX,MEX,484,Urban,9,Dry latrines - Pit latrine without slab/open pit,0.0,"ENIGH-MCS, 2008 - MCS08"
Mexico,MX,MEX,484,Urban,10,Dry latrines - Hanging toilet/hanging latrine,0.0,"ENIGH-MCS, 2008 - MCS08"
Mexico,MX,MEX,484,Urban,11,Dry latrines - Bucket latrine,0.0,"ENIGH-MCS, 2008 - MCS08"
Mexico,MX,MEX,484,Urban,12,Dry latrines - Other,0.0,"ENIGH-MCS, 2008 - MCS08"
Mexico,MX,MEX,484,Urban,13,Composting toilets,0.0,"ENIGH-MCS, 2008 - MCS08"
Mexico,MX,MEX,484,Urban,14,Other improved,0.0,"ENIGH-MCS, 2008 - MCS08"
Mexico,MX,MEX,484,Urban,15,"No facility, bush, field",0.021,"ENIGH-MCS, 2008 - MCS08"
Mexico,MX,MEX,484,Urban,16,Other unimproved,0.009,"ENIGH-MCS, 2008 - MCS08"
Mexico,MX,MEX,484,Urban,17,DK/missing information,0.0,"ENIGH-MCS, 2008 - MCS08"
Mexico,MX,MEX,484,Rural,1,Flush and pour flush - to piped sewer system,0.197,"ENIGH-MCS, 2008 - MCS08"
Mexico,MX,MEX,484,Rural,2,Flush and pour flush - to septic tank,0.32,"ENIGH-MCS, 2008 - MCS08"
Mexico,MX,MEX,484,Rural,3,Flush and pour flush - to pit,0.0,"ENIGH-MCS, 2008 - MCS08"
Mexico,MX,MEX,484,Rural,4,Flush and pour flush - to unknown place/ not sure/DK,0.0,"ENIGH-MCS, 2008 - MCS08"
Mexico,MX,MEX,484,Rural,5,Flush and pour flush - to elsewhere,0.0,"ENIGH-MCS, 2008 - MCS08"
Mexico,MX,MEX,484,Rural,6,Dry latrines - Ventilated Improved Pit latrine,0.0,"ENIGH-MCS, 2008 - MCS08"
Mexico,MX,MEX,484,Rural,7,Dry latrines - Pit latrine with slab/covered latrine,0.0,"ENIGH-MCS, 2008 - MCS08"
Mexico,MX,MEX,484,Rural,8,Dry latrines - Traditional latrine,0.272,"ENIGH-MCS, 2008 - MCS08"
Mexico,MX,MEX,484,Rural,9,Dry latrines - Pit latrine without slab/open pit,0.0,"ENIGH-MCS, 2008 - MCS08"
Mexico,MX,MEX,484,Rural,10,Dry latrines - Hanging toilet/hanging latrine,0.0,"ENIGH-MCS, 2008 - MCS08"
Mexico,MX,MEX,484,Rural,11,Dry latrines - Bucket latrine,0.0,"ENIGH-MCS, 2008 - MCS08"
Mexico,MX,MEX,484,Rural,12,Dry latrines - Other,0.0,"ENIGH-MCS, 2008 - MCS08"
Mexico,MX,MEX,484,Rural,13,Composting toilets,0.0,"ENIGH-MCS, 2008 - MCS08"
Mexico,MX,MEX,484,Rural,14,Other improved,0.0,"ENIGH-MCS, 2008 - MCS08"
Mexico,MX,MEX,484,Rural,15,"No facility, bush, field",0.175,"ENIGH-MCS, 2008 - MCS08"
Mexico,MX,MEX,484,Rural,16,Other unimproved,0.023,"ENIGH-MCS, 2008 - MCS08"
Mexico,MX,MEX,484,Rural,17,DK/missing information,0.0,"ENIGH-MCS, 2008 - MCS08"
Mexico,MX,MEX,484,Urban,1,Flush and pour flush - to piped sewer system,0.878,Encuesta Nacional sobre Uso del Tiempo - ENUT09
Mexico,MX,MEX,484,Urban,2,Flush and pour flush - to septic tank,0.069,Encuesta Nacional sobre Uso del Tiempo - ENUT09
Mexico,MX,MEX,484,Urban,3,Flush and pour flush - to pit,0.0,Encuesta Nacional sobre Uso del Tiempo - ENUT09
Mexico,MX,MEX,484,Urban,4,Flush and pour flush - to unknown place/ not sure/DK,0.0,Encuesta Nacional sobre Uso del Tiempo - ENUT09
Mexico,MX,MEX,484,Urban,5,Flush and pour flush - to elsewhere,0.014,Encuesta Nacional sobre Uso del Tiempo - ENUT09
Mexico,MX,MEX,484,Urban,6,Dry latrines - Ventilated Improved Pit latrine,0.0,Encuesta Nacional sobre Uso del Tiempo - ENUT09
Mexico,MX,MEX,484,Urban,7,Dry latrines - Pit latrine with slab/covered latrine,0.0,Encuesta Nacional sobre Uso del Tiempo - ENUT09
Mexico,MX,MEX,484,Urban,8,Dry latrines - Traditional latrine,0.025,Encuesta Nacional sobre Uso del Tiempo - ENUT09
Mexico,MX,MEX,484,Urban,9,Dry latrines - Pit latrine without slab/open pit,0.0,Encuesta Nacional sobre Uso del Tiempo - ENUT09
Mexico,MX,MEX,484,Urban,10,Dry latrines - Hanging toilet/hanging latrine,0.0,Encuesta Nacional sobre Uso del Tiempo - ENUT09
Mexico,MX,MEX,484,Urban,11,Dry latrines - Bucket latrine,0.0,Encuesta Nacional sobre Uso del Tiempo - ENUT09
Mexico,MX,MEX,484,Urban,12,Dry latrines - Other,0.0,Encuesta Nacional sobre Uso del Tiempo - ENUT09
Mexico,MX,MEX,484,Urban,13,Composting toilets,0.0,Encuesta Nacional sobre Uso del Tiempo - ENUT09
Mexico,MX,MEX,484,Urban,14,Other improved,0.0,Encuesta Nacional sobre Uso del Tiempo - ENUT09
Mexico,MX,MEX,484,Urban,15,"No facility, bush, field",0.013,Encuesta Nacional sobre Uso del Tiempo - ENUT09
Mexico,MX,MEX,484,Urban,16,Other unimproved,0.0,Encuesta Nacional sobre Uso del Tiempo - ENUT09
Mexico,MX,MEX,484,Urban,17,DK/missing information,0.001,Encuesta Nacional sobre Uso del Tiempo - ENUT09
Mexico,MX,MEX,484,Rural,1,Flush and pour flush - to piped sewer system,0.308,Encuesta Nacional sobre Uso del Tiempo - ENUT09
Mexico,MX,MEX,484,Rural,2,Flush and pour flush - to septic tank,0.322,Encuesta Nacional sobre Uso del Tiempo - ENUT09
Mexico,MX,MEX,484,Rural,3,Flush and pour flush - to pit,0.0,Encuesta Nacional sobre Uso del Tiempo - ENUT09
Mexico,MX,MEX,484,Rural,4,Flush and pour flush - to unknown place/ not sure/DK,0.0,Encuesta Nacional sobre Uso del Tiempo - ENUT09
Mexico,MX,MEX,484,Rural,5,Flush and pour flush - to elsewhere,0.05,Encuesta Nacional sobre Uso del Tiempo - ENUT09
Mexico,MX,MEX,484,Rural,6,Dry latrines - Ventilated Improved Pit latrine,0.0,Encuesta Nacional sobre Uso del Tiempo - ENUT09
Mexico,MX,MEX,484,Rural,7,Dry latrines - Pit latrine with slab/covered latrine,0.0,Encuesta Nacional sobre Uso del Tiempo - ENUT09
Mexico,MX,MEX,484,Rural,8,Dry latrines - Traditional latrine,0.227,Encuesta Nacional sobre Uso del Tiempo - ENUT09
Mexico,MX,MEX,484,Rural,9,Dry latrines - Pit latrine without slab/open pit,0.0,Encuesta Nacional sobre Uso del Tiempo - ENUT09
Mexico,MX,MEX,484,Rural,10,Dry latrines - Hanging toilet/hanging latrine,0.0,Encuesta Nacional sobre Uso del Tiempo - ENUT09
Mexico,MX,MEX,484,Rural,11,Dry latrines - Bucket latrine,0.0,Encuesta Nacional sobre Uso del Tiempo - ENUT09
Mexico,MX,MEX,484,Rural,12,Dry latrines - Other,0.0,Encuesta Nacional sobre Uso del Tiempo - ENUT09
Mexico,MX,MEX,484,Rural,13,Composting toilets,0.0,Encuesta Nacional sobre Uso del Tiempo - ENUT09
Mexico,MX,MEX,484,Rural,14,Other improved,0.0,Encuesta Nacional sobre Uso del Tiempo - ENUT09
Mexico,MX,MEX,484,Rural,15,"No facility, bush, field",0.092,Encuesta Nacional sobre Uso del Tiempo - ENUT09
Mexico,MX,MEX,484,Rural,16,Other unimproved,0.0,Encuesta Nacional sobre Uso del Tiempo - ENUT09
Mexico,MX,MEX,484,Rural,17,DK/missing information,0.0,Encuesta Nacional sobre Uso del Tiempo - ENUT09
Mexico,MX,MEX,484,Urban,1,Flush and pour flush - to piped sewer system,0.852,Encuesta Nacional de Ingresos y Gastos de los Hogares - ENIGH10
Mexico,MX,MEX,484,Urban,2,Flush and pour flush - to septic tank,0.09,Encuesta Nacional de Ingresos y Gastos de los Hogares - ENIGH10
Mexico,MX,MEX,484,Urban,3,Flush and pour flush - to pit,0.0,Encuesta Nacional de Ingresos y Gastos de los Hogares - ENIGH10
Mexico,MX,MEX,484,Urban,4,Flush and pour flush - to unknown place/ not sure/DK,0.005,Encuesta Nacional de Ingresos y Gastos de los Hogares - ENIGH10
Mexico,MX,MEX,484,Urban,5,Flush and pour flush - to elsewhere,0.003,Encuesta Nacional de Ingresos y Gastos de los Hogares - ENIGH10
Mexico,MX,MEX,484,Urban,6,Dry latrines - Ventilated Improved Pit latrine,0.0,Encuesta Nacional de Ingresos y Gastos de los Hogares - ENIGH10
Mexico,MX,MEX,484,Urban,7,Dry latrines - Pit latrine with slab/covered latrine,0.0,Encuesta Nacional de Ingresos y Gastos de los Hogares - ENIGH10
Mexico,MX,MEX,484,Urban,8,Dry latrines - Traditional latrine,0.016,Encuesta Nacional de Ingresos y Gastos de los Hogares - ENIGH10
Mexico,MX,MEX,484,Urban,9,Dry latrines - Pit latrine without slab/open pit,0.0,Encuesta Nacional de Ingresos y Gastos de los Hogares - ENIGH10
Mexico,MX,MEX,484,Urban,10,Dry latrines - Hanging toilet/hanging latrine,0.0,Encuesta Nacional de Ingresos y Gastos de los Hogares - ENIGH10
Mexico,MX,MEX,484,Urban,11,Dry latrines - Bucket latrine,0.0,Encuesta Nacional de Ingresos y Gastos de los Hogares - ENIGH10
Mexico,MX,MEX,484,Urban,12,Dry latrines - Other,0.0,Encuesta Nacional de Ingresos y Gastos de los Hogares - ENIGH10
Mexico,MX,MEX,484,Urban,13,Composting toilets,0.0,Encuesta Nacional de Ingresos y Gastos de los Hogares - ENIGH10
Mexico,MX,MEX,484,Urban,14,Other improved,0.0,Encuesta Nacional de Ingresos y Gastos de los Hogares - ENIGH10
Mexico,MX,MEX,484,Urban,15,"No facility, bush, field",0.012,Encuesta Nacional de Ingresos y Gastos de los Hogares - ENIGH10
Mexico,MX,MEX,484,Urban,16,Other unimproved,0.021,Encuesta Nacional de Ingresos y Gastos de los Hogares - ENIGH10
Mexico,MX,MEX,484,Urban,17,DK/missing information,0.0,Encuesta Nacional de Ingresos y Gastos de los Hogares - ENIGH10
Mexico,MX,MEX,484,Rural,1,Flush and pour flush - to piped sewer system,0.276,Encuesta Nacional de Ingresos y Gastos de los Hogares - ENIGH10
Mexico,MX,MEX,484,Rural,2,Flush and pour flush - to septic tank,0.37,Encuesta Nacional de Ingresos y Gastos de los Hogares - ENIGH10
Mexico,MX,MEX,484,Rural,3,Flush and pour flush - to pit,0.0,Encuesta Nacional de Ingresos y Gastos de los Hogares - ENIGH10
Mexico,MX,MEX,484,Rural,4,Flush and pour flush - to unknown place/ not sure/DK,0.024,Encuesta Nacional de Ingresos y Gastos de los Hogares - ENIGH10
Mexico,MX,MEX,484,Rural,5,Flush and pour flush - to elsewhere,0.014,Encuesta Nacional de Ingresos y Gastos de los Hogares - ENIGH10
Mexico,MX,MEX,484,Rural,6,Dry latrines - Ventilated Improved Pit latrine,0.0,Encuesta Nacional de Ingresos y Gastos de los Hogares - ENIGH10
Mexico,MX,MEX,484,Rural,7,Dry latrines - Pit latrine with slab/covered latrine,0.0,Encuesta Nacional de Ingresos y Gastos de los Hogares - ENIGH10
Mexico,MX,MEX,484,Rural,8,Dry latrines - Traditional latrine,0.193,Encuesta Nacional de Ingresos y Gastos de los Hogares - ENIGH10
Mexico,MX,MEX,484,Rural,9,Dry latrines - Pit latrine without slab/open pit,0.0,Encuesta Nacional de Ingresos y Gastos de los Hogares - ENIGH10
Mexico,MX,MEX,484,Rural,10,Dry latrines - Hanging toilet/hanging latrine,0.0,Encuesta Nacional de Ingresos y Gastos de los Hogares - ENIGH10
Mexico,MX,MEX,484,Rural,11,Dry latrines - Bucket latrine,0.0,Encuesta Nacional de Ingresos y Gastos de los Hogares - ENIGH10
Mexico,MX,MEX,484,Rural,12,Dry latrines - Other,0.0,Encuesta Nacional de Ingresos y Gastos de los Hogares - ENIGH10
Mexico,MX,MEX,484,Rural,13,Composting toilets,0.0,Encuesta Nacional de Ingresos y Gastos de los Hogares - ENIGH10
Mexico,MX,MEX,484,Rural,14,Other improved,0.0,Encuesta Nacional de Ingresos y Gastos de los Hogares - ENIGH10
Mexico,MX,MEX,484,Rural,15,"No facility, bush, field",0.106,Encuesta Nacional de Ingresos y Gastos de los Hogares - ENIGH10
Mexico,MX,MEX,484,Rural,16,Other unimproved,0.018,Encuesta Nacional de Ingresos y Gastos de los Hogares - ENIGH10
Mexico,MX,MEX,484,Rural,17,DK/missing information,0.0,Encuesta Nacional de Ingresos y Gastos de los Hogares - ENIGH10
Mexico,MX,MEX,484,Urban,1,Flush and pour flush - to piped sewer system,0.856,"ENIGH-MCS, 2010 - MCS10"
Mexico,MX,MEX,484,Urban,2,Flush and pour flush - to septic tank,0.095,"ENIGH-MCS, 2010 - MCS10"
Mexico,MX,MEX,484,Urban,3,Flush and pour flush - to pit,0.0,"ENIGH-MCS, 2010 - MCS10"
Mexico,MX,MEX,484,Urban,4,Flush and pour flush - to unknown place/ not sure/DK,0.0,"ENIGH-MCS, 2010 - MCS10"
Mexico,MX,MEX,484,Urban,5,Flush and pour flush - to elsewhere,0.003,"ENIGH-MCS, 2010 - MCS10"
Mexico,MX,MEX,484,Urban,6,Dry latrines - Ventilated Improved Pit latrine,0.0,"ENIGH-MCS, 2010 - MCS10"
Mexico,MX,MEX,484,Urban,7,Dry latrines - Pit latrine with slab/covered latrine,0.0,"ENIGH-MCS, 2010 - MCS10"
Mexico,MX,MEX,484,Urban,8,Dry latrines - Traditional latrine,0.027,"ENIGH-MCS, 2010 - MCS10"
Mexico,MX,MEX,484,Urban,9,Dry latrines - Pit latrine without slab/open pit,0.0,"ENIGH-MCS, 2010 - MCS10"
Mexico,MX,MEX,484,Urban,10,Dry latrines - Hanging toilet/hanging latrine,0.0,"ENIGH-MCS, 2010 - MCS10"
Mexico,MX,MEX,484,Urban,11,Dry latrines - Bucket latrine,0.0,"ENIGH-MCS, 2010 - MCS10"
Mexico,MX,MEX,484,Urban,12,Dry latrines - Other,0.0,"ENIGH-MCS, 2010 - MCS10"
Mexico,MX,MEX,484,Urban,13,Composting toilets,0.0,"ENIGH-MCS, 2010 - MCS10"
Mexico,MX,MEX,484,Urban,14,Other improved,0.0,"ENIGH-MCS, 2010 - MCS10"
Mexico,MX,MEX,484,Urban,15,"No facility, bush, field",0.013,"ENIGH-MCS, 2010 - MCS10"
Mexico,MX,MEX,484,Urban,16,Other unimproved,0.005,"ENIGH-MCS, 2010 - MCS10"
Mexico,MX,MEX,484,Urban,17,DK/missing information,0.0,"ENIGH-MCS, 2010 - MCS10"
Mexico,MX,MEX,484,Rural,1,Flush and pour flush - to piped sewer system,0.251,"ENIGH-MCS, 2010 - MCS10"
Mexico,MX,MEX,484,Rural,2,Flush and pour flush - to septic tank,0.334,"ENIGH-MCS, 2010 - MCS10"
Mexico,MX,MEX,484,Rural,3,Flush and pour flush - to pit,0.0,"ENIGH-MCS, 2010 - MCS10"
Mexico,MX,MEX,484,Rural,4,Flush and pour flush - to unknown place/ not sure/DK,0.0,"ENIGH-MCS, 2010 - MCS10"
Mexico,MX,MEX,484,Rural,5,Flush and pour flush - to elsewhere,0.013,"ENIGH-MCS, 2010 - MCS10"
Mexico,MX,MEX,484,Rural,6,Dry latrines - Ventilated Improved Pit latrine,0.0,"ENIGH-MCS, 2010 - MCS10"
Mexico,MX,MEX,484,Rural,7,Dry latrines - Pit latrine with slab/covered latrine,0.0,"ENIGH-MCS, 2010 - MCS10"
Mexico,MX,MEX,484,Rural,8,Dry latrines - Traditional latrine,0.267,"ENIGH-MCS, 2010 - MCS10"
Mexico,MX,MEX,484,Rural,9,Dry latrines - Pit latrine without slab/open pit,0.0,"ENIGH-MCS, 2010 - MCS10"
Mexico,MX,MEX,484,Rural,10,Dry latrines - Hanging toilet/hanging latrine,0.0,"ENIGH-MCS, 2010 - MCS10"
Mexico,MX,MEX,484,Rural,11,Dry latrines - Bucket latrine,0.0,"ENIGH-MCS, 2010 - MCS10"
Mexico,MX,MEX,484,Rural,12,Dry latrines - Other,0.0,"ENIGH-MCS, 2010 - MCS10"
Mexico,MX,MEX,484,Rural,13,Composting toilets,0.0,"ENIGH-MCS, 2010 - MCS10"
Mexico,MX,MEX,484,Rural,14,Other improved,0.0,"ENIGH-MCS, 2010 - MCS10"
Mexico,MX,MEX,484,Rural,15,"No facility, bush, field",0.11,"ENIGH-MCS, 2010 - MCS10"
Mexico,MX,MEX,484,Rural,16,Other unimproved,0.025,"ENIGH-MCS, 2010 - MCS10"
Mexico,MX,MEX,484,Rural,17,DK/missing information,0.0,"ENIGH-MCS, 2010 - MCS10"
Mexico,MX,MEX,484,Urban,1,Flush and pour flush - to piped sewer system,0.888,Encuesta Nacional de Gastos de los Hogares (ENGASTO) - ENGASTO12
Mexico,MX,MEX,484,Urban,2,Flush and pour flush - to septic tank,0.079,Encuesta Nacional de Gastos de los Hogares (ENGASTO) - ENGASTO12
Mexico,MX,MEX,484,Urban,3,Flush and pour flush - to pit,0.0,Encuesta Nacional de Gastos de los Hogares (ENGASTO) - ENGASTO12
Mexico,MX,MEX,484,Urban,4,Flush and pour flush - to unknown place/ not sure/DK,0.0,Encuesta Nacional de Gastos de los Hogares (ENGASTO) - ENGASTO12
Mexico,MX,MEX,484,Urban,5,Flush and pour flush - to elsewhere,0.007,Encuesta Nacional de Gastos de los Hogares (ENGASTO) - ENGASTO12
Mexico,MX,MEX,484,Urban,6,Dry latrines - Ventilated Improved Pit latrine,0.0,Encuesta Nacional de Gastos de los Hogares (ENGASTO) - ENGASTO12
Mexico,MX,MEX,484,Urban,7,Dry latrines - Pit latrine with slab/covered latrine,0.0,Encuesta Nacional de Gastos de los Hogares (ENGASTO) - ENGASTO12
Mexico,MX,MEX,484,Urban,8,Dry latrines - Traditional latrine,0.012,Encuesta Nacional de Gastos de los Hogares (ENGASTO) - ENGASTO12
Mexico,MX,MEX,484,Urban,9,Dry latrines - Pit latrine without slab/open pit,0.0,Encuesta Nacional de Gastos de los Hogares (ENGASTO) - ENGASTO12
Mexico,MX,MEX,484,Urban,10,Dry latrines - Hanging toilet/hanging latrine,0.0,Encuesta Nacional de Gastos de los Hogares (ENGASTO) - ENGASTO12
Mexico,MX,MEX,484,Urban,11,Dry latrines - Bucket latrine,0.0,Encuesta Nacional de Gastos de los Hogares (ENGASTO) - ENGASTO12
Mexico,MX,MEX,484,Urban,12,Dry latrines - Other,0.0,Encuesta Nacional de Gastos de los Hogares (ENGASTO) - ENGASTO12
Mexico,MX,MEX,484,Urban,13,Composting toilets,0.0,Encuesta Nacional de Gastos de los Hogares (ENGASTO) - ENGASTO12
Mexico,MX,MEX,484,Urban,14,Other improved,0.0,Encuesta Nacional de Gastos de los Hogares (ENGASTO) - ENGASTO12
Mexico,MX,MEX,484,Urban,15,"No facility, bush, field",0.015,Encuesta Nacional de Gastos de los Hogares (ENGASTO) - ENGASTO12
Mexico,MX,MEX,484,Urban,16,Other unimproved,0.0,Encuesta Nacional de Gastos de los Hogares (ENGASTO) - ENGASTO12
Mexico,MX,MEX,484,Urban,17,DK/missing information,0.0,Encuesta Nacional de Gastos de los Hogares (ENGASTO) - ENGASTO12
Mexico,MX,MEX,484,Rural,1,Flush and pour flush - to piped sewer system,0.321,Encuesta Nacional de Gastos de los Hogares (ENGASTO) - ENGASTO12
Mexico,MX,MEX,484,Rural,2,Flush and pour flush - to septic tank,0.415,Encuesta Nacional de Gastos de los Hogares (ENGASTO) - ENGASTO12
Mexico,MX,MEX,484,Rural,3,Flush and pour flush - to pit,0.0,Encuesta Nacional de Gastos de los Hogares (ENGASTO) - ENGASTO12
Mexico,MX,MEX,484,Rural,4,Flush and pour flush - to unknown place/ not sure/DK,0.0,Encuesta Nacional de Gastos de los Hogares (ENGASTO) - ENGASTO12
Mexico,MX,MEX,484,Rural,5,Flush and pour flush - to elsewhere,0.02,Encuesta Nacional de Gastos de los Hogares (ENGASTO) - ENGASTO12
Mexico,MX,MEX,484,Rural,6,Dry latrines - Ventilated Improved Pit latrine,0.0,Encuesta Nacional de Gastos de los Hogares (ENGASTO) - ENGASTO12
Mexico,MX,MEX,484,Rural,7,Dry latrines - Pit latrine with slab/covered latrine,0.0,Encuesta Nacional de Gastos de los Hogares (ENGASTO) - ENGASTO12
Mexico,MX,MEX,484,Rural,8,Dry latrines - Traditional latrine,0.161,Encuesta Nacional de Gastos de los Hogares (ENGASTO) - ENGASTO12
Mexico,MX,MEX,484,Rural,9,Dry latrines - Pit latrine without slab/open pit,0.0,Encuesta Nacional de Gastos de los Hogares (ENGASTO) - ENGASTO12
Mexico,MX,MEX,484,Rural,10,Dry latrines - Hanging toilet/hanging latrine,0.0,Encuesta Nacional de Gastos de los Hogares (ENGASTO) - ENGASTO12
Mexico,MX,MEX,484,Rural,11,Dry latrines - Bucket latrine,0.0,Encuesta Nacional de Gastos de los Hogares (ENGASTO) - ENGASTO12
Mexico,MX,MEX,484,Rural,12,Dry latrines - Other,0.0,Encuesta Nacional de Gastos de los Hogares (ENGASTO) - ENGASTO12
Mexico,MX,MEX,484,Rural,13,Composting toilets,0.0,Encuesta Nacional de Gastos de los Hogares (ENGASTO) - ENGASTO12
Mexico,MX,MEX,484,Rural,14,Other improved,0.0,Encuesta Nacional de Gastos de los Hogares (ENGASTO) - ENGASTO12
Mexico,MX,MEX,484,Rural,15,"No facility, bush, field",0.083,Encuesta Nacional de Gastos de los Hogares (ENGASTO) - ENGASTO12
Mexico,MX,MEX,484,Rural,16,Other unimproved,0.0,Encuesta Nacional de Gastos de los Hogares (ENGASTO) - ENGASTO12
Mexico,MX,MEX,484,Rural,17,DK/missing information,0.0,Encuesta Nacional de Gastos de los Hogares (ENGASTO) - ENGASTO12
Mexico,MX,MEX,484,Urban,1,Flush and pour flush - to piped sewer system,0.885,Encuesta Nacional de Ingresos y Gastos de los Hogares 2012 - ENIGH12
Mexico,MX,MEX,484,Urban,2,Flush and pour flush - to septic tank,0.08,Encuesta Nacional de Ingresos y Gastos de los Hogares 2012 - ENIGH12
Mexico,MX,MEX,484,Urban,3,Flush and pour flush - to pit,0.0,Encuesta Nacional de Ingresos y Gastos de los Hogares 2012 - ENIGH12
Mexico,MX,MEX,484,Urban,4,Flush and pour flush - to unknown place/ not sure/DK,0.0,Encuesta Nacional de Ingresos y Gastos de los Hogares 2012 - ENIGH12
Mexico,MX,MEX,484,Urban,5,Flush and pour flush - to elsewhere,0.011,Encuesta Nacional de Ingresos y Gastos de los Hogares 2012 - ENIGH12
Mexico,MX,MEX,484,Urban,6,Dry latrines - Ventilated Improved Pit latrine,0.0,Encuesta Nacional de Ingresos y Gastos de los Hogares 2012 - ENIGH12
Mexico,MX,MEX,484,Urban,7,Dry latrines - Pit latrine with slab/covered latrine,0.0,Encuesta Nacional de Ingresos y Gastos de los Hogares 2012 - ENIGH12
Mexico,MX,MEX,484,Urban,8,Dry latrines - Traditional latrine,0.013,Encuesta Nacional de Ingresos y Gastos de los Hogares 2012 - ENIGH12
Mexico,MX,MEX,484,Urban,9,Dry latrines - Pit latrine without slab/open pit,0.0,Encuesta Nacional de Ingresos y Gastos de los Hogares 2012 - ENIGH12
Mexico,MX,MEX,484,Urban,10,Dry latrines - Hanging toilet/hanging latrine,0.0,Encuesta Nacional de Ingresos y Gastos de los Hogares 2012 - ENIGH12
Mexico,MX,MEX,484,Urban,11,Dry latrines - Bucket latrine,0.0,Encuesta Nacional de Ingresos y Gastos de los Hogares 2012 - ENIGH12
Mexico,MX,MEX,484,Urban,12,Dry latrines - Other,0.0,Encuesta Nacional de Ingresos y Gastos de los Hogares 2012 - ENIGH12
Mexico,MX,MEX,484,Urban,13,Composting toilets,0.0,Encuesta Nacional de Ingresos y Gastos de los Hogares 2012 - ENIGH12
Mexico,MX,MEX,484,Urban,14,Other improved,0.0,Encuesta Nacional de Ingresos y Gastos de los Hogares 2012 - ENIGH12
Mexico,MX,MEX,484,Urban,15,"No facility, bush, field",0.012,Encuesta Nacional de Ingresos y Gastos de los Hogares 2012 - ENIGH12
Mexico,MX,MEX,484,Urban,16,Other unimproved,0.0,Encuesta Nacional de Ingresos y Gastos de los Hogares 2012 - ENIGH12
Mexico,MX,MEX,484,Urban,17,DK/missing information,0.0,Encuesta Nacional de Ingresos y Gastos de los Hogares 2012 - ENIGH12
Mexico,MX,MEX,484,Rural,1,Flush and pour flush - to piped sewer system,0.29,Encuesta Nacional de Ingresos y Gastos de los Hogares 2012 - ENIGH12
Mexico,MX,MEX,484,Rural,2,Flush and pour flush - to septic tank,0.42,Encuesta Nacional de Ingresos y Gastos de los Hogares 2012 - ENIGH12
Mexico,MX,MEX,484,Rural,3,Flush and pour flush - to pit,0.0,Encuesta Nacional de Ingresos y Gastos de los Hogares 2012 - ENIGH12
Mexico,MX,MEX,484,Rural,4,Flush and pour flush - to unknown place/ not sure/DK,0.0,Encuesta Nacional de Ingresos y Gastos de los Hogares 2012 - ENIGH12
Mexico,MX,MEX,484,Rural,5,Flush and pour flush - to elsewhere,0.038,Encuesta Nacional de Ingresos y Gastos de los Hogares 2012 - ENIGH12
Mexico,MX,MEX,484,Rural,6,Dry latrines - Ventilated Improved Pit latrine,0.0,Encuesta Nacional de Ingresos y Gastos de los Hogares 2012 - ENIGH12
Mexico,MX,MEX,484,Rural,7,Dry latrines - Pit latrine with slab/covered latrine,0.0,Encuesta Nacional de Ingresos y Gastos de los Hogares 2012 - ENIGH12
Mexico,MX,MEX,484,Rural,8,Dry latrines - Traditional latrine,0.165,Encuesta Nacional de Ingresos y Gastos de los Hogares 2012 - ENIGH12
Mexico,MX,MEX,484,Rural,9,Dry latrines - Pit latrine without slab/open pit,0.0,Encuesta Nacional de Ingresos y Gastos de los Hogares 2012 - ENIGH12
Mexico,MX,MEX,484,Rural,10,Dry latrines - Hanging toilet/hanging latrine,0.0,Encuesta Nacional de Ingresos y Gastos de los Hogares 2012 - ENIGH12
Mexico,MX,MEX,484,Rural,11,Dry latrines - Bucket latrine,0.0,Encuesta Nacional de Ingresos y Gastos de los Hogares 2012 - ENIGH12
Mexico,MX,MEX,484,Rural,12,Dry latrines - Other,0.0,Encuesta Nacional de Ingresos y Gastos de los Hogares 2012 - ENIGH12
Mexico,MX,MEX,484,Rural,13,Composting toilets,0.0,Encuesta Nacional de Ingresos y Gastos de los Hogares 2012 - ENIGH12
Mexico,MX,MEX,484,Rural,14,Other improved,0.0,Encuesta Nacional de Ingresos y Gastos de los Hogares 2012 - ENIGH12
Mexico,MX,MEX,484,Rural,15,"No facility, bush, field",0.088,Encuesta Nacional de Ingresos y Gastos de los Hogares 2012 - ENIGH12
Mexico,MX,MEX,484,Rural,16,Other unimproved,0.0,Encuesta Nacional de Ingresos y Gastos de los Hogares 2012 - ENIGH12
Mexico,MX,MEX,484,Rural,17,DK/missing information,0.0,Encuesta Nacional de Ingresos y Gastos de los Hogares 2012 - ENIGH12
Mexico,MX,MEX,484,Urban,1,Flush and pour flush - to piped sewer system,0.867,"ENIGH-MCS, 2012 - MCS12"
Mexico,MX,MEX,484,Urban,2,Flush and pour flush - to septic tank,0.088,"ENIGH-MCS, 2012 - MCS12"
Mexico,MX,MEX,484,Urban,3,Flush and pour flush - to pit,0.0,"ENIGH-MCS, 2012 - MCS12"
Mexico,MX,MEX,484,Urban,4,Flush and pour flush - to unknown place/ not sure/DK,0.0,"ENIGH-MCS, 2012 - MCS12"
Mexico,MX,MEX,484,Urban,5,Flush and pour flush - to elsewhere,0.0,"ENIGH-MCS, 2012 - MCS12"
Mexico,MX,MEX,484,Urban,6,Dry latrines - Ventilated Improved Pit latrine,0.0,"ENIGH-MCS, 2012 - MCS12"
Mexico,MX,MEX,484,Urban,7,Dry latrines - Pit latrine with slab/covered latrine,0.0,"ENIGH-MCS, 2012 - MCS12"
Mexico,MX,MEX,484,Urban,8,Dry latrines - Traditional latrine,0.023,"ENIGH-MCS, 2012 - MCS12"
Mexico,MX,MEX,484,Urban,9,Dry latrines - Pit latrine without slab/open pit,0.0,"ENIGH-MCS, 2012 - MCS12"
Mexico,MX,MEX,484,Urban,10,Dry latrines - Hanging toilet/hanging latrine,0.0,"ENIGH-MCS, 2012 - MCS12"
Mexico,MX,MEX,484,Urban,11,Dry latrines - Bucket latrine,0.0,"ENIGH-MCS, 2012 - MCS12"
Mexico,MX,MEX,484,Urban,12,Dry latrines - Other,0.0,"ENIGH-MCS, 2012 - MCS12"
Mexico,MX,MEX,484,Urban,13,Composting toilets,0.0,"ENIGH-MCS, 2012 - MCS12"
Mexico,MX,MEX,484,Urban,14,Other improved,0.0,"ENIGH-MCS, 2012 - MCS12"
Mexico,MX,MEX,484,Urban,15,"No facility, bush, field",0.011,"ENIGH-MCS, 2012 - MCS12"
Mexico,MX,MEX,484,Urban,16,Other unimproved,0.006,"ENIGH-MCS, 2012 - MCS12"
Mexico,MX,MEX,484,Urban,17,DK/missing information,0.0,"ENIGH-MCS, 2012 - MCS12"
Mexico,MX,MEX,484,Rural,1,Flush and pour flush - to piped sewer system,0.264,"ENIGH-MCS, 2012 - MCS12"
Mexico,MX,MEX,484,Rural,2,Flush and pour flush - to septic tank,0.393,"ENIGH-MCS, 2012 - MCS12"
Mexico,MX,MEX,484,Rural,3,Flush and pour flush - to pit,0.0,"ENIGH-MCS, 2012 - MCS12"
Mexico,MX,MEX,484,Rural,4,Flush and pour flush - to unknown place/ not sure/DK,0.0,"ENIGH-MCS, 2012 - MCS12"
Mexico,MX,MEX,484,Rural,5,Flush and pour flush - to elsewhere,0.0,"ENIGH-MCS, 2012 - MCS12"
Mexico,MX,MEX,484,Rural,6,Dry latrines - Ventilated Improved Pit latrine,0.0,"ENIGH-MCS, 2012 - MCS12"
Mexico,MX,MEX,484,Rural,7,Dry latrines - Pit latrine with slab/covered latrine,0.0,"ENIGH-MCS, 2012 - MCS12"
Mexico,MX,MEX,484,Rural,8,Dry latrines - Traditional latrine,0.216,"ENIGH-MCS, 2012 - MCS12"
Mexico,MX,MEX,484,Rural,9,Dry latrines - Pit latrine without slab/open pit,0.0,"ENIGH-MCS, 2012 - MCS12"
Mexico,MX,MEX,484,Rural,10,Dry latrines - Hanging toilet/hanging latrine,0.0,"ENIGH-MCS, 2012 - MCS12"
Mexico,MX,MEX,484,Rural,11,Dry latrines - Bucket latrine,0.0,"ENIGH-MCS, 2012 - MCS12"
Mexico,MX,MEX,484,Rural,12,Dry latrines - Other,0.0,"ENIGH-MCS, 2012 - MCS12"
Mexico,MX,MEX,484,Rural,13,Composting toilets,0.0,"ENIGH-MCS, 2012 - MCS12"
Mexico,MX,MEX,484,Rural,14,Other improved,0.0,"ENIGH-MCS, 2012 - MCS12"
Mexico,MX,MEX,484,Rural,15,"No facility, bush, field",0.091,"ENIGH-MCS, 2012 - MCS12"
Mexico,MX,MEX,484,Rural,16,Other unimproved,0.029,"ENIGH-MCS, 2012 - MCS12"
Mexico,MX,MEX,484,Rural,17,DK/missing information,0.0,"ENIGH-MCS, 2012 - MCS12"
Mexico,MX,MEX,484,Urban,1,Flush and pour flush - to piped sewer system,0.881,Encuesta Nacional de Gastos de los Hogares (ENGASTO) - ENGASTO13
Mexico,MX,MEX,484,Urban,2,Flush and pour flush - to septic tank,0.085,Encuesta Nacional de Gastos de los Hogares (ENGASTO) - ENGASTO13
Mexico,MX,MEX,484,Urban,3,Flush and pour flush - to pit,0.0,Encuesta Nacional de Gastos de los Hogares (ENGASTO) - ENGASTO13
Mexico,MX,MEX,484,Urban,4,Flush and pour flush - to unknown place/ not sure/DK,0.0,Encuesta Nacional de Gastos de los Hogares (ENGASTO) - ENGASTO13
Mexico,MX,MEX,484,Urban,5,Flush and pour flush - to elsewhere,0.013,Encuesta Nacional de Gastos de los Hogares (ENGASTO) - ENGASTO13
Mexico,MX,MEX,484,Urban,6,Dry latrines - Ventilated Improved Pit latrine,0.0,Encuesta Nacional de Gastos de los Hogares (ENGASTO) - ENGASTO13
Mexico,MX,MEX,484,Urban,7,Dry latrines - Pit latrine with slab/covered latrine,0.0,Encuesta Nacional de Gastos de los Hogares (ENGASTO) - ENGASTO13
Mexico,MX,MEX,484,Urban,8,Dry latrines - Traditional latrine,0.011,Encuesta Nacional de Gastos de los Hogares (ENGASTO) - ENGASTO13
Mexico,MX,MEX,484,Urban,9,Dry latrines - Pit latrine without slab/open pit,0.0,Encuesta Nacional de Gastos de los Hogares (ENGASTO) - ENGASTO13
Mexico,MX,MEX,484,Urban,10,Dry latrines - Hanging toilet/hanging latrine,0.0,Encuesta Nacional de Gastos de los Hogares (ENGASTO) - ENGASTO13
Mexico,MX,MEX,484,Urban,11,Dry latrines - Bucket latrine,0.0,Encuesta Nacional de Gastos de los Hogares (ENGASTO) - ENGASTO13
Mexico,MX,MEX,484,Urban,12,Dry latrines - Other,0.0,Encuesta Nacional de Gastos de los Hogares (ENGASTO) - ENGASTO13
Mexico,MX,MEX,484,Urban,13,Composting toilets,0.0,Encuesta Nacional de Gastos de los Hogares (ENGASTO) - ENGASTO13
Mexico,MX,MEX,484,Urban,14,Other improved,0.0,Encuesta Nacional de Gastos de los Hogares (ENGASTO) - ENGASTO13
Mexico,MX,MEX,484,Urban,15,"No facility, bush, field",0.009,Encuesta Nacional de Gastos de los Hogares (ENGASTO) - ENGASTO13
Mexico,MX,MEX,484,Urban,16,Other unimproved,0.0,Encuesta Nacional de Gastos de los Hogares (ENGASTO) - ENGASTO13
Mexico,MX,MEX,484,Urban,17,DK/missing information,0.0,Encuesta Nacional de Gastos de los Hogares (ENGASTO) - ENGASTO13
Mexico,MX,MEX,484,Rural,1,Flush and pour flush - to piped sewer system,0.324,Encuesta Nacional de Gastos de los Hogares (ENGASTO) - ENGASTO13
Mexico,MX,MEX,484,Rural,2,Flush and pour flush - to septic tank,0.414,Encuesta Nacional de Gastos de los Hogares (ENGASTO) - ENGASTO13
Mexico,MX,MEX,484,Rural,3,Flush and pour flush - to pit,0.0,Encuesta Nacional de Gastos de los Hogares (ENGASTO) - ENGASTO13
Mexico,MX,MEX,484,Rural,4,Flush and pour flush - to unknown place/ not sure/DK,0.0,Encuesta Nacional de Gastos de los Hogares (ENGASTO) - ENGASTO13
Mexico,MX,MEX,484,Rural,5,Flush and pour flush - to elsewhere,0.044,Encuesta Nacional de Gastos de los Hogares (ENGASTO) - ENGASTO13
Mexico,MX,MEX,484,Rural,6,Dry latrines - Ventilated Improved Pit latrine,0.0,Encuesta Nacional de Gastos de los Hogares (ENGASTO) - ENGASTO13
Mexico,MX,MEX,484,Rural,7,Dry latrines - Pit latrine with slab/covered latrine,0.0,Encuesta Nacional de Gastos de los Hogares (ENGASTO) - ENGASTO13
Mexico,MX,MEX,484,Rural,8,Dry latrines - Traditional latrine,0.138,Encuesta Nacional de Gastos de los Hogares (ENGASTO) - ENGASTO13
Mexico,MX,MEX,484,Rural,9,Dry latrines - Pit latrine without slab/open pit,0.0,Encuesta Nacional de Gastos de los Hogares (ENGASTO) - ENGASTO13
Mexico,MX,MEX,484,Rural,10,Dry latrines - Hanging toilet/hanging latrine,0.0,Encuesta Nacional de Gastos de los Hogares (ENGASTO) - ENGASTO13
Mexico,MX,MEX,484,Rural,11,Dry latrines - Bucket latrine,0.0,Encuesta Nacional de Gastos de los Hogares (ENGASTO) - ENGASTO13
Mexico,MX,MEX,484,Rural,12,Dry latrines - Other,0.0,Encuesta Nacional de Gastos de los Hogares (ENGASTO) - ENGASTO13
Mexico,MX,MEX,484,Rural,13,Composting toilets,0.0,Encuesta Nacional de Gastos de los Hogares (ENGASTO) - ENGASTO13
Mexico,MX,MEX,484,Rural,14,Other improved,0.0,Encuesta Nacional de Gastos de los Hogares (ENGASTO) - ENGASTO13
Mexico,MX,MEX,484,Rural,15,"No facility, bush, field",0.079,Encuesta Nacional de Gastos de los Hogares (ENGASTO) - ENGASTO13
Mexico,MX,MEX,484,Rural,16,Other unimproved,0.0,Encuesta Nacional de Gastos de los Hogares (ENGASTO) - ENGASTO13
Mexico,MX,MEX,484,Rural,17,DK/missing information,0.0,Encuesta Nacional de Gastos de los Hogares (ENGASTO) - ENGASTO13
Mexico,MX,MEX,484,Urban,1,Flush and pour flush - to piped sewer system,0.878,"Encuesta nacional de ingresos y gastos de los hogares, 2014 - ENIGH14"
Mexico,MX,MEX,484,Urban,2,Flush and pour flush - to septic tank,0.09,"Encuesta nacional de ingresos y gastos de los hogares, 2014 - ENIGH14"
Mexico,MX,MEX,484,Urban,3,Flush and pour flush - to pit,0.0,"Encuesta nacional de ingresos y gastos de los hogares, 2014 - ENIGH14"
Mexico,MX,MEX,484,Urban,4,Flush and pour flush - to unknown place/ not sure/DK,0.0,"Encuesta nacional de ingresos y gastos de los hogares, 2014 - ENIGH14"
Mexico,MX,MEX,484,Urban,5,Flush and pour flush - to elsewhere,0.003,"Encuesta nacional de ingresos y gastos de los hogares, 2014 - ENIGH14"
Mexico,MX,MEX,484,Urban,6,Dry latrines - Ventilated Improved Pit latrine,0.0,"Encuesta nacional de ingresos y gastos de los hogares, 2014 - ENIGH14"
Mexico,MX,MEX,484,Urban,7,Dry latrines - Pit latrine with slab/covered latrine,0.0,"Encuesta nacional de ingresos y gastos de los hogares, 2014 - ENIGH14"
Mexico,MX,MEX,484,Urban,8,Dry latrines - Traditional latrine,0.013,"Encuesta nacional de ingresos y gastos de los hogares, 2014 - ENIGH14"
Mexico,MX,MEX,484,Urban,9,Dry latrines - Pit latrine without slab/open pit,0.0,"Encuesta nacional de ingresos y gastos de los hogares, 2014 - ENIGH14"
Mexico,MX,MEX,484,Urban,10,Dry latrines - Hanging toilet/hanging latrine,0.0,"Encuesta nacional de ingresos y gastos de los hogares, 2014 - ENIGH14"
Mexico,MX,MEX,484,Urban,11,Dry latrines - Bucket latrine,0.0,"Encuesta nacional de ingresos y gastos de los hogares, 2014 - ENIGH14"
Mexico,MX,MEX,484,Urban,12,Dry latrines - Other,0.0,"Encuesta nacional de ingresos y gastos de los hogares, 2014 - ENIGH14"
Mexico,MX,MEX,484,Urban,13,Composting toilets,0.0,"Encuesta nacional de ingresos y gastos de los hogares, 2014 - ENIGH14"
Mexico,MX,MEX,484,Urban,14,Other improved,0.0,"Encuesta nacional de ingresos y gastos de los hogares, 2014 - ENIGH14"
Mexico,MX,MEX,484,Urban,15,"No facility, bush, field",0.009,"Encuesta nacional de ingresos y gastos de los hogares, 2014 - ENIGH14"
Mexico,MX,MEX,484,Urban,16,Other unimproved,0.007,"Encuesta nacional de ingresos y gastos de los hogares, 2014 - ENIGH14"
Mexico,MX,MEX,484,Urban,17,DK/missing information,0.0,"Encuesta nacional de ingresos y gastos de los hogares, 2014 - ENIGH14"
Mexico,MX,MEX,484,Rural,1,Flush and pour flush - to piped sewer system,0.324,"Encuesta nacional de ingresos y gastos de los hogares, 2014 - ENIGH14"
Mexico,MX,MEX,484,Rural,2,Flush and pour flush - to septic tank,0.417,"Encuesta nacional de ingresos y gastos de los hogares, 2014 - ENIGH14"
Mexico,MX,MEX,484,Rural,3,Flush and pour flush - to pit,0.0,"Encuesta nacional de ingresos y gastos de los hogares, 2014 - ENIGH14"
Mexico,MX,MEX,484,Rural,4,Flush and pour flush - to unknown place/ not sure/DK,0.0,"Encuesta nacional de ingresos y gastos de los hogares, 2014 - ENIGH14"
Mexico,MX,MEX,484,Rural,5,Flush and pour flush - to elsewhere,0.011,"Encuesta nacional de ingresos y gastos de los hogares, 2014 - ENIGH14"
Mexico,MX,MEX,484,Rural,6,Dry latrines - Ventilated Improved Pit latrine,0.0,"Encuesta nacional de ingresos y gastos de los hogares, 2014 - ENIGH14"
Mexico,MX,MEX,484,Rural,7,Dry latrines - Pit latrine with slab/covered latrine,0.0,"Encuesta nacional de ingresos y gastos de los hogares, 2014 - ENIGH14"
Mexico,MX,MEX,484,Rural,8,Dry latrines - Traditional latrine,0.134,"Encuesta nacional de ingresos y gastos de los hogares, 2014 - ENIGH14"
Mexico,MX,MEX,484,Rural,9,Dry latrines - Pit latrine without slab/open pit,0.0,"Encuesta nacional de ingresos y gastos de los hogares, 2014 - ENIGH14"
Mexico,MX,MEX,484,Rural,10,Dry latrines - Hanging toilet/hanging latrine,0.0,"Encuesta nacional de ingresos y gastos de los hogares, 2014 - ENIGH14"
Mexico,MX,MEX,484,Rural,11,Dry latrines - Bucket latrine,0.0,"Encuesta nacional de ingresos y gastos de los hogares, 2014 - ENIGH14"
Mexico,MX,MEX,484,Rural,12,Dry latrines - Other,0.0,"Encuesta nacional de ingresos y gastos de los hogares, 2014 - ENIGH14"
Mexico,MX,MEX,484,Rural,13,Composting toilets,0.0,"Encuesta nacional de ingresos y gastos de los hogares, 2014 - ENIGH14"
Mexico,MX,MEX,484,Rural,14,Other improved,0.0,"Encuesta nacional de ingresos y gastos de los hogares, 2014 - ENIGH14"
Mexico,MX,MEX,484,Rural,15,"No facility, bush, field",0.079,"Encuesta nacional de ingresos y gastos de los hogares, 2014 - ENIGH14"
Mexico,MX,MEX,484,Rural,16,Other unimproved,0.034,"Encuesta nacional de ingresos y gastos de los hogares, 2014 - ENIGH14"
Mexico,MX,MEX,484,Rural,17,DK/missing information,0.0,"Encuesta nacional de ingresos y gastos de los hogares, 2014 - ENIGH14"
Mexico,MX,MEX,484,Urban,1,Flush and pour flush - to piped sewer system,0.867,"ENIGH-MCS, 2014 - MCS14"
Mexico,MX,MEX,484,Urban,2,Flush and pour flush - to septic tank,0.095,"ENIGH-MCS, 2014 - MCS14"
Mexico,MX,MEX,484,Urban,3,Flush and pour flush - to pit,0.0,"ENIGH-MCS, 2014 - MCS14"
Mexico,MX,MEX,484,Urban,4,Flush and pour flush - to unknown place/ not sure/DK,0.0,"ENIGH-MCS, 2014 - MCS14"
Mexico,MX,MEX,484,Urban,5,Flush and pour flush - to elsewhere,0.003,"ENIGH-MCS, 2014 - MCS14"
Mexico,MX,MEX,484,Urban,6,Dry latrines - Ventilated Improved Pit latrine,0.0,"ENIGH-MCS, 2014 - MCS14"
Mexico,MX,MEX,484,Urban,7,Dry latrines - Pit latrine with slab/covered latrine,0.0,"ENIGH-MCS, 2014 - MCS14"
Mexico,MX,MEX,484,Urban,8,Dry latrines - Traditional latrine,0.02,"ENIGH-MCS, 2014 - MCS14"
Mexico,MX,MEX,484,Urban,9,Dry latrines - Pit latrine without slab/open pit,0.0,"ENIGH-MCS, 2014 - MCS14"
Mexico,MX,MEX,484,Urban,10,Dry latrines - Hanging toilet/hanging latrine,0.0,"ENIGH-MCS, 2014 - MCS14"
Mexico,MX,MEX,484,Urban,11,Dry latrines - Bucket latrine,0.0,"ENIGH-MCS, 2014 - MCS14"
Mexico,MX,MEX,484,Urban,12,Dry latrines - Other,0.0,"ENIGH-MCS, 2014 - MCS14"
Mexico,MX,MEX,484,Urban,13,Composting toilets,0.0,"ENIGH-MCS, 2014 - MCS14"
Mexico,MX,MEX,484,Urban,14,Other improved,0.0,"ENIGH-MCS, 2014 - MCS14"
Mexico,MX,MEX,484,Urban,15,"No facility, bush, field",0.009,"ENIGH-MCS, 2014 - MCS14"
Mexico,MX,MEX,484,Urban,16,Other unimproved,0.005,"ENIGH-MCS, 2014 - MCS14"
Mexico,MX,MEX,484,Urban,17,DK/missing information,0.0,"ENIGH-MCS, 2014 - MCS14"
Mexico,MX,MEX,484,Rural,1,Flush and pour flush - to piped sewer system,0.292,"ENIGH-MCS, 2014 - MCS14"
Mexico,MX,MEX,484,Rural,2,Flush and pour flush - to septic tank,0.396,"ENIGH-MCS, 2014 - MCS14"
Mexico,MX,MEX,484,Rural,3,Flush and pour flush - to pit,0.0,"ENIGH-MCS, 2014 - MCS14"
Mexico,MX,MEX,484,Rural,4,Flush and pour flush - to unknown place/ not sure/DK,0.0,"ENIGH-MCS, 2014 - MCS14"
Mexico,MX,MEX,484,Rural,5,Flush and pour flush - to elsewhere,0.012,"ENIGH-MCS, 2014 - MCS14"
Mexico,MX,MEX,484,Rural,6,Dry latrines - Ventilated Improved Pit latrine,0.0,"ENIGH-MCS, 2014 - MCS14"
Mexico,MX,MEX,484,Rural,7,Dry latrines - Pit latrine with slab/covered latrine,0.0,"ENIGH-MCS, 2014 - MCS14"
Mexico,MX,MEX,484,Rural,8,Dry latrines - Traditional latrine,0.193,"ENIGH-MCS, 2014 - MCS14"
Mexico,MX,MEX,484,Rural,9,Dry latrines - Pit latrine without slab/open pit,0.0,"ENIGH-MCS, 2014 - MCS14"
Mexico,MX,MEX,484,Rural,10,Dry latrines - Hanging toilet/hanging latrine,0.0,"ENIGH-MCS, 2014 - MCS14"
Mexico,MX,MEX,484,Rural,11,Dry latrines - Bucket latrine,0.0,"ENIGH-MCS, 2014 - MCS14"
Mexico,MX,MEX,484,Rural,12,Dry latrines - Other,0.0,"ENIGH-MCS, 2014 - MCS14"
Mexico,MX,MEX,484,Rural,13,Composting toilets,0.0,"ENIGH-MCS, 2014 - MCS14"
Mexico,MX,MEX,484,Rural,14,Other improved,0.0,"ENIGH-MCS, 2014 - MCS14"
Mexico,MX,MEX,484,Rural,15,"No facility, bush, field",0.081,"ENIGH-MCS, 2014 - MCS14"
Mexico,MX,MEX,484,Rural,16,Other unimproved,0.025,"ENIGH-MCS, 2014 - MCS14"
Mexico,MX,MEX,484,Rural,17,DK/missing information,0.0,"ENIGH-MCS, 2014 - MCS14"
Mexico,MX,MEX,484,Urban,1,Flush and pour flush - to piped sewer system,0.87,"Encuesta nacional de la dinamica demografica, 2014 - ENDD14"
Mexico,MX,MEX,484,Urban,2,Flush and pour flush - to septic tank,0.09,"Encuesta nacional de la dinamica demografica, 2014 - ENDD14"
Mexico,MX,MEX,484,Urban,3,Flush and pour flush - to pit,0.0,"Encuesta nacional de la dinamica demografica, 2014 - ENDD14"
Mexico,MX,MEX,484,Urban,4,Flush and pour flush - to unknown place/ not sure/DK,0.0,"Encuesta nacional de la dinamica demografica, 2014 - ENDD14"
Mexico,MX,MEX,484,Urban,5,Flush and pour flush - to elsewhere,0.003,"Encuesta nacional de la dinamica demografica, 2014 - ENDD14"
Mexico,MX,MEX,484,Urban,6,Dry latrines - Ventilated Improved Pit latrine,0.0,"Encuesta nacional de la dinamica demografica, 2014 - ENDD14"
Mexico,MX,MEX,484,Urban,7,Dry latrines - Pit latrine with slab/covered latrine,0.0,"Encuesta nacional de la dinamica demografica, 2014 - ENDD14"
Mexico,MX,MEX,484,Urban,8,Dry latrines - Traditional latrine,0.017,"Encuesta nacional de la dinamica demografica, 2014 - ENDD14"
Mexico,MX,MEX,484,Urban,9,Dry latrines - Pit latrine without slab/open pit,0.0,"Encuesta nacional de la dinamica demografica, 2014 - ENDD14"
Mexico,MX,MEX,484,Urban,10,Dry latrines - Hanging toilet/hanging latrine,0.0,"Encuesta nacional de la dinamica demografica, 2014 - ENDD14"
Mexico,MX,MEX,484,Urban,11,Dry latrines - Bucket latrine,0.0,"Encuesta nacional de la dinamica demografica, 2014 - ENDD14"
Mexico,MX,MEX,484,Urban,12,Dry latrines - Other,0.0,"Encuesta nacional de la dinamica demografica, 2014 - ENDD14"
Mexico,MX,MEX,484,Urban,13,Composting toilets,0.0,"Encuesta nacional de la dinamica demografica, 2014 - ENDD14"
Mexico,MX,MEX,484,Urban,14,Other improved,0.0,"Encuesta nacional de la dinamica demografica, 2014 - ENDD14"
Mexico,MX,MEX,484,Urban,15,"No facility, bush, field",0.013,"Encuesta nacional de la dinamica demografica, 2014 - ENDD14"
Mexico,MX,MEX,484,Urban,16,Other unimproved,0.007,"Encuesta nacional de la dinamica demografica, 2014 - ENDD14"
Mexico,MX,MEX,484,Urban,17,DK/missing information,0.0,"Encuesta nacional de la dinamica demografica, 2014 - ENDD14"
Mexico,MX,MEX,484,Rural,1,Flush and pour flush - to piped sewer system,0.308,"Encuesta nacional de la dinamica demografica, 2014 - ENDD14"
Mexico,MX,MEX,484,Rural,2,Flush and pour flush - to septic tank,0.384,"Encuesta nacional de la dinamica demografica, 2014 - ENDD14"
Mexico,MX,MEX,484,Rural,3,Flush and pour flush - to pit,0.0,"Encuesta nacional de la dinamica demografica, 2014 - ENDD14"
Mexico,MX,MEX,484,Rural,4,Flush and pour flush - to unknown place/ not sure/DK,0.0,"Encuesta nacional de la dinamica demografica, 2014 - ENDD14"
Mexico,MX,MEX,484,Rural,5,Flush and pour flush - to elsewhere,0.009,"Encuesta nacional de la dinamica demografica, 2014 - ENDD14"
Mexico,MX,MEX,484,Rural,6,Dry latrines - Ventilated Improved Pit latrine,0.0,"Encuesta nacional de la dinamica demografica, 2014 - ENDD14"
Mexico,MX,MEX,484,Rural,7,Dry latrines - Pit latrine with slab/covered latrine,0.0,"Encuesta nacional de la dinamica demografica, 2014 - ENDD14"
Mexico,MX,MEX,484,Rural,8,Dry latrines - Traditional latrine,0.181,"Encuesta nacional de la dinamica demografica, 2014 - ENDD14"
Mexico,MX,MEX,484,Rural,9,Dry latrines - Pit latrine without slab/open pit,0.0,"Encuesta nacional de la dinamica demografica, 2014 - ENDD14"
Mexico,MX,MEX,484,Rural,10,Dry latrines - Hanging toilet/hanging latrine,0.0,"Encuesta nacional de la dinamica demografica, 2014 - ENDD14"
Mexico,MX,MEX,484,Rural,11,Dry latrines - Bucket latrine,0.0,"Encuesta nacional de la dinamica demografica, 2014 - ENDD14"
Mexico,MX,MEX,484,Rural,12,Dry latrines - Other,0.0,"Encuesta nacional de la dinamica demografica, 2014 - ENDD14"
Mexico,MX,MEX,484,Rural,13,Composting toilets,0.0,"Encuesta nacional de la dinamica demografica, 2014 - ENDD14"
Mexico,MX,MEX,484,Rural,14,Other improved,0.0,"Encuesta nacional de la dinamica demografica, 2014 - ENDD14"
Mexico,MX,MEX,484,Rural,15,"No facility, bush, field",0.092,"Encuesta nacional de la dinamica demografica, 2014 - ENDD14"
Mexico,MX,MEX,484,Rural,16,Other unimproved,0.026,"Encuesta nacional de la dinamica demografica, 2014 - ENDD14"
Mexico,MX,MEX,484,Rural,17,DK/missing information,0.0,"Encuesta nacional de la dinamica demografica, 2014 - ENDD14"
Mexico,MX,MEX,484,Urban,1,Flush and pour flush - to piped sewer system,0.87,"Encuesta Nacional de los Hogares, 2014 - ENH14"
Mexico,MX,MEX,484,Urban,2,Flush and pour flush - to septic tank,0.099,"Encuesta Nacional de los Hogares, 2014 - ENH14"
Mexico,MX,MEX,484,Urban,3,Flush and pour flush - to pit,0.0,"Encuesta Nacional de los Hogares, 2014 - ENH14"
Mexico,MX,MEX,484,Urban,4,Flush and pour flush - to unknown place/ not sure/DK,0.0,"Encuesta Nacional de los Hogares, 2014 - ENH14"
Mexico,MX,MEX,484,Urban,5,Flush and pour flush - to elsewhere,0.011,"Encuesta Nacional de los Hogares, 2014 - ENH14"
Mexico,MX,MEX,484,Urban,6,Dry latrines - Ventilated Improved Pit latrine,0.0,"Encuesta Nacional de los Hogares, 2014 - ENH14"
Mexico,MX,MEX,484,Urban,7,Dry latrines - Pit latrine with slab/covered latrine,0.0,"Encuesta Nacional de los Hogares, 2014 - ENH14"
Mexico,MX,MEX,484,Urban,8,Dry latrines - Traditional latrine,0.01,"Encuesta Nacional de los Hogares, 2014 - ENH14"
Mexico,MX,MEX,484,Urban,9,Dry latrines - Pit latrine without slab/open pit,0.0,"Encuesta Nacional de los Hogares, 2014 - ENH14"
Mexico,MX,MEX,484,Urban,10,Dry latrines - Hanging toilet/hanging latrine,0.0,"Encuesta Nacional de los Hogares, 2014 - ENH14"
Mexico,MX,MEX,484,Urban,11,Dry latrines - Bucket latrine,0.0,"Encuesta Nacional de los Hogares, 2014 - ENH14"
Mexico,MX,MEX,484,Urban,12,Dry latrines - Other,0.0,"Encuesta Nacional de los Hogares, 2014 - ENH14"
Mexico,MX,MEX,484,Urban,13,Composting toilets,0.0,"Encuesta Nacional de los Hogares, 2014 - ENH14"
Mexico,MX,MEX,484,Urban,14,Other improved,0.0,"Encuesta Nacional de los Hogares, 2014 - ENH14"
Mexico,MX,MEX,484,Urban,15,"No facility, bush, field",0.01,"Encuesta Nacional de los Hogares, 2014 - ENH14"
Mexico,MX,MEX,484,Urban,16,Other unimproved,0.0,"Encuesta Nacional de los Hogares, 2014 - ENH14"
Mexico,MX,MEX,484,Urban,17,DK/missing information,0.0,"Encuesta Nacional de los Hogares, 2014 - ENH14"
Mexico,MX,MEX,484,Rural,1,Flush and pour flush - to piped sewer system,0.33,"Encuesta Nacional de los Hogares, 2014 - ENH14"
Mexico,MX,MEX,484,Rural,2,Flush and pour flush - to septic tank,0.404,"Encuesta Nacional de los Hogares, 2014 - ENH14"
Mexico,MX,MEX,484,Rural,3,Flush and pour flush - to pit,0.0,"Encuesta Nacional de los Hogares, 2014 - ENH14"
Mexico,MX,MEX,484,Rural,4,Flush and pour flush - to unknown place/ not sure/DK,0.0,"Encuesta Nacional de los Hogares, 2014 - ENH14"
Mexico,MX,MEX,484,Rural,5,Flush and pour flush - to elsewhere,0.036,"Encuesta Nacional de los Hogares, 2014 - ENH14"
Mexico,MX,MEX,484,Rural,6,Dry latrines - Ventilated Improved Pit latrine,0.0,"Encuesta Nacional de los Hogares, 2014 - ENH14"
Mexico,MX,MEX,484,Rural,7,Dry latrines - Pit latrine with slab/covered latrine,0.0,"Encuesta Nacional de los Hogares, 2014 - ENH14"
Mexico,MX,MEX,484,Rural,8,Dry latrines - Traditional latrine,0.146,"Encuesta Nacional de los Hogares, 2014 - ENH14"
Mexico,MX,MEX,484,Rural,9,Dry latrines - Pit latrine without slab/open pit,0.0,"Encuesta Nacional de los Hogares, 2014 - ENH14"
Mexico,MX,MEX,484,Rural,10,Dry latrines - Hanging toilet/hanging latrine,0.0,"Encuesta Nacional de los Hogares, 2014 - ENH14"
Mexico,MX,MEX,484,Rural,11,Dry latrines - Bucket latrine,0.0,"Encuesta Nacional de los Hogares, 2014 - ENH14"
Mexico,MX,MEX,484,Rural,12,Dry latrines - Other,0.0,"Encuesta Nacional de los Hogares, 2014 - ENH14"
Mexico,MX,MEX,484,Rural,13,Composting toilets,0.0,"Encuesta Nacional de los Hogares, 2014 - ENH14"
Mexico,MX,MEX,484,Rural,14,Other improved,0.0,"Encuesta Nacional de los Hogares, 2014 - ENH14"
Mexico,MX,MEX,484,Rural,15,"No facility, bush, field",0.085,"Encuesta Nacional de los Hogares, 2014 - ENH14"
Mexico,MX,MEX,484,Rural,16,Other unimproved,0.0,"Encuesta Nacional de los Hogares, 2014 - ENH14"
Mexico,MX,MEX,484,Rural,17,DK/missing information,0.0,"Encuesta Nacional de los Hogares, 2014 - ENH14"
Mexico,MX,MEX,484,Urban,1,Flush and pour flush - to piped sewer system,0.921,Encuesta Nacional sobre Uso del Tiempo - ENUT14
Mexico,MX,MEX,484,Urban,2,Flush and pour flush - to septic tank,0.062,Encuesta Nacional sobre Uso del Tiempo - ENUT14
Mexico,MX,MEX,484,Urban,3,Flush and pour flush - to pit,0.0,Encuesta Nacional sobre Uso del Tiempo - ENUT14
Mexico,MX,MEX,484,Urban,4,Flush and pour flush - to unknown place/ not sure/DK,0.0,Encuesta Nacional sobre Uso del Tiempo - ENUT14
Mexico,MX,MEX,484,Urban,5,Flush and pour flush - to elsewhere,0.005,Encuesta Nacional sobre Uso del Tiempo - ENUT14
Mexico,MX,MEX,484,Urban,6,Dry latrines - Ventilated Improved Pit latrine,0.0,Encuesta Nacional sobre Uso del Tiempo - ENUT14
Mexico,MX,MEX,484,Urban,7,Dry latrines - Pit latrine with slab/covered latrine,0.0,Encuesta Nacional sobre Uso del Tiempo - ENUT14
Mexico,MX,MEX,484,Urban,8,Dry latrines - Traditional latrine,0.006,Encuesta Nacional sobre Uso del Tiempo - ENUT14
Mexico,MX,MEX,484,Urban,9,Dry latrines - Pit latrine without slab/open pit,0.0,Encuesta Nacional sobre Uso del Tiempo - ENUT14
Mexico,MX,MEX,484,Urban,10,Dry latrines - Hanging toilet/hanging latrine,0.0,Encuesta Nacional sobre Uso del Tiempo - ENUT14
Mexico,MX,MEX,484,Urban,11,Dry latrines - Bucket latrine,0.0,Encuesta Nacional sobre Uso del Tiempo - ENUT14
Mexico,MX,MEX,484,Urban,12,Dry latrines - Other,0.0,Encuesta Nacional sobre Uso del Tiempo - ENUT14
Mexico,MX,MEX,484,Urban,13,Composting toilets,0.0,Encuesta Nacional sobre Uso del Tiempo - ENUT14
Mexico,MX,MEX,484,Urban,14,Other improved,0.0,Encuesta Nacional sobre Uso del Tiempo - ENUT14
Mexico,MX,MEX,484,Urban,15,"No facility, bush, field",0.005,Encuesta Nacional sobre Uso del Tiempo - ENUT14
Mexico,MX,MEX,484,Urban,16,Other unimproved,0.0,Encuesta Nacional sobre Uso del Tiempo - ENUT14
Mexico,MX,MEX,484,Urban,17,DK/missing information,0.001,Encuesta Nacional sobre Uso del Tiempo - ENUT14
Mexico,MX,MEX,484,Rural,1,Flush and pour flush - to piped sewer system,0.425,Encuesta Nacional sobre Uso del Tiempo - ENUT14
Mexico,MX,MEX,484,Rural,2,Flush and pour flush - to septic tank,0.346,Encuesta Nacional sobre Uso del Tiempo - ENUT14
Mexico,MX,MEX,484,Rural,3,Flush and pour flush - to pit,0.0,Encuesta Nacional sobre Uso del Tiempo - ENUT14
Mexico,MX,MEX,484,Rural,4,Flush and pour flush - to unknown place/ not sure/DK,0.0,Encuesta Nacional sobre Uso del Tiempo - ENUT14
Mexico,MX,MEX,484,Rural,5,Flush and pour flush - to elsewhere,0.021,Encuesta Nacional sobre Uso del Tiempo - ENUT14
Mexico,MX,MEX,484,Rural,6,Dry latrines - Ventilated Improved Pit latrine,0.0,Encuesta Nacional sobre Uso del Tiempo - ENUT14
Mexico,MX,MEX,484,Rural,7,Dry latrines - Pit latrine with slab/covered latrine,0.0,Encuesta Nacional sobre Uso del Tiempo - ENUT14
Mexico,MX,MEX,484,Rural,8,Dry latrines - Traditional latrine,0.129,Encuesta Nacional sobre Uso del Tiempo - ENUT14
Mexico,MX,MEX,484,Rural,9,Dry latrines - Pit latrine without slab/open pit,0.0,Encuesta Nacional sobre Uso del Tiempo - ENUT14
Mexico,MX,MEX,484,Rural,10,Dry latrines - Hanging toilet/hanging latrine,0.0,Encuesta Nacional sobre Uso del Tiempo - ENUT14
Mexico,MX,MEX,484,Rural,11,Dry latrines - Bucket latrine,0.0,Encuesta Nacional sobre Uso del Tiempo - ENUT14
Mexico,MX,MEX,484,Rural,12,Dry latrines - Other,0.0,Encuesta Nacional sobre Uso del Tiempo - ENUT14
Mexico,MX,MEX,484,Rural,13,Composting toilets,0.0,Encuesta Nacional sobre Uso del Tiempo - ENUT14
Mexico,MX,MEX,484,Rural,14,Other improved,0.0,Encuesta Nacional sobre Uso del Tiempo - ENUT14
Mexico,MX,MEX,484,Rural,15,"No facility, bush, field",0.076,Encuesta Nacional sobre Uso del Tiempo - ENUT14
Mexico,MX,MEX,484,Rural,16,Other unimproved,0.0,Encuesta Nacional sobre Uso del Tiempo - ENUT14
Mexico,MX,MEX,484,Rural,17,DK/missing information,0.003,Encuesta Nacional sobre Uso del Tiempo - ENUT14
Mexico,MX,MEX,484,Urban,1,Flush and pour flush - to piped sewer system,0.913,"Multiple Indicator Cluster Survey, 2015 - MICS15"
Mexico,MX,MEX,484,Urban,2,Flush and pour flush - to septic tank,0.049,"Multiple Indicator Cluster Survey, 2015 - MICS15"
Mexico,MX,MEX,484,Urban,3,Flush and pour flush - to pit,0.012,"Multiple Indicator Cluster Survey, 2015 - MICS15"
Mexico,MX,MEX,484,Urban,4,Flush and pour flush - to unknown place/ not sure/DK,0.0,"Multiple Indicator Cluster Survey, 2015 - MICS15"
Mexico,MX,MEX,484,Urban,5,Flush and pour flush - to elsewhere,0.0,"Multiple Indicator Cluster Survey, 2015 - MICS15"
Mexico,MX,MEX,484,Urban,6,Dry latrines - Ventilated Improved Pit latrine,0.002,"Multiple Indicator Cluster Survey, 2015 - MICS15"
Mexico,MX,MEX,484,Urban,7,Dry latrines - Pit latrine with slab/covered latrine,0.014,"Multiple Indicator Cluster Survey, 2015 - MICS15"
Mexico,MX,MEX,484,Urban,8,Dry latrines - Traditional latrine,0.0,"Multiple Indicator Cluster Survey, 2015 - MICS15"
Mexico,MX,MEX,484,Urban,9,Dry latrines - Pit latrine without slab/open pit,0.001,"Multiple Indicator Cluster Survey, 2015 - MICS15"
Mexico,MX,MEX,484,Urban,10,Dry latrines - Hanging toilet/hanging latrine,0.0,"Multiple Indicator Cluster Survey, 2015 - MICS15"
Mexico,MX,MEX,484,Urban,11,Dry latrines - Bucket latrine,0.0,"Multiple Indicator Cluster Survey, 2015 - MICS15"
Mexico,MX,MEX,484,Urban,12,Dry latrines - Other,0.0,"Multiple Indicator Cluster Survey, 2015 - MICS15"
Mexico,MX,MEX,484,Urban,13,Composting toilets,0.0,"Multiple Indicator Cluster Survey, 2015 - MICS15"
Mexico,MX,MEX,484,Urban,14,Other improved,0.0,"Multiple Indicator Cluster Survey, 2015 - MICS15"
Mexico,MX,MEX,484,Urban,15,"No facility, bush, field",0.002,"Multiple Indicator Cluster Survey, 2015 - MICS15"
Mexico,MX,MEX,484,Urban,16,Other unimproved,0.001,"Multiple Indicator Cluster Survey, 2015 - MICS15"
Mexico,MX,MEX,484,Urban,17,DK/missing information,0.0,"Multiple Indicator Cluster Survey, 2015 - MICS15"
Mexico,MX,MEX,484,Rural,1,Flush and pour flush - to piped sewer system,0.345,"Multiple Indicator Cluster Survey, 2015 - MICS15"
Mexico,MX,MEX,484,Rural,2,Flush and pour flush - to septic tank,0.285,"Multiple Indicator Cluster Survey, 2015 - MICS15"
Mexico,MX,MEX,484,Rural,3,Flush and pour flush - to pit,0.167,"Multiple Indicator Cluster Survey, 2015 - MICS15"
Mexico,MX,MEX,484,Rural,4,Flush and pour flush - to unknown place/ not sure/DK,0.0,"Multiple Indicator Cluster Survey, 2015 - MICS15"
Mexico,MX,MEX,484,Rural,5,Flush and pour flush - to elsewhere,0.0,"Multiple Indicator Cluster Survey, 2015 - MICS15"
Mexico,MX,MEX,484,Rural,6,Dry latrines - Ventilated Improved Pit latrine,0.012,"Multiple Indicator Cluster Survey, 2015 - MICS15"
Mexico,MX,MEX,484,Rural,7,Dry latrines - Pit latrine with slab/covered latrine,0.122,"Multiple Indicator Cluster Survey, 2015 - MICS15"
Mexico,MX,MEX,484,Rural,8,Dry latrines - Traditional latrine,0.0,"Multiple Indicator Cluster Survey, 2015 - MICS15"
Mexico,MX,MEX,484,Rural,9,Dry latrines - Pit latrine without slab/open pit,0.03,"Multiple Indicator Cluster Survey, 2015 - MICS15"
Mexico,MX,MEX,484,Rural,10,Dry latrines - Hanging toilet/hanging latrine,0.001,"Multiple Indicator Cluster Survey, 2015 - MICS15"
Mexico,MX,MEX,484,Rural,11,Dry latrines - Bucket latrine,0.0,"Multiple Indicator Cluster Survey, 2015 - MICS15"
Mexico,MX,MEX,484,Rural,12,Dry latrines - Other,0.0,"Multiple Indicator Cluster Survey, 2015 - MICS15"
Mexico,MX,MEX,484,Rural,13,Composting toilets,0.002,"Multiple Indicator Cluster Survey, 2015 - MICS15"
Mexico,MX,MEX,484,Rural,14,Other improved,0.0,"Multiple Indicator Cluster Survey, 2015 - MICS15"
Mexico,MX,MEX,484,Rural,15,"No facility, bush, field",0.026,"Multiple Indicator Cluster Survey, 2015 - MICS15"
Mexico,MX,MEX,484,Rural,16,Other unimproved,0.001,"Multiple Indicator Cluster Survey, 2015 - MICS15"
Mexico,MX,MEX,484,Rural,17,DK/missing information,0.0,"Multiple Indicator Cluster Survey, 2015 - MICS15"
Mexico,MX,MEX,484,Urban,1,Flush and pour flush - to piped sewer system,0.876,"Encuesta Nacional de los Hogares, 2015 - ENH15"
Mexico,MX,MEX,484,Urban,2,Flush and pour flush - to septic tank,0.093,"Encuesta Nacional de los Hogares, 2015 - ENH15"
Mexico,MX,MEX,484,Urban,3,Flush and pour flush - to pit,0.0,"Encuesta Nacional de los Hogares, 2015 - ENH15"
Mexico,MX,MEX,484,Urban,4,Flush and pour flush - to unknown place/ not sure/DK,0.0,"Encuesta Nacional de los Hogares, 2015 - ENH15"
Mexico,MX,MEX,484,Urban,5,Flush and pour flush - to elsewhere,0.01,"Encuesta Nacional de los Hogares, 2015 - ENH15"
Mexico,MX,MEX,484,Urban,6,Dry latrines - Ventilated Improved Pit latrine,0.0,"Encuesta Nacional de los Hogares, 2015 - ENH15"
Mexico,MX,MEX,484,Urban,7,Dry latrines - Pit latrine with slab/covered latrine,0.0,"Encuesta Nacional de los Hogares, 2015 - ENH15"
Mexico,MX,MEX,484,Urban,8,Dry latrines - Traditional latrine,0.009,"Encuesta Nacional de los Hogares, 2015 - ENH15"
Mexico,MX,MEX,484,Urban,9,Dry latrines - Pit latrine without slab/open pit,0.0,"Encuesta Nacional de los Hogares, 2015 - ENH15"
Mexico,MX,MEX,484,Urban,10,Dry latrines - Hanging toilet/hanging latrine,0.0,"Encuesta Nacional de los Hogares, 2015 - ENH15"
Mexico,MX,MEX,484,Urban,11,Dry latrines - Bucket latrine,0.0,"Encuesta Nacional de los Hogares, 2015 - ENH15"
Mexico,MX,MEX,484,Urban,12,Dry latrines - Other,0.0,"Encuesta Nacional de los Hogares, 2015 - ENH15"
Mexico,MX,MEX,484,Urban,13,Composting toilets,0.0,"Encuesta Nacional de los Hogares, 2015 - ENH15"
Mexico,MX,MEX,484,Urban,14,Other improved,0.0,"Encuesta Nacional de los Hogares, 2015 - ENH15"
Mexico,MX,MEX,484,Urban,15,"No facility, bush, field",0.012,"Encuesta Nacional de los Hogares, 2015 - ENH15"
Mexico,MX,MEX,484,Urban,16,Other unimproved,0.0,"Encuesta Nacional de los Hogares, 2015 - ENH15"
Mexico,MX,MEX,484,Urban,17,DK/missing information,0.0,"Encuesta Nacional de los Hogares, 2015 - ENH15"
Mexico,MX,MEX,484,Rural,1,Flush and pour flush - to piped sewer system,0.309,"Encuesta Nacional de los Hogares, 2015 - ENH15"
Mexico,MX,MEX,484,Rural,2,Flush and pour flush - to septic tank,0.435,"Encuesta Nacional de los Hogares, 2015 - ENH15"
Mexico,MX,MEX,484,Rural,3,Flush and pour flush - to pit,0.0,"Encuesta Nacional de los Hogares, 2015 - ENH15"
Mexico,MX,MEX,484,Rural,4,Flush and pour flush - to unknown place/ not sure/DK,0.0,"Encuesta Nacional de los Hogares, 2015 - ENH15"
Mexico,MX,MEX,484,Rural,5,Flush and pour flush - to elsewhere,0.025,"Encuesta Nacional de los Hogares, 2015 - ENH15"
Mexico,MX,MEX,484,Rural,6,Dry latrines - Ventilated Improved Pit latrine,0.0,"Encuesta Nacional de los Hogares, 2015 - ENH15"
Mexico,MX,MEX,484,Rural,7,Dry latrines - Pit latrine with slab/covered latrine,0.0,"Encuesta Nacional de los Hogares, 2015 - ENH15"
Mexico,MX,MEX,484,Rural,8,Dry latrines - Traditional latrine,0.134,"Encuesta Nacional de los Hogares, 2015 - ENH15"
Mexico,MX,MEX,484,Rural,9,Dry latrines - Pit latrine without slab/open pit,0.0,"Encuesta Nacional de los Hogares, 2015 - ENH15"
Mexico,MX,MEX,484,Rural,10,Dry latrines - Hanging toilet/hanging latrine,0.0,"Encuesta Nacional de los Hogares, 2015 - ENH15"
Mexico,MX,MEX,484,Rural,11,Dry latrines - Bucket latrine,0.0,"Encuesta Nacional de los Hogares, 2015 - ENH15"
Mexico,MX,MEX,484,Rural,12,Dry latrines - Other,0.0,"Encuesta Nacional de los Hogares, 2015 - ENH15"
Mexico,MX,MEX,484,Rural,13,Composting toilets,0.0,"Encuesta Nacional de los Hogares, 2015 - ENH15"
Mexico,MX,MEX,484,Rural,14,Other improved,0.0,"Encuesta Nacional de los Hogares, 2015 - ENH15"
Mexico,MX,MEX,484,Rural,15,"No facility, bush, field",0.098,"Encuesta Nacional de los Hogares, 2015 - ENH15"
Mexico,MX,MEX,484,Rural,16,Other unimproved,0.0,"Encuesta Nacional de los Hogares, 2015 - ENH15"
Mexico,MX,MEX,484,Rural,17,DK/missing information,0.0,"Encuesta Nacional de los Hogares, 2015 - ENH15"
Mexico,MX,MEX,484,Urban,1,Flush and pour flush - to piped sewer system,0.882,"Encuesta nacional de ingresos y gastos de los hogares, 2016 - ENIGH16"
Mexico,MX,MEX,484,Urban,2,Flush and pour flush - to septic tank,0.087,"Encuesta nacional de ingresos y gastos de los hogares, 2016 - ENIGH16"
Mexico,MX,MEX,484,Urban,3,Flush and pour flush - to pit,0.0,"Encuesta nacional de ingresos y gastos de los hogares, 2016 - ENIGH16"
Mexico,MX,MEX,484,Urban,4,Flush and pour flush - to unknown place/ not sure/DK,0.0,"Encuesta nacional de ingresos y gastos de los hogares, 2016 - ENIGH16"
Mexico,MX,MEX,484,Urban,5,Flush and pour flush - to elsewhere,0.003,"Encuesta nacional de ingresos y gastos de los hogares, 2016 - ENIGH16"
Mexico,MX,MEX,484,Urban,6,Dry latrines - Ventilated Improved Pit latrine,0.0,"Encuesta nacional de ingresos y gastos de los hogares, 2016 - ENIGH16"
Mexico,MX,MEX,484,Urban,7,Dry latrines - Pit latrine with slab/covered latrine,0.0,"Encuesta nacional de ingresos y gastos de los hogares, 2016 - ENIGH16"
Mexico,MX,MEX,484,Urban,8,Dry latrines - Traditional latrine,0.015,"Encuesta nacional de ingresos y gastos de los hogares, 2016 - ENIGH16"
Mexico,MX,MEX,484,Urban,9,Dry latrines - Pit latrine without slab/open pit,0.0,"Encuesta nacional de ingresos y gastos de los hogares, 2016 - ENIGH16"
Mexico,MX,MEX,484,Urban,10,Dry latrines - Hanging toilet/hanging latrine,0.0,"Encuesta nacional de ingresos y gastos de los hogares, 2016 - ENIGH16"
Mexico,MX,MEX,484,Urban,11,Dry latrines - Bucket latrine,0.0,"Encuesta nacional de ingresos y gastos de los hogares, 2016 - ENIGH16"
Mexico,MX,MEX,484,Urban,12,Dry latrines - Other,0.0,"Encuesta nacional de ingresos y gastos de los hogares, 2016 - ENIGH16"
Mexico,MX,MEX,484,Urban,13,Composting toilets,0.0,"Encuesta nacional de ingresos y gastos de los hogares, 2016 - ENIGH16"
Mexico,MX,MEX,484,Urban,14,Other improved,0.0,"Encuesta nacional de ingresos y gastos de los hogares, 2016 - ENIGH16"
Mexico,MX,MEX,484,Urban,15,"No facility, bush, field",0.009,"Encuesta nacional de ingresos y gastos de los hogares, 2016 - ENIGH16"
Mexico,MX,MEX,484,Urban,16,Other unimproved,0.004,"Encuesta nacional de ingresos y gastos de los hogares, 2016 - ENIGH16"
Mexico,MX,MEX,484,Urban,17,DK/missing information,0.0,"Encuesta nacional de ingresos y gastos de los hogares, 2016 - ENIGH16"
Mexico,MX,MEX,484,Rural,1,Flush and pour flush - to piped sewer system,0.304,"Encuesta nacional de ingresos y gastos de los hogares, 2016 - ENIGH16"
Mexico,MX,MEX,484,Rural,2,Flush and pour flush - to septic tank,0.427,"Encuesta nacional de ingresos y gastos de los hogares, 2016 - ENIGH16"
Mexico,MX,MEX,484,Rural,3,Flush and pour flush - to pit,0.0,"Encuesta nacional de ingresos y gastos de los hogares, 2016 - ENIGH16"
Mexico,MX,MEX,484,Rural,4,Flush and pour flush - to unknown place/ not sure/DK,0.0,"Encuesta nacional de ingresos y gastos de los hogares, 2016 - ENIGH16"
Mexico,MX,MEX,484,Rural,5,Flush and pour flush - to elsewhere,0.013,"Encuesta nacional de ingresos y gastos de los hogares, 2016 - ENIGH16"
Mexico,MX,MEX,484,Rural,6,Dry latrines - Ventilated Improved Pit latrine,0.0,"Encuesta nacional de ingresos y gastos de los hogares, 2016 - ENIGH16"
Mexico,MX,MEX,484,Rural,7,Dry latrines - Pit latrine with slab/covered latrine,0.0,"Encuesta nacional de ingresos y gastos de los hogares, 2016 - ENIGH16"
Mexico,MX,MEX,484,Rural,8,Dry latrines - Traditional latrine,0.167,"Encuesta nacional de ingresos y gastos de los hogares, 2016 - ENIGH16"
Mexico,MX,MEX,484,Rural,9,Dry latrines - Pit latrine without slab/open pit,0.0,"Encuesta nacional de ingresos y gastos de los hogares, 2016 - ENIGH16"
Mexico,MX,MEX,484,Rural,10,Dry latrines - Hanging toilet/hanging latrine,0.0,"Encuesta nacional de ingresos y gastos de los hogares, 2016 - ENIGH16"
Mexico,MX,MEX,484,Rural,11,Dry latrines - Bucket latrine,0.0,"Encuesta nacional de ingresos y gastos de los hogares, 2016 - ENIGH16"
Mexico,MX,MEX,484,Rural,12,Dry latrines - Other,0.0,"Encuesta nacional de ingresos y gastos de los hogares, 2016 - ENIGH16"
Mexico,MX,MEX,484,Rural,13,Composting toilets,0.0,"Encuesta nacional de ingresos y gastos de los hogares, 2016 - ENIGH16"
Mexico,MX,MEX,484,Rural,14,Other improved,0.0,"Encuesta nacional de ingresos y gastos de los hogares, 2016 - ENIGH16"
Mexico,MX,MEX,484,Rural,15,"No facility, bush, field",0.062,"Encuesta nacional de ingresos y gastos de los hogares, 2016 - ENIGH16"
Mexico,MX,MEX,484,Rural,16,Other unimproved,0.028,"Encuesta nacional de ingresos y gastos de los hogares, 2016 - ENIGH16"
Mexico,MX,MEX,484,Rural,17,DK/missing information,0.0,"Encuesta nacional de ingresos y gastos de los hogares, 2016 - ENIGH16"
Mexico,MX,MEX,484,Urban,1,Flush and pour flush - to piped sewer system,0.882,"Encuesta Nacional de los Hogares, 2016 - ENH16"
Mexico,MX,MEX,484,Urban,2,Flush and pour flush - to septic tank,0.092,"Encuesta Nacional de los Hogares, 2016 - ENH16"
Mexico,MX,MEX,484,Urban,3,Flush and pour flush - to pit,0.0,"Encuesta Nacional de los Hogares, 2016 - ENH16"
Mexico,MX,MEX,484,Urban,4,Flush and pour flush - to unknown place/ not sure/DK,0.0,"Encuesta Nacional de los Hogares, 2016 - ENH16"
Mexico,MX,MEX,484,Urban,5,Flush and pour flush - to elsewhere,0.007,"Encuesta Nacional de los Hogares, 2016 - ENH16"
Mexico,MX,MEX,484,Urban,6,Dry latrines - Ventilated Improved Pit latrine,0.0,"Encuesta Nacional de los Hogares, 2016 - ENH16"
Mexico,MX,MEX,484,Urban,7,Dry latrines - Pit latrine with slab/covered latrine,0.0,"Encuesta Nacional de los Hogares, 2016 - ENH16"
Mexico,MX,MEX,484,Urban,8,Dry latrines - Traditional latrine,0.007,"Encuesta Nacional de los Hogares, 2016 - ENH16"
Mexico,MX,MEX,484,Urban,9,Dry latrines - Pit latrine without slab/open pit,0.0,"Encuesta Nacional de los Hogares, 2016 - ENH16"
Mexico,MX,MEX,484,Urban,10,Dry latrines - Hanging toilet/hanging latrine,0.0,"Encuesta Nacional de los Hogares, 2016 - ENH16"
Mexico,MX,MEX,484,Urban,11,Dry latrines - Bucket latrine,0.0,"Encuesta Nacional de los Hogares, 2016 - ENH16"
Mexico,MX,MEX,484,Urban,12,Dry latrines - Other,0.0,"Encuesta Nacional de los Hogares, 2016 - ENH16"
Mexico,MX,MEX,484,Urban,13,Composting toilets,0.0,"Encuesta Nacional de los Hogares, 2016 - ENH16"
Mexico,MX,MEX,484,Urban,14,Other improved,0.0,"Encuesta Nacional de los Hogares, 2016 - ENH16"
Mexico,MX,MEX,484,Urban,15,"No facility, bush, field",0.011,"Encuesta Nacional de los Hogares, 2016 - ENH16"
Mexico,MX,MEX,484,Urban,16,Other unimproved,0.0,"Encuesta Nacional de los Hogares, 2016 - ENH16"
Mexico,MX,MEX,484,Urban,17,DK/missing information,0.0,"Encuesta Nacional de los Hogares, 2016 - ENH16"
Mexico,MX,MEX,484,Rural,1,Flush and pour flush - to piped sewer system,0.307,"Encuesta Nacional de los Hogares, 2016 - ENH16"
Mexico,MX,MEX,484,Rural,2,Flush and pour flush - to septic tank,0.451,"Encuesta Nacional de los Hogares, 2016 - ENH16"
Mexico,MX,MEX,484,Rural,3,Flush and pour flush - to pit,0.0,"Encuesta Nacional de los Hogares, 2016 - ENH16"
Mexico,MX,MEX,484,Rural,4,Flush and pour flush - to unknown place/ not sure/DK,0.0,"Encuesta Nacional de los Hogares, 2016 - ENH16"
Mexico,MX,MEX,484,Rural,5,Flush and pour flush - to elsewhere,0.024,"Encuesta Nacional de los Hogares, 2016 - ENH16"
Mexico,MX,MEX,484,Rural,6,Dry latrines - Ventilated Improved Pit latrine,0.0,"Encuesta Nacional de los Hogares, 2016 - ENH16"
Mexico,MX,MEX,484,Rural,7,Dry latrines - Pit latrine with slab/covered latrine,0.0,"Encuesta Nacional de los Hogares, 2016 - ENH16"
Mexico,MX,MEX,484,Rural,8,Dry latrines - Traditional latrine,0.127,"Encuesta Nacional de los Hogares, 2016 - ENH16"
Mexico,MX,MEX,484,Rural,9,Dry latrines - Pit latrine without slab/open pit,0.0,"Encuesta Nacional de los Hogares, 2016 - ENH16"
Mexico,MX,MEX,484,Rural,10,Dry latrines - Hanging toilet/hanging latrine,0.0,"Encuesta Nacional de los Hogares, 2016 - ENH16"
Mexico,MX,MEX,484,Rural,11,Dry latrines - Bucket latrine,0.0,"Encuesta Nacional de los Hogares, 2016 - ENH16"
Mexico,MX,MEX,484,Rural,12,Dry latrines - Other,0.0,"Encuesta Nacional de los Hogares, 2016 - ENH16"
Mexico,MX,MEX,484,Rural,13,Composting toilets,0.0,"Encuesta Nacional de los Hogares, 2016 - ENH16"
Mexico,MX,MEX,484,Rural,14,Other improved,0.0,"Encuesta Nacional de los Hogares, 2016 - ENH16"
Mexico,MX,MEX,484,Rural,15,"No facility, bush, field",0.091,"Encuesta Nacional de los Hogares, 2016 - ENH16"
Mexico,MX,MEX,484,Rural,16,Other unimproved,0.0,"Encuesta Nacional de los Hogares, 2016 - ENH16"
Mexico,MX,MEX,484,Rural,17,DK/missing information,0.0,"Encuesta Nacional de los Hogares, 2016 - ENH16"
