country,alpha-2,alpha-3,numeric,context,classific_id,classification,percentage,source
Nicaragua,NI,NIC,558,Urban,1,Flush and pour flush - to piped sewer system,0.308,Demographic and Health Survey - DHS01
Nicaragua,NI,NIC,558,Urban,2,Flush and pour flush - to septic tank,0.023,Demographic and Health Survey - DHS01
Nicaragua,NI,NIC,558,Urban,3,Flush and pour flush - to pit,0.083,Demographic and Health Survey - DHS01
Nicaragua,NI,NIC,558,Urban,4,Flush and pour flush - to unknown place/ not sure/DK,0.0,Demographic and Health Survey - DHS01
Nicaragua,NI,NIC,558,Urban,5,Flush and pour flush - to elsewhere,0.0,Demographic and Health Survey - DHS01
Nicaragua,NI,NIC,558,Urban,6,Dry latrines - Ventilated Improved Pit latrine,0.081,Demographic and Health Survey - DHS01
Nicaragua,NI,NIC,558,Urban,7,Dry latrines - Pit latrine with slab/covered latrine,0.0,Demographic and Health Survey - DHS01
Nicaragua,NI,NIC,558,Urban,8,Dry latrines - Traditional latrine,0.463,Demographic and Health Survey - DHS01
Nicaragua,NI,NIC,558,Urban,9,Dry latrines - Pit latrine without slab/open pit,0.0,Demographic and Health Survey - DHS01
Nicaragua,NI,NIC,558,Urban,10,Dry latrines - Hanging toilet/hanging latrine,0.0,Demographic and Health Survey - DHS01
Nicaragua,NI,NIC,558,Urban,11,Dry latrines - Bucket latrine,0.0,Demographic and Health Survey - DHS01
Nicaragua,NI,NIC,558,Urban,12,Dry latrines - Other,0.0,Demographic and Health Survey - DHS01
Nicaragua,NI,NIC,558,Urban,13,Composting toilets,0.003,Demographic and Health Survey - DHS01
Nicaragua,NI,NIC,558,Urban,14,Other improved,0.0,Demographic and Health Survey - DHS01
Nicaragua,NI,NIC,558,Urban,15,"No facility, bush, field",0.038,Demographic and Health Survey - DHS01
Nicaragua,NI,NIC,558,Urban,16,Other unimproved,0.0,Demographic and Health Survey - DHS01
Nicaragua,NI,NIC,558,Urban,17,DK/missing information,0.0,Demographic and Health Survey - DHS01
Nicaragua,NI,NIC,558,Rural,1,Flush and pour flush - to piped sewer system,0.001,Demographic and Health Survey - DHS01
Nicaragua,NI,NIC,558,Rural,2,Flush and pour flush - to septic tank,0.006,Demographic and Health Survey - DHS01
Nicaragua,NI,NIC,558,Rural,3,Flush and pour flush - to pit,0.019,Demographic and Health Survey - DHS01
Nicaragua,NI,NIC,558,Rural,4,Flush and pour flush - to unknown place/ not sure/DK,0.0,Demographic and Health Survey - DHS01
Nicaragua,NI,NIC,558,Rural,5,Flush and pour flush - to elsewhere,0.0,Demographic and Health Survey - DHS01
Nicaragua,NI,NIC,558,Rural,6,Dry latrines - Ventilated Improved Pit latrine,0.139,Demographic and Health Survey - DHS01
Nicaragua,NI,NIC,558,Rural,7,Dry latrines - Pit latrine with slab/covered latrine,0.0,Demographic and Health Survey - DHS01
Nicaragua,NI,NIC,558,Rural,8,Dry latrines - Traditional latrine,0.522,Demographic and Health Survey - DHS01
Nicaragua,NI,NIC,558,Rural,9,Dry latrines - Pit latrine without slab/open pit,0.0,Demographic and Health Survey - DHS01
Nicaragua,NI,NIC,558,Rural,10,Dry latrines - Hanging toilet/hanging latrine,0.002,Demographic and Health Survey - DHS01
Nicaragua,NI,NIC,558,Rural,11,Dry latrines - Bucket latrine,0.0,Demographic and Health Survey - DHS01
Nicaragua,NI,NIC,558,Rural,12,Dry latrines - Other,0.0,Demographic and Health Survey - DHS01
Nicaragua,NI,NIC,558,Rural,13,Composting toilets,0.01,Demographic and Health Survey - DHS01
Nicaragua,NI,NIC,558,Rural,14,Other improved,0.0,Demographic and Health Survey - DHS01
Nicaragua,NI,NIC,558,Rural,15,"No facility, bush, field",0.301,Demographic and Health Survey - DHS01
Nicaragua,NI,NIC,558,Rural,16,Other unimproved,0.0,Demographic and Health Survey - DHS01
Nicaragua,NI,NIC,558,Rural,17,DK/missing information,0.0,Demographic and Health Survey - DHS01
Nicaragua,NI,NIC,558,Urban,1,Flush and pour flush - to piped sewer system,0.235,Living Standards Measurement Survey / Encuesta Nacional de Hogares sobre Medición de Niveles de Vida (EMNV) - LSMS01
Nicaragua,NI,NIC,558,Urban,2,Flush and pour flush - to septic tank,0.093,Living Standards Measurement Survey / Encuesta Nacional de Hogares sobre Medición de Niveles de Vida (EMNV) - LSMS01
Nicaragua,NI,NIC,558,Urban,3,Flush and pour flush - to pit,0.0,Living Standards Measurement Survey / Encuesta Nacional de Hogares sobre Medición de Niveles de Vida (EMNV) - LSMS01
Nicaragua,NI,NIC,558,Urban,4,Flush and pour flush - to unknown place/ not sure/DK,0.0,Living Standards Measurement Survey / Encuesta Nacional de Hogares sobre Medición de Niveles de Vida (EMNV) - LSMS01
Nicaragua,NI,NIC,558,Urban,5,Flush and pour flush - to elsewhere,0.0,Living Standards Measurement Survey / Encuesta Nacional de Hogares sobre Medición de Niveles de Vida (EMNV) - LSMS01
Nicaragua,NI,NIC,558,Urban,6,Dry latrines - Ventilated Improved Pit latrine,0.0,Living Standards Measurement Survey / Encuesta Nacional de Hogares sobre Medición de Niveles de Vida (EMNV) - LSMS01
Nicaragua,NI,NIC,558,Urban,7,Dry latrines - Pit latrine with slab/covered latrine,0.0,Living Standards Measurement Survey / Encuesta Nacional de Hogares sobre Medición de Niveles de Vida (EMNV) - LSMS01
Nicaragua,NI,NIC,558,Urban,8,Dry latrines - Traditional latrine,0.616,Living Standards Measurement Survey / Encuesta Nacional de Hogares sobre Medición de Niveles de Vida (EMNV) - LSMS01
Nicaragua,NI,NIC,558,Urban,8,Dry latrines - Traditional latrine,0.5,Living Standards Measurement Survey / Encuesta Nacional de Hogares sobre Medición de Niveles de Vida (EMNV) - LSMS01
Nicaragua,NI,NIC,558,Urban,8,Dry latrines - Traditional latrine,0.116,Living Standards Measurement Survey / Encuesta Nacional de Hogares sobre Medición de Niveles de Vida (EMNV) - LSMS01
Nicaragua,NI,NIC,558,Urban,9,Dry latrines - Pit latrine without slab/open pit,0.0,Living Standards Measurement Survey / Encuesta Nacional de Hogares sobre Medición de Niveles de Vida (EMNV) - LSMS01
Nicaragua,NI,NIC,558,Urban,10,Dry latrines - Hanging toilet/hanging latrine,0.0,Living Standards Measurement Survey / Encuesta Nacional de Hogares sobre Medición de Niveles de Vida (EMNV) - LSMS01
Nicaragua,NI,NIC,558,Urban,11,Dry latrines - Bucket latrine,0.0,Living Standards Measurement Survey / Encuesta Nacional de Hogares sobre Medición de Niveles de Vida (EMNV) - LSMS01
Nicaragua,NI,NIC,558,Urban,12,Dry latrines - Other,0.0,Living Standards Measurement Survey / Encuesta Nacional de Hogares sobre Medición de Niveles de Vida (EMNV) - LSMS01
Nicaragua,NI,NIC,558,Urban,13,Composting toilets,0.0,Living Standards Measurement Survey / Encuesta Nacional de Hogares sobre Medición de Niveles de Vida (EMNV) - LSMS01
Nicaragua,NI,NIC,558,Urban,14,Other improved,0.0,Living Standards Measurement Survey / Encuesta Nacional de Hogares sobre Medición de Niveles de Vida (EMNV) - LSMS01
Nicaragua,NI,NIC,558,Urban,15,"No facility, bush, field",0.055,Living Standards Measurement Survey / Encuesta Nacional de Hogares sobre Medición de Niveles de Vida (EMNV) - LSMS01
Nicaragua,NI,NIC,558,Urban,16,Other unimproved,0.0,Living Standards Measurement Survey / Encuesta Nacional de Hogares sobre Medición de Niveles de Vida (EMNV) - LSMS01
Nicaragua,NI,NIC,558,Urban,17,DK/missing information,0.0,Living Standards Measurement Survey / Encuesta Nacional de Hogares sobre Medición de Niveles de Vida (EMNV) - LSMS01
Nicaragua,NI,NIC,558,Rural,1,Flush and pour flush - to piped sewer system,0.002,Living Standards Measurement Survey / Encuesta Nacional de Hogares sobre Medición de Niveles de Vida (EMNV) - LSMS01
Nicaragua,NI,NIC,558,Rural,2,Flush and pour flush - to septic tank,0.012,Living Standards Measurement Survey / Encuesta Nacional de Hogares sobre Medición de Niveles de Vida (EMNV) - LSMS01
Nicaragua,NI,NIC,558,Rural,3,Flush and pour flush - to pit,0.0,Living Standards Measurement Survey / Encuesta Nacional de Hogares sobre Medición de Niveles de Vida (EMNV) - LSMS01
Nicaragua,NI,NIC,558,Rural,4,Flush and pour flush - to unknown place/ not sure/DK,0.0,Living Standards Measurement Survey / Encuesta Nacional de Hogares sobre Medición de Niveles de Vida (EMNV) - LSMS01
Nicaragua,NI,NIC,558,Rural,5,Flush and pour flush - to elsewhere,0.0,Living Standards Measurement Survey / Encuesta Nacional de Hogares sobre Medición de Niveles de Vida (EMNV) - LSMS01
Nicaragua,NI,NIC,558,Rural,6,Dry latrines - Ventilated Improved Pit latrine,0.0,Living Standards Measurement Survey / Encuesta Nacional de Hogares sobre Medición de Niveles de Vida (EMNV) - LSMS01
Nicaragua,NI,NIC,558,Rural,7,Dry latrines - Pit latrine with slab/covered latrine,0.0,Living Standards Measurement Survey / Encuesta Nacional de Hogares sobre Medición de Niveles de Vida (EMNV) - LSMS01
Nicaragua,NI,NIC,558,Rural,8,Dry latrines - Traditional latrine,0.682,Living Standards Measurement Survey / Encuesta Nacional de Hogares sobre Medición de Niveles de Vida (EMNV) - LSMS01
Nicaragua,NI,NIC,558,Rural,8,Dry latrines - Traditional latrine,0.593,Living Standards Measurement Survey / Encuesta Nacional de Hogares sobre Medición de Niveles de Vida (EMNV) - LSMS01
Nicaragua,NI,NIC,558,Rural,8,Dry latrines - Traditional latrine,0.089,Living Standards Measurement Survey / Encuesta Nacional de Hogares sobre Medición de Niveles de Vida (EMNV) - LSMS01
Nicaragua,NI,NIC,558,Rural,9,Dry latrines - Pit latrine without slab/open pit,0.0,Living Standards Measurement Survey / Encuesta Nacional de Hogares sobre Medición de Niveles de Vida (EMNV) - LSMS01
Nicaragua,NI,NIC,558,Rural,10,Dry latrines - Hanging toilet/hanging latrine,0.0,Living Standards Measurement Survey / Encuesta Nacional de Hogares sobre Medición de Niveles de Vida (EMNV) - LSMS01
Nicaragua,NI,NIC,558,Rural,11,Dry latrines - Bucket latrine,0.0,Living Standards Measurement Survey / Encuesta Nacional de Hogares sobre Medición de Niveles de Vida (EMNV) - LSMS01
Nicaragua,NI,NIC,558,Rural,12,Dry latrines - Other,0.0,Living Standards Measurement Survey / Encuesta Nacional de Hogares sobre Medición de Niveles de Vida (EMNV) - LSMS01
Nicaragua,NI,NIC,558,Rural,13,Composting toilets,0.0,Living Standards Measurement Survey / Encuesta Nacional de Hogares sobre Medición de Niveles de Vida (EMNV) - LSMS01
Nicaragua,NI,NIC,558,Rural,14,Other improved,0.0,Living Standards Measurement Survey / Encuesta Nacional de Hogares sobre Medición de Niveles de Vida (EMNV) - LSMS01
Nicaragua,NI,NIC,558,Rural,15,"No facility, bush, field",0.305,Living Standards Measurement Survey / Encuesta Nacional de Hogares sobre Medición de Niveles de Vida (EMNV) - LSMS01
Nicaragua,NI,NIC,558,Rural,16,Other unimproved,0.0,Living Standards Measurement Survey / Encuesta Nacional de Hogares sobre Medición de Niveles de Vida (EMNV) - LSMS01
Nicaragua,NI,NIC,558,Rural,17,DK/missing information,0.0,Living Standards Measurement Survey / Encuesta Nacional de Hogares sobre Medición de Niveles de Vida (EMNV) - LSMS01
Nicaragua,NI,NIC,558,Urban,1,Flush and pour flush - to piped sewer system,0.352,Living Standards Measurement Survey / Encuesta Nacional de Hogares sobre Medición de Niveles de Vida (EMNV) - LSMS05
Nicaragua,NI,NIC,558,Urban,2,Flush and pour flush - to septic tank,0.11,Living Standards Measurement Survey / Encuesta Nacional de Hogares sobre Medición de Niveles de Vida (EMNV) - LSMS05
Nicaragua,NI,NIC,558,Urban,3,Flush and pour flush - to pit,0.0,Living Standards Measurement Survey / Encuesta Nacional de Hogares sobre Medición de Niveles de Vida (EMNV) - LSMS05
Nicaragua,NI,NIC,558,Urban,4,Flush and pour flush - to unknown place/ not sure/DK,0.0,Living Standards Measurement Survey / Encuesta Nacional de Hogares sobre Medición de Niveles de Vida (EMNV) - LSMS05
Nicaragua,NI,NIC,558,Urban,5,Flush and pour flush - to elsewhere,0.001,Living Standards Measurement Survey / Encuesta Nacional de Hogares sobre Medición de Niveles de Vida (EMNV) - LSMS05
Nicaragua,NI,NIC,558,Urban,6,Dry latrines - Ventilated Improved Pit latrine,0.0,Living Standards Measurement Survey / Encuesta Nacional de Hogares sobre Medición de Niveles de Vida (EMNV) - LSMS05
Nicaragua,NI,NIC,558,Urban,7,Dry latrines - Pit latrine with slab/covered latrine,0.227,Living Standards Measurement Survey / Encuesta Nacional de Hogares sobre Medición de Niveles de Vida (EMNV) - LSMS05
Nicaragua,NI,NIC,558,Urban,8,Dry latrines - Traditional latrine,0.285,Living Standards Measurement Survey / Encuesta Nacional de Hogares sobre Medición de Niveles de Vida (EMNV) - LSMS05
Nicaragua,NI,NIC,558,Urban,9,Dry latrines - Pit latrine without slab/open pit,0.0,Living Standards Measurement Survey / Encuesta Nacional de Hogares sobre Medición de Niveles de Vida (EMNV) - LSMS05
Nicaragua,NI,NIC,558,Urban,10,Dry latrines - Hanging toilet/hanging latrine,0.0,Living Standards Measurement Survey / Encuesta Nacional de Hogares sobre Medición de Niveles de Vida (EMNV) - LSMS05
Nicaragua,NI,NIC,558,Urban,11,Dry latrines - Bucket latrine,0.0,Living Standards Measurement Survey / Encuesta Nacional de Hogares sobre Medición de Niveles de Vida (EMNV) - LSMS05
Nicaragua,NI,NIC,558,Urban,12,Dry latrines - Other,0.0,Living Standards Measurement Survey / Encuesta Nacional de Hogares sobre Medición de Niveles de Vida (EMNV) - LSMS05
Nicaragua,NI,NIC,558,Urban,13,Composting toilets,0.0,Living Standards Measurement Survey / Encuesta Nacional de Hogares sobre Medición de Niveles de Vida (EMNV) - LSMS05
Nicaragua,NI,NIC,558,Urban,14,Other improved,0.0,Living Standards Measurement Survey / Encuesta Nacional de Hogares sobre Medición de Niveles de Vida (EMNV) - LSMS05
Nicaragua,NI,NIC,558,Urban,15,"No facility, bush, field",0.025,Living Standards Measurement Survey / Encuesta Nacional de Hogares sobre Medición de Niveles de Vida (EMNV) - LSMS05
Nicaragua,NI,NIC,558,Urban,16,Other unimproved,0.0,Living Standards Measurement Survey / Encuesta Nacional de Hogares sobre Medición de Niveles de Vida (EMNV) - LSMS05
Nicaragua,NI,NIC,558,Urban,17,DK/missing information,0.0,Living Standards Measurement Survey / Encuesta Nacional de Hogares sobre Medición de Niveles de Vida (EMNV) - LSMS05
Nicaragua,NI,NIC,558,Rural,1,Flush and pour flush - to piped sewer system,0.002,Living Standards Measurement Survey / Encuesta Nacional de Hogares sobre Medición de Niveles de Vida (EMNV) - LSMS05
Nicaragua,NI,NIC,558,Rural,2,Flush and pour flush - to septic tank,0.021,Living Standards Measurement Survey / Encuesta Nacional de Hogares sobre Medición de Niveles de Vida (EMNV) - LSMS05
Nicaragua,NI,NIC,558,Rural,3,Flush and pour flush - to pit,0.0,Living Standards Measurement Survey / Encuesta Nacional de Hogares sobre Medición de Niveles de Vida (EMNV) - LSMS05
Nicaragua,NI,NIC,558,Rural,4,Flush and pour flush - to unknown place/ not sure/DK,0.0,Living Standards Measurement Survey / Encuesta Nacional de Hogares sobre Medición de Niveles de Vida (EMNV) - LSMS05
Nicaragua,NI,NIC,558,Rural,5,Flush and pour flush - to elsewhere,0.0,Living Standards Measurement Survey / Encuesta Nacional de Hogares sobre Medición de Niveles de Vida (EMNV) - LSMS05
Nicaragua,NI,NIC,558,Rural,6,Dry latrines - Ventilated Improved Pit latrine,0.0,Living Standards Measurement Survey / Encuesta Nacional de Hogares sobre Medición de Niveles de Vida (EMNV) - LSMS05
Nicaragua,NI,NIC,558,Rural,7,Dry latrines - Pit latrine with slab/covered latrine,0.34,Living Standards Measurement Survey / Encuesta Nacional de Hogares sobre Medición de Niveles de Vida (EMNV) - LSMS05
Nicaragua,NI,NIC,558,Rural,8,Dry latrines - Traditional latrine,0.421,Living Standards Measurement Survey / Encuesta Nacional de Hogares sobre Medición de Niveles de Vida (EMNV) - LSMS05
Nicaragua,NI,NIC,558,Rural,9,Dry latrines - Pit latrine without slab/open pit,0.0,Living Standards Measurement Survey / Encuesta Nacional de Hogares sobre Medición de Niveles de Vida (EMNV) - LSMS05
Nicaragua,NI,NIC,558,Rural,10,Dry latrines - Hanging toilet/hanging latrine,0.0,Living Standards Measurement Survey / Encuesta Nacional de Hogares sobre Medición de Niveles de Vida (EMNV) - LSMS05
Nicaragua,NI,NIC,558,Rural,11,Dry latrines - Bucket latrine,0.0,Living Standards Measurement Survey / Encuesta Nacional de Hogares sobre Medición de Niveles de Vida (EMNV) - LSMS05
Nicaragua,NI,NIC,558,Rural,12,Dry latrines - Other,0.0,Living Standards Measurement Survey / Encuesta Nacional de Hogares sobre Medición de Niveles de Vida (EMNV) - LSMS05
Nicaragua,NI,NIC,558,Rural,13,Composting toilets,0.0,Living Standards Measurement Survey / Encuesta Nacional de Hogares sobre Medición de Niveles de Vida (EMNV) - LSMS05
Nicaragua,NI,NIC,558,Rural,14,Other improved,0.0,Living Standards Measurement Survey / Encuesta Nacional de Hogares sobre Medición de Niveles de Vida (EMNV) - LSMS05
Nicaragua,NI,NIC,558,Rural,15,"No facility, bush, field",0.216,Living Standards Measurement Survey / Encuesta Nacional de Hogares sobre Medición de Niveles de Vida (EMNV) - LSMS05
Nicaragua,NI,NIC,558,Rural,16,Other unimproved,0.0,Living Standards Measurement Survey / Encuesta Nacional de Hogares sobre Medición de Niveles de Vida (EMNV) - LSMS05
Nicaragua,NI,NIC,558,Rural,17,DK/missing information,0.0,Living Standards Measurement Survey / Encuesta Nacional de Hogares sobre Medición de Niveles de Vida (EMNV) - LSMS05
Nicaragua,NI,NIC,558,Urban,1,Flush and pour flush - to piped sewer system,0.395,Encuesta Nicaragüense de Demografía y Salud (ENDESA)/Demographic and Health Survey  - ENDESA06
Nicaragua,NI,NIC,558,Urban,2,Flush and pour flush - to septic tank,0.121,Encuesta Nicaragüense de Demografía y Salud (ENDESA)/Demographic and Health Survey  - ENDESA06
Nicaragua,NI,NIC,558,Urban,3,Flush and pour flush - to pit,0.0,Encuesta Nicaragüense de Demografía y Salud (ENDESA)/Demographic and Health Survey  - ENDESA06
Nicaragua,NI,NIC,558,Urban,4,Flush and pour flush - to unknown place/ not sure/DK,0.0,Encuesta Nicaragüense de Demografía y Salud (ENDESA)/Demographic and Health Survey  - ENDESA06
Nicaragua,NI,NIC,558,Urban,5,Flush and pour flush - to elsewhere,0.0,Encuesta Nicaragüense de Demografía y Salud (ENDESA)/Demographic and Health Survey  - ENDESA06
Nicaragua,NI,NIC,558,Urban,6,Dry latrines - Ventilated Improved Pit latrine,0.0,Encuesta Nicaragüense de Demografía y Salud (ENDESA)/Demographic and Health Survey  - ENDESA06
Nicaragua,NI,NIC,558,Urban,7,Dry latrines - Pit latrine with slab/covered latrine,0.0,Encuesta Nicaragüense de Demografía y Salud (ENDESA)/Demographic and Health Survey  - ENDESA06
Nicaragua,NI,NIC,558,Urban,8,Dry latrines - Traditional latrine,0.449,Encuesta Nicaragüense de Demografía y Salud (ENDESA)/Demographic and Health Survey  - ENDESA06
Nicaragua,NI,NIC,558,Urban,8,Dry latrines - Traditional latrine,0.449,Encuesta Nicaragüense de Demografía y Salud (ENDESA)/Demographic and Health Survey  - ENDESA06
Nicaragua,NI,NIC,558,Urban,9,Dry latrines - Pit latrine without slab/open pit,0.0,Encuesta Nicaragüense de Demografía y Salud (ENDESA)/Demographic and Health Survey  - ENDESA06
Nicaragua,NI,NIC,558,Urban,10,Dry latrines - Hanging toilet/hanging latrine,0.0,Encuesta Nicaragüense de Demografía y Salud (ENDESA)/Demographic and Health Survey  - ENDESA06
Nicaragua,NI,NIC,558,Urban,11,Dry latrines - Bucket latrine,0.0,Encuesta Nicaragüense de Demografía y Salud (ENDESA)/Demographic and Health Survey  - ENDESA06
Nicaragua,NI,NIC,558,Urban,12,Dry latrines - Other,0.0,Encuesta Nicaragüense de Demografía y Salud (ENDESA)/Demographic and Health Survey  - ENDESA06
Nicaragua,NI,NIC,558,Urban,13,Composting toilets,0.0,Encuesta Nicaragüense de Demografía y Salud (ENDESA)/Demographic and Health Survey  - ENDESA06
Nicaragua,NI,NIC,558,Urban,14,Other improved,0.0,Encuesta Nicaragüense de Demografía y Salud (ENDESA)/Demographic and Health Survey  - ENDESA06
Nicaragua,NI,NIC,558,Urban,15,"No facility, bush, field",0.032,Encuesta Nicaragüense de Demografía y Salud (ENDESA)/Demographic and Health Survey  - ENDESA06
Nicaragua,NI,NIC,558,Urban,16,Other unimproved,0.003,Encuesta Nicaragüense de Demografía y Salud (ENDESA)/Demographic and Health Survey  - ENDESA06
Nicaragua,NI,NIC,558,Urban,17,DK/missing information,0.0,Encuesta Nicaragüense de Demografía y Salud (ENDESA)/Demographic and Health Survey  - ENDESA06
Nicaragua,NI,NIC,558,Rural,1,Flush and pour flush - to piped sewer system,0.009,Encuesta Nicaragüense de Demografía y Salud (ENDESA)/Demographic and Health Survey  - ENDESA06
Nicaragua,NI,NIC,558,Rural,2,Flush and pour flush - to septic tank,0.017,Encuesta Nicaragüense de Demografía y Salud (ENDESA)/Demographic and Health Survey  - ENDESA06
Nicaragua,NI,NIC,558,Rural,3,Flush and pour flush - to pit,0.0,Encuesta Nicaragüense de Demografía y Salud (ENDESA)/Demographic and Health Survey  - ENDESA06
Nicaragua,NI,NIC,558,Rural,4,Flush and pour flush - to unknown place/ not sure/DK,0.0,Encuesta Nicaragüense de Demografía y Salud (ENDESA)/Demographic and Health Survey  - ENDESA06
Nicaragua,NI,NIC,558,Rural,5,Flush and pour flush - to elsewhere,0.0,Encuesta Nicaragüense de Demografía y Salud (ENDESA)/Demographic and Health Survey  - ENDESA06
Nicaragua,NI,NIC,558,Rural,6,Dry latrines - Ventilated Improved Pit latrine,0.0,Encuesta Nicaragüense de Demografía y Salud (ENDESA)/Demographic and Health Survey  - ENDESA06
Nicaragua,NI,NIC,558,Rural,7,Dry latrines - Pit latrine with slab/covered latrine,0.0,Encuesta Nicaragüense de Demografía y Salud (ENDESA)/Demographic and Health Survey  - ENDESA06
Nicaragua,NI,NIC,558,Rural,8,Dry latrines - Traditional latrine,0.729,Encuesta Nicaragüense de Demografía y Salud (ENDESA)/Demographic and Health Survey  - ENDESA06
Nicaragua,NI,NIC,558,Rural,8,Dry latrines - Traditional latrine,0.729,Encuesta Nicaragüense de Demografía y Salud (ENDESA)/Demographic and Health Survey  - ENDESA06
Nicaragua,NI,NIC,558,Rural,9,Dry latrines - Pit latrine without slab/open pit,0.0,Encuesta Nicaragüense de Demografía y Salud (ENDESA)/Demographic and Health Survey  - ENDESA06
Nicaragua,NI,NIC,558,Rural,10,Dry latrines - Hanging toilet/hanging latrine,0.0,Encuesta Nicaragüense de Demografía y Salud (ENDESA)/Demographic and Health Survey  - ENDESA06
Nicaragua,NI,NIC,558,Rural,11,Dry latrines - Bucket latrine,0.0,Encuesta Nicaragüense de Demografía y Salud (ENDESA)/Demographic and Health Survey  - ENDESA06
Nicaragua,NI,NIC,558,Rural,12,Dry latrines - Other,0.0,Encuesta Nicaragüense de Demografía y Salud (ENDESA)/Demographic and Health Survey  - ENDESA06
Nicaragua,NI,NIC,558,Rural,13,Composting toilets,0.0,Encuesta Nicaragüense de Demografía y Salud (ENDESA)/Demographic and Health Survey  - ENDESA06
Nicaragua,NI,NIC,558,Rural,14,Other improved,0.0,Encuesta Nicaragüense de Demografía y Salud (ENDESA)/Demographic and Health Survey  - ENDESA06
Nicaragua,NI,NIC,558,Rural,15,"No facility, bush, field",0.243,Encuesta Nicaragüense de Demografía y Salud (ENDESA)/Demographic and Health Survey  - ENDESA06
Nicaragua,NI,NIC,558,Rural,16,Other unimproved,0.001,Encuesta Nicaragüense de Demografía y Salud (ENDESA)/Demographic and Health Survey  - ENDESA06
Nicaragua,NI,NIC,558,Rural,17,DK/missing information,0.0,Encuesta Nicaragüense de Demografía y Salud (ENDESA)/Demographic and Health Survey  - ENDESA06
Nicaragua,NI,NIC,558,Urban,1,Flush and pour flush - to piped sewer system,0.363,ENCUESTA DE HOGARES SOBRE MEDICIÓN DEL NIVEL DE VIDA 2009 - EMNV09
Nicaragua,NI,NIC,558,Urban,2,Flush and pour flush - to septic tank,0.113,ENCUESTA DE HOGARES SOBRE MEDICIÓN DEL NIVEL DE VIDA 2009 - EMNV09
Nicaragua,NI,NIC,558,Urban,3,Flush and pour flush - to pit,0.0,ENCUESTA DE HOGARES SOBRE MEDICIÓN DEL NIVEL DE VIDA 2009 - EMNV09
Nicaragua,NI,NIC,558,Urban,4,Flush and pour flush - to unknown place/ not sure/DK,0.0,ENCUESTA DE HOGARES SOBRE MEDICIÓN DEL NIVEL DE VIDA 2009 - EMNV09
Nicaragua,NI,NIC,558,Urban,5,Flush and pour flush - to elsewhere,0.001,ENCUESTA DE HOGARES SOBRE MEDICIÓN DEL NIVEL DE VIDA 2009 - EMNV09
Nicaragua,NI,NIC,558,Urban,6,Dry latrines - Ventilated Improved Pit latrine,0.0,ENCUESTA DE HOGARES SOBRE MEDICIÓN DEL NIVEL DE VIDA 2009 - EMNV09
Nicaragua,NI,NIC,558,Urban,7,Dry latrines - Pit latrine with slab/covered latrine,0.183,ENCUESTA DE HOGARES SOBRE MEDICIÓN DEL NIVEL DE VIDA 2009 - EMNV09
Nicaragua,NI,NIC,558,Urban,8,Dry latrines - Traditional latrine,0.324,ENCUESTA DE HOGARES SOBRE MEDICIÓN DEL NIVEL DE VIDA 2009 - EMNV09
Nicaragua,NI,NIC,558,Urban,9,Dry latrines - Pit latrine without slab/open pit,0.0,ENCUESTA DE HOGARES SOBRE MEDICIÓN DEL NIVEL DE VIDA 2009 - EMNV09
Nicaragua,NI,NIC,558,Urban,10,Dry latrines - Hanging toilet/hanging latrine,0.0,ENCUESTA DE HOGARES SOBRE MEDICIÓN DEL NIVEL DE VIDA 2009 - EMNV09
Nicaragua,NI,NIC,558,Urban,11,Dry latrines - Bucket latrine,0.0,ENCUESTA DE HOGARES SOBRE MEDICIÓN DEL NIVEL DE VIDA 2009 - EMNV09
Nicaragua,NI,NIC,558,Urban,12,Dry latrines - Other,0.0,ENCUESTA DE HOGARES SOBRE MEDICIÓN DEL NIVEL DE VIDA 2009 - EMNV09
Nicaragua,NI,NIC,558,Urban,13,Composting toilets,0.0,ENCUESTA DE HOGARES SOBRE MEDICIÓN DEL NIVEL DE VIDA 2009 - EMNV09
Nicaragua,NI,NIC,558,Urban,14,Other improved,0.0,ENCUESTA DE HOGARES SOBRE MEDICIÓN DEL NIVEL DE VIDA 2009 - EMNV09
Nicaragua,NI,NIC,558,Urban,15,"No facility, bush, field",0.016,ENCUESTA DE HOGARES SOBRE MEDICIÓN DEL NIVEL DE VIDA 2009 - EMNV09
Nicaragua,NI,NIC,558,Urban,16,Other unimproved,0.0,ENCUESTA DE HOGARES SOBRE MEDICIÓN DEL NIVEL DE VIDA 2009 - EMNV09
Nicaragua,NI,NIC,558,Urban,17,DK/missing information,0.0,ENCUESTA DE HOGARES SOBRE MEDICIÓN DEL NIVEL DE VIDA 2009 - EMNV09
Nicaragua,NI,NIC,558,Rural,1,Flush and pour flush - to piped sewer system,0.004,ENCUESTA DE HOGARES SOBRE MEDICIÓN DEL NIVEL DE VIDA 2009 - EMNV09
Nicaragua,NI,NIC,558,Rural,2,Flush and pour flush - to septic tank,0.029,ENCUESTA DE HOGARES SOBRE MEDICIÓN DEL NIVEL DE VIDA 2009 - EMNV09
Nicaragua,NI,NIC,558,Rural,3,Flush and pour flush - to pit,0.0,ENCUESTA DE HOGARES SOBRE MEDICIÓN DEL NIVEL DE VIDA 2009 - EMNV09
Nicaragua,NI,NIC,558,Rural,4,Flush and pour flush - to unknown place/ not sure/DK,0.0,ENCUESTA DE HOGARES SOBRE MEDICIÓN DEL NIVEL DE VIDA 2009 - EMNV09
Nicaragua,NI,NIC,558,Rural,5,Flush and pour flush - to elsewhere,0.0,ENCUESTA DE HOGARES SOBRE MEDICIÓN DEL NIVEL DE VIDA 2009 - EMNV09
Nicaragua,NI,NIC,558,Rural,6,Dry latrines - Ventilated Improved Pit latrine,0.0,ENCUESTA DE HOGARES SOBRE MEDICIÓN DEL NIVEL DE VIDA 2009 - EMNV09
Nicaragua,NI,NIC,558,Rural,7,Dry latrines - Pit latrine with slab/covered latrine,0.265,ENCUESTA DE HOGARES SOBRE MEDICIÓN DEL NIVEL DE VIDA 2009 - EMNV09
Nicaragua,NI,NIC,558,Rural,8,Dry latrines - Traditional latrine,0.529,ENCUESTA DE HOGARES SOBRE MEDICIÓN DEL NIVEL DE VIDA 2009 - EMNV09
Nicaragua,NI,NIC,558,Rural,9,Dry latrines - Pit latrine without slab/open pit,0.0,ENCUESTA DE HOGARES SOBRE MEDICIÓN DEL NIVEL DE VIDA 2009 - EMNV09
Nicaragua,NI,NIC,558,Rural,10,Dry latrines - Hanging toilet/hanging latrine,0.0,ENCUESTA DE HOGARES SOBRE MEDICIÓN DEL NIVEL DE VIDA 2009 - EMNV09
Nicaragua,NI,NIC,558,Rural,11,Dry latrines - Bucket latrine,0.0,ENCUESTA DE HOGARES SOBRE MEDICIÓN DEL NIVEL DE VIDA 2009 - EMNV09
Nicaragua,NI,NIC,558,Rural,12,Dry latrines - Other,0.0,ENCUESTA DE HOGARES SOBRE MEDICIÓN DEL NIVEL DE VIDA 2009 - EMNV09
Nicaragua,NI,NIC,558,Rural,13,Composting toilets,0.0,ENCUESTA DE HOGARES SOBRE MEDICIÓN DEL NIVEL DE VIDA 2009 - EMNV09
Nicaragua,NI,NIC,558,Rural,14,Other improved,0.0,ENCUESTA DE HOGARES SOBRE MEDICIÓN DEL NIVEL DE VIDA 2009 - EMNV09
Nicaragua,NI,NIC,558,Rural,15,"No facility, bush, field",0.173,ENCUESTA DE HOGARES SOBRE MEDICIÓN DEL NIVEL DE VIDA 2009 - EMNV09
Nicaragua,NI,NIC,558,Rural,16,Other unimproved,0.0,ENCUESTA DE HOGARES SOBRE MEDICIÓN DEL NIVEL DE VIDA 2009 - EMNV09
Nicaragua,NI,NIC,558,Rural,17,DK/missing information,0.0,ENCUESTA DE HOGARES SOBRE MEDICIÓN DEL NIVEL DE VIDA 2009 - EMNV09
Nicaragua,NI,NIC,558,Urban,1,Flush and pour flush - to piped sewer system,0.401,ENCUESTA NICARAGÜENSE CONFIDENCIAL DE DEMOGRAFÍA Y SALUD ENDESA 2011/2012 - ENDESA12
Nicaragua,NI,NIC,558,Urban,2,Flush and pour flush - to septic tank,0.158,ENCUESTA NICARAGÜENSE CONFIDENCIAL DE DEMOGRAFÍA Y SALUD ENDESA 2011/2012 - ENDESA12
Nicaragua,NI,NIC,558,Urban,3,Flush and pour flush - to pit,0.0,ENCUESTA NICARAGÜENSE CONFIDENCIAL DE DEMOGRAFÍA Y SALUD ENDESA 2011/2012 - ENDESA12
Nicaragua,NI,NIC,558,Urban,4,Flush and pour flush - to unknown place/ not sure/DK,0.0,ENCUESTA NICARAGÜENSE CONFIDENCIAL DE DEMOGRAFÍA Y SALUD ENDESA 2011/2012 - ENDESA12
Nicaragua,NI,NIC,558,Urban,5,Flush and pour flush - to elsewhere,0.0,ENCUESTA NICARAGÜENSE CONFIDENCIAL DE DEMOGRAFÍA Y SALUD ENDESA 2011/2012 - ENDESA12
Nicaragua,NI,NIC,558,Urban,6,Dry latrines - Ventilated Improved Pit latrine,0.0,ENCUESTA NICARAGÜENSE CONFIDENCIAL DE DEMOGRAFÍA Y SALUD ENDESA 2011/2012 - ENDESA12
Nicaragua,NI,NIC,558,Urban,7,Dry latrines - Pit latrine with slab/covered latrine,0.0,ENCUESTA NICARAGÜENSE CONFIDENCIAL DE DEMOGRAFÍA Y SALUD ENDESA 2011/2012 - ENDESA12
Nicaragua,NI,NIC,558,Urban,8,Dry latrines - Traditional latrine,0.412,ENCUESTA NICARAGÜENSE CONFIDENCIAL DE DEMOGRAFÍA Y SALUD ENDESA 2011/2012 - ENDESA12
Nicaragua,NI,NIC,558,Urban,9,Dry latrines - Pit latrine without slab/open pit,0.0,ENCUESTA NICARAGÜENSE CONFIDENCIAL DE DEMOGRAFÍA Y SALUD ENDESA 2011/2012 - ENDESA12
Nicaragua,NI,NIC,558,Urban,10,Dry latrines - Hanging toilet/hanging latrine,0.0,ENCUESTA NICARAGÜENSE CONFIDENCIAL DE DEMOGRAFÍA Y SALUD ENDESA 2011/2012 - ENDESA12
Nicaragua,NI,NIC,558,Urban,11,Dry latrines - Bucket latrine,0.0,ENCUESTA NICARAGÜENSE CONFIDENCIAL DE DEMOGRAFÍA Y SALUD ENDESA 2011/2012 - ENDESA12
Nicaragua,NI,NIC,558,Urban,12,Dry latrines - Other,0.0,ENCUESTA NICARAGÜENSE CONFIDENCIAL DE DEMOGRAFÍA Y SALUD ENDESA 2011/2012 - ENDESA12
Nicaragua,NI,NIC,558,Urban,13,Composting toilets,0.0,ENCUESTA NICARAGÜENSE CONFIDENCIAL DE DEMOGRAFÍA Y SALUD ENDESA 2011/2012 - ENDESA12
Nicaragua,NI,NIC,558,Urban,14,Other improved,0.0,ENCUESTA NICARAGÜENSE CONFIDENCIAL DE DEMOGRAFÍA Y SALUD ENDESA 2011/2012 - ENDESA12
Nicaragua,NI,NIC,558,Urban,15,"No facility, bush, field",0.028,ENCUESTA NICARAGÜENSE CONFIDENCIAL DE DEMOGRAFÍA Y SALUD ENDESA 2011/2012 - ENDESA12
Nicaragua,NI,NIC,558,Urban,16,Other unimproved,0.0,ENCUESTA NICARAGÜENSE CONFIDENCIAL DE DEMOGRAFÍA Y SALUD ENDESA 2011/2012 - ENDESA12
Nicaragua,NI,NIC,558,Urban,17,DK/missing information,0.0,ENCUESTA NICARAGÜENSE CONFIDENCIAL DE DEMOGRAFÍA Y SALUD ENDESA 2011/2012 - ENDESA12
Nicaragua,NI,NIC,558,Rural,1,Flush and pour flush - to piped sewer system,0.005,ENCUESTA NICARAGÜENSE CONFIDENCIAL DE DEMOGRAFÍA Y SALUD ENDESA 2011/2012 - ENDESA12
Nicaragua,NI,NIC,558,Rural,2,Flush and pour flush - to septic tank,0.038,ENCUESTA NICARAGÜENSE CONFIDENCIAL DE DEMOGRAFÍA Y SALUD ENDESA 2011/2012 - ENDESA12
Nicaragua,NI,NIC,558,Rural,3,Flush and pour flush - to pit,0.0,ENCUESTA NICARAGÜENSE CONFIDENCIAL DE DEMOGRAFÍA Y SALUD ENDESA 2011/2012 - ENDESA12
Nicaragua,NI,NIC,558,Rural,4,Flush and pour flush - to unknown place/ not sure/DK,0.0,ENCUESTA NICARAGÜENSE CONFIDENCIAL DE DEMOGRAFÍA Y SALUD ENDESA 2011/2012 - ENDESA12
Nicaragua,NI,NIC,558,Rural,5,Flush and pour flush - to elsewhere,0.0,ENCUESTA NICARAGÜENSE CONFIDENCIAL DE DEMOGRAFÍA Y SALUD ENDESA 2011/2012 - ENDESA12
Nicaragua,NI,NIC,558,Rural,6,Dry latrines - Ventilated Improved Pit latrine,0.0,ENCUESTA NICARAGÜENSE CONFIDENCIAL DE DEMOGRAFÍA Y SALUD ENDESA 2011/2012 - ENDESA12
Nicaragua,NI,NIC,558,Rural,7,Dry latrines - Pit latrine with slab/covered latrine,0.0,ENCUESTA NICARAGÜENSE CONFIDENCIAL DE DEMOGRAFÍA Y SALUD ENDESA 2011/2012 - ENDESA12
Nicaragua,NI,NIC,558,Rural,8,Dry latrines - Traditional latrine,0.755,ENCUESTA NICARAGÜENSE CONFIDENCIAL DE DEMOGRAFÍA Y SALUD ENDESA 2011/2012 - ENDESA12
Nicaragua,NI,NIC,558,Rural,9,Dry latrines - Pit latrine without slab/open pit,0.0,ENCUESTA NICARAGÜENSE CONFIDENCIAL DE DEMOGRAFÍA Y SALUD ENDESA 2011/2012 - ENDESA12
Nicaragua,NI,NIC,558,Rural,10,Dry latrines - Hanging toilet/hanging latrine,0.0,ENCUESTA NICARAGÜENSE CONFIDENCIAL DE DEMOGRAFÍA Y SALUD ENDESA 2011/2012 - ENDESA12
Nicaragua,NI,NIC,558,Rural,11,Dry latrines - Bucket latrine,0.0,ENCUESTA NICARAGÜENSE CONFIDENCIAL DE DEMOGRAFÍA Y SALUD ENDESA 2011/2012 - ENDESA12
Nicaragua,NI,NIC,558,Rural,12,Dry latrines - Other,0.0,ENCUESTA NICARAGÜENSE CONFIDENCIAL DE DEMOGRAFÍA Y SALUD ENDESA 2011/2012 - ENDESA12
Nicaragua,NI,NIC,558,Rural,13,Composting toilets,0.0,ENCUESTA NICARAGÜENSE CONFIDENCIAL DE DEMOGRAFÍA Y SALUD ENDESA 2011/2012 - ENDESA12
Nicaragua,NI,NIC,558,Rural,14,Other improved,0.0,ENCUESTA NICARAGÜENSE CONFIDENCIAL DE DEMOGRAFÍA Y SALUD ENDESA 2011/2012 - ENDESA12
Nicaragua,NI,NIC,558,Rural,15,"No facility, bush, field",0.201,ENCUESTA NICARAGÜENSE CONFIDENCIAL DE DEMOGRAFÍA Y SALUD ENDESA 2011/2012 - ENDESA12
Nicaragua,NI,NIC,558,Rural,16,Other unimproved,0.0,ENCUESTA NICARAGÜENSE CONFIDENCIAL DE DEMOGRAFÍA Y SALUD ENDESA 2011/2012 - ENDESA12
Nicaragua,NI,NIC,558,Rural,17,DK/missing information,0.001,ENCUESTA NICARAGÜENSE CONFIDENCIAL DE DEMOGRAFÍA Y SALUD ENDESA 2011/2012 - ENDESA12
Nicaragua,NI,NIC,558,Urban,1,Flush and pour flush - to piped sewer system,0.353,"Encuesta Nacional de Hogares sobre Medición de Nivel de Vida, 2014 - EMNV14"
Nicaragua,NI,NIC,558,Urban,2,Flush and pour flush - to septic tank,0.106,"Encuesta Nacional de Hogares sobre Medición de Nivel de Vida, 2014 - EMNV14"
Nicaragua,NI,NIC,558,Urban,3,Flush and pour flush - to pit,0.0,"Encuesta Nacional de Hogares sobre Medición de Nivel de Vida, 2014 - EMNV14"
Nicaragua,NI,NIC,558,Urban,4,Flush and pour flush - to unknown place/ not sure/DK,0.0,"Encuesta Nacional de Hogares sobre Medición de Nivel de Vida, 2014 - EMNV14"
Nicaragua,NI,NIC,558,Urban,5,Flush and pour flush - to elsewhere,0.002,"Encuesta Nacional de Hogares sobre Medición de Nivel de Vida, 2014 - EMNV14"
Nicaragua,NI,NIC,558,Urban,6,Dry latrines - Ventilated Improved Pit latrine,0.0,"Encuesta Nacional de Hogares sobre Medición de Nivel de Vida, 2014 - EMNV14"
Nicaragua,NI,NIC,558,Urban,7,Dry latrines - Pit latrine with slab/covered latrine,0.336,"Encuesta Nacional de Hogares sobre Medición de Nivel de Vida, 2014 - EMNV14"
Nicaragua,NI,NIC,558,Urban,8,Dry latrines - Traditional latrine,0.189,"Encuesta Nacional de Hogares sobre Medición de Nivel de Vida, 2014 - EMNV14"
Nicaragua,NI,NIC,558,Urban,9,Dry latrines - Pit latrine without slab/open pit,0.0,"Encuesta Nacional de Hogares sobre Medición de Nivel de Vida, 2014 - EMNV14"
Nicaragua,NI,NIC,558,Urban,10,Dry latrines - Hanging toilet/hanging latrine,0.0,"Encuesta Nacional de Hogares sobre Medición de Nivel de Vida, 2014 - EMNV14"
Nicaragua,NI,NIC,558,Urban,11,Dry latrines - Bucket latrine,0.0,"Encuesta Nacional de Hogares sobre Medición de Nivel de Vida, 2014 - EMNV14"
Nicaragua,NI,NIC,558,Urban,12,Dry latrines - Other,0.0,"Encuesta Nacional de Hogares sobre Medición de Nivel de Vida, 2014 - EMNV14"
Nicaragua,NI,NIC,558,Urban,13,Composting toilets,0.0,"Encuesta Nacional de Hogares sobre Medición de Nivel de Vida, 2014 - EMNV14"
Nicaragua,NI,NIC,558,Urban,14,Other improved,0.0,"Encuesta Nacional de Hogares sobre Medición de Nivel de Vida, 2014 - EMNV14"
Nicaragua,NI,NIC,558,Urban,15,"No facility, bush, field",0.014,"Encuesta Nacional de Hogares sobre Medición de Nivel de Vida, 2014 - EMNV14"
Nicaragua,NI,NIC,558,Urban,16,Other unimproved,0.0,"Encuesta Nacional de Hogares sobre Medición de Nivel de Vida, 2014 - EMNV14"
Nicaragua,NI,NIC,558,Urban,17,DK/missing information,0.0,"Encuesta Nacional de Hogares sobre Medición de Nivel de Vida, 2014 - EMNV14"
Nicaragua,NI,NIC,558,Rural,1,Flush and pour flush - to piped sewer system,0.003,"Encuesta Nacional de Hogares sobre Medición de Nivel de Vida, 2014 - EMNV14"
Nicaragua,NI,NIC,558,Rural,2,Flush and pour flush - to septic tank,0.023,"Encuesta Nacional de Hogares sobre Medición de Nivel de Vida, 2014 - EMNV14"
Nicaragua,NI,NIC,558,Rural,3,Flush and pour flush - to pit,0.0,"Encuesta Nacional de Hogares sobre Medición de Nivel de Vida, 2014 - EMNV14"
Nicaragua,NI,NIC,558,Rural,4,Flush and pour flush - to unknown place/ not sure/DK,0.0,"Encuesta Nacional de Hogares sobre Medición de Nivel de Vida, 2014 - EMNV14"
Nicaragua,NI,NIC,558,Rural,5,Flush and pour flush - to elsewhere,0.0,"Encuesta Nacional de Hogares sobre Medición de Nivel de Vida, 2014 - EMNV14"
Nicaragua,NI,NIC,558,Rural,6,Dry latrines - Ventilated Improved Pit latrine,0.0,"Encuesta Nacional de Hogares sobre Medición de Nivel de Vida, 2014 - EMNV14"
Nicaragua,NI,NIC,558,Rural,7,Dry latrines - Pit latrine with slab/covered latrine,0.535,"Encuesta Nacional de Hogares sobre Medición de Nivel de Vida, 2014 - EMNV14"
Nicaragua,NI,NIC,558,Rural,8,Dry latrines - Traditional latrine,0.263,"Encuesta Nacional de Hogares sobre Medición de Nivel de Vida, 2014 - EMNV14"
Nicaragua,NI,NIC,558,Rural,9,Dry latrines - Pit latrine without slab/open pit,0.0,"Encuesta Nacional de Hogares sobre Medición de Nivel de Vida, 2014 - EMNV14"
Nicaragua,NI,NIC,558,Rural,10,Dry latrines - Hanging toilet/hanging latrine,0.0,"Encuesta Nacional de Hogares sobre Medición de Nivel de Vida, 2014 - EMNV14"
Nicaragua,NI,NIC,558,Rural,11,Dry latrines - Bucket latrine,0.0,"Encuesta Nacional de Hogares sobre Medición de Nivel de Vida, 2014 - EMNV14"
Nicaragua,NI,NIC,558,Rural,12,Dry latrines - Other,0.0,"Encuesta Nacional de Hogares sobre Medición de Nivel de Vida, 2014 - EMNV14"
Nicaragua,NI,NIC,558,Rural,13,Composting toilets,0.0,"Encuesta Nacional de Hogares sobre Medición de Nivel de Vida, 2014 - EMNV14"
Nicaragua,NI,NIC,558,Rural,14,Other improved,0.0,"Encuesta Nacional de Hogares sobre Medición de Nivel de Vida, 2014 - EMNV14"
Nicaragua,NI,NIC,558,Rural,15,"No facility, bush, field",0.176,"Encuesta Nacional de Hogares sobre Medición de Nivel de Vida, 2014 - EMNV14"
Nicaragua,NI,NIC,558,Rural,16,Other unimproved,0.0,"Encuesta Nacional de Hogares sobre Medición de Nivel de Vida, 2014 - EMNV14"
Nicaragua,NI,NIC,558,Rural,17,DK/missing information,0.0,"Encuesta Nacional de Hogares sobre Medición de Nivel de Vida, 2014 - EMNV14"
