country,alpha-2,alpha-3,numeric,context,classific_id,classification,percentage,source
Nepal,NP,NPL,524,Urban,1,Flush and pour flush - to piped sewer system,0.382,World Health Survey - WHS03
Nepal,NP,NPL,524,Urban,2,Flush and pour flush - to septic tank,0.396,World Health Survey - WHS03
Nepal,NP,NPL,524,Urban,3,Flush and pour flush - to pit,0.0,World Health Survey - WHS03
Nepal,NP,NPL,524,Urban,4,Flush and pour flush - to unknown place/ not sure/DK,0.0,World Health Survey - WHS03
Nepal,NP,NPL,524,Urban,5,Flush and pour flush - to elsewhere,0.0,World Health Survey - WHS03
Nepal,NP,NPL,524,Urban,6,Dry latrines - Ventilated Improved Pit latrine,0.0,World Health Survey - WHS03
Nepal,NP,NPL,524,Urban,7,Dry latrines - Pit latrine with slab/covered latrine,0.06,World Health Survey - WHS03
Nepal,NP,NPL,524,Urban,8,Dry latrines - Traditional latrine,0.0,World Health Survey - WHS03
Nepal,NP,NPL,524,Urban,9,Dry latrines - Pit latrine without slab/open pit,0.017,World Health Survey - WHS03
Nepal,NP,NPL,524,Urban,10,Dry latrines - Hanging toilet/hanging latrine,0.0,World Health Survey - WHS03
Nepal,NP,NPL,524,Urban,11,Dry latrines - Bucket latrine,0.001,World Health Survey - WHS03
Nepal,NP,NPL,524,Urban,7,Dry latrines - Pit latrine with slab/covered latrine,0.052,World Health Survey - WHS03
Nepal,NP,NPL,524,Urban,7,Dry latrines - Pit latrine with slab/covered latrine,0.008,World Health Survey - WHS03
Nepal,NP,NPL,524,Urban,8,Dry latrines - Traditional latrine,0.0,World Health Survey - WHS03
Nepal,NP,NPL,524,Urban,9,Dry latrines - Pit latrine without slab/open pit,0.0,World Health Survey - WHS03
Nepal,NP,NPL,524,Urban,10,Dry latrines - Hanging toilet/hanging latrine,0.0,World Health Survey - WHS03
Nepal,NP,NPL,524,Urban,11,Dry latrines - Bucket latrine,0.0,World Health Survey - WHS03
Nepal,NP,NPL,524,Urban,12,Dry latrines - Other,0.0,World Health Survey - WHS03
Nepal,NP,NPL,524,Urban,13,Composting toilets,0.0,World Health Survey - WHS03
Nepal,NP,NPL,524,Urban,14,Other improved,0.0,World Health Survey - WHS03
Nepal,NP,NPL,524,Urban,15,"No facility, bush, field",0.104,World Health Survey - WHS03
Nepal,NP,NPL,524,Urban,16,Other unimproved,0.002,World Health Survey - WHS03
Nepal,NP,NPL,524,Urban,17,DK/missing information,0.0,World Health Survey - WHS03
Nepal,NP,NPL,524,Rural,1,Flush and pour flush - to piped sewer system,0.016,World Health Survey - WHS03
Nepal,NP,NPL,524,Rural,2,Flush and pour flush - to septic tank,0.171,World Health Survey - WHS03
Nepal,NP,NPL,524,Rural,3,Flush and pour flush - to pit,0.0,World Health Survey - WHS03
Nepal,NP,NPL,524,Rural,4,Flush and pour flush - to unknown place/ not sure/DK,0.0,World Health Survey - WHS03
Nepal,NP,NPL,524,Rural,5,Flush and pour flush - to elsewhere,0.0,World Health Survey - WHS03
Nepal,NP,NPL,524,Rural,6,Dry latrines - Ventilated Improved Pit latrine,0.0,World Health Survey - WHS03
Nepal,NP,NPL,524,Rural,7,Dry latrines - Pit latrine with slab/covered latrine,0.12,World Health Survey - WHS03
Nepal,NP,NPL,524,Rural,8,Dry latrines - Traditional latrine,0.0,World Health Survey - WHS03
Nepal,NP,NPL,524,Rural,9,Dry latrines - Pit latrine without slab/open pit,0.053,World Health Survey - WHS03
Nepal,NP,NPL,524,Rural,10,Dry latrines - Hanging toilet/hanging latrine,0.0,World Health Survey - WHS03
Nepal,NP,NPL,524,Rural,11,Dry latrines - Bucket latrine,0.001,World Health Survey - WHS03
Nepal,NP,NPL,524,Rural,7,Dry latrines - Pit latrine with slab/covered latrine,0.11,World Health Survey - WHS03
Nepal,NP,NPL,524,Rural,7,Dry latrines - Pit latrine with slab/covered latrine,0.01,World Health Survey - WHS03
Nepal,NP,NPL,524,Rural,8,Dry latrines - Traditional latrine,0.0,World Health Survey - WHS03
Nepal,NP,NPL,524,Rural,9,Dry latrines - Pit latrine without slab/open pit,0.0,World Health Survey - WHS03
Nepal,NP,NPL,524,Rural,10,Dry latrines - Hanging toilet/hanging latrine,0.0,World Health Survey - WHS03
Nepal,NP,NPL,524,Rural,11,Dry latrines - Bucket latrine,0.0,World Health Survey - WHS03
Nepal,NP,NPL,524,Rural,12,Dry latrines - Other,0.0,World Health Survey - WHS03
Nepal,NP,NPL,524,Rural,13,Composting toilets,0.0,World Health Survey - WHS03
Nepal,NP,NPL,524,Rural,14,Other improved,0.0,World Health Survey - WHS03
Nepal,NP,NPL,524,Rural,15,"No facility, bush, field",0.597,World Health Survey - WHS03
Nepal,NP,NPL,524,Rural,16,Other unimproved,0.006,World Health Survey - WHS03
Nepal,NP,NPL,524,Rural,17,DK/missing information,0.0,World Health Survey - WHS03
Nepal,NP,NPL,524,Urban,1,Flush and pour flush - to piped sewer system,0.344,Living Standards Survey - LSS04
Nepal,NP,NPL,524,Urban,2,Flush and pour flush - to septic tank,0.367,Living Standards Survey - LSS04
Nepal,NP,NPL,524,Urban,3,Flush and pour flush - to pit,0.0,Living Standards Survey - LSS04
Nepal,NP,NPL,524,Urban,4,Flush and pour flush - to unknown place/ not sure/DK,0.0,Living Standards Survey - LSS04
Nepal,NP,NPL,524,Urban,5,Flush and pour flush - to elsewhere,0.0,Living Standards Survey - LSS04
Nepal,NP,NPL,524,Urban,6,Dry latrines - Ventilated Improved Pit latrine,0.0,Living Standards Survey - LSS04
Nepal,NP,NPL,524,Urban,7,Dry latrines - Pit latrine with slab/covered latrine,0.0,Living Standards Survey - LSS04
Nepal,NP,NPL,524,Urban,8,Dry latrines - Traditional latrine,0.109,Living Standards Survey - LSS04
Nepal,NP,NPL,524,Urban,8,Dry latrines - Traditional latrine,0.098,Living Standards Survey - LSS04
Nepal,NP,NPL,524,Urban,8,Dry latrines - Traditional latrine,0.01,Living Standards Survey - LSS04
Nepal,NP,NPL,524,Urban,9,Dry latrines - Pit latrine without slab/open pit,0.0,Living Standards Survey - LSS04
Nepal,NP,NPL,524,Urban,10,Dry latrines - Hanging toilet/hanging latrine,0.0,Living Standards Survey - LSS04
Nepal,NP,NPL,524,Urban,11,Dry latrines - Bucket latrine,0.0,Living Standards Survey - LSS04
Nepal,NP,NPL,524,Urban,12,Dry latrines - Other,0.0,Living Standards Survey - LSS04
Nepal,NP,NPL,524,Urban,13,Composting toilets,0.0,Living Standards Survey - LSS04
Nepal,NP,NPL,524,Urban,14,Other improved,0.0,Living Standards Survey - LSS04
Nepal,NP,NPL,524,Urban,15,"No facility, bush, field",0.181,Living Standards Survey - LSS04
Nepal,NP,NPL,524,Urban,16,Other unimproved,0.0,Living Standards Survey - LSS04
Nepal,NP,NPL,524,Urban,17,DK/missing information,0.0,Living Standards Survey - LSS04
Nepal,NP,NPL,524,Rural,1,Flush and pour flush - to piped sewer system,0.001,Living Standards Survey - LSS04
Nepal,NP,NPL,524,Rural,2,Flush and pour flush - to septic tank,0.118,Living Standards Survey - LSS04
Nepal,NP,NPL,524,Rural,3,Flush and pour flush - to pit,0.0,Living Standards Survey - LSS04
Nepal,NP,NPL,524,Rural,4,Flush and pour flush - to unknown place/ not sure/DK,0.0,Living Standards Survey - LSS04
Nepal,NP,NPL,524,Rural,5,Flush and pour flush - to elsewhere,0.0,Living Standards Survey - LSS04
Nepal,NP,NPL,524,Rural,6,Dry latrines - Ventilated Improved Pit latrine,0.0,Living Standards Survey - LSS04
Nepal,NP,NPL,524,Rural,7,Dry latrines - Pit latrine with slab/covered latrine,0.0,Living Standards Survey - LSS04
Nepal,NP,NPL,524,Rural,8,Dry latrines - Traditional latrine,0.193,Living Standards Survey - LSS04
Nepal,NP,NPL,524,Rural,8,Dry latrines - Traditional latrine,0.188,Living Standards Survey - LSS04
Nepal,NP,NPL,524,Rural,8,Dry latrines - Traditional latrine,0.005,Living Standards Survey - LSS04
Nepal,NP,NPL,524,Rural,9,Dry latrines - Pit latrine without slab/open pit,0.0,Living Standards Survey - LSS04
Nepal,NP,NPL,524,Rural,10,Dry latrines - Hanging toilet/hanging latrine,0.0,Living Standards Survey - LSS04
Nepal,NP,NPL,524,Rural,11,Dry latrines - Bucket latrine,0.0,Living Standards Survey - LSS04
Nepal,NP,NPL,524,Rural,12,Dry latrines - Other,0.0,Living Standards Survey - LSS04
Nepal,NP,NPL,524,Rural,13,Composting toilets,0.0,Living Standards Survey - LSS04
Nepal,NP,NPL,524,Rural,14,Other improved,0.0,Living Standards Survey - LSS04
Nepal,NP,NPL,524,Rural,15,"No facility, bush, field",0.687,Living Standards Survey - LSS04
Nepal,NP,NPL,524,Rural,16,Other unimproved,0.0,Living Standards Survey - LSS04
Nepal,NP,NPL,524,Rural,17,DK/missing information,0.0,Living Standards Survey - LSS04
Nepal,NP,NPL,524,Urban,1,Flush and pour flush - to piped sewer system,0.204,Demographic and Health Survey - DHS06
Nepal,NP,NPL,524,Urban,2,Flush and pour flush - to septic tank,0.524,Demographic and Health Survey - DHS06
Nepal,NP,NPL,524,Urban,3,Flush and pour flush - to pit,0.005,Demographic and Health Survey - DHS06
Nepal,NP,NPL,524,Urban,4,Flush and pour flush - to unknown place/ not sure/DK,0.001,Demographic and Health Survey - DHS06
Nepal,NP,NPL,524,Urban,5,Flush and pour flush - to elsewhere,0.018,Demographic and Health Survey - DHS06
Nepal,NP,NPL,524,Urban,6,Dry latrines - Ventilated Improved Pit latrine,0.004,Demographic and Health Survey - DHS06
Nepal,NP,NPL,524,Urban,7,Dry latrines - Pit latrine with slab/covered latrine,0.032,Demographic and Health Survey - DHS06
Nepal,NP,NPL,524,Urban,8,Dry latrines - Traditional latrine,0.0,Demographic and Health Survey - DHS06
Nepal,NP,NPL,524,Urban,9,Dry latrines - Pit latrine without slab/open pit,0.039,Demographic and Health Survey - DHS06
Nepal,NP,NPL,524,Urban,10,Dry latrines - Hanging toilet/hanging latrine,0.0,Demographic and Health Survey - DHS06
Nepal,NP,NPL,524,Urban,11,Dry latrines - Bucket latrine,0.0,Demographic and Health Survey - DHS06
Nepal,NP,NPL,524,Urban,12,Dry latrines - Other,0.0,Demographic and Health Survey - DHS06
Nepal,NP,NPL,524,Urban,13,Composting toilets,0.0,Demographic and Health Survey - DHS06
Nepal,NP,NPL,524,Urban,14,Other improved,0.0,Demographic and Health Survey - DHS06
Nepal,NP,NPL,524,Urban,15,"No facility, bush, field",0.173,Demographic and Health Survey - DHS06
Nepal,NP,NPL,524,Urban,16,Other unimproved,0.0,Demographic and Health Survey - DHS06
Nepal,NP,NPL,524,Urban,17,DK/missing information,0.0,Demographic and Health Survey - DHS06
Nepal,NP,NPL,524,Rural,1,Flush and pour flush - to piped sewer system,0.01,Demographic and Health Survey - DHS06
Nepal,NP,NPL,524,Rural,2,Flush and pour flush - to septic tank,0.186,Demographic and Health Survey - DHS06
Nepal,NP,NPL,524,Rural,3,Flush and pour flush - to pit,0.01,Demographic and Health Survey - DHS06
Nepal,NP,NPL,524,Rural,4,Flush and pour flush - to unknown place/ not sure/DK,0.0,Demographic and Health Survey - DHS06
Nepal,NP,NPL,524,Rural,5,Flush and pour flush - to elsewhere,0.002,Demographic and Health Survey - DHS06
Nepal,NP,NPL,524,Rural,6,Dry latrines - Ventilated Improved Pit latrine,0.013,Demographic and Health Survey - DHS06
Nepal,NP,NPL,524,Rural,7,Dry latrines - Pit latrine with slab/covered latrine,0.069,Demographic and Health Survey - DHS06
Nepal,NP,NPL,524,Rural,8,Dry latrines - Traditional latrine,0.0,Demographic and Health Survey - DHS06
Nepal,NP,NPL,524,Rural,9,Dry latrines - Pit latrine without slab/open pit,0.123,Demographic and Health Survey - DHS06
Nepal,NP,NPL,524,Rural,10,Dry latrines - Hanging toilet/hanging latrine,0.0,Demographic and Health Survey - DHS06
Nepal,NP,NPL,524,Rural,11,Dry latrines - Bucket latrine,0.0,Demographic and Health Survey - DHS06
Nepal,NP,NPL,524,Rural,12,Dry latrines - Other,0.0,Demographic and Health Survey - DHS06
Nepal,NP,NPL,524,Rural,13,Composting toilets,0.006,Demographic and Health Survey - DHS06
Nepal,NP,NPL,524,Rural,14,Other improved,0.0,Demographic and Health Survey - DHS06
Nepal,NP,NPL,524,Rural,15,"No facility, bush, field",0.581,Demographic and Health Survey - DHS06
Nepal,NP,NPL,524,Rural,16,Other unimproved,0.0,Demographic and Health Survey - DHS06
Nepal,NP,NPL,524,Rural,17,DK/missing information,0.0,Demographic and Health Survey - DHS06
Nepal,NP,NPL,524,Urban,1,Flush and pour flush - to piped sewer system,0.302,National Population and Housing Census 2011 - CEN11
Nepal,NP,NPL,524,Urban,2,Flush and pour flush - to septic tank,0.475,National Population and Housing Census 2011 - CEN11
Nepal,NP,NPL,524,Urban,3,Flush and pour flush - to pit,0.0,National Population and Housing Census 2011 - CEN11
Nepal,NP,NPL,524,Urban,4,Flush and pour flush - to unknown place/ not sure/DK,0.0,National Population and Housing Census 2011 - CEN11
Nepal,NP,NPL,524,Urban,5,Flush and pour flush - to elsewhere,0.0,National Population and Housing Census 2011 - CEN11
Nepal,NP,NPL,524,Urban,6,Dry latrines - Ventilated Improved Pit latrine,0.0,National Population and Housing Census 2011 - CEN11
Nepal,NP,NPL,524,Urban,7,Dry latrines - Pit latrine with slab/covered latrine,0.0,National Population and Housing Census 2011 - CEN11
Nepal,NP,NPL,524,Urban,8,Dry latrines - Traditional latrine,0.124,National Population and Housing Census 2011 - CEN11
Nepal,NP,NPL,524,Urban,9,Dry latrines - Pit latrine without slab/open pit,0.0,National Population and Housing Census 2011 - CEN11
Nepal,NP,NPL,524,Urban,10,Dry latrines - Hanging toilet/hanging latrine,0.0,National Population and Housing Census 2011 - CEN11
Nepal,NP,NPL,524,Urban,11,Dry latrines - Bucket latrine,0.0,National Population and Housing Census 2011 - CEN11
Nepal,NP,NPL,524,Urban,12,Dry latrines - Other,0.0,National Population and Housing Census 2011 - CEN11
Nepal,NP,NPL,524,Urban,13,Composting toilets,0.0,National Population and Housing Census 2011 - CEN11
Nepal,NP,NPL,524,Urban,14,Other improved,0.0,National Population and Housing Census 2011 - CEN11
Nepal,NP,NPL,524,Urban,15,"No facility, bush, field",0.091,National Population and Housing Census 2011 - CEN11
Nepal,NP,NPL,524,Urban,16,Other unimproved,0.0,National Population and Housing Census 2011 - CEN11
Nepal,NP,NPL,524,Urban,17,DK/missing information,0.008,National Population and Housing Census 2011 - CEN11
Nepal,NP,NPL,524,Rural,1,Flush and pour flush - to piped sewer system,0.03,National Population and Housing Census 2011 - CEN11
Nepal,NP,NPL,524,Rural,2,Flush and pour flush - to septic tank,0.301,National Population and Housing Census 2011 - CEN11
Nepal,NP,NPL,524,Rural,3,Flush and pour flush - to pit,0.0,National Population and Housing Census 2011 - CEN11
Nepal,NP,NPL,524,Rural,4,Flush and pour flush - to unknown place/ not sure/DK,0.0,National Population and Housing Census 2011 - CEN11
Nepal,NP,NPL,524,Rural,5,Flush and pour flush - to elsewhere,0.0,National Population and Housing Census 2011 - CEN11
Nepal,NP,NPL,524,Rural,6,Dry latrines - Ventilated Improved Pit latrine,0.0,National Population and Housing Census 2011 - CEN11
Nepal,NP,NPL,524,Rural,7,Dry latrines - Pit latrine with slab/covered latrine,0.0,National Population and Housing Census 2011 - CEN11
Nepal,NP,NPL,524,Rural,8,Dry latrines - Traditional latrine,0.212,National Population and Housing Census 2011 - CEN11
Nepal,NP,NPL,524,Rural,9,Dry latrines - Pit latrine without slab/open pit,0.0,National Population and Housing Census 2011 - CEN11
Nepal,NP,NPL,524,Rural,10,Dry latrines - Hanging toilet/hanging latrine,0.0,National Population and Housing Census 2011 - CEN11
Nepal,NP,NPL,524,Rural,11,Dry latrines - Bucket latrine,0.0,National Population and Housing Census 2011 - CEN11
Nepal,NP,NPL,524,Rural,12,Dry latrines - Other,0.0,National Population and Housing Census 2011 - CEN11
Nepal,NP,NPL,524,Rural,13,Composting toilets,0.0,National Population and Housing Census 2011 - CEN11
Nepal,NP,NPL,524,Rural,14,Other improved,0.0,National Population and Housing Census 2011 - CEN11
Nepal,NP,NPL,524,Rural,15,"No facility, bush, field",0.451,National Population and Housing Census 2011 - CEN11
Nepal,NP,NPL,524,Rural,16,Other unimproved,0.0,National Population and Housing Census 2011 - CEN11
Nepal,NP,NPL,524,Rural,17,DK/missing information,0.006,National Population and Housing Census 2011 - CEN11
Nepal,NP,NPL,524,Urban,1,Flush and pour flush - to piped sewer system,0.273,MEASURE DHS  - DHS11
Nepal,NP,NPL,524,Urban,2,Flush and pour flush - to septic tank,0.546,MEASURE DHS  - DHS11
Nepal,NP,NPL,524,Urban,3,Flush and pour flush - to pit,0.034,MEASURE DHS  - DHS11
Nepal,NP,NPL,524,Urban,4,Flush and pour flush - to unknown place/ not sure/DK,0.001,MEASURE DHS  - DHS11
Nepal,NP,NPL,524,Urban,5,Flush and pour flush - to elsewhere,0.003,MEASURE DHS  - DHS11
Nepal,NP,NPL,524,Urban,6,Dry latrines - Ventilated Improved Pit latrine,0.007,MEASURE DHS  - DHS11
Nepal,NP,NPL,524,Urban,7,Dry latrines - Pit latrine with slab/covered latrine,0.033,MEASURE DHS  - DHS11
Nepal,NP,NPL,524,Urban,8,Dry latrines - Traditional latrine,0.0,MEASURE DHS  - DHS11
Nepal,NP,NPL,524,Urban,9,Dry latrines - Pit latrine without slab/open pit,0.016,MEASURE DHS  - DHS11
Nepal,NP,NPL,524,Urban,10,Dry latrines - Hanging toilet/hanging latrine,0.0,MEASURE DHS  - DHS11
Nepal,NP,NPL,524,Urban,11,Dry latrines - Bucket latrine,0.0,MEASURE DHS  - DHS11
Nepal,NP,NPL,524,Urban,12,Dry latrines - Other,0.0,MEASURE DHS  - DHS11
Nepal,NP,NPL,524,Urban,13,Composting toilets,0.0,MEASURE DHS  - DHS11
Nepal,NP,NPL,524,Urban,14,Other improved,0.0,MEASURE DHS  - DHS11
Nepal,NP,NPL,524,Urban,15,"No facility, bush, field",0.087,MEASURE DHS  - DHS11
Nepal,NP,NPL,524,Urban,16,Other unimproved,0.0,MEASURE DHS  - DHS11
Nepal,NP,NPL,524,Urban,17,DK/missing information,0.0,MEASURE DHS  - DHS11
Nepal,NP,NPL,524,Rural,1,Flush and pour flush - to piped sewer system,0.031,MEASURE DHS  - DHS11
Nepal,NP,NPL,524,Rural,2,Flush and pour flush - to septic tank,0.337,MEASURE DHS  - DHS11
Nepal,NP,NPL,524,Rural,3,Flush and pour flush - to pit,0.046,MEASURE DHS  - DHS11
Nepal,NP,NPL,524,Rural,4,Flush and pour flush - to unknown place/ not sure/DK,0.0,MEASURE DHS  - DHS11
Nepal,NP,NPL,524,Rural,5,Flush and pour flush - to elsewhere,0.003,MEASURE DHS  - DHS11
Nepal,NP,NPL,524,Rural,6,Dry latrines - Ventilated Improved Pit latrine,0.009,MEASURE DHS  - DHS11
Nepal,NP,NPL,524,Rural,7,Dry latrines - Pit latrine with slab/covered latrine,0.092,MEASURE DHS  - DHS11
Nepal,NP,NPL,524,Rural,8,Dry latrines - Traditional latrine,0.0,MEASURE DHS  - DHS11
Nepal,NP,NPL,524,Rural,9,Dry latrines - Pit latrine without slab/open pit,0.08,MEASURE DHS  - DHS11
Nepal,NP,NPL,524,Rural,10,Dry latrines - Hanging toilet/hanging latrine,0.0,MEASURE DHS  - DHS11
Nepal,NP,NPL,524,Rural,11,Dry latrines - Bucket latrine,0.0,MEASURE DHS  - DHS11
Nepal,NP,NPL,524,Rural,12,Dry latrines - Other,0.0,MEASURE DHS  - DHS11
Nepal,NP,NPL,524,Rural,13,Composting toilets,0.003,MEASURE DHS  - DHS11
Nepal,NP,NPL,524,Rural,14,Other improved,0.0,MEASURE DHS  - DHS11
Nepal,NP,NPL,524,Rural,15,"No facility, bush, field",0.399,MEASURE DHS  - DHS11
Nepal,NP,NPL,524,Rural,16,Other unimproved,0.0,MEASURE DHS  - DHS11
Nepal,NP,NPL,524,Rural,17,DK/missing information,0.0,MEASURE DHS  - DHS11
Nepal,NP,NPL,524,Urban,1,Flush and pour flush - to piped sewer system,0.245,Annual Household Survey 2012-13 - AHS13
Nepal,NP,NPL,524,Urban,2,Flush and pour flush - to septic tank,0.53,Annual Household Survey 2012-13 - AHS13
Nepal,NP,NPL,524,Urban,3,Flush and pour flush - to pit,0.0,Annual Household Survey 2012-13 - AHS13
Nepal,NP,NPL,524,Urban,4,Flush and pour flush - to unknown place/ not sure/DK,0.0,Annual Household Survey 2012-13 - AHS13
Nepal,NP,NPL,524,Urban,5,Flush and pour flush - to elsewhere,0.0,Annual Household Survey 2012-13 - AHS13
Nepal,NP,NPL,524,Urban,6,Dry latrines - Ventilated Improved Pit latrine,0.0,Annual Household Survey 2012-13 - AHS13
Nepal,NP,NPL,524,Urban,7,Dry latrines - Pit latrine with slab/covered latrine,0.0,Annual Household Survey 2012-13 - AHS13
Nepal,NP,NPL,524,Urban,8,Dry latrines - Traditional latrine,0.155,Annual Household Survey 2012-13 - AHS13
Nepal,NP,NPL,524,Urban,9,Dry latrines - Pit latrine without slab/open pit,0.0,Annual Household Survey 2012-13 - AHS13
Nepal,NP,NPL,524,Urban,10,Dry latrines - Hanging toilet/hanging latrine,0.0,Annual Household Survey 2012-13 - AHS13
Nepal,NP,NPL,524,Urban,11,Dry latrines - Bucket latrine,0.0,Annual Household Survey 2012-13 - AHS13
Nepal,NP,NPL,524,Urban,12,Dry latrines - Other,0.0,Annual Household Survey 2012-13 - AHS13
Nepal,NP,NPL,524,Urban,13,Composting toilets,0.0,Annual Household Survey 2012-13 - AHS13
Nepal,NP,NPL,524,Urban,14,Other improved,0.0,Annual Household Survey 2012-13 - AHS13
Nepal,NP,NPL,524,Urban,15,"No facility, bush, field",0.067,Annual Household Survey 2012-13 - AHS13
Nepal,NP,NPL,524,Urban,16,Other unimproved,0.0,Annual Household Survey 2012-13 - AHS13
Nepal,NP,NPL,524,Urban,17,DK/missing information,0.0,Annual Household Survey 2012-13 - AHS13
Nepal,NP,NPL,524,Rural,1,Flush and pour flush - to piped sewer system,0.018,Annual Household Survey 2012-13 - AHS13
Nepal,NP,NPL,524,Rural,2,Flush and pour flush - to septic tank,0.415,Annual Household Survey 2012-13 - AHS13
Nepal,NP,NPL,524,Rural,3,Flush and pour flush - to pit,0.0,Annual Household Survey 2012-13 - AHS13
Nepal,NP,NPL,524,Rural,4,Flush and pour flush - to unknown place/ not sure/DK,0.0,Annual Household Survey 2012-13 - AHS13
Nepal,NP,NPL,524,Rural,5,Flush and pour flush - to elsewhere,0.0,Annual Household Survey 2012-13 - AHS13
Nepal,NP,NPL,524,Rural,6,Dry latrines - Ventilated Improved Pit latrine,0.0,Annual Household Survey 2012-13 - AHS13
Nepal,NP,NPL,524,Rural,7,Dry latrines - Pit latrine with slab/covered latrine,0.0,Annual Household Survey 2012-13 - AHS13
Nepal,NP,NPL,524,Rural,8,Dry latrines - Traditional latrine,0.183,Annual Household Survey 2012-13 - AHS13
Nepal,NP,NPL,524,Rural,9,Dry latrines - Pit latrine without slab/open pit,0.0,Annual Household Survey 2012-13 - AHS13
Nepal,NP,NPL,524,Rural,10,Dry latrines - Hanging toilet/hanging latrine,0.0,Annual Household Survey 2012-13 - AHS13
Nepal,NP,NPL,524,Rural,11,Dry latrines - Bucket latrine,0.0,Annual Household Survey 2012-13 - AHS13
Nepal,NP,NPL,524,Rural,12,Dry latrines - Other,0.0,Annual Household Survey 2012-13 - AHS13
Nepal,NP,NPL,524,Rural,13,Composting toilets,0.0,Annual Household Survey 2012-13 - AHS13
Nepal,NP,NPL,524,Rural,14,Other improved,0.0,Annual Household Survey 2012-13 - AHS13
Nepal,NP,NPL,524,Rural,15,"No facility, bush, field",0.374,Annual Household Survey 2012-13 - AHS13
Nepal,NP,NPL,524,Rural,16,Other unimproved,0.0,Annual Household Survey 2012-13 - AHS13
Nepal,NP,NPL,524,Rural,17,DK/missing information,0.0,Annual Household Survey 2012-13 - AHS13
Nepal,NP,NPL,524,Urban,1,Flush and pour flush - to piped sewer system,0.249,Multiple Indicator Cluster Surveys - MICS14
Nepal,NP,NPL,524,Urban,2,Flush and pour flush - to septic tank,0.611,Multiple Indicator Cluster Surveys - MICS14
Nepal,NP,NPL,524,Urban,3,Flush and pour flush - to pit,0.048,Multiple Indicator Cluster Surveys - MICS14
Nepal,NP,NPL,524,Urban,4,Flush and pour flush - to unknown place/ not sure/DK,0.002,Multiple Indicator Cluster Surveys - MICS14
Nepal,NP,NPL,524,Urban,5,Flush and pour flush - to elsewhere,0.002,Multiple Indicator Cluster Surveys - MICS14
Nepal,NP,NPL,524,Urban,6,Dry latrines - Ventilated Improved Pit latrine,0.005,Multiple Indicator Cluster Surveys - MICS14
Nepal,NP,NPL,524,Urban,7,Dry latrines - Pit latrine with slab/covered latrine,0.014,Multiple Indicator Cluster Surveys - MICS14
Nepal,NP,NPL,524,Urban,8,Dry latrines - Traditional latrine,0.0,Multiple Indicator Cluster Surveys - MICS14
Nepal,NP,NPL,524,Urban,9,Dry latrines - Pit latrine without slab/open pit,0.002,Multiple Indicator Cluster Surveys - MICS14
Nepal,NP,NPL,524,Urban,10,Dry latrines - Hanging toilet/hanging latrine,0.0,Multiple Indicator Cluster Surveys - MICS14
Nepal,NP,NPL,524,Urban,11,Dry latrines - Bucket latrine,0.0,Multiple Indicator Cluster Surveys - MICS14
Nepal,NP,NPL,524,Urban,12,Dry latrines - Other,0.0,Multiple Indicator Cluster Surveys - MICS14
Nepal,NP,NPL,524,Urban,13,Composting toilets,0.009,Multiple Indicator Cluster Surveys - MICS14
Nepal,NP,NPL,524,Urban,14,Other improved,0.0,Multiple Indicator Cluster Surveys - MICS14
Nepal,NP,NPL,524,Urban,15,"No facility, bush, field",0.056,Multiple Indicator Cluster Surveys - MICS14
Nepal,NP,NPL,524,Urban,16,Other unimproved,0.002,Multiple Indicator Cluster Surveys - MICS14
Nepal,NP,NPL,524,Urban,17,DK/missing information,0.0,Multiple Indicator Cluster Surveys - MICS14
Nepal,NP,NPL,524,Rural,1,Flush and pour flush - to piped sewer system,0.022,Multiple Indicator Cluster Surveys - MICS14
Nepal,NP,NPL,524,Rural,2,Flush and pour flush - to septic tank,0.398,Multiple Indicator Cluster Surveys - MICS14
Nepal,NP,NPL,524,Rural,3,Flush and pour flush - to pit,0.176,Multiple Indicator Cluster Surveys - MICS14
Nepal,NP,NPL,524,Rural,4,Flush and pour flush - to unknown place/ not sure/DK,0.0,Multiple Indicator Cluster Surveys - MICS14
Nepal,NP,NPL,524,Rural,5,Flush and pour flush - to elsewhere,0.002,Multiple Indicator Cluster Surveys - MICS14
Nepal,NP,NPL,524,Rural,6,Dry latrines - Ventilated Improved Pit latrine,0.015,Multiple Indicator Cluster Surveys - MICS14
Nepal,NP,NPL,524,Rural,7,Dry latrines - Pit latrine with slab/covered latrine,0.046,Multiple Indicator Cluster Surveys - MICS14
Nepal,NP,NPL,524,Rural,8,Dry latrines - Traditional latrine,0.0,Multiple Indicator Cluster Surveys - MICS14
Nepal,NP,NPL,524,Rural,9,Dry latrines - Pit latrine without slab/open pit,0.009,Multiple Indicator Cluster Surveys - MICS14
Nepal,NP,NPL,524,Rural,10,Dry latrines - Hanging toilet/hanging latrine,0.0,Multiple Indicator Cluster Surveys - MICS14
Nepal,NP,NPL,524,Rural,11,Dry latrines - Bucket latrine,0.0,Multiple Indicator Cluster Surveys - MICS14
Nepal,NP,NPL,524,Rural,12,Dry latrines - Other,0.0,Multiple Indicator Cluster Surveys - MICS14
Nepal,NP,NPL,524,Rural,13,Composting toilets,0.014,Multiple Indicator Cluster Surveys - MICS14
Nepal,NP,NPL,524,Rural,14,Other improved,0.0,Multiple Indicator Cluster Surveys - MICS14
Nepal,NP,NPL,524,Rural,15,"No facility, bush, field",0.306,Multiple Indicator Cluster Surveys - MICS14
Nepal,NP,NPL,524,Rural,16,Other unimproved,0.013,Multiple Indicator Cluster Surveys - MICS14
Nepal,NP,NPL,524,Rural,17,DK/missing information,0.0,Multiple Indicator Cluster Surveys - MICS14
Nepal,NP,NPL,524,Urban,1,Flush and pour flush - to piped sewer system,0.134,Annual Household Survey 2015 - AHS15
Nepal,NP,NPL,524,Urban,2,Flush and pour flush - to septic tank,0.551,Annual Household Survey 2015 - AHS15
Nepal,NP,NPL,524,Urban,3,Flush and pour flush - to pit,0.0,Annual Household Survey 2015 - AHS15
Nepal,NP,NPL,524,Urban,4,Flush and pour flush - to unknown place/ not sure/DK,0.0,Annual Household Survey 2015 - AHS15
Nepal,NP,NPL,524,Urban,5,Flush and pour flush - to elsewhere,0.0,Annual Household Survey 2015 - AHS15
Nepal,NP,NPL,524,Urban,6,Dry latrines - Ventilated Improved Pit latrine,0.0,Annual Household Survey 2015 - AHS15
Nepal,NP,NPL,524,Urban,7,Dry latrines - Pit latrine with slab/covered latrine,0.0,Annual Household Survey 2015 - AHS15
Nepal,NP,NPL,524,Urban,8,Dry latrines - Traditional latrine,0.207,Annual Household Survey 2015 - AHS15
Nepal,NP,NPL,524,Urban,9,Dry latrines - Pit latrine without slab/open pit,0.0,Annual Household Survey 2015 - AHS15
Nepal,NP,NPL,524,Urban,10,Dry latrines - Hanging toilet/hanging latrine,0.0,Annual Household Survey 2015 - AHS15
Nepal,NP,NPL,524,Urban,11,Dry latrines - Bucket latrine,0.0,Annual Household Survey 2015 - AHS15
Nepal,NP,NPL,524,Urban,12,Dry latrines - Other,0.0,Annual Household Survey 2015 - AHS15
Nepal,NP,NPL,524,Urban,13,Composting toilets,0.0,Annual Household Survey 2015 - AHS15
Nepal,NP,NPL,524,Urban,14,Other improved,0.0,Annual Household Survey 2015 - AHS15
Nepal,NP,NPL,524,Urban,15,"No facility, bush, field",0.104,Annual Household Survey 2015 - AHS15
Nepal,NP,NPL,524,Urban,16,Other unimproved,0.0,Annual Household Survey 2015 - AHS15
Nepal,NP,NPL,524,Urban,17,DK/missing information,0.0,Annual Household Survey 2015 - AHS15
Nepal,NP,NPL,524,Rural,1,Flush and pour flush - to piped sewer system,0.017,Annual Household Survey 2015 - AHS15
Nepal,NP,NPL,524,Rural,2,Flush and pour flush - to septic tank,0.395,Annual Household Survey 2015 - AHS15
Nepal,NP,NPL,524,Rural,3,Flush and pour flush - to pit,0.0,Annual Household Survey 2015 - AHS15
Nepal,NP,NPL,524,Rural,4,Flush and pour flush - to unknown place/ not sure/DK,0.0,Annual Household Survey 2015 - AHS15
Nepal,NP,NPL,524,Rural,5,Flush and pour flush - to elsewhere,0.0,Annual Household Survey 2015 - AHS15
Nepal,NP,NPL,524,Rural,6,Dry latrines - Ventilated Improved Pit latrine,0.0,Annual Household Survey 2015 - AHS15
Nepal,NP,NPL,524,Rural,7,Dry latrines - Pit latrine with slab/covered latrine,0.0,Annual Household Survey 2015 - AHS15
Nepal,NP,NPL,524,Rural,8,Dry latrines - Traditional latrine,0.302,Annual Household Survey 2015 - AHS15
Nepal,NP,NPL,524,Rural,9,Dry latrines - Pit latrine without slab/open pit,0.0,Annual Household Survey 2015 - AHS15
Nepal,NP,NPL,524,Rural,10,Dry latrines - Hanging toilet/hanging latrine,0.0,Annual Household Survey 2015 - AHS15
Nepal,NP,NPL,524,Rural,11,Dry latrines - Bucket latrine,0.0,Annual Household Survey 2015 - AHS15
Nepal,NP,NPL,524,Rural,12,Dry latrines - Other,0.0,Annual Household Survey 2015 - AHS15
Nepal,NP,NPL,524,Rural,13,Composting toilets,0.0,Annual Household Survey 2015 - AHS15
Nepal,NP,NPL,524,Rural,14,Other improved,0.0,Annual Household Survey 2015 - AHS15
Nepal,NP,NPL,524,Rural,15,"No facility, bush, field",0.278,Annual Household Survey 2015 - AHS15
Nepal,NP,NPL,524,Rural,16,Other unimproved,0.0,Annual Household Survey 2015 - AHS15
Nepal,NP,NPL,524,Rural,17,DK/missing information,0.0,Annual Household Survey 2015 - AHS15
Nepal,NP,NPL,524,Urban,1,Flush and pour flush - to piped sewer system,0.167,Annual Household Survey 2016 - AHS16
Nepal,NP,NPL,524,Urban,2,Flush and pour flush - to septic tank,0.479,Annual Household Survey 2016 - AHS16
Nepal,NP,NPL,524,Urban,3,Flush and pour flush - to pit,0.0,Annual Household Survey 2016 - AHS16
Nepal,NP,NPL,524,Urban,4,Flush and pour flush - to unknown place/ not sure/DK,0.0,Annual Household Survey 2016 - AHS16
Nepal,NP,NPL,524,Urban,5,Flush and pour flush - to elsewhere,0.0,Annual Household Survey 2016 - AHS16
Nepal,NP,NPL,524,Urban,6,Dry latrines - Ventilated Improved Pit latrine,0.0,Annual Household Survey 2016 - AHS16
Nepal,NP,NPL,524,Urban,7,Dry latrines - Pit latrine with slab/covered latrine,0.0,Annual Household Survey 2016 - AHS16
Nepal,NP,NPL,524,Urban,8,Dry latrines - Traditional latrine,0.247,Annual Household Survey 2016 - AHS16
Nepal,NP,NPL,524,Urban,9,Dry latrines - Pit latrine without slab/open pit,0.0,Annual Household Survey 2016 - AHS16
Nepal,NP,NPL,524,Urban,10,Dry latrines - Hanging toilet/hanging latrine,0.0,Annual Household Survey 2016 - AHS16
Nepal,NP,NPL,524,Urban,11,Dry latrines - Bucket latrine,0.0,Annual Household Survey 2016 - AHS16
Nepal,NP,NPL,524,Urban,12,Dry latrines - Other,0.0,Annual Household Survey 2016 - AHS16
Nepal,NP,NPL,524,Urban,13,Composting toilets,0.0,Annual Household Survey 2016 - AHS16
Nepal,NP,NPL,524,Urban,14,Other improved,0.0,Annual Household Survey 2016 - AHS16
Nepal,NP,NPL,524,Urban,15,"No facility, bush, field",0.095,Annual Household Survey 2016 - AHS16
Nepal,NP,NPL,524,Urban,16,Other unimproved,0.0,Annual Household Survey 2016 - AHS16
Nepal,NP,NPL,524,Urban,17,DK/missing information,0.0,Annual Household Survey 2016 - AHS16
Nepal,NP,NPL,524,Rural,1,Flush and pour flush - to piped sewer system,0.009,Annual Household Survey 2016 - AHS16
Nepal,NP,NPL,524,Rural,2,Flush and pour flush - to septic tank,0.417,Annual Household Survey 2016 - AHS16
Nepal,NP,NPL,524,Rural,3,Flush and pour flush - to pit,0.0,Annual Household Survey 2016 - AHS16
Nepal,NP,NPL,524,Rural,4,Flush and pour flush - to unknown place/ not sure/DK,0.0,Annual Household Survey 2016 - AHS16
Nepal,NP,NPL,524,Rural,5,Flush and pour flush - to elsewhere,0.0,Annual Household Survey 2016 - AHS16
Nepal,NP,NPL,524,Rural,6,Dry latrines - Ventilated Improved Pit latrine,0.0,Annual Household Survey 2016 - AHS16
Nepal,NP,NPL,524,Rural,7,Dry latrines - Pit latrine with slab/covered latrine,0.0,Annual Household Survey 2016 - AHS16
Nepal,NP,NPL,524,Rural,8,Dry latrines - Traditional latrine,0.319,Annual Household Survey 2016 - AHS16
Nepal,NP,NPL,524,Rural,9,Dry latrines - Pit latrine without slab/open pit,0.0,Annual Household Survey 2016 - AHS16
Nepal,NP,NPL,524,Rural,10,Dry latrines - Hanging toilet/hanging latrine,0.0,Annual Household Survey 2016 - AHS16
Nepal,NP,NPL,524,Rural,11,Dry latrines - Bucket latrine,0.0,Annual Household Survey 2016 - AHS16
Nepal,NP,NPL,524,Rural,12,Dry latrines - Other,0.0,Annual Household Survey 2016 - AHS16
Nepal,NP,NPL,524,Rural,13,Composting toilets,0.0,Annual Household Survey 2016 - AHS16
Nepal,NP,NPL,524,Rural,14,Other improved,0.0,Annual Household Survey 2016 - AHS16
Nepal,NP,NPL,524,Rural,15,"No facility, bush, field",0.25,Annual Household Survey 2016 - AHS16
Nepal,NP,NPL,524,Rural,16,Other unimproved,0.0,Annual Household Survey 2016 - AHS16
Nepal,NP,NPL,524,Rural,17,DK/missing information,0.0,Annual Household Survey 2016 - AHS16
Nepal,NP,NPL,524,Urban,1,Flush and pour flush - to piped sewer system,0.11,Demographic and Health Survey - DHS16
Nepal,NP,NPL,524,Urban,2,Flush and pour flush - to septic tank,0.563,Demographic and Health Survey - DHS16
Nepal,NP,NPL,524,Urban,3,Flush and pour flush - to pit,0.115,Demographic and Health Survey - DHS16
Nepal,NP,NPL,524,Urban,4,Flush and pour flush - to unknown place/ not sure/DK,0.001,Demographic and Health Survey - DHS16
Nepal,NP,NPL,524,Urban,5,Flush and pour flush - to elsewhere,0.006,Demographic and Health Survey - DHS16
Nepal,NP,NPL,524,Urban,6,Dry latrines - Ventilated Improved Pit latrine,0.029,Demographic and Health Survey - DHS16
Nepal,NP,NPL,524,Urban,7,Dry latrines - Pit latrine with slab/covered latrine,0.028,Demographic and Health Survey - DHS16
Nepal,NP,NPL,524,Urban,8,Dry latrines - Traditional latrine,0.0,Demographic and Health Survey - DHS16
Nepal,NP,NPL,524,Urban,9,Dry latrines - Pit latrine without slab/open pit,0.01,Demographic and Health Survey - DHS16
Nepal,NP,NPL,524,Urban,10,Dry latrines - Hanging toilet/hanging latrine,0.0,Demographic and Health Survey - DHS16
Nepal,NP,NPL,524,Urban,11,Dry latrines - Bucket latrine,0.0,Demographic and Health Survey - DHS16
Nepal,NP,NPL,524,Urban,12,Dry latrines - Other,0.0,Demographic and Health Survey - DHS16
Nepal,NP,NPL,524,Urban,13,Composting toilets,0.016,Demographic and Health Survey - DHS16
Nepal,NP,NPL,524,Urban,14,Other improved,0.0,Demographic and Health Survey - DHS16
Nepal,NP,NPL,524,Urban,15,"No facility, bush, field",0.121,Demographic and Health Survey - DHS16
Nepal,NP,NPL,524,Urban,16,Other unimproved,0.001,Demographic and Health Survey - DHS16
Nepal,NP,NPL,524,Urban,17,DK/missing information,0.0,Demographic and Health Survey - DHS16
Nepal,NP,NPL,524,Rural,1,Flush and pour flush - to piped sewer system,0.002,Demographic and Health Survey - DHS16
Nepal,NP,NPL,524,Rural,2,Flush and pour flush - to septic tank,0.475,Demographic and Health Survey - DHS16
Nepal,NP,NPL,524,Rural,3,Flush and pour flush - to pit,0.17,Demographic and Health Survey - DHS16
Nepal,NP,NPL,524,Rural,4,Flush and pour flush - to unknown place/ not sure/DK,0.0,Demographic and Health Survey - DHS16
Nepal,NP,NPL,524,Rural,5,Flush and pour flush - to elsewhere,0.002,Demographic and Health Survey - DHS16
Nepal,NP,NPL,524,Rural,6,Dry latrines - Ventilated Improved Pit latrine,0.062,Demographic and Health Survey - DHS16
Nepal,NP,NPL,524,Rural,7,Dry latrines - Pit latrine with slab/covered latrine,0.045,Demographic and Health Survey - DHS16
Nepal,NP,NPL,524,Rural,8,Dry latrines - Traditional latrine,0.0,Demographic and Health Survey - DHS16
Nepal,NP,NPL,524,Rural,9,Dry latrines - Pit latrine without slab/open pit,0.01,Demographic and Health Survey - DHS16
Nepal,NP,NPL,524,Rural,10,Dry latrines - Hanging toilet/hanging latrine,0.0,Demographic and Health Survey - DHS16
Nepal,NP,NPL,524,Rural,11,Dry latrines - Bucket latrine,0.0,Demographic and Health Survey - DHS16
Nepal,NP,NPL,524,Rural,12,Dry latrines - Other,0.0,Demographic and Health Survey - DHS16
Nepal,NP,NPL,524,Rural,13,Composting toilets,0.014,Demographic and Health Survey - DHS16
Nepal,NP,NPL,524,Rural,14,Other improved,0.0,Demographic and Health Survey - DHS16
Nepal,NP,NPL,524,Rural,15,"No facility, bush, field",0.219,Demographic and Health Survey - DHS16
Nepal,NP,NPL,524,Rural,16,Other unimproved,0.0,Demographic and Health Survey - DHS16
Nepal,NP,NPL,524,Rural,17,DK/missing information,0.0,Demographic and Health Survey - DHS16
