country,alpha-2,alpha-3,numeric,context,classific_id,classification,percentage,source
Chad,TD,TCD,148,Urban,1,Flush and pour flush - to piped sewer system,0.028,World Health Survey - WHS03
Chad,TD,TCD,148,Urban,2,Flush and pour flush - to septic tank,0.007,World Health Survey - WHS03
Chad,TD,TCD,148,Urban,3,Flush and pour flush - to pit,0.0,World Health Survey - WHS03
Chad,TD,TCD,148,Urban,4,Flush and pour flush - to unknown place/ not sure/DK,0.0,World Health Survey - WHS03
Chad,TD,TCD,148,Urban,5,Flush and pour flush - to elsewhere,0.0,World Health Survey - WHS03
Chad,TD,TCD,148,Urban,6,Dry latrines - Ventilated Improved Pit latrine,0.0,World Health Survey - WHS03
Chad,TD,TCD,148,Urban,7,Dry latrines - Pit latrine with slab/covered latrine,0.338,World Health Survey - WHS03
Chad,TD,TCD,148,Urban,8,Dry latrines - Traditional latrine,0.0,World Health Survey - WHS03
Chad,TD,TCD,148,Urban,9,Dry latrines - Pit latrine without slab/open pit,0.283,World Health Survey - WHS03
Chad,TD,TCD,148,Urban,10,Dry latrines - Hanging toilet/hanging latrine,0.0,World Health Survey - WHS03
Chad,TD,TCD,148,Urban,11,Dry latrines - Bucket latrine,0.116,World Health Survey - WHS03
Chad,TD,TCD,148,Urban,7,Dry latrines - Pit latrine with slab/covered latrine,0.189,World Health Survey - WHS03
Chad,TD,TCD,148,Urban,7,Dry latrines - Pit latrine with slab/covered latrine,0.15,World Health Survey - WHS03
Chad,TD,TCD,148,Urban,8,Dry latrines - Traditional latrine,0.0,World Health Survey - WHS03
Chad,TD,TCD,148,Urban,9,Dry latrines - Pit latrine without slab/open pit,0.0,World Health Survey - WHS03
Chad,TD,TCD,148,Urban,10,Dry latrines - Hanging toilet/hanging latrine,0.0,World Health Survey - WHS03
Chad,TD,TCD,148,Urban,11,Dry latrines - Bucket latrine,0.0,World Health Survey - WHS03
Chad,TD,TCD,148,Urban,12,Dry latrines - Other,0.0,World Health Survey - WHS03
Chad,TD,TCD,148,Urban,13,Composting toilets,0.0,World Health Survey - WHS03
Chad,TD,TCD,148,Urban,14,Other improved,0.0,World Health Survey - WHS03
Chad,TD,TCD,148,Urban,15,"No facility, bush, field",0.146,World Health Survey - WHS03
Chad,TD,TCD,148,Urban,16,Other unimproved,0.038,World Health Survey - WHS03
Chad,TD,TCD,148,Urban,17,DK/missing information,0.0,World Health Survey - WHS03
Chad,TD,TCD,148,Rural,1,Flush and pour flush - to piped sewer system,0.003,World Health Survey - WHS03
Chad,TD,TCD,148,Rural,2,Flush and pour flush - to septic tank,0.003,World Health Survey - WHS03
Chad,TD,TCD,148,Rural,3,Flush and pour flush - to pit,0.0,World Health Survey - WHS03
Chad,TD,TCD,148,Rural,4,Flush and pour flush - to unknown place/ not sure/DK,0.0,World Health Survey - WHS03
Chad,TD,TCD,148,Rural,5,Flush and pour flush - to elsewhere,0.0,World Health Survey - WHS03
Chad,TD,TCD,148,Rural,6,Dry latrines - Ventilated Improved Pit latrine,0.0,World Health Survey - WHS03
Chad,TD,TCD,148,Rural,7,Dry latrines - Pit latrine with slab/covered latrine,0.066,World Health Survey - WHS03
Chad,TD,TCD,148,Rural,8,Dry latrines - Traditional latrine,0.0,World Health Survey - WHS03
Chad,TD,TCD,148,Rural,9,Dry latrines - Pit latrine without slab/open pit,0.062,World Health Survey - WHS03
Chad,TD,TCD,148,Rural,10,Dry latrines - Hanging toilet/hanging latrine,0.0,World Health Survey - WHS03
Chad,TD,TCD,148,Rural,11,Dry latrines - Bucket latrine,0.012,World Health Survey - WHS03
Chad,TD,TCD,148,Rural,7,Dry latrines - Pit latrine with slab/covered latrine,0.034,World Health Survey - WHS03
Chad,TD,TCD,148,Rural,7,Dry latrines - Pit latrine with slab/covered latrine,0.031,World Health Survey - WHS03
Chad,TD,TCD,148,Rural,8,Dry latrines - Traditional latrine,0.0,World Health Survey - WHS03
Chad,TD,TCD,148,Rural,9,Dry latrines - Pit latrine without slab/open pit,0.0,World Health Survey - WHS03
Chad,TD,TCD,148,Rural,10,Dry latrines - Hanging toilet/hanging latrine,0.0,World Health Survey - WHS03
Chad,TD,TCD,148,Rural,11,Dry latrines - Bucket latrine,0.0,World Health Survey - WHS03
Chad,TD,TCD,148,Rural,12,Dry latrines - Other,0.0,World Health Survey - WHS03
Chad,TD,TCD,148,Rural,13,Composting toilets,0.0,World Health Survey - WHS03
Chad,TD,TCD,148,Rural,14,Other improved,0.0,World Health Survey - WHS03
Chad,TD,TCD,148,Rural,15,"No facility, bush, field",0.821,World Health Survey - WHS03
Chad,TD,TCD,148,Rural,16,Other unimproved,0.012,World Health Survey - WHS03
Chad,TD,TCD,148,Rural,17,DK/missing information,0.0,World Health Survey - WHS03
Chad,TD,TCD,148,Urban,1,Flush and pour flush - to piped sewer system,0.034,Multiple Indicator Cluster Survey - MICS10
Chad,TD,TCD,148,Urban,2,Flush and pour flush - to septic tank,0.027,Multiple Indicator Cluster Survey - MICS10
Chad,TD,TCD,148,Urban,3,Flush and pour flush - to pit,0.111,Multiple Indicator Cluster Survey - MICS10
Chad,TD,TCD,148,Urban,4,Flush and pour flush - to unknown place/ not sure/DK,0.005,Multiple Indicator Cluster Survey - MICS10
Chad,TD,TCD,148,Urban,5,Flush and pour flush - to elsewhere,0.009,Multiple Indicator Cluster Survey - MICS10
Chad,TD,TCD,148,Urban,6,Dry latrines - Ventilated Improved Pit latrine,0.01,Multiple Indicator Cluster Survey - MICS10
Chad,TD,TCD,148,Urban,7,Dry latrines - Pit latrine with slab/covered latrine,0.333,Multiple Indicator Cluster Survey - MICS10
Chad,TD,TCD,148,Urban,8,Dry latrines - Traditional latrine,0.0,Multiple Indicator Cluster Survey - MICS10
Chad,TD,TCD,148,Urban,9,Dry latrines - Pit latrine without slab/open pit,0.247,Multiple Indicator Cluster Survey - MICS10
Chad,TD,TCD,148,Urban,10,Dry latrines - Hanging toilet/hanging latrine,0.023,Multiple Indicator Cluster Survey - MICS10
Chad,TD,TCD,148,Urban,11,Dry latrines - Bucket latrine,0.018,Multiple Indicator Cluster Survey - MICS10
Chad,TD,TCD,148,Urban,12,Dry latrines - Other,0.0,Multiple Indicator Cluster Survey - MICS10
Chad,TD,TCD,148,Urban,13,Composting toilets,0.016,Multiple Indicator Cluster Survey - MICS10
Chad,TD,TCD,148,Urban,14,Other improved,0.0,Multiple Indicator Cluster Survey - MICS10
Chad,TD,TCD,148,Urban,15,"No facility, bush, field",0.159,Multiple Indicator Cluster Survey - MICS10
Chad,TD,TCD,148,Urban,16,Other unimproved,0.007,Multiple Indicator Cluster Survey - MICS10
Chad,TD,TCD,148,Urban,17,DK/missing information,0.002,Multiple Indicator Cluster Survey - MICS10
Chad,TD,TCD,148,Rural,1,Flush and pour flush - to piped sewer system,0.0,Multiple Indicator Cluster Survey - MICS10
Chad,TD,TCD,148,Rural,2,Flush and pour flush - to septic tank,0.001,Multiple Indicator Cluster Survey - MICS10
Chad,TD,TCD,148,Rural,3,Flush and pour flush - to pit,0.006,Multiple Indicator Cluster Survey - MICS10
Chad,TD,TCD,148,Rural,4,Flush and pour flush - to unknown place/ not sure/DK,0.002,Multiple Indicator Cluster Survey - MICS10
Chad,TD,TCD,148,Rural,5,Flush and pour flush - to elsewhere,0.006,Multiple Indicator Cluster Survey - MICS10
Chad,TD,TCD,148,Rural,6,Dry latrines - Ventilated Improved Pit latrine,0.0,Multiple Indicator Cluster Survey - MICS10
Chad,TD,TCD,148,Rural,7,Dry latrines - Pit latrine with slab/covered latrine,0.018,Multiple Indicator Cluster Survey - MICS10
Chad,TD,TCD,148,Rural,8,Dry latrines - Traditional latrine,0.0,Multiple Indicator Cluster Survey - MICS10
Chad,TD,TCD,148,Rural,9,Dry latrines - Pit latrine without slab/open pit,0.103,Multiple Indicator Cluster Survey - MICS10
Chad,TD,TCD,148,Rural,10,Dry latrines - Hanging toilet/hanging latrine,0.034,Multiple Indicator Cluster Survey - MICS10
Chad,TD,TCD,148,Rural,11,Dry latrines - Bucket latrine,0.001,Multiple Indicator Cluster Survey - MICS10
Chad,TD,TCD,148,Rural,12,Dry latrines - Other,0.0,Multiple Indicator Cluster Survey - MICS10
Chad,TD,TCD,148,Rural,13,Composting toilets,0.014,Multiple Indicator Cluster Survey - MICS10
Chad,TD,TCD,148,Rural,14,Other improved,0.0,Multiple Indicator Cluster Survey - MICS10
Chad,TD,TCD,148,Rural,15,"No facility, bush, field",0.807,Multiple Indicator Cluster Survey - MICS10
Chad,TD,TCD,148,Rural,16,Other unimproved,0.004,Multiple Indicator Cluster Survey - MICS10
Chad,TD,TCD,148,Rural,17,DK/missing information,0.005,Multiple Indicator Cluster Survey - MICS10
Chad,TD,TCD,148,Urban,1,Flush and pour flush - to piped sewer system,0.0,"Enquête Démographique et de Santé et à Indicateurs Multiples au Tchad, 2014-2015 - EDS-MICS15"
Chad,TD,TCD,148,Urban,2,Flush and pour flush - to septic tank,0.041,"Enquête Démographique et de Santé et à Indicateurs Multiples au Tchad, 2014-2015 - EDS-MICS15"
Chad,TD,TCD,148,Urban,3,Flush and pour flush - to pit,0.012,"Enquête Démographique et de Santé et à Indicateurs Multiples au Tchad, 2014-2015 - EDS-MICS15"
Chad,TD,TCD,148,Urban,4,Flush and pour flush - to unknown place/ not sure/DK,0.0,"Enquête Démographique et de Santé et à Indicateurs Multiples au Tchad, 2014-2015 - EDS-MICS15"
Chad,TD,TCD,148,Urban,5,Flush and pour flush - to elsewhere,0.003,"Enquête Démographique et de Santé et à Indicateurs Multiples au Tchad, 2014-2015 - EDS-MICS15"
Chad,TD,TCD,148,Urban,6,Dry latrines - Ventilated Improved Pit latrine,0.013,"Enquête Démographique et de Santé et à Indicateurs Multiples au Tchad, 2014-2015 - EDS-MICS15"
Chad,TD,TCD,148,Urban,7,Dry latrines - Pit latrine with slab/covered latrine,0.462,"Enquête Démographique et de Santé et à Indicateurs Multiples au Tchad, 2014-2015 - EDS-MICS15"
Chad,TD,TCD,148,Urban,8,Dry latrines - Traditional latrine,0.0,"Enquête Démographique et de Santé et à Indicateurs Multiples au Tchad, 2014-2015 - EDS-MICS15"
Chad,TD,TCD,148,Urban,9,Dry latrines - Pit latrine without slab/open pit,0.287,"Enquête Démographique et de Santé et à Indicateurs Multiples au Tchad, 2014-2015 - EDS-MICS15"
Chad,TD,TCD,148,Urban,10,Dry latrines - Hanging toilet/hanging latrine,0.01,"Enquête Démographique et de Santé et à Indicateurs Multiples au Tchad, 2014-2015 - EDS-MICS15"
Chad,TD,TCD,148,Urban,11,Dry latrines - Bucket latrine,0.001,"Enquête Démographique et de Santé et à Indicateurs Multiples au Tchad, 2014-2015 - EDS-MICS15"
Chad,TD,TCD,148,Urban,12,Dry latrines - Other,0.0,"Enquête Démographique et de Santé et à Indicateurs Multiples au Tchad, 2014-2015 - EDS-MICS15"
Chad,TD,TCD,148,Urban,13,Composting toilets,0.0,"Enquête Démographique et de Santé et à Indicateurs Multiples au Tchad, 2014-2015 - EDS-MICS15"
Chad,TD,TCD,148,Urban,14,Other improved,0.0,"Enquête Démographique et de Santé et à Indicateurs Multiples au Tchad, 2014-2015 - EDS-MICS15"
Chad,TD,TCD,148,Urban,15,"No facility, bush, field",0.171,"Enquête Démographique et de Santé et à Indicateurs Multiples au Tchad, 2014-2015 - EDS-MICS15"
Chad,TD,TCD,148,Urban,16,Other unimproved,0.002,"Enquête Démographique et de Santé et à Indicateurs Multiples au Tchad, 2014-2015 - EDS-MICS15"
Chad,TD,TCD,148,Urban,17,DK/missing information,0.0,"Enquête Démographique et de Santé et à Indicateurs Multiples au Tchad, 2014-2015 - EDS-MICS15"
Chad,TD,TCD,148,Rural,1,Flush and pour flush - to piped sewer system,0.0,"Enquête Démographique et de Santé et à Indicateurs Multiples au Tchad, 2014-2015 - EDS-MICS15"
Chad,TD,TCD,148,Rural,2,Flush and pour flush - to septic tank,0.001,"Enquête Démographique et de Santé et à Indicateurs Multiples au Tchad, 2014-2015 - EDS-MICS15"
Chad,TD,TCD,148,Rural,3,Flush and pour flush - to pit,0.001,"Enquête Démographique et de Santé et à Indicateurs Multiples au Tchad, 2014-2015 - EDS-MICS15"
Chad,TD,TCD,148,Rural,4,Flush and pour flush - to unknown place/ not sure/DK,0.0,"Enquête Démographique et de Santé et à Indicateurs Multiples au Tchad, 2014-2015 - EDS-MICS15"
Chad,TD,TCD,148,Rural,5,Flush and pour flush - to elsewhere,0.0,"Enquête Démographique et de Santé et à Indicateurs Multiples au Tchad, 2014-2015 - EDS-MICS15"
Chad,TD,TCD,148,Rural,6,Dry latrines - Ventilated Improved Pit latrine,0.001,"Enquête Démographique et de Santé et à Indicateurs Multiples au Tchad, 2014-2015 - EDS-MICS15"
Chad,TD,TCD,148,Rural,7,Dry latrines - Pit latrine with slab/covered latrine,0.035,"Enquête Démographique et de Santé et à Indicateurs Multiples au Tchad, 2014-2015 - EDS-MICS15"
Chad,TD,TCD,148,Rural,8,Dry latrines - Traditional latrine,0.0,"Enquête Démographique et de Santé et à Indicateurs Multiples au Tchad, 2014-2015 - EDS-MICS15"
Chad,TD,TCD,148,Rural,9,Dry latrines - Pit latrine without slab/open pit,0.109,"Enquête Démographique et de Santé et à Indicateurs Multiples au Tchad, 2014-2015 - EDS-MICS15"
Chad,TD,TCD,148,Rural,10,Dry latrines - Hanging toilet/hanging latrine,0.008,"Enquête Démographique et de Santé et à Indicateurs Multiples au Tchad, 2014-2015 - EDS-MICS15"
Chad,TD,TCD,148,Rural,11,Dry latrines - Bucket latrine,0.001,"Enquête Démographique et de Santé et à Indicateurs Multiples au Tchad, 2014-2015 - EDS-MICS15"
Chad,TD,TCD,148,Rural,12,Dry latrines - Other,0.0,"Enquête Démographique et de Santé et à Indicateurs Multiples au Tchad, 2014-2015 - EDS-MICS15"
Chad,TD,TCD,148,Rural,13,Composting toilets,0.0,"Enquête Démographique et de Santé et à Indicateurs Multiples au Tchad, 2014-2015 - EDS-MICS15"
Chad,TD,TCD,148,Rural,14,Other improved,0.0,"Enquête Démographique et de Santé et à Indicateurs Multiples au Tchad, 2014-2015 - EDS-MICS15"
Chad,TD,TCD,148,Rural,15,"No facility, bush, field",0.844,"Enquête Démographique et de Santé et à Indicateurs Multiples au Tchad, 2014-2015 - EDS-MICS15"
Chad,TD,TCD,148,Rural,16,Other unimproved,0.0,"Enquête Démographique et de Santé et à Indicateurs Multiples au Tchad, 2014-2015 - EDS-MICS15"
Chad,TD,TCD,148,Rural,17,DK/missing information,0.0,"Enquête Démographique et de Santé et à Indicateurs Multiples au Tchad, 2014-2015 - EDS-MICS15"
