country,alpha-2,alpha-3,numeric,context,classific_id,classification,percentage,source
Thailand,TH,THA,764,Urban,1,Flush and pour flush - to piped sewer system,0.093,Multiple Indicator Cluster Survey - MICS06
Thailand,TH,THA,764,Urban,2,Flush and pour flush - to septic tank,0.896,Multiple Indicator Cluster Survey - MICS06
Thailand,TH,THA,764,Urban,3,Flush and pour flush - to pit,0.008,Multiple Indicator Cluster Survey - MICS06
Thailand,TH,THA,764,Urban,4,Flush and pour flush - to unknown place/ not sure/DK,0.0,Multiple Indicator Cluster Survey - MICS06
Thailand,TH,THA,764,Urban,5,Flush and pour flush - to elsewhere,0.001,Multiple Indicator Cluster Survey - MICS06
Thailand,TH,THA,764,Urban,6,Dry latrines - Ventilated Improved Pit latrine,0.0,Multiple Indicator Cluster Survey - MICS06
Thailand,TH,THA,764,Urban,7,Dry latrines - Pit latrine with slab/covered latrine,0.001,Multiple Indicator Cluster Survey - MICS06
Thailand,TH,THA,764,Urban,8,Dry latrines - Traditional latrine,0.0,Multiple Indicator Cluster Survey - MICS06
Thailand,TH,THA,764,Urban,9,Dry latrines - Pit latrine without slab/open pit,0.0,Multiple Indicator Cluster Survey - MICS06
Thailand,TH,THA,764,Urban,10,Dry latrines - Hanging toilet/hanging latrine,0.0,Multiple Indicator Cluster Survey - MICS06
Thailand,TH,THA,764,Urban,11,Dry latrines - Bucket latrine,0.0,Multiple Indicator Cluster Survey - MICS06
Thailand,TH,THA,764,Urban,12,Dry latrines - Other,0.0,Multiple Indicator Cluster Survey - MICS06
Thailand,TH,THA,764,Urban,13,Composting toilets,0.0,Multiple Indicator Cluster Survey - MICS06
Thailand,TH,THA,764,Urban,14,Other improved,0.0,Multiple Indicator Cluster Survey - MICS06
Thailand,TH,THA,764,Urban,15,"No facility, bush, field",0.001,Multiple Indicator Cluster Survey - MICS06
Thailand,TH,THA,764,Urban,16,Other unimproved,0.001,Multiple Indicator Cluster Survey - MICS06
Thailand,TH,THA,764,Urban,17,DK/missing information,0.0,Multiple Indicator Cluster Survey - MICS06
Thailand,TH,THA,764,Rural,1,Flush and pour flush - to piped sewer system,0.058,Multiple Indicator Cluster Survey - MICS06
Thailand,TH,THA,764,Rural,2,Flush and pour flush - to septic tank,0.916,Multiple Indicator Cluster Survey - MICS06
Thailand,TH,THA,764,Rural,3,Flush and pour flush - to pit,0.015,Multiple Indicator Cluster Survey - MICS06
Thailand,TH,THA,764,Rural,4,Flush and pour flush - to unknown place/ not sure/DK,0.0,Multiple Indicator Cluster Survey - MICS06
Thailand,TH,THA,764,Rural,5,Flush and pour flush - to elsewhere,0.001,Multiple Indicator Cluster Survey - MICS06
Thailand,TH,THA,764,Rural,6,Dry latrines - Ventilated Improved Pit latrine,0.0,Multiple Indicator Cluster Survey - MICS06
Thailand,TH,THA,764,Rural,7,Dry latrines - Pit latrine with slab/covered latrine,0.001,Multiple Indicator Cluster Survey - MICS06
Thailand,TH,THA,764,Rural,8,Dry latrines - Traditional latrine,0.0,Multiple Indicator Cluster Survey - MICS06
Thailand,TH,THA,764,Rural,9,Dry latrines - Pit latrine without slab/open pit,0.0,Multiple Indicator Cluster Survey - MICS06
Thailand,TH,THA,764,Rural,10,Dry latrines - Hanging toilet/hanging latrine,0.0,Multiple Indicator Cluster Survey - MICS06
Thailand,TH,THA,764,Rural,11,Dry latrines - Bucket latrine,0.0,Multiple Indicator Cluster Survey - MICS06
Thailand,TH,THA,764,Rural,12,Dry latrines - Other,0.0,Multiple Indicator Cluster Survey - MICS06
Thailand,TH,THA,764,Rural,13,Composting toilets,0.0,Multiple Indicator Cluster Survey - MICS06
Thailand,TH,THA,764,Rural,14,Other improved,0.0,Multiple Indicator Cluster Survey - MICS06
Thailand,TH,THA,764,Rural,15,"No facility, bush, field",0.009,Multiple Indicator Cluster Survey - MICS06
Thailand,TH,THA,764,Rural,16,Other unimproved,0.0,Multiple Indicator Cluster Survey - MICS06
Thailand,TH,THA,764,Rural,17,DK/missing information,0.0,Multiple Indicator Cluster Survey - MICS06
Thailand,TH,THA,764,Urban,1,Flush and pour flush - to piped sewer system,0.087,Multiple Indicator Cluster Survey - MICS12
Thailand,TH,THA,764,Urban,2,Flush and pour flush - to septic tank,0.902,Multiple Indicator Cluster Survey - MICS12
Thailand,TH,THA,764,Urban,3,Flush and pour flush - to pit,0.007,Multiple Indicator Cluster Survey - MICS12
Thailand,TH,THA,764,Urban,4,Flush and pour flush - to unknown place/ not sure/DK,0.0,Multiple Indicator Cluster Survey - MICS12
Thailand,TH,THA,764,Urban,5,Flush and pour flush - to elsewhere,0.001,Multiple Indicator Cluster Survey - MICS12
Thailand,TH,THA,764,Urban,6,Dry latrines - Ventilated Improved Pit latrine,0.002,Multiple Indicator Cluster Survey - MICS12
Thailand,TH,THA,764,Urban,7,Dry latrines - Pit latrine with slab/covered latrine,0.0,Multiple Indicator Cluster Survey - MICS12
Thailand,TH,THA,764,Urban,8,Dry latrines - Traditional latrine,0.0,Multiple Indicator Cluster Survey - MICS12
Thailand,TH,THA,764,Urban,9,Dry latrines - Pit latrine without slab/open pit,0.0,Multiple Indicator Cluster Survey - MICS12
Thailand,TH,THA,764,Urban,10,Dry latrines - Hanging toilet/hanging latrine,0.0,Multiple Indicator Cluster Survey - MICS12
Thailand,TH,THA,764,Urban,11,Dry latrines - Bucket latrine,0.0,Multiple Indicator Cluster Survey - MICS12
Thailand,TH,THA,764,Urban,12,Dry latrines - Other,0.0,Multiple Indicator Cluster Survey - MICS12
Thailand,TH,THA,764,Urban,13,Composting toilets,0.0,Multiple Indicator Cluster Survey - MICS12
Thailand,TH,THA,764,Urban,14,Other improved,0.0,Multiple Indicator Cluster Survey - MICS12
Thailand,TH,THA,764,Urban,15,"No facility, bush, field",0.0,Multiple Indicator Cluster Survey - MICS12
Thailand,TH,THA,764,Urban,16,Other unimproved,0.0,Multiple Indicator Cluster Survey - MICS12
Thailand,TH,THA,764,Urban,17,DK/missing information,0.0,Multiple Indicator Cluster Survey - MICS12
Thailand,TH,THA,764,Rural,1,Flush and pour flush - to piped sewer system,0.028,Multiple Indicator Cluster Survey - MICS12
Thailand,TH,THA,764,Rural,2,Flush and pour flush - to septic tank,0.946,Multiple Indicator Cluster Survey - MICS12
Thailand,TH,THA,764,Rural,3,Flush and pour flush - to pit,0.018,Multiple Indicator Cluster Survey - MICS12
Thailand,TH,THA,764,Rural,4,Flush and pour flush - to unknown place/ not sure/DK,0.0,Multiple Indicator Cluster Survey - MICS12
Thailand,TH,THA,764,Rural,5,Flush and pour flush - to elsewhere,0.004,Multiple Indicator Cluster Survey - MICS12
Thailand,TH,THA,764,Rural,6,Dry latrines - Ventilated Improved Pit latrine,0.0,Multiple Indicator Cluster Survey - MICS12
Thailand,TH,THA,764,Rural,7,Dry latrines - Pit latrine with slab/covered latrine,0.0,Multiple Indicator Cluster Survey - MICS12
Thailand,TH,THA,764,Rural,8,Dry latrines - Traditional latrine,0.0,Multiple Indicator Cluster Survey - MICS12
Thailand,TH,THA,764,Rural,9,Dry latrines - Pit latrine without slab/open pit,0.0,Multiple Indicator Cluster Survey - MICS12
Thailand,TH,THA,764,Rural,10,Dry latrines - Hanging toilet/hanging latrine,0.0,Multiple Indicator Cluster Survey - MICS12
Thailand,TH,THA,764,Rural,11,Dry latrines - Bucket latrine,0.0,Multiple Indicator Cluster Survey - MICS12
Thailand,TH,THA,764,Rural,12,Dry latrines - Other,0.0,Multiple Indicator Cluster Survey - MICS12
Thailand,TH,THA,764,Rural,13,Composting toilets,0.0,Multiple Indicator Cluster Survey - MICS12
Thailand,TH,THA,764,Rural,14,Other improved,0.0,Multiple Indicator Cluster Survey - MICS12
Thailand,TH,THA,764,Rural,15,"No facility, bush, field",0.003,Multiple Indicator Cluster Survey - MICS12
Thailand,TH,THA,764,Rural,16,Other unimproved,0.001,Multiple Indicator Cluster Survey - MICS12
Thailand,TH,THA,764,Rural,17,DK/missing information,0.0,Multiple Indicator Cluster Survey - MICS12
Thailand,TH,THA,764,Urban,1,Flush and pour flush - to piped sewer system,0.108,Multiple Indicator Cluster Survey 2015-16 - MICS16
Thailand,TH,THA,764,Urban,2,Flush and pour flush - to septic tank,0.866,Multiple Indicator Cluster Survey 2015-16 - MICS16
Thailand,TH,THA,764,Urban,3,Flush and pour flush - to pit,0.021,Multiple Indicator Cluster Survey 2015-16 - MICS16
Thailand,TH,THA,764,Urban,4,Flush and pour flush - to unknown place/ not sure/DK,0.0,Multiple Indicator Cluster Survey 2015-16 - MICS16
Thailand,TH,THA,764,Urban,5,Flush and pour flush - to elsewhere,0.003,Multiple Indicator Cluster Survey 2015-16 - MICS16
Thailand,TH,THA,764,Urban,6,Dry latrines - Ventilated Improved Pit latrine,0.0,Multiple Indicator Cluster Survey 2015-16 - MICS16
Thailand,TH,THA,764,Urban,7,Dry latrines - Pit latrine with slab/covered latrine,0.001,Multiple Indicator Cluster Survey 2015-16 - MICS16
Thailand,TH,THA,764,Urban,8,Dry latrines - Traditional latrine,0.0,Multiple Indicator Cluster Survey 2015-16 - MICS16
Thailand,TH,THA,764,Urban,9,Dry latrines - Pit latrine without slab/open pit,0.0,Multiple Indicator Cluster Survey 2015-16 - MICS16
Thailand,TH,THA,764,Urban,10,Dry latrines - Hanging toilet/hanging latrine,0.0,Multiple Indicator Cluster Survey 2015-16 - MICS16
Thailand,TH,THA,764,Urban,11,Dry latrines - Bucket latrine,0.0,Multiple Indicator Cluster Survey 2015-16 - MICS16
Thailand,TH,THA,764,Urban,12,Dry latrines - Other,0.0,Multiple Indicator Cluster Survey 2015-16 - MICS16
Thailand,TH,THA,764,Urban,13,Composting toilets,0.0,Multiple Indicator Cluster Survey 2015-16 - MICS16
Thailand,TH,THA,764,Urban,14,Other improved,0.0,Multiple Indicator Cluster Survey 2015-16 - MICS16
Thailand,TH,THA,764,Urban,15,"No facility, bush, field",0.001,Multiple Indicator Cluster Survey 2015-16 - MICS16
Thailand,TH,THA,764,Urban,16,Other unimproved,0.0,Multiple Indicator Cluster Survey 2015-16 - MICS16
Thailand,TH,THA,764,Urban,17,DK/missing information,0.0,Multiple Indicator Cluster Survey 2015-16 - MICS16
Thailand,TH,THA,764,Rural,1,Flush and pour flush - to piped sewer system,0.052,Multiple Indicator Cluster Survey 2015-16 - MICS16
Thailand,TH,THA,764,Rural,2,Flush and pour flush - to septic tank,0.896,Multiple Indicator Cluster Survey 2015-16 - MICS16
Thailand,TH,THA,764,Rural,3,Flush and pour flush - to pit,0.046,Multiple Indicator Cluster Survey 2015-16 - MICS16
Thailand,TH,THA,764,Rural,4,Flush and pour flush - to unknown place/ not sure/DK,0.0,Multiple Indicator Cluster Survey 2015-16 - MICS16
Thailand,TH,THA,764,Rural,5,Flush and pour flush - to elsewhere,0.0,Multiple Indicator Cluster Survey 2015-16 - MICS16
Thailand,TH,THA,764,Rural,6,Dry latrines - Ventilated Improved Pit latrine,0.0,Multiple Indicator Cluster Survey 2015-16 - MICS16
Thailand,TH,THA,764,Rural,7,Dry latrines - Pit latrine with slab/covered latrine,0.001,Multiple Indicator Cluster Survey 2015-16 - MICS16
Thailand,TH,THA,764,Rural,8,Dry latrines - Traditional latrine,0.0,Multiple Indicator Cluster Survey 2015-16 - MICS16
Thailand,TH,THA,764,Rural,9,Dry latrines - Pit latrine without slab/open pit,0.0,Multiple Indicator Cluster Survey 2015-16 - MICS16
Thailand,TH,THA,764,Rural,10,Dry latrines - Hanging toilet/hanging latrine,0.0,Multiple Indicator Cluster Survey 2015-16 - MICS16
Thailand,TH,THA,764,Rural,11,Dry latrines - Bucket latrine,0.0,Multiple Indicator Cluster Survey 2015-16 - MICS16
Thailand,TH,THA,764,Rural,12,Dry latrines - Other,0.0,Multiple Indicator Cluster Survey 2015-16 - MICS16
Thailand,TH,THA,764,Rural,13,Composting toilets,0.0,Multiple Indicator Cluster Survey 2015-16 - MICS16
Thailand,TH,THA,764,Rural,14,Other improved,0.0,Multiple Indicator Cluster Survey 2015-16 - MICS16
Thailand,TH,THA,764,Rural,15,"No facility, bush, field",0.004,Multiple Indicator Cluster Survey 2015-16 - MICS16
Thailand,TH,THA,764,Rural,16,Other unimproved,0.0,Multiple Indicator Cluster Survey 2015-16 - MICS16
Thailand,TH,THA,764,Rural,17,DK/missing information,0.0,Multiple Indicator Cluster Survey 2015-16 - MICS16
