country,alpha-2,alpha-3,numeric,context,classific_id,classification,percentage,source
Tunisia,TN,TUN,788,Urban,1,Flush and pour flush - to piped sewer system,0.781,Pan Arab Project for Family Health - PAPFAM02
Tunisia,TN,TUN,788,Urban,2,Flush and pour flush - to septic tank,0.199,Pan Arab Project for Family Health - PAPFAM02
Tunisia,TN,TUN,788,Urban,3,Flush and pour flush - to pit,0.0,Pan Arab Project for Family Health - PAPFAM02
Tunisia,TN,TUN,788,Urban,4,Flush and pour flush - to unknown place/ not sure/DK,0.0,Pan Arab Project for Family Health - PAPFAM02
Tunisia,TN,TUN,788,Urban,5,Flush and pour flush - to elsewhere,0.0,Pan Arab Project for Family Health - PAPFAM02
Tunisia,TN,TUN,788,Urban,6,Dry latrines - Ventilated Improved Pit latrine,0.0,Pan Arab Project for Family Health - PAPFAM02
Tunisia,TN,TUN,788,Urban,7,Dry latrines - Pit latrine with slab/covered latrine,0.0,Pan Arab Project for Family Health - PAPFAM02
Tunisia,TN,TUN,788,Urban,8,Dry latrines - Traditional latrine,0.014,Pan Arab Project for Family Health - PAPFAM02
Tunisia,TN,TUN,788,Urban,9,Dry latrines - Pit latrine without slab/open pit,0.0,Pan Arab Project for Family Health - PAPFAM02
Tunisia,TN,TUN,788,Urban,10,Dry latrines - Hanging toilet/hanging latrine,0.0,Pan Arab Project for Family Health - PAPFAM02
Tunisia,TN,TUN,788,Urban,11,Dry latrines - Bucket latrine,0.001,Pan Arab Project for Family Health - PAPFAM02
Tunisia,TN,TUN,788,Urban,12,Dry latrines - Other,0.0,Pan Arab Project for Family Health - PAPFAM02
Tunisia,TN,TUN,788,Urban,13,Composting toilets,0.0,Pan Arab Project for Family Health - PAPFAM02
Tunisia,TN,TUN,788,Urban,14,Other improved,0.0,Pan Arab Project for Family Health - PAPFAM02
Tunisia,TN,TUN,788,Urban,15,"No facility, bush, field",0.001,Pan Arab Project for Family Health - PAPFAM02
Tunisia,TN,TUN,788,Urban,16,Other unimproved,0.003,Pan Arab Project for Family Health - PAPFAM02
Tunisia,TN,TUN,788,Urban,17,DK/missing information,0.0,Pan Arab Project for Family Health - PAPFAM02
Tunisia,TN,TUN,788,Rural,1,Flush and pour flush - to piped sewer system,0.021,Pan Arab Project for Family Health - PAPFAM02
Tunisia,TN,TUN,788,Rural,2,Flush and pour flush - to septic tank,0.535,Pan Arab Project for Family Health - PAPFAM02
Tunisia,TN,TUN,788,Rural,3,Flush and pour flush - to pit,0.0,Pan Arab Project for Family Health - PAPFAM02
Tunisia,TN,TUN,788,Rural,4,Flush and pour flush - to unknown place/ not sure/DK,0.0,Pan Arab Project for Family Health - PAPFAM02
Tunisia,TN,TUN,788,Rural,5,Flush and pour flush - to elsewhere,0.0,Pan Arab Project for Family Health - PAPFAM02
Tunisia,TN,TUN,788,Rural,6,Dry latrines - Ventilated Improved Pit latrine,0.0,Pan Arab Project for Family Health - PAPFAM02
Tunisia,TN,TUN,788,Rural,7,Dry latrines - Pit latrine with slab/covered latrine,0.0,Pan Arab Project for Family Health - PAPFAM02
Tunisia,TN,TUN,788,Rural,8,Dry latrines - Traditional latrine,0.148,Pan Arab Project for Family Health - PAPFAM02
Tunisia,TN,TUN,788,Rural,9,Dry latrines - Pit latrine without slab/open pit,0.0,Pan Arab Project for Family Health - PAPFAM02
Tunisia,TN,TUN,788,Rural,10,Dry latrines - Hanging toilet/hanging latrine,0.0,Pan Arab Project for Family Health - PAPFAM02
Tunisia,TN,TUN,788,Rural,11,Dry latrines - Bucket latrine,0.001,Pan Arab Project for Family Health - PAPFAM02
Tunisia,TN,TUN,788,Rural,12,Dry latrines - Other,0.0,Pan Arab Project for Family Health - PAPFAM02
Tunisia,TN,TUN,788,Rural,13,Composting toilets,0.0,Pan Arab Project for Family Health - PAPFAM02
Tunisia,TN,TUN,788,Rural,14,Other improved,0.0,Pan Arab Project for Family Health - PAPFAM02
Tunisia,TN,TUN,788,Rural,15,"No facility, bush, field",0.268,Pan Arab Project for Family Health - PAPFAM02
Tunisia,TN,TUN,788,Rural,16,Other unimproved,0.02,Pan Arab Project for Family Health - PAPFAM02
Tunisia,TN,TUN,788,Rural,17,DK/missing information,0.007,Pan Arab Project for Family Health - PAPFAM02
Tunisia,TN,TUN,788,Urban,1,Flush and pour flush - to piped sewer system,0.79,World Health Survey - WHS03
Tunisia,TN,TUN,788,Urban,2,Flush and pour flush - to septic tank,0.175,World Health Survey - WHS03
Tunisia,TN,TUN,788,Urban,3,Flush and pour flush - to pit,0.0,World Health Survey - WHS03
Tunisia,TN,TUN,788,Urban,4,Flush and pour flush - to unknown place/ not sure/DK,0.0,World Health Survey - WHS03
Tunisia,TN,TUN,788,Urban,5,Flush and pour flush - to elsewhere,0.0,World Health Survey - WHS03
Tunisia,TN,TUN,788,Urban,6,Dry latrines - Ventilated Improved Pit latrine,0.0,World Health Survey - WHS03
Tunisia,TN,TUN,788,Urban,7,Dry latrines - Pit latrine with slab/covered latrine,0.006,World Health Survey - WHS03
Tunisia,TN,TUN,788,Urban,8,Dry latrines - Traditional latrine,0.0,World Health Survey - WHS03
Tunisia,TN,TUN,788,Urban,9,Dry latrines - Pit latrine without slab/open pit,0.002,World Health Survey - WHS03
Tunisia,TN,TUN,788,Urban,10,Dry latrines - Hanging toilet/hanging latrine,0.0,World Health Survey - WHS03
Tunisia,TN,TUN,788,Urban,11,Dry latrines - Bucket latrine,0.0,World Health Survey - WHS03
Tunisia,TN,TUN,788,Urban,7,Dry latrines - Pit latrine with slab/covered latrine,0.005,World Health Survey - WHS03
Tunisia,TN,TUN,788,Urban,7,Dry latrines - Pit latrine with slab/covered latrine,0.001,World Health Survey - WHS03
Tunisia,TN,TUN,788,Urban,8,Dry latrines - Traditional latrine,0.0,World Health Survey - WHS03
Tunisia,TN,TUN,788,Urban,9,Dry latrines - Pit latrine without slab/open pit,0.0,World Health Survey - WHS03
Tunisia,TN,TUN,788,Urban,10,Dry latrines - Hanging toilet/hanging latrine,0.0,World Health Survey - WHS03
Tunisia,TN,TUN,788,Urban,11,Dry latrines - Bucket latrine,0.0,World Health Survey - WHS03
Tunisia,TN,TUN,788,Urban,12,Dry latrines - Other,0.0,World Health Survey - WHS03
Tunisia,TN,TUN,788,Urban,13,Composting toilets,0.0,World Health Survey - WHS03
Tunisia,TN,TUN,788,Urban,14,Other improved,0.0,World Health Survey - WHS03
Tunisia,TN,TUN,788,Urban,15,"No facility, bush, field",0.002,World Health Survey - WHS03
Tunisia,TN,TUN,788,Urban,16,Other unimproved,0.005,World Health Survey - WHS03
Tunisia,TN,TUN,788,Urban,17,DK/missing information,0.0,World Health Survey - WHS03
Tunisia,TN,TUN,788,Rural,1,Flush and pour flush - to piped sewer system,0.089,World Health Survey - WHS03
Tunisia,TN,TUN,788,Rural,2,Flush and pour flush - to septic tank,0.381,World Health Survey - WHS03
Tunisia,TN,TUN,788,Rural,3,Flush and pour flush - to pit,0.0,World Health Survey - WHS03
Tunisia,TN,TUN,788,Rural,4,Flush and pour flush - to unknown place/ not sure/DK,0.0,World Health Survey - WHS03
Tunisia,TN,TUN,788,Rural,5,Flush and pour flush - to elsewhere,0.0,World Health Survey - WHS03
Tunisia,TN,TUN,788,Rural,6,Dry latrines - Ventilated Improved Pit latrine,0.0,World Health Survey - WHS03
Tunisia,TN,TUN,788,Rural,7,Dry latrines - Pit latrine with slab/covered latrine,0.114,World Health Survey - WHS03
Tunisia,TN,TUN,788,Rural,8,Dry latrines - Traditional latrine,0.0,World Health Survey - WHS03
Tunisia,TN,TUN,788,Rural,9,Dry latrines - Pit latrine without slab/open pit,0.035,World Health Survey - WHS03
Tunisia,TN,TUN,788,Rural,10,Dry latrines - Hanging toilet/hanging latrine,0.0,World Health Survey - WHS03
Tunisia,TN,TUN,788,Rural,11,Dry latrines - Bucket latrine,0.045,World Health Survey - WHS03
Tunisia,TN,TUN,788,Rural,7,Dry latrines - Pit latrine with slab/covered latrine,0.094,World Health Survey - WHS03
Tunisia,TN,TUN,788,Rural,7,Dry latrines - Pit latrine with slab/covered latrine,0.021,World Health Survey - WHS03
Tunisia,TN,TUN,788,Rural,8,Dry latrines - Traditional latrine,0.0,World Health Survey - WHS03
Tunisia,TN,TUN,788,Rural,9,Dry latrines - Pit latrine without slab/open pit,0.0,World Health Survey - WHS03
Tunisia,TN,TUN,788,Rural,10,Dry latrines - Hanging toilet/hanging latrine,0.0,World Health Survey - WHS03
Tunisia,TN,TUN,788,Rural,11,Dry latrines - Bucket latrine,0.0,World Health Survey - WHS03
Tunisia,TN,TUN,788,Rural,12,Dry latrines - Other,0.0,World Health Survey - WHS03
Tunisia,TN,TUN,788,Rural,13,Composting toilets,0.0,World Health Survey - WHS03
Tunisia,TN,TUN,788,Rural,14,Other improved,0.0,World Health Survey - WHS03
Tunisia,TN,TUN,788,Rural,15,"No facility, bush, field",0.207,World Health Survey - WHS03
Tunisia,TN,TUN,788,Rural,16,Other unimproved,0.027,World Health Survey - WHS03
Tunisia,TN,TUN,788,Rural,17,DK/missing information,0.0,World Health Survey - WHS03
Tunisia,TN,TUN,788,Urban,1,Flush and pour flush - to piped sewer system,0.823,Multiple Indicator Cluster Survey - MICS12
Tunisia,TN,TUN,788,Urban,2,Flush and pour flush - to septic tank,0.101,Multiple Indicator Cluster Survey - MICS12
Tunisia,TN,TUN,788,Urban,3,Flush and pour flush - to pit,0.053,Multiple Indicator Cluster Survey - MICS12
Tunisia,TN,TUN,788,Urban,4,Flush and pour flush - to unknown place/ not sure/DK,0.001,Multiple Indicator Cluster Survey - MICS12
Tunisia,TN,TUN,788,Urban,5,Flush and pour flush - to elsewhere,0.0,Multiple Indicator Cluster Survey - MICS12
Tunisia,TN,TUN,788,Urban,6,Dry latrines - Ventilated Improved Pit latrine,0.008,Multiple Indicator Cluster Survey - MICS12
Tunisia,TN,TUN,788,Urban,7,Dry latrines - Pit latrine with slab/covered latrine,0.012,Multiple Indicator Cluster Survey - MICS12
Tunisia,TN,TUN,788,Urban,8,Dry latrines - Traditional latrine,0.0,Multiple Indicator Cluster Survey - MICS12
Tunisia,TN,TUN,788,Urban,9,Dry latrines - Pit latrine without slab/open pit,0.001,Multiple Indicator Cluster Survey - MICS12
Tunisia,TN,TUN,788,Urban,10,Dry latrines - Hanging toilet/hanging latrine,0.0,Multiple Indicator Cluster Survey - MICS12
Tunisia,TN,TUN,788,Urban,11,Dry latrines - Bucket latrine,0.0,Multiple Indicator Cluster Survey - MICS12
Tunisia,TN,TUN,788,Urban,12,Dry latrines - Other,0.0,Multiple Indicator Cluster Survey - MICS12
Tunisia,TN,TUN,788,Urban,13,Composting toilets,0.0,Multiple Indicator Cluster Survey - MICS12
Tunisia,TN,TUN,788,Urban,14,Other improved,0.0,Multiple Indicator Cluster Survey - MICS12
Tunisia,TN,TUN,788,Urban,15,"No facility, bush, field",0.001,Multiple Indicator Cluster Survey - MICS12
Tunisia,TN,TUN,788,Urban,16,Other unimproved,0.0,Multiple Indicator Cluster Survey - MICS12
Tunisia,TN,TUN,788,Urban,17,DK/missing information,0.001,Multiple Indicator Cluster Survey - MICS12
Tunisia,TN,TUN,788,Rural,1,Flush and pour flush - to piped sewer system,0.052,Multiple Indicator Cluster Survey - MICS12
Tunisia,TN,TUN,788,Rural,2,Flush and pour flush - to septic tank,0.224,Multiple Indicator Cluster Survey - MICS12
Tunisia,TN,TUN,788,Rural,3,Flush and pour flush - to pit,0.3,Multiple Indicator Cluster Survey - MICS12
Tunisia,TN,TUN,788,Rural,4,Flush and pour flush - to unknown place/ not sure/DK,0.0,Multiple Indicator Cluster Survey - MICS12
Tunisia,TN,TUN,788,Rural,5,Flush and pour flush - to elsewhere,0.005,Multiple Indicator Cluster Survey - MICS12
Tunisia,TN,TUN,788,Rural,6,Dry latrines - Ventilated Improved Pit latrine,0.058,Multiple Indicator Cluster Survey - MICS12
Tunisia,TN,TUN,788,Rural,7,Dry latrines - Pit latrine with slab/covered latrine,0.256,Multiple Indicator Cluster Survey - MICS12
Tunisia,TN,TUN,788,Rural,8,Dry latrines - Traditional latrine,0.0,Multiple Indicator Cluster Survey - MICS12
Tunisia,TN,TUN,788,Rural,9,Dry latrines - Pit latrine without slab/open pit,0.037,Multiple Indicator Cluster Survey - MICS12
Tunisia,TN,TUN,788,Rural,10,Dry latrines - Hanging toilet/hanging latrine,0.0,Multiple Indicator Cluster Survey - MICS12
Tunisia,TN,TUN,788,Rural,11,Dry latrines - Bucket latrine,0.0,Multiple Indicator Cluster Survey - MICS12
Tunisia,TN,TUN,788,Rural,12,Dry latrines - Other,0.0,Multiple Indicator Cluster Survey - MICS12
Tunisia,TN,TUN,788,Rural,13,Composting toilets,0.0,Multiple Indicator Cluster Survey - MICS12
Tunisia,TN,TUN,788,Rural,14,Other improved,0.0,Multiple Indicator Cluster Survey - MICS12
Tunisia,TN,TUN,788,Rural,15,"No facility, bush, field",0.066,Multiple Indicator Cluster Survey - MICS12
Tunisia,TN,TUN,788,Rural,16,Other unimproved,0.0,Multiple Indicator Cluster Survey - MICS12
Tunisia,TN,TUN,788,Rural,17,DK/missing information,0.0,Multiple Indicator Cluster Survey - MICS12
Tunisia,TN,TUN,788,Urban,1,Flush and pour flush - to piped sewer system,0.682,Labor Market Panel Survey - LMPS14
Tunisia,TN,TUN,788,Urban,2,Flush and pour flush - to septic tank,0.186,Labor Market Panel Survey - LMPS14
Tunisia,TN,TUN,788,Urban,3,Flush and pour flush - to pit,0.0,Labor Market Panel Survey - LMPS14
Tunisia,TN,TUN,788,Urban,4,Flush and pour flush - to unknown place/ not sure/DK,0.0,Labor Market Panel Survey - LMPS14
Tunisia,TN,TUN,788,Urban,5,Flush and pour flush - to elsewhere,0.009,Labor Market Panel Survey - LMPS14
Tunisia,TN,TUN,788,Urban,6,Dry latrines - Ventilated Improved Pit latrine,0.0,Labor Market Panel Survey - LMPS14
Tunisia,TN,TUN,788,Urban,7,Dry latrines - Pit latrine with slab/covered latrine,0.0,Labor Market Panel Survey - LMPS14
Tunisia,TN,TUN,788,Urban,8,Dry latrines - Traditional latrine,0.0,Labor Market Panel Survey - LMPS14
Tunisia,TN,TUN,788,Urban,9,Dry latrines - Pit latrine without slab/open pit,0.0,Labor Market Panel Survey - LMPS14
Tunisia,TN,TUN,788,Urban,10,Dry latrines - Hanging toilet/hanging latrine,0.0,Labor Market Panel Survey - LMPS14
Tunisia,TN,TUN,788,Urban,11,Dry latrines - Bucket latrine,0.0,Labor Market Panel Survey - LMPS14
Tunisia,TN,TUN,788,Urban,12,Dry latrines - Other,0.0,Labor Market Panel Survey - LMPS14
Tunisia,TN,TUN,788,Urban,13,Composting toilets,0.0,Labor Market Panel Survey - LMPS14
Tunisia,TN,TUN,788,Urban,14,Other improved,0.0,Labor Market Panel Survey - LMPS14
Tunisia,TN,TUN,788,Urban,15,"No facility, bush, field",0.001,Labor Market Panel Survey - LMPS14
Tunisia,TN,TUN,788,Urban,16,Other unimproved,0.121,Labor Market Panel Survey - LMPS14
Tunisia,TN,TUN,788,Urban,17,DK/missing information,0.0,Labor Market Panel Survey - LMPS14
Tunisia,TN,TUN,788,Rural,1,Flush and pour flush - to piped sewer system,0.082,Labor Market Panel Survey - LMPS14
Tunisia,TN,TUN,788,Rural,2,Flush and pour flush - to septic tank,0.728,Labor Market Panel Survey - LMPS14
Tunisia,TN,TUN,788,Rural,3,Flush and pour flush - to pit,0.0,Labor Market Panel Survey - LMPS14
Tunisia,TN,TUN,788,Rural,4,Flush and pour flush - to unknown place/ not sure/DK,0.0,Labor Market Panel Survey - LMPS14
Tunisia,TN,TUN,788,Rural,5,Flush and pour flush - to elsewhere,0.093,Labor Market Panel Survey - LMPS14
Tunisia,TN,TUN,788,Rural,6,Dry latrines - Ventilated Improved Pit latrine,0.0,Labor Market Panel Survey - LMPS14
Tunisia,TN,TUN,788,Rural,7,Dry latrines - Pit latrine with slab/covered latrine,0.0,Labor Market Panel Survey - LMPS14
Tunisia,TN,TUN,788,Rural,8,Dry latrines - Traditional latrine,0.0,Labor Market Panel Survey - LMPS14
Tunisia,TN,TUN,788,Rural,9,Dry latrines - Pit latrine without slab/open pit,0.0,Labor Market Panel Survey - LMPS14
Tunisia,TN,TUN,788,Rural,10,Dry latrines - Hanging toilet/hanging latrine,0.0,Labor Market Panel Survey - LMPS14
Tunisia,TN,TUN,788,Rural,11,Dry latrines - Bucket latrine,0.0,Labor Market Panel Survey - LMPS14
Tunisia,TN,TUN,788,Rural,12,Dry latrines - Other,0.0,Labor Market Panel Survey - LMPS14
Tunisia,TN,TUN,788,Rural,13,Composting toilets,0.0,Labor Market Panel Survey - LMPS14
Tunisia,TN,TUN,788,Rural,14,Other improved,0.0,Labor Market Panel Survey - LMPS14
Tunisia,TN,TUN,788,Rural,15,"No facility, bush, field",0.028,Labor Market Panel Survey - LMPS14
Tunisia,TN,TUN,788,Rural,16,Other unimproved,0.069,Labor Market Panel Survey - LMPS14
Tunisia,TN,TUN,788,Rural,17,DK/missing information,0.0,Labor Market Panel Survey - LMPS14
