country,alpha-2,alpha-3,numeric,context,classific_id,classification,percentage,source
United States of America,US,USA,840,Urban,1,Flush and pour flush - to piped sewer system,0.932,2011 American Housing Survey - AHS11
United States of America,US,USA,840,Urban,2,Flush and pour flush - to septic tank,0.068,2011 American Housing Survey - AHS11
United States of America,US,USA,840,Urban,3,Flush and pour flush - to pit,0.0,2011 American Housing Survey - AHS11
United States of America,US,USA,840,Urban,4,Flush and pour flush - to unknown place/ not sure/DK,0.0,2011 American Housing Survey - AHS11
United States of America,US,USA,840,Urban,5,Flush and pour flush - to elsewhere,0.0,2011 American Housing Survey - AHS11
United States of America,US,USA,840,Urban,6,Dry latrines - Ventilated Improved Pit latrine,0.0,2011 American Housing Survey - AHS11
United States of America,US,USA,840,Urban,7,Dry latrines - Pit latrine with slab/covered latrine,0.0,2011 American Housing Survey - AHS11
United States of America,US,USA,840,Urban,8,Dry latrines - Traditional latrine,0.0,2011 American Housing Survey - AHS11
United States of America,US,USA,840,Urban,9,Dry latrines - Pit latrine without slab/open pit,0.0,2011 American Housing Survey - AHS11
United States of America,US,USA,840,Urban,10,Dry latrines - Hanging toilet/hanging latrine,0.0,2011 American Housing Survey - AHS11
United States of America,US,USA,840,Urban,11,Dry latrines - Bucket latrine,0.0,2011 American Housing Survey - AHS11
United States of America,US,USA,840,Urban,12,Dry latrines - Other,0.0,2011 American Housing Survey - AHS11
United States of America,US,USA,840,Urban,13,Composting toilets,0.0,2011 American Housing Survey - AHS11
United States of America,US,USA,840,Urban,14,Other improved,0.0,2011 American Housing Survey - AHS11
United States of America,US,USA,840,Urban,15,"No facility, bush, field",0.0,2011 American Housing Survey - AHS11
United States of America,US,USA,840,Urban,16,Other unimproved,0.0,2011 American Housing Survey - AHS11
United States of America,US,USA,840,Urban,17,DK/missing information,0.0,2011 American Housing Survey - AHS11
United States of America,US,USA,840,Rural,1,Flush and pour flush - to piped sewer system,0.298,2011 American Housing Survey - AHS11
United States of America,US,USA,840,Rural,2,Flush and pour flush - to septic tank,0.7,2011 American Housing Survey - AHS11
United States of America,US,USA,840,Rural,3,Flush and pour flush - to pit,0.0,2011 American Housing Survey - AHS11
United States of America,US,USA,840,Rural,4,Flush and pour flush - to unknown place/ not sure/DK,0.0,2011 American Housing Survey - AHS11
United States of America,US,USA,840,Rural,5,Flush and pour flush - to elsewhere,0.0,2011 American Housing Survey - AHS11
United States of America,US,USA,840,Rural,6,Dry latrines - Ventilated Improved Pit latrine,0.0,2011 American Housing Survey - AHS11
United States of America,US,USA,840,Rural,7,Dry latrines - Pit latrine with slab/covered latrine,0.0,2011 American Housing Survey - AHS11
United States of America,US,USA,840,Rural,8,Dry latrines - Traditional latrine,0.0,2011 American Housing Survey - AHS11
United States of America,US,USA,840,Rural,9,Dry latrines - Pit latrine without slab/open pit,0.0,2011 American Housing Survey - AHS11
United States of America,US,USA,840,Rural,10,Dry latrines - Hanging toilet/hanging latrine,0.0,2011 American Housing Survey - AHS11
United States of America,US,USA,840,Rural,11,Dry latrines - Bucket latrine,0.0,2011 American Housing Survey - AHS11
United States of America,US,USA,840,Rural,12,Dry latrines - Other,0.0,2011 American Housing Survey - AHS11
United States of America,US,USA,840,Rural,13,Composting toilets,0.0,2011 American Housing Survey - AHS11
United States of America,US,USA,840,Rural,14,Other improved,0.0,2011 American Housing Survey - AHS11
United States of America,US,USA,840,Rural,15,"No facility, bush, field",0.0,2011 American Housing Survey - AHS11
United States of America,US,USA,840,Rural,16,Other unimproved,0.001,2011 American Housing Survey - AHS11
United States of America,US,USA,840,Rural,17,DK/missing information,0.0,2011 American Housing Survey - AHS11
United States of America,US,USA,840,Urban,1,Flush and pour flush - to piped sewer system,0.937,2013 American Housing Survey - AHS13
United States of America,US,USA,840,Urban,2,Flush and pour flush - to septic tank,0.063,2013 American Housing Survey - AHS13
United States of America,US,USA,840,Urban,3,Flush and pour flush - to pit,0.0,2013 American Housing Survey - AHS13
United States of America,US,USA,840,Urban,4,Flush and pour flush - to unknown place/ not sure/DK,0.0,2013 American Housing Survey - AHS13
United States of America,US,USA,840,Urban,5,Flush and pour flush - to elsewhere,0.0,2013 American Housing Survey - AHS13
United States of America,US,USA,840,Urban,6,Dry latrines - Ventilated Improved Pit latrine,0.0,2013 American Housing Survey - AHS13
United States of America,US,USA,840,Urban,7,Dry latrines - Pit latrine with slab/covered latrine,0.0,2013 American Housing Survey - AHS13
United States of America,US,USA,840,Urban,8,Dry latrines - Traditional latrine,0.0,2013 American Housing Survey - AHS13
United States of America,US,USA,840,Urban,9,Dry latrines - Pit latrine without slab/open pit,0.0,2013 American Housing Survey - AHS13
United States of America,US,USA,840,Urban,10,Dry latrines - Hanging toilet/hanging latrine,0.0,2013 American Housing Survey - AHS13
United States of America,US,USA,840,Urban,11,Dry latrines - Bucket latrine,0.0,2013 American Housing Survey - AHS13
United States of America,US,USA,840,Urban,12,Dry latrines - Other,0.0,2013 American Housing Survey - AHS13
United States of America,US,USA,840,Urban,13,Composting toilets,0.0,2013 American Housing Survey - AHS13
United States of America,US,USA,840,Urban,14,Other improved,0.0,2013 American Housing Survey - AHS13
United States of America,US,USA,840,Urban,15,"No facility, bush, field",0.0,2013 American Housing Survey - AHS13
United States of America,US,USA,840,Urban,16,Other unimproved,0.0,2013 American Housing Survey - AHS13
United States of America,US,USA,840,Urban,17,DK/missing information,0.0,2013 American Housing Survey - AHS13
United States of America,US,USA,840,Rural,1,Flush and pour flush - to piped sewer system,0.322,2013 American Housing Survey - AHS13
United States of America,US,USA,840,Rural,2,Flush and pour flush - to septic tank,0.677,2013 American Housing Survey - AHS13
United States of America,US,USA,840,Rural,3,Flush and pour flush - to pit,0.0,2013 American Housing Survey - AHS13
United States of America,US,USA,840,Rural,4,Flush and pour flush - to unknown place/ not sure/DK,0.0,2013 American Housing Survey - AHS13
United States of America,US,USA,840,Rural,5,Flush and pour flush - to elsewhere,0.0,2013 American Housing Survey - AHS13
United States of America,US,USA,840,Rural,6,Dry latrines - Ventilated Improved Pit latrine,0.0,2013 American Housing Survey - AHS13
United States of America,US,USA,840,Rural,7,Dry latrines - Pit latrine with slab/covered latrine,0.0,2013 American Housing Survey - AHS13
United States of America,US,USA,840,Rural,8,Dry latrines - Traditional latrine,0.0,2013 American Housing Survey - AHS13
United States of America,US,USA,840,Rural,9,Dry latrines - Pit latrine without slab/open pit,0.0,2013 American Housing Survey - AHS13
United States of America,US,USA,840,Rural,10,Dry latrines - Hanging toilet/hanging latrine,0.0,2013 American Housing Survey - AHS13
United States of America,US,USA,840,Rural,11,Dry latrines - Bucket latrine,0.0,2013 American Housing Survey - AHS13
United States of America,US,USA,840,Rural,12,Dry latrines - Other,0.0,2013 American Housing Survey - AHS13
United States of America,US,USA,840,Rural,13,Composting toilets,0.0,2013 American Housing Survey - AHS13
United States of America,US,USA,840,Rural,14,Other improved,0.0,2013 American Housing Survey - AHS13
United States of America,US,USA,840,Rural,15,"No facility, bush, field",0.0,2013 American Housing Survey - AHS13
United States of America,US,USA,840,Rural,16,Other unimproved,0.001,2013 American Housing Survey - AHS13
United States of America,US,USA,840,Rural,17,DK/missing information,0.0,2013 American Housing Survey - AHS13
