country,alpha-2,alpha-3,numeric,context,classific_id,classification,percentage,source
Aruba,AW,ABW,533,Urban,1,Flush and pour flush - to piped sewer system,0.0,Census - CEN00
Aruba,AW,ABW,533,Urban,2,Flush and pour flush - to septic tank,0.0,Census - CEN00
Aruba,AW,ABW,533,Urban,3,Flush and pour flush - to pit,0.0,Census - CEN00
Aruba,AW,ABW,533,Urban,4,Flush and pour flush - to unknown place/ not sure/DK,0.0,Census - CEN00
Aruba,AW,ABW,533,Urban,5,Flush and pour flush - to elsewhere,0.0,Census - CEN00
Aruba,AW,ABW,533,Urban,6,Dry latrines - Ventilated Improved Pit latrine,0.0,Census - CEN00
Aruba,AW,ABW,533,Urban,7,Dry latrines - Pit latrine with slab/covered latrine,0.0,Census - CEN00
Aruba,AW,ABW,533,Urban,8,Dry latrines - Traditional latrine,0.0,Census - CEN00
Aruba,AW,ABW,533,Urban,9,Dry latrines - Pit latrine without slab/open pit,0.0,Census - CEN00
Aruba,AW,ABW,533,Urban,10,Dry latrines - Hanging toilet/hanging latrine,0.0,Census - CEN00
Aruba,AW,ABW,533,Urban,11,Dry latrines - Bucket latrine,0.0,Census - CEN00
Aruba,AW,ABW,533,Urban,12,Dry latrines - Other,0.0,Census - CEN00
Aruba,AW,ABW,533,Urban,13,Composting toilets,0.0,Census - CEN00
Aruba,AW,ABW,533,Urban,14,Other improved,0.0,Census - CEN00
Aruba,AW,ABW,533,Urban,15,"No facility, bush, field",0.0,Census - CEN00
Aruba,AW,ABW,533,Urban,16,Other unimproved,0.0,Census - CEN00
Aruba,AW,ABW,533,Urban,17,DK/missing information,0.0,Census - CEN00
Aruba,AW,ABW,533,Rural,1,Flush and pour flush - to piped sewer system,0.0,Census - CEN00
Aruba,AW,ABW,533,Rural,2,Flush and pour flush - to septic tank,0.0,Census - CEN00
Aruba,AW,ABW,533,Rural,3,Flush and pour flush - to pit,0.0,Census - CEN00
Aruba,AW,ABW,533,Rural,4,Flush and pour flush - to unknown place/ not sure/DK,0.0,Census - CEN00
Aruba,AW,ABW,533,Rural,5,Flush and pour flush - to elsewhere,0.0,Census - CEN00
Aruba,AW,ABW,533,Rural,6,Dry latrines - Ventilated Improved Pit latrine,0.0,Census - CEN00
Aruba,AW,ABW,533,Rural,7,Dry latrines - Pit latrine with slab/covered latrine,0.0,Census - CEN00
Aruba,AW,ABW,533,Rural,8,Dry latrines - Traditional latrine,0.0,Census - CEN00
Aruba,AW,ABW,533,Rural,9,Dry latrines - Pit latrine without slab/open pit,0.0,Census - CEN00
Aruba,AW,ABW,533,Rural,10,Dry latrines - Hanging toilet/hanging latrine,0.0,Census - CEN00
Aruba,AW,ABW,533,Rural,11,Dry latrines - Bucket latrine,0.0,Census - CEN00
Aruba,AW,ABW,533,Rural,12,Dry latrines - Other,0.0,Census - CEN00
Aruba,AW,ABW,533,Rural,13,Composting toilets,0.0,Census - CEN00
Aruba,AW,ABW,533,Rural,14,Other improved,0.0,Census - CEN00
Aruba,AW,ABW,533,Rural,15,"No facility, bush, field",0.0,Census - CEN00
Aruba,AW,ABW,533,Rural,16,Other unimproved,0.0,Census - CEN00
Aruba,AW,ABW,533,Rural,17,DK/missing information,0.0,Census - CEN00
Aruba,AW,ABW,533,National,1,Flush and pour flush - to piped sewer system,0.146,Census - CEN00
Aruba,AW,ABW,533,National,2,Flush and pour flush - to septic tank,0.824,Census - CEN00
Aruba,AW,ABW,533,National,3,Flush and pour flush - to pit,0.0,Census - CEN00
Aruba,AW,ABW,533,National,4,Flush and pour flush - to unknown place/ not sure/DK,0.0,Census - CEN00
Aruba,AW,ABW,533,National,5,Flush and pour flush - to elsewhere,0.0,Census - CEN00
Aruba,AW,ABW,533,National,6,Dry latrines - Ventilated Improved Pit latrine,0.0,Census - CEN00
Aruba,AW,ABW,533,National,7,Dry latrines - Pit latrine with slab/covered latrine,0.0,Census - CEN00
Aruba,AW,ABW,533,National,8,Dry latrines - Traditional latrine,0.0,Census - CEN00
Aruba,AW,ABW,533,National,9,Dry latrines - Pit latrine without slab/open pit,0.0,Census - CEN00
Aruba,AW,ABW,533,National,10,Dry latrines - Hanging toilet/hanging latrine,0.0,Census - CEN00
Aruba,AW,ABW,533,National,11,Dry latrines - Bucket latrine,0.0,Census - CEN00
Aruba,AW,ABW,533,National,12,Dry latrines - Other,0.0,Census - CEN00
Aruba,AW,ABW,533,National,13,Composting toilets,0.0,Census - CEN00
Aruba,AW,ABW,533,National,14,Other improved,0.013,Census - CEN00
Aruba,AW,ABW,533,National,15,"No facility, bush, field",0.01,Census - CEN00
Aruba,AW,ABW,533,National,16,Other unimproved,0.001,Census - CEN00
Aruba,AW,ABW,533,National,17,DK/missing information,0.006,Census - CEN00
Aruba,AW,ABW,533,Urban,1,Flush and pour flush - to piped sewer system,0.0,Census - CEN10
Aruba,AW,ABW,533,Urban,2,Flush and pour flush - to septic tank,0.0,Census - CEN10
Aruba,AW,ABW,533,Urban,3,Flush and pour flush - to pit,0.0,Census - CEN10
Aruba,AW,ABW,533,Urban,4,Flush and pour flush - to unknown place/ not sure/DK,0.0,Census - CEN10
Aruba,AW,ABW,533,Urban,5,Flush and pour flush - to elsewhere,0.0,Census - CEN10
Aruba,AW,ABW,533,Urban,6,Dry latrines - Ventilated Improved Pit latrine,0.0,Census - CEN10
Aruba,AW,ABW,533,Urban,7,Dry latrines - Pit latrine with slab/covered latrine,0.0,Census - CEN10
Aruba,AW,ABW,533,Urban,8,Dry latrines - Traditional latrine,0.0,Census - CEN10
Aruba,AW,ABW,533,Urban,9,Dry latrines - Pit latrine without slab/open pit,0.0,Census - CEN10
Aruba,AW,ABW,533,Urban,10,Dry latrines - Hanging toilet/hanging latrine,0.0,Census - CEN10
Aruba,AW,ABW,533,Urban,11,Dry latrines - Bucket latrine,0.0,Census - CEN10
Aruba,AW,ABW,533,Urban,12,Dry latrines - Other,0.0,Census - CEN10
Aruba,AW,ABW,533,Urban,13,Composting toilets,0.0,Census - CEN10
Aruba,AW,ABW,533,Urban,14,Other improved,0.0,Census - CEN10
Aruba,AW,ABW,533,Urban,15,"No facility, bush, field",0.0,Census - CEN10
Aruba,AW,ABW,533,Urban,16,Other unimproved,0.0,Census - CEN10
Aruba,AW,ABW,533,Urban,17,DK/missing information,0.0,Census - CEN10
Aruba,AW,ABW,533,Rural,1,Flush and pour flush - to piped sewer system,0.0,Census - CEN10
Aruba,AW,ABW,533,Rural,2,Flush and pour flush - to septic tank,0.0,Census - CEN10
Aruba,AW,ABW,533,Rural,3,Flush and pour flush - to pit,0.0,Census - CEN10
Aruba,AW,ABW,533,Rural,4,Flush and pour flush - to unknown place/ not sure/DK,0.0,Census - CEN10
Aruba,AW,ABW,533,Rural,5,Flush and pour flush - to elsewhere,0.0,Census - CEN10
Aruba,AW,ABW,533,Rural,6,Dry latrines - Ventilated Improved Pit latrine,0.0,Census - CEN10
Aruba,AW,ABW,533,Rural,7,Dry latrines - Pit latrine with slab/covered latrine,0.0,Census - CEN10
Aruba,AW,ABW,533,Rural,8,Dry latrines - Traditional latrine,0.0,Census - CEN10
Aruba,AW,ABW,533,Rural,9,Dry latrines - Pit latrine without slab/open pit,0.0,Census - CEN10
Aruba,AW,ABW,533,Rural,10,Dry latrines - Hanging toilet/hanging latrine,0.0,Census - CEN10
Aruba,AW,ABW,533,Rural,11,Dry latrines - Bucket latrine,0.0,Census - CEN10
Aruba,AW,ABW,533,Rural,12,Dry latrines - Other,0.0,Census - CEN10
Aruba,AW,ABW,533,Rural,13,Composting toilets,0.0,Census - CEN10
Aruba,AW,ABW,533,Rural,14,Other improved,0.0,Census - CEN10
Aruba,AW,ABW,533,Rural,15,"No facility, bush, field",0.0,Census - CEN10
Aruba,AW,ABW,533,Rural,16,Other unimproved,0.0,Census - CEN10
Aruba,AW,ABW,533,Rural,17,DK/missing information,0.0,Census - CEN10
Aruba,AW,ABW,533,National,1,Flush and pour flush - to piped sewer system,0.065,Census - CEN10
Aruba,AW,ABW,533,National,2,Flush and pour flush - to septic tank,0.892,Census - CEN10
Aruba,AW,ABW,533,National,3,Flush and pour flush - to pit,0.0,Census - CEN10
Aruba,AW,ABW,533,National,4,Flush and pour flush - to unknown place/ not sure/DK,0.0,Census - CEN10
Aruba,AW,ABW,533,National,5,Flush and pour flush - to elsewhere,0.0,Census - CEN10
Aruba,AW,ABW,533,National,6,Dry latrines - Ventilated Improved Pit latrine,0.0,Census - CEN10
Aruba,AW,ABW,533,National,7,Dry latrines - Pit latrine with slab/covered latrine,0.0,Census - CEN10
Aruba,AW,ABW,533,National,8,Dry latrines - Traditional latrine,0.0,Census - CEN10
Aruba,AW,ABW,533,National,9,Dry latrines - Pit latrine without slab/open pit,0.0,Census - CEN10
Aruba,AW,ABW,533,National,10,Dry latrines - Hanging toilet/hanging latrine,0.0,Census - CEN10
Aruba,AW,ABW,533,National,11,Dry latrines - Bucket latrine,0.0,Census - CEN10
Aruba,AW,ABW,533,National,12,Dry latrines - Other,0.0,Census - CEN10
Aruba,AW,ABW,533,National,13,Composting toilets,0.0,Census - CEN10
Aruba,AW,ABW,533,National,14,Other improved,0.019,Census - CEN10
Aruba,AW,ABW,533,National,15,"No facility, bush, field",0.014,Census - CEN10
Aruba,AW,ABW,533,National,16,Other unimproved,0.003,Census - CEN10
Aruba,AW,ABW,533,National,17,DK/missing information,0.006,Census - CEN10
