country,alpha-2,alpha-3,numeric,context,classific_id,classification,percentage,source
Anguilla,AI,AIA,660,Urban,1,Flush and pour flush - to piped sewer system,0.0,Census - CEN01
Anguilla,AI,AIA,660,Urban,2,Flush and pour flush - to septic tank,0.0,Census - CEN01
Anguilla,AI,AIA,660,Urban,3,Flush and pour flush - to pit,0.0,Census - CEN01
Anguilla,AI,AIA,660,Urban,4,Flush and pour flush - to unknown place/ not sure/DK,0.906,Census - CEN01
Anguilla,AI,AIA,660,Urban,5,Flush and pour flush - to elsewhere,0.0,Census - CEN01
Anguilla,AI,AIA,660,Urban,6,Dry latrines - Ventilated Improved Pit latrine,0.0,Census - CEN01
Anguilla,AI,AIA,660,Urban,7,Dry latrines - Pit latrine with slab/covered latrine,0.0,Census - CEN01
Anguilla,AI,AIA,660,Urban,8,Dry latrines - Traditional latrine,0.003,Census - CEN01
Anguilla,AI,AIA,660,Urban,9,Dry latrines - Pit latrine without slab/open pit,0.0,Census - CEN01
Anguilla,AI,AIA,660,Urban,10,Dry latrines - Hanging toilet/hanging latrine,0.0,Census - CEN01
Anguilla,AI,AIA,660,Urban,11,Dry latrines - Bucket latrine,0.0,Census - CEN01
Anguilla,AI,AIA,660,Urban,12,Dry latrines - Other,0.036,Census - CEN01
Anguilla,AI,AIA,660,Urban,13,Composting toilets,0.0,Census - CEN01
Anguilla,AI,AIA,660,Urban,14,Other improved,0.0,Census - CEN01
Anguilla,AI,AIA,660,Urban,15,"No facility, bush, field",0.021,Census - CEN01
Anguilla,AI,AIA,660,Urban,16,Other unimproved,0.005,Census - CEN01
Anguilla,AI,AIA,660,Urban,17,DK/missing information,0.029,Census - CEN01
Anguilla,AI,AIA,660,Rural,1,Flush and pour flush - to piped sewer system,0.0,Census - CEN01
Anguilla,AI,AIA,660,Rural,2,Flush and pour flush - to septic tank,0.0,Census - CEN01
Anguilla,AI,AIA,660,Rural,3,Flush and pour flush - to pit,0.0,Census - CEN01
Anguilla,AI,AIA,660,Rural,4,Flush and pour flush - to unknown place/ not sure/DK,0.0,Census - CEN01
Anguilla,AI,AIA,660,Rural,5,Flush and pour flush - to elsewhere,0.0,Census - CEN01
Anguilla,AI,AIA,660,Rural,6,Dry latrines - Ventilated Improved Pit latrine,0.0,Census - CEN01
Anguilla,AI,AIA,660,Rural,7,Dry latrines - Pit latrine with slab/covered latrine,0.0,Census - CEN01
Anguilla,AI,AIA,660,Rural,8,Dry latrines - Traditional latrine,0.0,Census - CEN01
Anguilla,AI,AIA,660,Rural,9,Dry latrines - Pit latrine without slab/open pit,0.0,Census - CEN01
Anguilla,AI,AIA,660,Rural,10,Dry latrines - Hanging toilet/hanging latrine,0.0,Census - CEN01
Anguilla,AI,AIA,660,Rural,11,Dry latrines - Bucket latrine,0.0,Census - CEN01
Anguilla,AI,AIA,660,Rural,12,Dry latrines - Other,0.0,Census - CEN01
Anguilla,AI,AIA,660,Rural,13,Composting toilets,0.0,Census - CEN01
Anguilla,AI,AIA,660,Rural,14,Other improved,0.0,Census - CEN01
Anguilla,AI,AIA,660,Rural,15,"No facility, bush, field",0.0,Census - CEN01
Anguilla,AI,AIA,660,Rural,16,Other unimproved,0.0,Census - CEN01
Anguilla,AI,AIA,660,Rural,17,DK/missing information,0.0,Census - CEN01
Anguilla,AI,AIA,660,National,1,Flush and pour flush - to piped sewer system,0.0,Census - CEN01
Anguilla,AI,AIA,660,National,2,Flush and pour flush - to septic tank,0.0,Census - CEN01
Anguilla,AI,AIA,660,National,3,Flush and pour flush - to pit,0.0,Census - CEN01
Anguilla,AI,AIA,660,National,4,Flush and pour flush - to unknown place/ not sure/DK,0.906,Census - CEN01
Anguilla,AI,AIA,660,National,5,Flush and pour flush - to elsewhere,0.0,Census - CEN01
Anguilla,AI,AIA,660,National,6,Dry latrines - Ventilated Improved Pit latrine,0.0,Census - CEN01
Anguilla,AI,AIA,660,National,7,Dry latrines - Pit latrine with slab/covered latrine,0.0,Census - CEN01
Anguilla,AI,AIA,660,National,8,Dry latrines - Traditional latrine,0.003,Census - CEN01
Anguilla,AI,AIA,660,National,9,Dry latrines - Pit latrine without slab/open pit,0.0,Census - CEN01
Anguilla,AI,AIA,660,National,10,Dry latrines - Hanging toilet/hanging latrine,0.0,Census - CEN01
Anguilla,AI,AIA,660,National,11,Dry latrines - Bucket latrine,0.0,Census - CEN01
Anguilla,AI,AIA,660,National,12,Dry latrines - Other,0.036,Census - CEN01
Anguilla,AI,AIA,660,National,13,Composting toilets,0.0,Census - CEN01
Anguilla,AI,AIA,660,National,14,Other improved,0.0,Census - CEN01
Anguilla,AI,AIA,660,National,15,"No facility, bush, field",0.021,Census - CEN01
Anguilla,AI,AIA,660,National,16,Other unimproved,0.005,Census - CEN01
Anguilla,AI,AIA,660,National,17,DK/missing information,0.029,Census - CEN01
Anguilla,AI,AIA,660,Urban,1,Flush and pour flush - to piped sewer system,0.0,"Country Poverty Assessment, 2002 - CPA02"
Anguilla,AI,AIA,660,Urban,2,Flush and pour flush - to septic tank,0.0,"Country Poverty Assessment, 2002 - CPA02"
Anguilla,AI,AIA,660,Urban,3,Flush and pour flush - to pit,0.0,"Country Poverty Assessment, 2002 - CPA02"
Anguilla,AI,AIA,660,Urban,4,Flush and pour flush - to unknown place/ not sure/DK,0.0,"Country Poverty Assessment, 2002 - CPA02"
Anguilla,AI,AIA,660,Urban,5,Flush and pour flush - to elsewhere,0.0,"Country Poverty Assessment, 2002 - CPA02"
Anguilla,AI,AIA,660,Urban,6,Dry latrines - Ventilated Improved Pit latrine,0.0,"Country Poverty Assessment, 2002 - CPA02"
Anguilla,AI,AIA,660,Urban,7,Dry latrines - Pit latrine with slab/covered latrine,0.0,"Country Poverty Assessment, 2002 - CPA02"
Anguilla,AI,AIA,660,Urban,8,Dry latrines - Traditional latrine,0.04,"Country Poverty Assessment, 2002 - CPA02"
Anguilla,AI,AIA,660,Urban,9,Dry latrines - Pit latrine without slab/open pit,0.0,"Country Poverty Assessment, 2002 - CPA02"
Anguilla,AI,AIA,660,Urban,10,Dry latrines - Hanging toilet/hanging latrine,0.0,"Country Poverty Assessment, 2002 - CPA02"
Anguilla,AI,AIA,660,Urban,11,Dry latrines - Bucket latrine,0.0,"Country Poverty Assessment, 2002 - CPA02"
Anguilla,AI,AIA,660,Urban,12,Dry latrines - Other,0.0,"Country Poverty Assessment, 2002 - CPA02"
Anguilla,AI,AIA,660,Urban,13,Composting toilets,0.0,"Country Poverty Assessment, 2002 - CPA02"
Anguilla,AI,AIA,660,Urban,14,Other improved,0.93,"Country Poverty Assessment, 2002 - CPA02"
Anguilla,AI,AIA,660,Urban,15,"No facility, bush, field",0.0,"Country Poverty Assessment, 2002 - CPA02"
Anguilla,AI,AIA,660,Urban,16,Other unimproved,0.03,"Country Poverty Assessment, 2002 - CPA02"
Anguilla,AI,AIA,660,Urban,17,DK/missing information,0.0,"Country Poverty Assessment, 2002 - CPA02"
Anguilla,AI,AIA,660,Rural,1,Flush and pour flush - to piped sewer system,0.0,"Country Poverty Assessment, 2002 - CPA02"
Anguilla,AI,AIA,660,Rural,2,Flush and pour flush - to septic tank,0.0,"Country Poverty Assessment, 2002 - CPA02"
Anguilla,AI,AIA,660,Rural,3,Flush and pour flush - to pit,0.0,"Country Poverty Assessment, 2002 - CPA02"
Anguilla,AI,AIA,660,Rural,4,Flush and pour flush - to unknown place/ not sure/DK,0.0,"Country Poverty Assessment, 2002 - CPA02"
Anguilla,AI,AIA,660,Rural,5,Flush and pour flush - to elsewhere,0.0,"Country Poverty Assessment, 2002 - CPA02"
Anguilla,AI,AIA,660,Rural,6,Dry latrines - Ventilated Improved Pit latrine,0.0,"Country Poverty Assessment, 2002 - CPA02"
Anguilla,AI,AIA,660,Rural,7,Dry latrines - Pit latrine with slab/covered latrine,0.0,"Country Poverty Assessment, 2002 - CPA02"
Anguilla,AI,AIA,660,Rural,8,Dry latrines - Traditional latrine,0.0,"Country Poverty Assessment, 2002 - CPA02"
Anguilla,AI,AIA,660,Rural,9,Dry latrines - Pit latrine without slab/open pit,0.0,"Country Poverty Assessment, 2002 - CPA02"
Anguilla,AI,AIA,660,Rural,10,Dry latrines - Hanging toilet/hanging latrine,0.0,"Country Poverty Assessment, 2002 - CPA02"
Anguilla,AI,AIA,660,Rural,11,Dry latrines - Bucket latrine,0.0,"Country Poverty Assessment, 2002 - CPA02"
Anguilla,AI,AIA,660,Rural,12,Dry latrines - Other,0.0,"Country Poverty Assessment, 2002 - CPA02"
Anguilla,AI,AIA,660,Rural,13,Composting toilets,0.0,"Country Poverty Assessment, 2002 - CPA02"
Anguilla,AI,AIA,660,Rural,14,Other improved,0.0,"Country Poverty Assessment, 2002 - CPA02"
Anguilla,AI,AIA,660,Rural,15,"No facility, bush, field",0.0,"Country Poverty Assessment, 2002 - CPA02"
Anguilla,AI,AIA,660,Rural,16,Other unimproved,0.0,"Country Poverty Assessment, 2002 - CPA02"
Anguilla,AI,AIA,660,Rural,17,DK/missing information,0.0,"Country Poverty Assessment, 2002 - CPA02"
Anguilla,AI,AIA,660,National,1,Flush and pour flush - to piped sewer system,0.0,"Country Poverty Assessment, 2002 - CPA02"
Anguilla,AI,AIA,660,National,2,Flush and pour flush - to septic tank,0.0,"Country Poverty Assessment, 2002 - CPA02"
Anguilla,AI,AIA,660,National,3,Flush and pour flush - to pit,0.0,"Country Poverty Assessment, 2002 - CPA02"
Anguilla,AI,AIA,660,National,4,Flush and pour flush - to unknown place/ not sure/DK,0.0,"Country Poverty Assessment, 2002 - CPA02"
Anguilla,AI,AIA,660,National,5,Flush and pour flush - to elsewhere,0.0,"Country Poverty Assessment, 2002 - CPA02"
Anguilla,AI,AIA,660,National,6,Dry latrines - Ventilated Improved Pit latrine,0.0,"Country Poverty Assessment, 2002 - CPA02"
Anguilla,AI,AIA,660,National,7,Dry latrines - Pit latrine with slab/covered latrine,0.0,"Country Poverty Assessment, 2002 - CPA02"
Anguilla,AI,AIA,660,National,8,Dry latrines - Traditional latrine,0.04,"Country Poverty Assessment, 2002 - CPA02"
Anguilla,AI,AIA,660,National,9,Dry latrines - Pit latrine without slab/open pit,0.0,"Country Poverty Assessment, 2002 - CPA02"
Anguilla,AI,AIA,660,National,10,Dry latrines - Hanging toilet/hanging latrine,0.0,"Country Poverty Assessment, 2002 - CPA02"
Anguilla,AI,AIA,660,National,11,Dry latrines - Bucket latrine,0.0,"Country Poverty Assessment, 2002 - CPA02"
Anguilla,AI,AIA,660,National,12,Dry latrines - Other,0.0,"Country Poverty Assessment, 2002 - CPA02"
Anguilla,AI,AIA,660,National,13,Composting toilets,0.0,"Country Poverty Assessment, 2002 - CPA02"
Anguilla,AI,AIA,660,National,14,Other improved,0.93,"Country Poverty Assessment, 2002 - CPA02"
Anguilla,AI,AIA,660,National,15,"No facility, bush, field",0.0,"Country Poverty Assessment, 2002 - CPA02"
Anguilla,AI,AIA,660,National,16,Other unimproved,0.03,"Country Poverty Assessment, 2002 - CPA02"
Anguilla,AI,AIA,660,National,17,DK/missing information,0.0,"Country Poverty Assessment, 2002 - CPA02"
Anguilla,AI,AIA,660,Urban,1,Flush and pour flush - to piped sewer system,0.012,"Country Poverty Assessment, 2007-2009 - CPA09"
Anguilla,AI,AIA,660,Urban,2,Flush and pour flush - to septic tank,0.939,"Country Poverty Assessment, 2007-2009 - CPA09"
Anguilla,AI,AIA,660,Urban,3,Flush and pour flush - to pit,0.0,"Country Poverty Assessment, 2007-2009 - CPA09"
Anguilla,AI,AIA,660,Urban,4,Flush and pour flush - to unknown place/ not sure/DK,0.0,"Country Poverty Assessment, 2007-2009 - CPA09"
Anguilla,AI,AIA,660,Urban,5,Flush and pour flush - to elsewhere,0.0,"Country Poverty Assessment, 2007-2009 - CPA09"
Anguilla,AI,AIA,660,Urban,6,Dry latrines - Ventilated Improved Pit latrine,0.0,"Country Poverty Assessment, 2007-2009 - CPA09"
Anguilla,AI,AIA,660,Urban,7,Dry latrines - Pit latrine with slab/covered latrine,0.0,"Country Poverty Assessment, 2007-2009 - CPA09"
Anguilla,AI,AIA,660,Urban,8,Dry latrines - Traditional latrine,0.034,"Country Poverty Assessment, 2007-2009 - CPA09"
Anguilla,AI,AIA,660,Urban,9,Dry latrines - Pit latrine without slab/open pit,0.0,"Country Poverty Assessment, 2007-2009 - CPA09"
Anguilla,AI,AIA,660,Urban,10,Dry latrines - Hanging toilet/hanging latrine,0.0,"Country Poverty Assessment, 2007-2009 - CPA09"
Anguilla,AI,AIA,660,Urban,11,Dry latrines - Bucket latrine,0.0,"Country Poverty Assessment, 2007-2009 - CPA09"
Anguilla,AI,AIA,660,Urban,12,Dry latrines - Other,0.0,"Country Poverty Assessment, 2007-2009 - CPA09"
Anguilla,AI,AIA,660,Urban,13,Composting toilets,0.0,"Country Poverty Assessment, 2007-2009 - CPA09"
Anguilla,AI,AIA,660,Urban,14,Other improved,0.0,"Country Poverty Assessment, 2007-2009 - CPA09"
Anguilla,AI,AIA,660,Urban,15,"No facility, bush, field",0.0,"Country Poverty Assessment, 2007-2009 - CPA09"
Anguilla,AI,AIA,660,Urban,16,Other unimproved,0.0,"Country Poverty Assessment, 2007-2009 - CPA09"
Anguilla,AI,AIA,660,Urban,17,DK/missing information,0.014,"Country Poverty Assessment, 2007-2009 - CPA09"
Anguilla,AI,AIA,660,Rural,1,Flush and pour flush - to piped sewer system,0.0,"Country Poverty Assessment, 2007-2009 - CPA09"
Anguilla,AI,AIA,660,Rural,2,Flush and pour flush - to septic tank,0.0,"Country Poverty Assessment, 2007-2009 - CPA09"
Anguilla,AI,AIA,660,Rural,3,Flush and pour flush - to pit,0.0,"Country Poverty Assessment, 2007-2009 - CPA09"
Anguilla,AI,AIA,660,Rural,4,Flush and pour flush - to unknown place/ not sure/DK,0.0,"Country Poverty Assessment, 2007-2009 - CPA09"
Anguilla,AI,AIA,660,Rural,5,Flush and pour flush - to elsewhere,0.0,"Country Poverty Assessment, 2007-2009 - CPA09"
Anguilla,AI,AIA,660,Rural,6,Dry latrines - Ventilated Improved Pit latrine,0.0,"Country Poverty Assessment, 2007-2009 - CPA09"
Anguilla,AI,AIA,660,Rural,7,Dry latrines - Pit latrine with slab/covered latrine,0.0,"Country Poverty Assessment, 2007-2009 - CPA09"
Anguilla,AI,AIA,660,Rural,8,Dry latrines - Traditional latrine,0.0,"Country Poverty Assessment, 2007-2009 - CPA09"
Anguilla,AI,AIA,660,Rural,9,Dry latrines - Pit latrine without slab/open pit,0.0,"Country Poverty Assessment, 2007-2009 - CPA09"
Anguilla,AI,AIA,660,Rural,10,Dry latrines - Hanging toilet/hanging latrine,0.0,"Country Poverty Assessment, 2007-2009 - CPA09"
Anguilla,AI,AIA,660,Rural,11,Dry latrines - Bucket latrine,0.0,"Country Poverty Assessment, 2007-2009 - CPA09"
Anguilla,AI,AIA,660,Rural,12,Dry latrines - Other,0.0,"Country Poverty Assessment, 2007-2009 - CPA09"
Anguilla,AI,AIA,660,Rural,13,Composting toilets,0.0,"Country Poverty Assessment, 2007-2009 - CPA09"
Anguilla,AI,AIA,660,Rural,14,Other improved,0.0,"Country Poverty Assessment, 2007-2009 - CPA09"
Anguilla,AI,AIA,660,Rural,15,"No facility, bush, field",0.0,"Country Poverty Assessment, 2007-2009 - CPA09"
Anguilla,AI,AIA,660,Rural,16,Other unimproved,0.0,"Country Poverty Assessment, 2007-2009 - CPA09"
Anguilla,AI,AIA,660,Rural,17,DK/missing information,0.0,"Country Poverty Assessment, 2007-2009 - CPA09"
Anguilla,AI,AIA,660,National,1,Flush and pour flush - to piped sewer system,0.012,"Country Poverty Assessment, 2007-2009 - CPA09"
Anguilla,AI,AIA,660,National,2,Flush and pour flush - to septic tank,0.939,"Country Poverty Assessment, 2007-2009 - CPA09"
Anguilla,AI,AIA,660,National,3,Flush and pour flush - to pit,0.0,"Country Poverty Assessment, 2007-2009 - CPA09"
Anguilla,AI,AIA,660,National,4,Flush and pour flush - to unknown place/ not sure/DK,0.0,"Country Poverty Assessment, 2007-2009 - CPA09"
Anguilla,AI,AIA,660,National,5,Flush and pour flush - to elsewhere,0.0,"Country Poverty Assessment, 2007-2009 - CPA09"
Anguilla,AI,AIA,660,National,6,Dry latrines - Ventilated Improved Pit latrine,0.0,"Country Poverty Assessment, 2007-2009 - CPA09"
Anguilla,AI,AIA,660,National,7,Dry latrines - Pit latrine with slab/covered latrine,0.0,"Country Poverty Assessment, 2007-2009 - CPA09"
Anguilla,AI,AIA,660,National,8,Dry latrines - Traditional latrine,0.034,"Country Poverty Assessment, 2007-2009 - CPA09"
Anguilla,AI,AIA,660,National,9,Dry latrines - Pit latrine without slab/open pit,0.0,"Country Poverty Assessment, 2007-2009 - CPA09"
Anguilla,AI,AIA,660,National,10,Dry latrines - Hanging toilet/hanging latrine,0.0,"Country Poverty Assessment, 2007-2009 - CPA09"
Anguilla,AI,AIA,660,National,11,Dry latrines - Bucket latrine,0.0,"Country Poverty Assessment, 2007-2009 - CPA09"
Anguilla,AI,AIA,660,National,12,Dry latrines - Other,0.0,"Country Poverty Assessment, 2007-2009 - CPA09"
Anguilla,AI,AIA,660,National,13,Composting toilets,0.0,"Country Poverty Assessment, 2007-2009 - CPA09"
Anguilla,AI,AIA,660,National,14,Other improved,0.0,"Country Poverty Assessment, 2007-2009 - CPA09"
Anguilla,AI,AIA,660,National,15,"No facility, bush, field",0.0,"Country Poverty Assessment, 2007-2009 - CPA09"
Anguilla,AI,AIA,660,National,16,Other unimproved,0.0,"Country Poverty Assessment, 2007-2009 - CPA09"
Anguilla,AI,AIA,660,National,17,DK/missing information,0.014,"Country Poverty Assessment, 2007-2009 - CPA09"
Anguilla,AI,AIA,660,Urban,1,Flush and pour flush - to piped sewer system,0.0,Anguilla Population and Housing Census 2011 - CEN11
Anguilla,AI,AIA,660,Urban,2,Flush and pour flush - to septic tank,0.0,Anguilla Population and Housing Census 2011 - CEN11
Anguilla,AI,AIA,660,Urban,3,Flush and pour flush - to pit,0.0,Anguilla Population and Housing Census 2011 - CEN11
Anguilla,AI,AIA,660,Urban,4,Flush and pour flush - to unknown place/ not sure/DK,0.0,Anguilla Population and Housing Census 2011 - CEN11
Anguilla,AI,AIA,660,Urban,5,Flush and pour flush - to elsewhere,0.0,Anguilla Population and Housing Census 2011 - CEN11
Anguilla,AI,AIA,660,Urban,6,Dry latrines - Ventilated Improved Pit latrine,0.0,Anguilla Population and Housing Census 2011 - CEN11
Anguilla,AI,AIA,660,Urban,7,Dry latrines - Pit latrine with slab/covered latrine,0.0,Anguilla Population and Housing Census 2011 - CEN11
Anguilla,AI,AIA,660,Urban,8,Dry latrines - Traditional latrine,0.0,Anguilla Population and Housing Census 2011 - CEN11
Anguilla,AI,AIA,660,Urban,9,Dry latrines - Pit latrine without slab/open pit,0.0,Anguilla Population and Housing Census 2011 - CEN11
Anguilla,AI,AIA,660,Urban,10,Dry latrines - Hanging toilet/hanging latrine,0.0,Anguilla Population and Housing Census 2011 - CEN11
Anguilla,AI,AIA,660,Urban,11,Dry latrines - Bucket latrine,0.0,Anguilla Population and Housing Census 2011 - CEN11
Anguilla,AI,AIA,660,Urban,12,Dry latrines - Other,0.0,Anguilla Population and Housing Census 2011 - CEN11
Anguilla,AI,AIA,660,Urban,13,Composting toilets,0.0,Anguilla Population and Housing Census 2011 - CEN11
Anguilla,AI,AIA,660,Urban,14,Other improved,0.009,Anguilla Population and Housing Census 2011 - CEN11
Anguilla,AI,AIA,660,Urban,15,"No facility, bush, field",0.008,Anguilla Population and Housing Census 2011 - CEN11
Anguilla,AI,AIA,660,Urban,16,Other unimproved,0.004,Anguilla Population and Housing Census 2011 - CEN11
Anguilla,AI,AIA,660,Urban,17,DK/missing information,0.002,Anguilla Population and Housing Census 2011 - CEN11
Anguilla,AI,AIA,660,Rural,1,Flush and pour flush - to piped sewer system,0.0,Anguilla Population and Housing Census 2011 - CEN11
Anguilla,AI,AIA,660,Rural,2,Flush and pour flush - to septic tank,0.0,Anguilla Population and Housing Census 2011 - CEN11
Anguilla,AI,AIA,660,Rural,3,Flush and pour flush - to pit,0.0,Anguilla Population and Housing Census 2011 - CEN11
Anguilla,AI,AIA,660,Rural,4,Flush and pour flush - to unknown place/ not sure/DK,0.0,Anguilla Population and Housing Census 2011 - CEN11
Anguilla,AI,AIA,660,Rural,5,Flush and pour flush - to elsewhere,0.0,Anguilla Population and Housing Census 2011 - CEN11
Anguilla,AI,AIA,660,Rural,6,Dry latrines - Ventilated Improved Pit latrine,0.0,Anguilla Population and Housing Census 2011 - CEN11
Anguilla,AI,AIA,660,Rural,7,Dry latrines - Pit latrine with slab/covered latrine,0.0,Anguilla Population and Housing Census 2011 - CEN11
Anguilla,AI,AIA,660,Rural,8,Dry latrines - Traditional latrine,0.0,Anguilla Population and Housing Census 2011 - CEN11
Anguilla,AI,AIA,660,Rural,9,Dry latrines - Pit latrine without slab/open pit,0.0,Anguilla Population and Housing Census 2011 - CEN11
Anguilla,AI,AIA,660,Rural,10,Dry latrines - Hanging toilet/hanging latrine,0.0,Anguilla Population and Housing Census 2011 - CEN11
Anguilla,AI,AIA,660,Rural,11,Dry latrines - Bucket latrine,0.0,Anguilla Population and Housing Census 2011 - CEN11
Anguilla,AI,AIA,660,Rural,12,Dry latrines - Other,0.0,Anguilla Population and Housing Census 2011 - CEN11
Anguilla,AI,AIA,660,Rural,13,Composting toilets,0.0,Anguilla Population and Housing Census 2011 - CEN11
Anguilla,AI,AIA,660,Rural,14,Other improved,0.0,Anguilla Population and Housing Census 2011 - CEN11
Anguilla,AI,AIA,660,Rural,15,"No facility, bush, field",0.0,Anguilla Population and Housing Census 2011 - CEN11
Anguilla,AI,AIA,660,Rural,16,Other unimproved,0.0,Anguilla Population and Housing Census 2011 - CEN11
Anguilla,AI,AIA,660,Rural,17,DK/missing information,0.0,Anguilla Population and Housing Census 2011 - CEN11
Anguilla,AI,AIA,660,National,1,Flush and pour flush - to piped sewer system,0.0,Anguilla Population and Housing Census 2011 - CEN11
Anguilla,AI,AIA,660,National,2,Flush and pour flush - to septic tank,0.0,Anguilla Population and Housing Census 2011 - CEN11
Anguilla,AI,AIA,660,National,3,Flush and pour flush - to pit,0.0,Anguilla Population and Housing Census 2011 - CEN11
Anguilla,AI,AIA,660,National,4,Flush and pour flush - to unknown place/ not sure/DK,0.0,Anguilla Population and Housing Census 2011 - CEN11
Anguilla,AI,AIA,660,National,5,Flush and pour flush - to elsewhere,0.0,Anguilla Population and Housing Census 2011 - CEN11
Anguilla,AI,AIA,660,National,6,Dry latrines - Ventilated Improved Pit latrine,0.0,Anguilla Population and Housing Census 2011 - CEN11
Anguilla,AI,AIA,660,National,7,Dry latrines - Pit latrine with slab/covered latrine,0.0,Anguilla Population and Housing Census 2011 - CEN11
Anguilla,AI,AIA,660,National,8,Dry latrines - Traditional latrine,0.0,Anguilla Population and Housing Census 2011 - CEN11
Anguilla,AI,AIA,660,National,9,Dry latrines - Pit latrine without slab/open pit,0.0,Anguilla Population and Housing Census 2011 - CEN11
Anguilla,AI,AIA,660,National,10,Dry latrines - Hanging toilet/hanging latrine,0.0,Anguilla Population and Housing Census 2011 - CEN11
Anguilla,AI,AIA,660,National,11,Dry latrines - Bucket latrine,0.0,Anguilla Population and Housing Census 2011 - CEN11
Anguilla,AI,AIA,660,National,12,Dry latrines - Other,0.0,Anguilla Population and Housing Census 2011 - CEN11
Anguilla,AI,AIA,660,National,13,Composting toilets,0.0,Anguilla Population and Housing Census 2011 - CEN11
Anguilla,AI,AIA,660,National,14,Other improved,0.009,Anguilla Population and Housing Census 2011 - CEN11
Anguilla,AI,AIA,660,National,15,"No facility, bush, field",0.008,Anguilla Population and Housing Census 2011 - CEN11
Anguilla,AI,AIA,660,National,16,Other unimproved,0.004,Anguilla Population and Housing Census 2011 - CEN11
Anguilla,AI,AIA,660,National,17,DK/missing information,0.002,Anguilla Population and Housing Census 2011 - CEN11
