country,alpha-2,alpha-3,numeric,context,classific_id,classification,percentage,source
United Arab Emirates,AE,ARE,784,Urban,1,Flush and pour flush - to piped sewer system,0.0,World Health Survey - WHS03
United Arab Emirates,AE,ARE,784,Urban,2,Flush and pour flush - to septic tank,0.0,World Health Survey - WHS03
United Arab Emirates,AE,ARE,784,Urban,3,Flush and pour flush - to pit,0.0,World Health Survey - WHS03
United Arab Emirates,AE,ARE,784,Urban,4,Flush and pour flush - to unknown place/ not sure/DK,0.0,World Health Survey - WHS03
United Arab Emirates,AE,ARE,784,Urban,5,Flush and pour flush - to elsewhere,0.0,World Health Survey - WHS03
United Arab Emirates,AE,ARE,784,Urban,6,Dry latrines - Ventilated Improved Pit latrine,0.0,World Health Survey - WHS03
United Arab Emirates,AE,ARE,784,Urban,7,Dry latrines - Pit latrine with slab/covered latrine,0.0,World Health Survey - WHS03
United Arab Emirates,AE,ARE,784,Urban,8,Dry latrines - Traditional latrine,0.0,World Health Survey - WHS03
United Arab Emirates,AE,ARE,784,Urban,9,Dry latrines - Pit latrine without slab/open pit,0.0,World Health Survey - WHS03
United Arab Emirates,AE,ARE,784,Urban,10,Dry latrines - Hanging toilet/hanging latrine,0.0,World Health Survey - WHS03
United Arab Emirates,AE,ARE,784,Urban,11,Dry latrines - Bucket latrine,0.0,World Health Survey - WHS03
United Arab Emirates,AE,ARE,784,Urban,12,Dry latrines - Other,0.0,World Health Survey - WHS03
United Arab Emirates,AE,ARE,784,Urban,13,Composting toilets,0.0,World Health Survey - WHS03
United Arab Emirates,AE,ARE,784,Urban,14,Other improved,0.0,World Health Survey - WHS03
United Arab Emirates,AE,ARE,784,Urban,15,"No facility, bush, field",0.0,World Health Survey - WHS03
United Arab Emirates,AE,ARE,784,Urban,16,Other unimproved,0.0,World Health Survey - WHS03
United Arab Emirates,AE,ARE,784,Urban,17,DK/missing information,0.0,World Health Survey - WHS03
United Arab Emirates,AE,ARE,784,Rural,1,Flush and pour flush - to piped sewer system,0.0,World Health Survey - WHS03
United Arab Emirates,AE,ARE,784,Rural,2,Flush and pour flush - to septic tank,0.0,World Health Survey - WHS03
United Arab Emirates,AE,ARE,784,Rural,3,Flush and pour flush - to pit,0.0,World Health Survey - WHS03
United Arab Emirates,AE,ARE,784,Rural,4,Flush and pour flush - to unknown place/ not sure/DK,0.0,World Health Survey - WHS03
United Arab Emirates,AE,ARE,784,Rural,5,Flush and pour flush - to elsewhere,0.0,World Health Survey - WHS03
United Arab Emirates,AE,ARE,784,Rural,6,Dry latrines - Ventilated Improved Pit latrine,0.0,World Health Survey - WHS03
United Arab Emirates,AE,ARE,784,Rural,7,Dry latrines - Pit latrine with slab/covered latrine,0.0,World Health Survey - WHS03
United Arab Emirates,AE,ARE,784,Rural,8,Dry latrines - Traditional latrine,0.0,World Health Survey - WHS03
United Arab Emirates,AE,ARE,784,Rural,9,Dry latrines - Pit latrine without slab/open pit,0.0,World Health Survey - WHS03
United Arab Emirates,AE,ARE,784,Rural,10,Dry latrines - Hanging toilet/hanging latrine,0.0,World Health Survey - WHS03
United Arab Emirates,AE,ARE,784,Rural,11,Dry latrines - Bucket latrine,0.0,World Health Survey - WHS03
United Arab Emirates,AE,ARE,784,Rural,12,Dry latrines - Other,0.0,World Health Survey - WHS03
United Arab Emirates,AE,ARE,784,Rural,13,Composting toilets,0.0,World Health Survey - WHS03
United Arab Emirates,AE,ARE,784,Rural,14,Other improved,0.0,World Health Survey - WHS03
United Arab Emirates,AE,ARE,784,Rural,15,"No facility, bush, field",0.0,World Health Survey - WHS03
United Arab Emirates,AE,ARE,784,Rural,16,Other unimproved,0.0,World Health Survey - WHS03
United Arab Emirates,AE,ARE,784,Rural,17,DK/missing information,0.0,World Health Survey - WHS03
United Arab Emirates,AE,ARE,784,National,1,Flush and pour flush - to piped sewer system,0.866,World Health Survey - WHS03
United Arab Emirates,AE,ARE,784,National,2,Flush and pour flush - to septic tank,0.109,World Health Survey - WHS03
United Arab Emirates,AE,ARE,784,National,3,Flush and pour flush - to pit,0.0,World Health Survey - WHS03
United Arab Emirates,AE,ARE,784,National,4,Flush and pour flush - to unknown place/ not sure/DK,0.0,World Health Survey - WHS03
United Arab Emirates,AE,ARE,784,National,5,Flush and pour flush - to elsewhere,0.0,World Health Survey - WHS03
United Arab Emirates,AE,ARE,784,National,6,Dry latrines - Ventilated Improved Pit latrine,0.0,World Health Survey - WHS03
United Arab Emirates,AE,ARE,784,National,7,Dry latrines - Pit latrine with slab/covered latrine,0.013,World Health Survey - WHS03
United Arab Emirates,AE,ARE,784,National,8,Dry latrines - Traditional latrine,0.0,World Health Survey - WHS03
United Arab Emirates,AE,ARE,784,National,9,Dry latrines - Pit latrine without slab/open pit,0.001,World Health Survey - WHS03
United Arab Emirates,AE,ARE,784,National,10,Dry latrines - Hanging toilet/hanging latrine,0.0,World Health Survey - WHS03
United Arab Emirates,AE,ARE,784,National,11,Dry latrines - Bucket latrine,0.0,World Health Survey - WHS03
United Arab Emirates,AE,ARE,784,National,12,Dry latrines - Other,0.0,World Health Survey - WHS03
United Arab Emirates,AE,ARE,784,National,13,Composting toilets,0.0,World Health Survey - WHS03
United Arab Emirates,AE,ARE,784,National,14,Other improved,0.0,World Health Survey - WHS03
United Arab Emirates,AE,ARE,784,National,15,"No facility, bush, field",0.0,World Health Survey - WHS03
United Arab Emirates,AE,ARE,784,National,16,Other unimproved,0.0,World Health Survey - WHS03
United Arab Emirates,AE,ARE,784,National,17,DK/missing information,0.0,World Health Survey - WHS03
United Arab Emirates,AE,ARE,784,Urban,1,Flush and pour flush - to piped sewer system,0.0,Family Expenditures and Income  survey - FEI08
United Arab Emirates,AE,ARE,784,Urban,2,Flush and pour flush - to septic tank,0.0,Family Expenditures and Income  survey - FEI08
United Arab Emirates,AE,ARE,784,Urban,3,Flush and pour flush - to pit,0.0,Family Expenditures and Income  survey - FEI08
United Arab Emirates,AE,ARE,784,Urban,4,Flush and pour flush - to unknown place/ not sure/DK,0.0,Family Expenditures and Income  survey - FEI08
United Arab Emirates,AE,ARE,784,Urban,5,Flush and pour flush - to elsewhere,0.0,Family Expenditures and Income  survey - FEI08
United Arab Emirates,AE,ARE,784,Urban,6,Dry latrines - Ventilated Improved Pit latrine,0.0,Family Expenditures and Income  survey - FEI08
United Arab Emirates,AE,ARE,784,Urban,7,Dry latrines - Pit latrine with slab/covered latrine,0.0,Family Expenditures and Income  survey - FEI08
United Arab Emirates,AE,ARE,784,Urban,8,Dry latrines - Traditional latrine,0.0,Family Expenditures and Income  survey - FEI08
United Arab Emirates,AE,ARE,784,Urban,9,Dry latrines - Pit latrine without slab/open pit,0.0,Family Expenditures and Income  survey - FEI08
United Arab Emirates,AE,ARE,784,Urban,10,Dry latrines - Hanging toilet/hanging latrine,0.0,Family Expenditures and Income  survey - FEI08
United Arab Emirates,AE,ARE,784,Urban,11,Dry latrines - Bucket latrine,0.0,Family Expenditures and Income  survey - FEI08
United Arab Emirates,AE,ARE,784,Urban,12,Dry latrines - Other,0.0,Family Expenditures and Income  survey - FEI08
United Arab Emirates,AE,ARE,784,Urban,13,Composting toilets,0.0,Family Expenditures and Income  survey - FEI08
United Arab Emirates,AE,ARE,784,Urban,14,Other improved,0.0,Family Expenditures and Income  survey - FEI08
United Arab Emirates,AE,ARE,784,Urban,15,"No facility, bush, field",0.0,Family Expenditures and Income  survey - FEI08
United Arab Emirates,AE,ARE,784,Urban,16,Other unimproved,0.0,Family Expenditures and Income  survey - FEI08
United Arab Emirates,AE,ARE,784,Urban,17,DK/missing information,0.0,Family Expenditures and Income  survey - FEI08
United Arab Emirates,AE,ARE,784,Rural,1,Flush and pour flush - to piped sewer system,0.0,Family Expenditures and Income  survey - FEI08
United Arab Emirates,AE,ARE,784,Rural,2,Flush and pour flush - to septic tank,0.0,Family Expenditures and Income  survey - FEI08
United Arab Emirates,AE,ARE,784,Rural,3,Flush and pour flush - to pit,0.0,Family Expenditures and Income  survey - FEI08
United Arab Emirates,AE,ARE,784,Rural,4,Flush and pour flush - to unknown place/ not sure/DK,0.0,Family Expenditures and Income  survey - FEI08
United Arab Emirates,AE,ARE,784,Rural,5,Flush and pour flush - to elsewhere,0.0,Family Expenditures and Income  survey - FEI08
United Arab Emirates,AE,ARE,784,Rural,6,Dry latrines - Ventilated Improved Pit latrine,0.0,Family Expenditures and Income  survey - FEI08
United Arab Emirates,AE,ARE,784,Rural,7,Dry latrines - Pit latrine with slab/covered latrine,0.0,Family Expenditures and Income  survey - FEI08
United Arab Emirates,AE,ARE,784,Rural,8,Dry latrines - Traditional latrine,0.0,Family Expenditures and Income  survey - FEI08
United Arab Emirates,AE,ARE,784,Rural,9,Dry latrines - Pit latrine without slab/open pit,0.0,Family Expenditures and Income  survey - FEI08
United Arab Emirates,AE,ARE,784,Rural,10,Dry latrines - Hanging toilet/hanging latrine,0.0,Family Expenditures and Income  survey - FEI08
United Arab Emirates,AE,ARE,784,Rural,11,Dry latrines - Bucket latrine,0.0,Family Expenditures and Income  survey - FEI08
United Arab Emirates,AE,ARE,784,Rural,12,Dry latrines - Other,0.0,Family Expenditures and Income  survey - FEI08
United Arab Emirates,AE,ARE,784,Rural,13,Composting toilets,0.0,Family Expenditures and Income  survey - FEI08
United Arab Emirates,AE,ARE,784,Rural,14,Other improved,0.0,Family Expenditures and Income  survey - FEI08
United Arab Emirates,AE,ARE,784,Rural,15,"No facility, bush, field",0.0,Family Expenditures and Income  survey - FEI08
United Arab Emirates,AE,ARE,784,Rural,16,Other unimproved,0.0,Family Expenditures and Income  survey - FEI08
United Arab Emirates,AE,ARE,784,Rural,17,DK/missing information,0.0,Family Expenditures and Income  survey - FEI08
United Arab Emirates,AE,ARE,784,National,1,Flush and pour flush - to piped sewer system,0.783,Family Expenditures and Income  survey - FEI08
United Arab Emirates,AE,ARE,784,National,2,Flush and pour flush - to septic tank,0.201,Family Expenditures and Income  survey - FEI08
United Arab Emirates,AE,ARE,784,National,3,Flush and pour flush - to pit,0.0,Family Expenditures and Income  survey - FEI08
United Arab Emirates,AE,ARE,784,National,4,Flush and pour flush - to unknown place/ not sure/DK,0.0,Family Expenditures and Income  survey - FEI08
United Arab Emirates,AE,ARE,784,National,5,Flush and pour flush - to elsewhere,0.0,Family Expenditures and Income  survey - FEI08
United Arab Emirates,AE,ARE,784,National,6,Dry latrines - Ventilated Improved Pit latrine,0.0,Family Expenditures and Income  survey - FEI08
United Arab Emirates,AE,ARE,784,National,7,Dry latrines - Pit latrine with slab/covered latrine,0.0,Family Expenditures and Income  survey - FEI08
United Arab Emirates,AE,ARE,784,National,8,Dry latrines - Traditional latrine,0.0,Family Expenditures and Income  survey - FEI08
United Arab Emirates,AE,ARE,784,National,9,Dry latrines - Pit latrine without slab/open pit,0.0,Family Expenditures and Income  survey - FEI08
United Arab Emirates,AE,ARE,784,National,10,Dry latrines - Hanging toilet/hanging latrine,0.0,Family Expenditures and Income  survey - FEI08
United Arab Emirates,AE,ARE,784,National,11,Dry latrines - Bucket latrine,0.0,Family Expenditures and Income  survey - FEI08
United Arab Emirates,AE,ARE,784,National,12,Dry latrines - Other,0.0,Family Expenditures and Income  survey - FEI08
United Arab Emirates,AE,ARE,784,National,13,Composting toilets,0.0,Family Expenditures and Income  survey - FEI08
United Arab Emirates,AE,ARE,784,National,14,Other improved,0.0,Family Expenditures and Income  survey - FEI08
United Arab Emirates,AE,ARE,784,National,15,"No facility, bush, field",0.0,Family Expenditures and Income  survey - FEI08
United Arab Emirates,AE,ARE,784,National,16,Other unimproved,0.0,Family Expenditures and Income  survey - FEI08
United Arab Emirates,AE,ARE,784,National,17,DK/missing information,0.016,Family Expenditures and Income  survey - FEI08
United Arab Emirates,AE,ARE,784,Urban,1,Flush and pour flush - to piped sewer system,0.0,UAE Household Survey 2018 - HS18
United Arab Emirates,AE,ARE,784,Urban,2,Flush and pour flush - to septic tank,0.0,UAE Household Survey 2018 - HS18
United Arab Emirates,AE,ARE,784,Urban,3,Flush and pour flush - to pit,0.0,UAE Household Survey 2018 - HS18
United Arab Emirates,AE,ARE,784,Urban,4,Flush and pour flush - to unknown place/ not sure/DK,0.0,UAE Household Survey 2018 - HS18
United Arab Emirates,AE,ARE,784,Urban,5,Flush and pour flush - to elsewhere,0.0,UAE Household Survey 2018 - HS18
United Arab Emirates,AE,ARE,784,Urban,6,Dry latrines - Ventilated Improved Pit latrine,0.0,UAE Household Survey 2018 - HS18
United Arab Emirates,AE,ARE,784,Urban,7,Dry latrines - Pit latrine with slab/covered latrine,0.0,UAE Household Survey 2018 - HS18
United Arab Emirates,AE,ARE,784,Urban,8,Dry latrines - Traditional latrine,0.0,UAE Household Survey 2018 - HS18
United Arab Emirates,AE,ARE,784,Urban,9,Dry latrines - Pit latrine without slab/open pit,0.0,UAE Household Survey 2018 - HS18
United Arab Emirates,AE,ARE,784,Urban,10,Dry latrines - Hanging toilet/hanging latrine,0.0,UAE Household Survey 2018 - HS18
United Arab Emirates,AE,ARE,784,Urban,11,Dry latrines - Bucket latrine,0.0,UAE Household Survey 2018 - HS18
United Arab Emirates,AE,ARE,784,Urban,12,Dry latrines - Other,0.0,UAE Household Survey 2018 - HS18
United Arab Emirates,AE,ARE,784,Urban,13,Composting toilets,0.0,UAE Household Survey 2018 - HS18
United Arab Emirates,AE,ARE,784,Urban,14,Other improved,0.0,UAE Household Survey 2018 - HS18
United Arab Emirates,AE,ARE,784,Urban,15,"No facility, bush, field",0.0,UAE Household Survey 2018 - HS18
United Arab Emirates,AE,ARE,784,Urban,16,Other unimproved,0.0,UAE Household Survey 2018 - HS18
United Arab Emirates,AE,ARE,784,Urban,17,DK/missing information,0.0,UAE Household Survey 2018 - HS18
United Arab Emirates,AE,ARE,784,Rural,1,Flush and pour flush - to piped sewer system,0.0,UAE Household Survey 2018 - HS18
United Arab Emirates,AE,ARE,784,Rural,2,Flush and pour flush - to septic tank,0.0,UAE Household Survey 2018 - HS18
United Arab Emirates,AE,ARE,784,Rural,3,Flush and pour flush - to pit,0.0,UAE Household Survey 2018 - HS18
United Arab Emirates,AE,ARE,784,Rural,4,Flush and pour flush - to unknown place/ not sure/DK,0.0,UAE Household Survey 2018 - HS18
United Arab Emirates,AE,ARE,784,Rural,5,Flush and pour flush - to elsewhere,0.0,UAE Household Survey 2018 - HS18
United Arab Emirates,AE,ARE,784,Rural,6,Dry latrines - Ventilated Improved Pit latrine,0.0,UAE Household Survey 2018 - HS18
United Arab Emirates,AE,ARE,784,Rural,7,Dry latrines - Pit latrine with slab/covered latrine,0.0,UAE Household Survey 2018 - HS18
United Arab Emirates,AE,ARE,784,Rural,8,Dry latrines - Traditional latrine,0.0,UAE Household Survey 2018 - HS18
United Arab Emirates,AE,ARE,784,Rural,9,Dry latrines - Pit latrine without slab/open pit,0.0,UAE Household Survey 2018 - HS18
United Arab Emirates,AE,ARE,784,Rural,10,Dry latrines - Hanging toilet/hanging latrine,0.0,UAE Household Survey 2018 - HS18
United Arab Emirates,AE,ARE,784,Rural,11,Dry latrines - Bucket latrine,0.0,UAE Household Survey 2018 - HS18
United Arab Emirates,AE,ARE,784,Rural,12,Dry latrines - Other,0.0,UAE Household Survey 2018 - HS18
United Arab Emirates,AE,ARE,784,Rural,13,Composting toilets,0.0,UAE Household Survey 2018 - HS18
United Arab Emirates,AE,ARE,784,Rural,14,Other improved,0.0,UAE Household Survey 2018 - HS18
United Arab Emirates,AE,ARE,784,Rural,15,"No facility, bush, field",0.0,UAE Household Survey 2018 - HS18
United Arab Emirates,AE,ARE,784,Rural,16,Other unimproved,0.0,UAE Household Survey 2018 - HS18
United Arab Emirates,AE,ARE,784,Rural,17,DK/missing information,0.0,UAE Household Survey 2018 - HS18
United Arab Emirates,AE,ARE,784,National,1,Flush and pour flush - to piped sewer system,0.939,UAE Household Survey 2018 - HS18
United Arab Emirates,AE,ARE,784,National,2,Flush and pour flush - to septic tank,0.011,UAE Household Survey 2018 - HS18
United Arab Emirates,AE,ARE,784,National,3,Flush and pour flush - to pit,0.002,UAE Household Survey 2018 - HS18
United Arab Emirates,AE,ARE,784,National,4,Flush and pour flush - to unknown place/ not sure/DK,0.041,UAE Household Survey 2018 - HS18
United Arab Emirates,AE,ARE,784,National,5,Flush and pour flush - to elsewhere,0.002,UAE Household Survey 2018 - HS18
United Arab Emirates,AE,ARE,784,National,6,Dry latrines - Ventilated Improved Pit latrine,0.003,UAE Household Survey 2018 - HS18
United Arab Emirates,AE,ARE,784,National,7,Dry latrines - Pit latrine with slab/covered latrine,0.001,UAE Household Survey 2018 - HS18
United Arab Emirates,AE,ARE,784,National,8,Dry latrines - Traditional latrine,0.0,UAE Household Survey 2018 - HS18
United Arab Emirates,AE,ARE,784,National,9,Dry latrines - Pit latrine without slab/open pit,0.001,UAE Household Survey 2018 - HS18
United Arab Emirates,AE,ARE,784,National,10,Dry latrines - Hanging toilet/hanging latrine,0.0,UAE Household Survey 2018 - HS18
United Arab Emirates,AE,ARE,784,National,11,Dry latrines - Bucket latrine,0.0,UAE Household Survey 2018 - HS18
United Arab Emirates,AE,ARE,784,National,12,Dry latrines - Other,0.0,UAE Household Survey 2018 - HS18
United Arab Emirates,AE,ARE,784,National,13,Composting toilets,0.0,UAE Household Survey 2018 - HS18
United Arab Emirates,AE,ARE,784,National,14,Other improved,0.0,UAE Household Survey 2018 - HS18
United Arab Emirates,AE,ARE,784,National,15,"No facility, bush, field",0.001,UAE Household Survey 2018 - HS18
United Arab Emirates,AE,ARE,784,National,16,Other unimproved,0.0,UAE Household Survey 2018 - HS18
United Arab Emirates,AE,ARE,784,National,17,DK/missing information,0.0,UAE Household Survey 2018 - HS18
