country,alpha-2,alpha-3,numeric,context,classific_id,classification,percentage,source
Bermuda,BM,BMU,060,Urban,1,Flush and pour flush - to piped sewer system,0.0,"Census of population and housing, 2000 - CEN00"
Bermuda,BM,BMU,060,Urban,2,Flush and pour flush - to septic tank,0.0,"Census of population and housing, 2000 - CEN00"
Bermuda,BM,BMU,060,Urban,3,Flush and pour flush - to pit,0.0,"Census of population and housing, 2000 - CEN00"
Bermuda,BM,BMU,060,Urban,4,Flush and pour flush - to unknown place/ not sure/DK,0.0,"Census of population and housing, 2000 - CEN00"
Bermuda,BM,BMU,060,Urban,5,Flush and pour flush - to elsewhere,0.0,"Census of population and housing, 2000 - CEN00"
Bermuda,BM,BMU,060,Urban,6,Dry latrines - Ventilated Improved Pit latrine,0.0,"Census of population and housing, 2000 - CEN00"
Bermuda,BM,BMU,060,Urban,7,Dry latrines - Pit latrine with slab/covered latrine,0.0,"Census of population and housing, 2000 - CEN00"
Bermuda,BM,BMU,060,Urban,8,Dry latrines - Traditional latrine,0.0,"Census of population and housing, 2000 - CEN00"
Bermuda,BM,BMU,060,Urban,9,Dry latrines - Pit latrine without slab/open pit,0.0,"Census of population and housing, 2000 - CEN00"
Bermuda,BM,BMU,060,Urban,10,Dry latrines - Hanging toilet/hanging latrine,0.0,"Census of population and housing, 2000 - CEN00"
Bermuda,BM,BMU,060,Urban,11,Dry latrines - Bucket latrine,0.0,"Census of population and housing, 2000 - CEN00"
Bermuda,BM,BMU,060,Urban,12,Dry latrines - Other,0.0,"Census of population and housing, 2000 - CEN00"
Bermuda,BM,BMU,060,Urban,13,Composting toilets,0.0,"Census of population and housing, 2000 - CEN00"
Bermuda,BM,BMU,060,Urban,14,Other improved,1.0,"Census of population and housing, 2000 - CEN00"
Bermuda,BM,BMU,060,Urban,15,"No facility, bush, field",0.0,"Census of population and housing, 2000 - CEN00"
Bermuda,BM,BMU,060,Urban,16,Other unimproved,0.0,"Census of population and housing, 2000 - CEN00"
Bermuda,BM,BMU,060,Urban,17,DK/missing information,0.0,"Census of population and housing, 2000 - CEN00"
Bermuda,BM,BMU,060,Rural,1,Flush and pour flush - to piped sewer system,0.0,"Census of population and housing, 2000 - CEN00"
Bermuda,BM,BMU,060,Rural,2,Flush and pour flush - to septic tank,0.0,"Census of population and housing, 2000 - CEN00"
Bermuda,BM,BMU,060,Rural,3,Flush and pour flush - to pit,0.0,"Census of population and housing, 2000 - CEN00"
Bermuda,BM,BMU,060,Rural,4,Flush and pour flush - to unknown place/ not sure/DK,0.0,"Census of population and housing, 2000 - CEN00"
Bermuda,BM,BMU,060,Rural,5,Flush and pour flush - to elsewhere,0.0,"Census of population and housing, 2000 - CEN00"
Bermuda,BM,BMU,060,Rural,6,Dry latrines - Ventilated Improved Pit latrine,0.0,"Census of population and housing, 2000 - CEN00"
Bermuda,BM,BMU,060,Rural,7,Dry latrines - Pit latrine with slab/covered latrine,0.0,"Census of population and housing, 2000 - CEN00"
Bermuda,BM,BMU,060,Rural,8,Dry latrines - Traditional latrine,0.0,"Census of population and housing, 2000 - CEN00"
Bermuda,BM,BMU,060,Rural,9,Dry latrines - Pit latrine without slab/open pit,0.0,"Census of population and housing, 2000 - CEN00"
Bermuda,BM,BMU,060,Rural,10,Dry latrines - Hanging toilet/hanging latrine,0.0,"Census of population and housing, 2000 - CEN00"
Bermuda,BM,BMU,060,Rural,11,Dry latrines - Bucket latrine,0.0,"Census of population and housing, 2000 - CEN00"
Bermuda,BM,BMU,060,Rural,12,Dry latrines - Other,0.0,"Census of population and housing, 2000 - CEN00"
Bermuda,BM,BMU,060,Rural,13,Composting toilets,0.0,"Census of population and housing, 2000 - CEN00"
Bermuda,BM,BMU,060,Rural,14,Other improved,0.0,"Census of population and housing, 2000 - CEN00"
Bermuda,BM,BMU,060,Rural,15,"No facility, bush, field",0.0,"Census of population and housing, 2000 - CEN00"
Bermuda,BM,BMU,060,Rural,16,Other unimproved,0.0,"Census of population and housing, 2000 - CEN00"
Bermuda,BM,BMU,060,Rural,17,DK/missing information,0.0,"Census of population and housing, 2000 - CEN00"
Bermuda,BM,BMU,060,National,1,Flush and pour flush - to piped sewer system,0.0,"Census of population and housing, 2000 - CEN00"
Bermuda,BM,BMU,060,National,2,Flush and pour flush - to septic tank,0.0,"Census of population and housing, 2000 - CEN00"
Bermuda,BM,BMU,060,National,3,Flush and pour flush - to pit,0.0,"Census of population and housing, 2000 - CEN00"
Bermuda,BM,BMU,060,National,4,Flush and pour flush - to unknown place/ not sure/DK,0.0,"Census of population and housing, 2000 - CEN00"
Bermuda,BM,BMU,060,National,5,Flush and pour flush - to elsewhere,0.0,"Census of population and housing, 2000 - CEN00"
Bermuda,BM,BMU,060,National,6,Dry latrines - Ventilated Improved Pit latrine,0.0,"Census of population and housing, 2000 - CEN00"
Bermuda,BM,BMU,060,National,7,Dry latrines - Pit latrine with slab/covered latrine,0.0,"Census of population and housing, 2000 - CEN00"
Bermuda,BM,BMU,060,National,8,Dry latrines - Traditional latrine,0.0,"Census of population and housing, 2000 - CEN00"
Bermuda,BM,BMU,060,National,9,Dry latrines - Pit latrine without slab/open pit,0.0,"Census of population and housing, 2000 - CEN00"
Bermuda,BM,BMU,060,National,10,Dry latrines - Hanging toilet/hanging latrine,0.0,"Census of population and housing, 2000 - CEN00"
Bermuda,BM,BMU,060,National,11,Dry latrines - Bucket latrine,0.0,"Census of population and housing, 2000 - CEN00"
Bermuda,BM,BMU,060,National,12,Dry latrines - Other,0.0,"Census of population and housing, 2000 - CEN00"
Bermuda,BM,BMU,060,National,13,Composting toilets,0.0,"Census of population and housing, 2000 - CEN00"
Bermuda,BM,BMU,060,National,14,Other improved,1.0,"Census of population and housing, 2000 - CEN00"
Bermuda,BM,BMU,060,National,15,"No facility, bush, field",0.0,"Census of population and housing, 2000 - CEN00"
Bermuda,BM,BMU,060,National,16,Other unimproved,0.0,"Census of population and housing, 2000 - CEN00"
Bermuda,BM,BMU,060,National,17,DK/missing information,0.0,"Census of population and housing, 2000 - CEN00"
Bermuda,BM,BMU,060,Urban,1,Flush and pour flush - to piped sewer system,0.0,"Census of population and housing, 2010 - CEN10"
Bermuda,BM,BMU,060,Urban,2,Flush and pour flush - to septic tank,0.0,"Census of population and housing, 2010 - CEN10"
Bermuda,BM,BMU,060,Urban,3,Flush and pour flush - to pit,0.0,"Census of population and housing, 2010 - CEN10"
Bermuda,BM,BMU,060,Urban,4,Flush and pour flush - to unknown place/ not sure/DK,0.0,"Census of population and housing, 2010 - CEN10"
Bermuda,BM,BMU,060,Urban,5,Flush and pour flush - to elsewhere,0.0,"Census of population and housing, 2010 - CEN10"
Bermuda,BM,BMU,060,Urban,6,Dry latrines - Ventilated Improved Pit latrine,0.0,"Census of population and housing, 2010 - CEN10"
Bermuda,BM,BMU,060,Urban,7,Dry latrines - Pit latrine with slab/covered latrine,0.0,"Census of population and housing, 2010 - CEN10"
Bermuda,BM,BMU,060,Urban,8,Dry latrines - Traditional latrine,0.0,"Census of population and housing, 2010 - CEN10"
Bermuda,BM,BMU,060,Urban,9,Dry latrines - Pit latrine without slab/open pit,0.0,"Census of population and housing, 2010 - CEN10"
Bermuda,BM,BMU,060,Urban,10,Dry latrines - Hanging toilet/hanging latrine,0.0,"Census of population and housing, 2010 - CEN10"
Bermuda,BM,BMU,060,Urban,11,Dry latrines - Bucket latrine,0.0,"Census of population and housing, 2010 - CEN10"
Bermuda,BM,BMU,060,Urban,12,Dry latrines - Other,0.0,"Census of population and housing, 2010 - CEN10"
Bermuda,BM,BMU,060,Urban,13,Composting toilets,0.0,"Census of population and housing, 2010 - CEN10"
Bermuda,BM,BMU,060,Urban,14,Other improved,0.998,"Census of population and housing, 2010 - CEN10"
Bermuda,BM,BMU,060,Urban,15,"No facility, bush, field",0.0,"Census of population and housing, 2010 - CEN10"
Bermuda,BM,BMU,060,Urban,16,Other unimproved,0.002,"Census of population and housing, 2010 - CEN10"
Bermuda,BM,BMU,060,Urban,17,DK/missing information,0.0,"Census of population and housing, 2010 - CEN10"
Bermuda,BM,BMU,060,Rural,1,Flush and pour flush - to piped sewer system,0.0,"Census of population and housing, 2010 - CEN10"
Bermuda,BM,BMU,060,Rural,2,Flush and pour flush - to septic tank,0.0,"Census of population and housing, 2010 - CEN10"
Bermuda,BM,BMU,060,Rural,3,Flush and pour flush - to pit,0.0,"Census of population and housing, 2010 - CEN10"
Bermuda,BM,BMU,060,Rural,4,Flush and pour flush - to unknown place/ not sure/DK,0.0,"Census of population and housing, 2010 - CEN10"
Bermuda,BM,BMU,060,Rural,5,Flush and pour flush - to elsewhere,0.0,"Census of population and housing, 2010 - CEN10"
Bermuda,BM,BMU,060,Rural,6,Dry latrines - Ventilated Improved Pit latrine,0.0,"Census of population and housing, 2010 - CEN10"
Bermuda,BM,BMU,060,Rural,7,Dry latrines - Pit latrine with slab/covered latrine,0.0,"Census of population and housing, 2010 - CEN10"
Bermuda,BM,BMU,060,Rural,8,Dry latrines - Traditional latrine,0.0,"Census of population and housing, 2010 - CEN10"
Bermuda,BM,BMU,060,Rural,9,Dry latrines - Pit latrine without slab/open pit,0.0,"Census of population and housing, 2010 - CEN10"
Bermuda,BM,BMU,060,Rural,10,Dry latrines - Hanging toilet/hanging latrine,0.0,"Census of population and housing, 2010 - CEN10"
Bermuda,BM,BMU,060,Rural,11,Dry latrines - Bucket latrine,0.0,"Census of population and housing, 2010 - CEN10"
Bermuda,BM,BMU,060,Rural,12,Dry latrines - Other,0.0,"Census of population and housing, 2010 - CEN10"
Bermuda,BM,BMU,060,Rural,13,Composting toilets,0.0,"Census of population and housing, 2010 - CEN10"
Bermuda,BM,BMU,060,Rural,14,Other improved,0.0,"Census of population and housing, 2010 - CEN10"
Bermuda,BM,BMU,060,Rural,15,"No facility, bush, field",0.0,"Census of population and housing, 2010 - CEN10"
Bermuda,BM,BMU,060,Rural,16,Other unimproved,0.0,"Census of population and housing, 2010 - CEN10"
Bermuda,BM,BMU,060,Rural,17,DK/missing information,0.0,"Census of population and housing, 2010 - CEN10"
Bermuda,BM,BMU,060,National,1,Flush and pour flush - to piped sewer system,0.0,"Census of population and housing, 2010 - CEN10"
Bermuda,BM,BMU,060,National,2,Flush and pour flush - to septic tank,0.0,"Census of population and housing, 2010 - CEN10"
Bermuda,BM,BMU,060,National,3,Flush and pour flush - to pit,0.0,"Census of population and housing, 2010 - CEN10"
Bermuda,BM,BMU,060,National,4,Flush and pour flush - to unknown place/ not sure/DK,0.0,"Census of population and housing, 2010 - CEN10"
Bermuda,BM,BMU,060,National,5,Flush and pour flush - to elsewhere,0.0,"Census of population and housing, 2010 - CEN10"
Bermuda,BM,BMU,060,National,6,Dry latrines - Ventilated Improved Pit latrine,0.0,"Census of population and housing, 2010 - CEN10"
Bermuda,BM,BMU,060,National,7,Dry latrines - Pit latrine with slab/covered latrine,0.0,"Census of population and housing, 2010 - CEN10"
Bermuda,BM,BMU,060,National,8,Dry latrines - Traditional latrine,0.0,"Census of population and housing, 2010 - CEN10"
Bermuda,BM,BMU,060,National,9,Dry latrines - Pit latrine without slab/open pit,0.0,"Census of population and housing, 2010 - CEN10"
Bermuda,BM,BMU,060,National,10,Dry latrines - Hanging toilet/hanging latrine,0.0,"Census of population and housing, 2010 - CEN10"
Bermuda,BM,BMU,060,National,11,Dry latrines - Bucket latrine,0.0,"Census of population and housing, 2010 - CEN10"
Bermuda,BM,BMU,060,National,12,Dry latrines - Other,0.0,"Census of population and housing, 2010 - CEN10"
Bermuda,BM,BMU,060,National,13,Composting toilets,0.0,"Census of population and housing, 2010 - CEN10"
Bermuda,BM,BMU,060,National,14,Other improved,0.998,"Census of population and housing, 2010 - CEN10"
Bermuda,BM,BMU,060,National,15,"No facility, bush, field",0.0,"Census of population and housing, 2010 - CEN10"
Bermuda,BM,BMU,060,National,16,Other unimproved,0.002,"Census of population and housing, 2010 - CEN10"
Bermuda,BM,BMU,060,National,17,DK/missing information,0.0,"Census of population and housing, 2010 - CEN10"
Bermuda,BM,BMU,060,Urban,1,Flush and pour flush - to piped sewer system,0.0,"Environmental Statistics Compendium, 2012 - ES08"
Bermuda,BM,BMU,060,Urban,2,Flush and pour flush - to septic tank,0.0,"Environmental Statistics Compendium, 2012 - ES08"
Bermuda,BM,BMU,060,Urban,3,Flush and pour flush - to pit,0.0,"Environmental Statistics Compendium, 2012 - ES08"
Bermuda,BM,BMU,060,Urban,4,Flush and pour flush - to unknown place/ not sure/DK,0.0,"Environmental Statistics Compendium, 2012 - ES08"
Bermuda,BM,BMU,060,Urban,5,Flush and pour flush - to elsewhere,0.0,"Environmental Statistics Compendium, 2012 - ES08"
Bermuda,BM,BMU,060,Urban,6,Dry latrines - Ventilated Improved Pit latrine,0.0,"Environmental Statistics Compendium, 2012 - ES08"
Bermuda,BM,BMU,060,Urban,7,Dry latrines - Pit latrine with slab/covered latrine,0.0,"Environmental Statistics Compendium, 2012 - ES08"
Bermuda,BM,BMU,060,Urban,8,Dry latrines - Traditional latrine,0.0,"Environmental Statistics Compendium, 2012 - ES08"
Bermuda,BM,BMU,060,Urban,9,Dry latrines - Pit latrine without slab/open pit,0.0,"Environmental Statistics Compendium, 2012 - ES08"
Bermuda,BM,BMU,060,Urban,10,Dry latrines - Hanging toilet/hanging latrine,0.0,"Environmental Statistics Compendium, 2012 - ES08"
Bermuda,BM,BMU,060,Urban,11,Dry latrines - Bucket latrine,0.0,"Environmental Statistics Compendium, 2012 - ES08"
Bermuda,BM,BMU,060,Urban,12,Dry latrines - Other,0.0,"Environmental Statistics Compendium, 2012 - ES08"
Bermuda,BM,BMU,060,Urban,13,Composting toilets,0.0,"Environmental Statistics Compendium, 2012 - ES08"
Bermuda,BM,BMU,060,Urban,14,Other improved,0.0,"Environmental Statistics Compendium, 2012 - ES08"
Bermuda,BM,BMU,060,Urban,15,"No facility, bush, field",0.0,"Environmental Statistics Compendium, 2012 - ES08"
Bermuda,BM,BMU,060,Urban,16,Other unimproved,0.0,"Environmental Statistics Compendium, 2012 - ES08"
Bermuda,BM,BMU,060,Urban,17,DK/missing information,0.0,"Environmental Statistics Compendium, 2012 - ES08"
Bermuda,BM,BMU,060,Rural,1,Flush and pour flush - to piped sewer system,0.0,"Environmental Statistics Compendium, 2012 - ES08"
Bermuda,BM,BMU,060,Rural,2,Flush and pour flush - to septic tank,0.0,"Environmental Statistics Compendium, 2012 - ES08"
Bermuda,BM,BMU,060,Rural,3,Flush and pour flush - to pit,0.0,"Environmental Statistics Compendium, 2012 - ES08"
Bermuda,BM,BMU,060,Rural,4,Flush and pour flush - to unknown place/ not sure/DK,0.0,"Environmental Statistics Compendium, 2012 - ES08"
Bermuda,BM,BMU,060,Rural,5,Flush and pour flush - to elsewhere,0.0,"Environmental Statistics Compendium, 2012 - ES08"
Bermuda,BM,BMU,060,Rural,6,Dry latrines - Ventilated Improved Pit latrine,0.0,"Environmental Statistics Compendium, 2012 - ES08"
Bermuda,BM,BMU,060,Rural,7,Dry latrines - Pit latrine with slab/covered latrine,0.0,"Environmental Statistics Compendium, 2012 - ES08"
Bermuda,BM,BMU,060,Rural,8,Dry latrines - Traditional latrine,0.0,"Environmental Statistics Compendium, 2012 - ES08"
Bermuda,BM,BMU,060,Rural,9,Dry latrines - Pit latrine without slab/open pit,0.0,"Environmental Statistics Compendium, 2012 - ES08"
Bermuda,BM,BMU,060,Rural,10,Dry latrines - Hanging toilet/hanging latrine,0.0,"Environmental Statistics Compendium, 2012 - ES08"
Bermuda,BM,BMU,060,Rural,11,Dry latrines - Bucket latrine,0.0,"Environmental Statistics Compendium, 2012 - ES08"
Bermuda,BM,BMU,060,Rural,12,Dry latrines - Other,0.0,"Environmental Statistics Compendium, 2012 - ES08"
Bermuda,BM,BMU,060,Rural,13,Composting toilets,0.0,"Environmental Statistics Compendium, 2012 - ES08"
Bermuda,BM,BMU,060,Rural,14,Other improved,0.0,"Environmental Statistics Compendium, 2012 - ES08"
Bermuda,BM,BMU,060,Rural,15,"No facility, bush, field",0.0,"Environmental Statistics Compendium, 2012 - ES08"
Bermuda,BM,BMU,060,Rural,16,Other unimproved,0.0,"Environmental Statistics Compendium, 2012 - ES08"
Bermuda,BM,BMU,060,Rural,17,DK/missing information,0.0,"Environmental Statistics Compendium, 2012 - ES08"
Bermuda,BM,BMU,060,National,1,Flush and pour flush - to piped sewer system,0.0,"Environmental Statistics Compendium, 2012 - ES08"
Bermuda,BM,BMU,060,National,2,Flush and pour flush - to septic tank,0.0,"Environmental Statistics Compendium, 2012 - ES08"
Bermuda,BM,BMU,060,National,3,Flush and pour flush - to pit,0.0,"Environmental Statistics Compendium, 2012 - ES08"
Bermuda,BM,BMU,060,National,4,Flush and pour flush - to unknown place/ not sure/DK,0.0,"Environmental Statistics Compendium, 2012 - ES08"
Bermuda,BM,BMU,060,National,5,Flush and pour flush - to elsewhere,0.0,"Environmental Statistics Compendium, 2012 - ES08"
Bermuda,BM,BMU,060,National,6,Dry latrines - Ventilated Improved Pit latrine,0.0,"Environmental Statistics Compendium, 2012 - ES08"
Bermuda,BM,BMU,060,National,7,Dry latrines - Pit latrine with slab/covered latrine,0.0,"Environmental Statistics Compendium, 2012 - ES08"
Bermuda,BM,BMU,060,National,8,Dry latrines - Traditional latrine,0.0,"Environmental Statistics Compendium, 2012 - ES08"
Bermuda,BM,BMU,060,National,9,Dry latrines - Pit latrine without slab/open pit,0.0,"Environmental Statistics Compendium, 2012 - ES08"
Bermuda,BM,BMU,060,National,10,Dry latrines - Hanging toilet/hanging latrine,0.0,"Environmental Statistics Compendium, 2012 - ES08"
Bermuda,BM,BMU,060,National,11,Dry latrines - Bucket latrine,0.0,"Environmental Statistics Compendium, 2012 - ES08"
Bermuda,BM,BMU,060,National,12,Dry latrines - Other,0.0,"Environmental Statistics Compendium, 2012 - ES08"
Bermuda,BM,BMU,060,National,13,Composting toilets,0.0,"Environmental Statistics Compendium, 2012 - ES08"
Bermuda,BM,BMU,060,National,14,Other improved,0.0,"Environmental Statistics Compendium, 2012 - ES08"
Bermuda,BM,BMU,060,National,15,"No facility, bush, field",0.0,"Environmental Statistics Compendium, 2012 - ES08"
Bermuda,BM,BMU,060,National,16,Other unimproved,0.0,"Environmental Statistics Compendium, 2012 - ES08"
Bermuda,BM,BMU,060,National,17,DK/missing information,0.0,"Environmental Statistics Compendium, 2012 - ES08"
Bermuda,BM,BMU,060,Urban,1,Flush and pour flush - to piped sewer system,0.0,"Environmental Statistics Compendium, 2012 - ES09"
Bermuda,BM,BMU,060,Urban,2,Flush and pour flush - to septic tank,0.0,"Environmental Statistics Compendium, 2012 - ES09"
Bermuda,BM,BMU,060,Urban,3,Flush and pour flush - to pit,0.0,"Environmental Statistics Compendium, 2012 - ES09"
Bermuda,BM,BMU,060,Urban,4,Flush and pour flush - to unknown place/ not sure/DK,0.0,"Environmental Statistics Compendium, 2012 - ES09"
Bermuda,BM,BMU,060,Urban,5,Flush and pour flush - to elsewhere,0.0,"Environmental Statistics Compendium, 2012 - ES09"
Bermuda,BM,BMU,060,Urban,6,Dry latrines - Ventilated Improved Pit latrine,0.0,"Environmental Statistics Compendium, 2012 - ES09"
Bermuda,BM,BMU,060,Urban,7,Dry latrines - Pit latrine with slab/covered latrine,0.0,"Environmental Statistics Compendium, 2012 - ES09"
Bermuda,BM,BMU,060,Urban,8,Dry latrines - Traditional latrine,0.0,"Environmental Statistics Compendium, 2012 - ES09"
Bermuda,BM,BMU,060,Urban,9,Dry latrines - Pit latrine without slab/open pit,0.0,"Environmental Statistics Compendium, 2012 - ES09"
Bermuda,BM,BMU,060,Urban,10,Dry latrines - Hanging toilet/hanging latrine,0.0,"Environmental Statistics Compendium, 2012 - ES09"
Bermuda,BM,BMU,060,Urban,11,Dry latrines - Bucket latrine,0.0,"Environmental Statistics Compendium, 2012 - ES09"
Bermuda,BM,BMU,060,Urban,12,Dry latrines - Other,0.0,"Environmental Statistics Compendium, 2012 - ES09"
Bermuda,BM,BMU,060,Urban,13,Composting toilets,0.0,"Environmental Statistics Compendium, 2012 - ES09"
Bermuda,BM,BMU,060,Urban,14,Other improved,0.0,"Environmental Statistics Compendium, 2012 - ES09"
Bermuda,BM,BMU,060,Urban,15,"No facility, bush, field",0.0,"Environmental Statistics Compendium, 2012 - ES09"
Bermuda,BM,BMU,060,Urban,16,Other unimproved,0.0,"Environmental Statistics Compendium, 2012 - ES09"
Bermuda,BM,BMU,060,Urban,17,DK/missing information,0.0,"Environmental Statistics Compendium, 2012 - ES09"
Bermuda,BM,BMU,060,Rural,1,Flush and pour flush - to piped sewer system,0.0,"Environmental Statistics Compendium, 2012 - ES09"
Bermuda,BM,BMU,060,Rural,2,Flush and pour flush - to septic tank,0.0,"Environmental Statistics Compendium, 2012 - ES09"
Bermuda,BM,BMU,060,Rural,3,Flush and pour flush - to pit,0.0,"Environmental Statistics Compendium, 2012 - ES09"
Bermuda,BM,BMU,060,Rural,4,Flush and pour flush - to unknown place/ not sure/DK,0.0,"Environmental Statistics Compendium, 2012 - ES09"
Bermuda,BM,BMU,060,Rural,5,Flush and pour flush - to elsewhere,0.0,"Environmental Statistics Compendium, 2012 - ES09"
Bermuda,BM,BMU,060,Rural,6,Dry latrines - Ventilated Improved Pit latrine,0.0,"Environmental Statistics Compendium, 2012 - ES09"
Bermuda,BM,BMU,060,Rural,7,Dry latrines - Pit latrine with slab/covered latrine,0.0,"Environmental Statistics Compendium, 2012 - ES09"
Bermuda,BM,BMU,060,Rural,8,Dry latrines - Traditional latrine,0.0,"Environmental Statistics Compendium, 2012 - ES09"
Bermuda,BM,BMU,060,Rural,9,Dry latrines - Pit latrine without slab/open pit,0.0,"Environmental Statistics Compendium, 2012 - ES09"
Bermuda,BM,BMU,060,Rural,10,Dry latrines - Hanging toilet/hanging latrine,0.0,"Environmental Statistics Compendium, 2012 - ES09"
Bermuda,BM,BMU,060,Rural,11,Dry latrines - Bucket latrine,0.0,"Environmental Statistics Compendium, 2012 - ES09"
Bermuda,BM,BMU,060,Rural,12,Dry latrines - Other,0.0,"Environmental Statistics Compendium, 2012 - ES09"
Bermuda,BM,BMU,060,Rural,13,Composting toilets,0.0,"Environmental Statistics Compendium, 2012 - ES09"
Bermuda,BM,BMU,060,Rural,14,Other improved,0.0,"Environmental Statistics Compendium, 2012 - ES09"
Bermuda,BM,BMU,060,Rural,15,"No facility, bush, field",0.0,"Environmental Statistics Compendium, 2012 - ES09"
Bermuda,BM,BMU,060,Rural,16,Other unimproved,0.0,"Environmental Statistics Compendium, 2012 - ES09"
Bermuda,BM,BMU,060,Rural,17,DK/missing information,0.0,"Environmental Statistics Compendium, 2012 - ES09"
Bermuda,BM,BMU,060,National,1,Flush and pour flush - to piped sewer system,0.0,"Environmental Statistics Compendium, 2012 - ES09"
Bermuda,BM,BMU,060,National,2,Flush and pour flush - to septic tank,0.0,"Environmental Statistics Compendium, 2012 - ES09"
Bermuda,BM,BMU,060,National,3,Flush and pour flush - to pit,0.0,"Environmental Statistics Compendium, 2012 - ES09"
Bermuda,BM,BMU,060,National,4,Flush and pour flush - to unknown place/ not sure/DK,0.0,"Environmental Statistics Compendium, 2012 - ES09"
Bermuda,BM,BMU,060,National,5,Flush and pour flush - to elsewhere,0.0,"Environmental Statistics Compendium, 2012 - ES09"
Bermuda,BM,BMU,060,National,6,Dry latrines - Ventilated Improved Pit latrine,0.0,"Environmental Statistics Compendium, 2012 - ES09"
Bermuda,BM,BMU,060,National,7,Dry latrines - Pit latrine with slab/covered latrine,0.0,"Environmental Statistics Compendium, 2012 - ES09"
Bermuda,BM,BMU,060,National,8,Dry latrines - Traditional latrine,0.0,"Environmental Statistics Compendium, 2012 - ES09"
Bermuda,BM,BMU,060,National,9,Dry latrines - Pit latrine without slab/open pit,0.0,"Environmental Statistics Compendium, 2012 - ES09"
Bermuda,BM,BMU,060,National,10,Dry latrines - Hanging toilet/hanging latrine,0.0,"Environmental Statistics Compendium, 2012 - ES09"
Bermuda,BM,BMU,060,National,11,Dry latrines - Bucket latrine,0.0,"Environmental Statistics Compendium, 2012 - ES09"
Bermuda,BM,BMU,060,National,12,Dry latrines - Other,0.0,"Environmental Statistics Compendium, 2012 - ES09"
Bermuda,BM,BMU,060,National,13,Composting toilets,0.0,"Environmental Statistics Compendium, 2012 - ES09"
Bermuda,BM,BMU,060,National,14,Other improved,0.0,"Environmental Statistics Compendium, 2012 - ES09"
Bermuda,BM,BMU,060,National,15,"No facility, bush, field",0.0,"Environmental Statistics Compendium, 2012 - ES09"
Bermuda,BM,BMU,060,National,16,Other unimproved,0.0,"Environmental Statistics Compendium, 2012 - ES09"
Bermuda,BM,BMU,060,National,17,DK/missing information,0.0,"Environmental Statistics Compendium, 2012 - ES09"
Bermuda,BM,BMU,060,Urban,1,Flush and pour flush - to piped sewer system,0.0,"Environmental Statistics Compendium, 2012 - ES10"
Bermuda,BM,BMU,060,Urban,2,Flush and pour flush - to septic tank,0.0,"Environmental Statistics Compendium, 2012 - ES10"
Bermuda,BM,BMU,060,Urban,3,Flush and pour flush - to pit,0.0,"Environmental Statistics Compendium, 2012 - ES10"
Bermuda,BM,BMU,060,Urban,4,Flush and pour flush - to unknown place/ not sure/DK,0.0,"Environmental Statistics Compendium, 2012 - ES10"
Bermuda,BM,BMU,060,Urban,5,Flush and pour flush - to elsewhere,0.0,"Environmental Statistics Compendium, 2012 - ES10"
Bermuda,BM,BMU,060,Urban,6,Dry latrines - Ventilated Improved Pit latrine,0.0,"Environmental Statistics Compendium, 2012 - ES10"
Bermuda,BM,BMU,060,Urban,7,Dry latrines - Pit latrine with slab/covered latrine,0.0,"Environmental Statistics Compendium, 2012 - ES10"
Bermuda,BM,BMU,060,Urban,8,Dry latrines - Traditional latrine,0.0,"Environmental Statistics Compendium, 2012 - ES10"
Bermuda,BM,BMU,060,Urban,9,Dry latrines - Pit latrine without slab/open pit,0.0,"Environmental Statistics Compendium, 2012 - ES10"
Bermuda,BM,BMU,060,Urban,10,Dry latrines - Hanging toilet/hanging latrine,0.0,"Environmental Statistics Compendium, 2012 - ES10"
Bermuda,BM,BMU,060,Urban,11,Dry latrines - Bucket latrine,0.0,"Environmental Statistics Compendium, 2012 - ES10"
Bermuda,BM,BMU,060,Urban,12,Dry latrines - Other,0.0,"Environmental Statistics Compendium, 2012 - ES10"
Bermuda,BM,BMU,060,Urban,13,Composting toilets,0.0,"Environmental Statistics Compendium, 2012 - ES10"
Bermuda,BM,BMU,060,Urban,14,Other improved,0.0,"Environmental Statistics Compendium, 2012 - ES10"
Bermuda,BM,BMU,060,Urban,15,"No facility, bush, field",0.0,"Environmental Statistics Compendium, 2012 - ES10"
Bermuda,BM,BMU,060,Urban,16,Other unimproved,0.0,"Environmental Statistics Compendium, 2012 - ES10"
Bermuda,BM,BMU,060,Urban,17,DK/missing information,0.0,"Environmental Statistics Compendium, 2012 - ES10"
Bermuda,BM,BMU,060,Rural,1,Flush and pour flush - to piped sewer system,0.0,"Environmental Statistics Compendium, 2012 - ES10"
Bermuda,BM,BMU,060,Rural,2,Flush and pour flush - to septic tank,0.0,"Environmental Statistics Compendium, 2012 - ES10"
Bermuda,BM,BMU,060,Rural,3,Flush and pour flush - to pit,0.0,"Environmental Statistics Compendium, 2012 - ES10"
Bermuda,BM,BMU,060,Rural,4,Flush and pour flush - to unknown place/ not sure/DK,0.0,"Environmental Statistics Compendium, 2012 - ES10"
Bermuda,BM,BMU,060,Rural,5,Flush and pour flush - to elsewhere,0.0,"Environmental Statistics Compendium, 2012 - ES10"
Bermuda,BM,BMU,060,Rural,6,Dry latrines - Ventilated Improved Pit latrine,0.0,"Environmental Statistics Compendium, 2012 - ES10"
Bermuda,BM,BMU,060,Rural,7,Dry latrines - Pit latrine with slab/covered latrine,0.0,"Environmental Statistics Compendium, 2012 - ES10"
Bermuda,BM,BMU,060,Rural,8,Dry latrines - Traditional latrine,0.0,"Environmental Statistics Compendium, 2012 - ES10"
Bermuda,BM,BMU,060,Rural,9,Dry latrines - Pit latrine without slab/open pit,0.0,"Environmental Statistics Compendium, 2012 - ES10"
Bermuda,BM,BMU,060,Rural,10,Dry latrines - Hanging toilet/hanging latrine,0.0,"Environmental Statistics Compendium, 2012 - ES10"
Bermuda,BM,BMU,060,Rural,11,Dry latrines - Bucket latrine,0.0,"Environmental Statistics Compendium, 2012 - ES10"
Bermuda,BM,BMU,060,Rural,12,Dry latrines - Other,0.0,"Environmental Statistics Compendium, 2012 - ES10"
Bermuda,BM,BMU,060,Rural,13,Composting toilets,0.0,"Environmental Statistics Compendium, 2012 - ES10"
Bermuda,BM,BMU,060,Rural,14,Other improved,0.0,"Environmental Statistics Compendium, 2012 - ES10"
Bermuda,BM,BMU,060,Rural,15,"No facility, bush, field",0.0,"Environmental Statistics Compendium, 2012 - ES10"
Bermuda,BM,BMU,060,Rural,16,Other unimproved,0.0,"Environmental Statistics Compendium, 2012 - ES10"
Bermuda,BM,BMU,060,Rural,17,DK/missing information,0.0,"Environmental Statistics Compendium, 2012 - ES10"
Bermuda,BM,BMU,060,National,1,Flush and pour flush - to piped sewer system,0.0,"Environmental Statistics Compendium, 2012 - ES10"
Bermuda,BM,BMU,060,National,2,Flush and pour flush - to septic tank,0.0,"Environmental Statistics Compendium, 2012 - ES10"
Bermuda,BM,BMU,060,National,3,Flush and pour flush - to pit,0.0,"Environmental Statistics Compendium, 2012 - ES10"
Bermuda,BM,BMU,060,National,4,Flush and pour flush - to unknown place/ not sure/DK,0.0,"Environmental Statistics Compendium, 2012 - ES10"
Bermuda,BM,BMU,060,National,5,Flush and pour flush - to elsewhere,0.0,"Environmental Statistics Compendium, 2012 - ES10"
Bermuda,BM,BMU,060,National,6,Dry latrines - Ventilated Improved Pit latrine,0.0,"Environmental Statistics Compendium, 2012 - ES10"
Bermuda,BM,BMU,060,National,7,Dry latrines - Pit latrine with slab/covered latrine,0.0,"Environmental Statistics Compendium, 2012 - ES10"
Bermuda,BM,BMU,060,National,8,Dry latrines - Traditional latrine,0.0,"Environmental Statistics Compendium, 2012 - ES10"
Bermuda,BM,BMU,060,National,9,Dry latrines - Pit latrine without slab/open pit,0.0,"Environmental Statistics Compendium, 2012 - ES10"
Bermuda,BM,BMU,060,National,10,Dry latrines - Hanging toilet/hanging latrine,0.0,"Environmental Statistics Compendium, 2012 - ES10"
Bermuda,BM,BMU,060,National,11,Dry latrines - Bucket latrine,0.0,"Environmental Statistics Compendium, 2012 - ES10"
Bermuda,BM,BMU,060,National,12,Dry latrines - Other,0.0,"Environmental Statistics Compendium, 2012 - ES10"
Bermuda,BM,BMU,060,National,13,Composting toilets,0.0,"Environmental Statistics Compendium, 2012 - ES10"
Bermuda,BM,BMU,060,National,14,Other improved,0.0,"Environmental Statistics Compendium, 2012 - ES10"
Bermuda,BM,BMU,060,National,15,"No facility, bush, field",0.0,"Environmental Statistics Compendium, 2012 - ES10"
Bermuda,BM,BMU,060,National,16,Other unimproved,0.0,"Environmental Statistics Compendium, 2012 - ES10"
Bermuda,BM,BMU,060,National,17,DK/missing information,0.0,"Environmental Statistics Compendium, 2012 - ES10"
Bermuda,BM,BMU,060,Urban,1,Flush and pour flush - to piped sewer system,0.0,"Environmental Statistics Compendium, 2012 - ES11"
Bermuda,BM,BMU,060,Urban,2,Flush and pour flush - to septic tank,0.0,"Environmental Statistics Compendium, 2012 - ES11"
Bermuda,BM,BMU,060,Urban,3,Flush and pour flush - to pit,0.0,"Environmental Statistics Compendium, 2012 - ES11"
Bermuda,BM,BMU,060,Urban,4,Flush and pour flush - to unknown place/ not sure/DK,0.0,"Environmental Statistics Compendium, 2012 - ES11"
Bermuda,BM,BMU,060,Urban,5,Flush and pour flush - to elsewhere,0.0,"Environmental Statistics Compendium, 2012 - ES11"
Bermuda,BM,BMU,060,Urban,6,Dry latrines - Ventilated Improved Pit latrine,0.0,"Environmental Statistics Compendium, 2012 - ES11"
Bermuda,BM,BMU,060,Urban,7,Dry latrines - Pit latrine with slab/covered latrine,0.0,"Environmental Statistics Compendium, 2012 - ES11"
Bermuda,BM,BMU,060,Urban,8,Dry latrines - Traditional latrine,0.0,"Environmental Statistics Compendium, 2012 - ES11"
Bermuda,BM,BMU,060,Urban,9,Dry latrines - Pit latrine without slab/open pit,0.0,"Environmental Statistics Compendium, 2012 - ES11"
Bermuda,BM,BMU,060,Urban,10,Dry latrines - Hanging toilet/hanging latrine,0.0,"Environmental Statistics Compendium, 2012 - ES11"
Bermuda,BM,BMU,060,Urban,11,Dry latrines - Bucket latrine,0.0,"Environmental Statistics Compendium, 2012 - ES11"
Bermuda,BM,BMU,060,Urban,12,Dry latrines - Other,0.0,"Environmental Statistics Compendium, 2012 - ES11"
Bermuda,BM,BMU,060,Urban,13,Composting toilets,0.0,"Environmental Statistics Compendium, 2012 - ES11"
Bermuda,BM,BMU,060,Urban,14,Other improved,0.0,"Environmental Statistics Compendium, 2012 - ES11"
Bermuda,BM,BMU,060,Urban,15,"No facility, bush, field",0.0,"Environmental Statistics Compendium, 2012 - ES11"
Bermuda,BM,BMU,060,Urban,16,Other unimproved,0.0,"Environmental Statistics Compendium, 2012 - ES11"
Bermuda,BM,BMU,060,Urban,17,DK/missing information,0.0,"Environmental Statistics Compendium, 2012 - ES11"
Bermuda,BM,BMU,060,Rural,1,Flush and pour flush - to piped sewer system,0.0,"Environmental Statistics Compendium, 2012 - ES11"
Bermuda,BM,BMU,060,Rural,2,Flush and pour flush - to septic tank,0.0,"Environmental Statistics Compendium, 2012 - ES11"
Bermuda,BM,BMU,060,Rural,3,Flush and pour flush - to pit,0.0,"Environmental Statistics Compendium, 2012 - ES11"
Bermuda,BM,BMU,060,Rural,4,Flush and pour flush - to unknown place/ not sure/DK,0.0,"Environmental Statistics Compendium, 2012 - ES11"
Bermuda,BM,BMU,060,Rural,5,Flush and pour flush - to elsewhere,0.0,"Environmental Statistics Compendium, 2012 - ES11"
Bermuda,BM,BMU,060,Rural,6,Dry latrines - Ventilated Improved Pit latrine,0.0,"Environmental Statistics Compendium, 2012 - ES11"
Bermuda,BM,BMU,060,Rural,7,Dry latrines - Pit latrine with slab/covered latrine,0.0,"Environmental Statistics Compendium, 2012 - ES11"
Bermuda,BM,BMU,060,Rural,8,Dry latrines - Traditional latrine,0.0,"Environmental Statistics Compendium, 2012 - ES11"
Bermuda,BM,BMU,060,Rural,9,Dry latrines - Pit latrine without slab/open pit,0.0,"Environmental Statistics Compendium, 2012 - ES11"
Bermuda,BM,BMU,060,Rural,10,Dry latrines - Hanging toilet/hanging latrine,0.0,"Environmental Statistics Compendium, 2012 - ES11"
Bermuda,BM,BMU,060,Rural,11,Dry latrines - Bucket latrine,0.0,"Environmental Statistics Compendium, 2012 - ES11"
Bermuda,BM,BMU,060,Rural,12,Dry latrines - Other,0.0,"Environmental Statistics Compendium, 2012 - ES11"
Bermuda,BM,BMU,060,Rural,13,Composting toilets,0.0,"Environmental Statistics Compendium, 2012 - ES11"
Bermuda,BM,BMU,060,Rural,14,Other improved,0.0,"Environmental Statistics Compendium, 2012 - ES11"
Bermuda,BM,BMU,060,Rural,15,"No facility, bush, field",0.0,"Environmental Statistics Compendium, 2012 - ES11"
Bermuda,BM,BMU,060,Rural,16,Other unimproved,0.0,"Environmental Statistics Compendium, 2012 - ES11"
Bermuda,BM,BMU,060,Rural,17,DK/missing information,0.0,"Environmental Statistics Compendium, 2012 - ES11"
Bermuda,BM,BMU,060,National,1,Flush and pour flush - to piped sewer system,0.0,"Environmental Statistics Compendium, 2012 - ES11"
Bermuda,BM,BMU,060,National,2,Flush and pour flush - to septic tank,0.0,"Environmental Statistics Compendium, 2012 - ES11"
Bermuda,BM,BMU,060,National,3,Flush and pour flush - to pit,0.0,"Environmental Statistics Compendium, 2012 - ES11"
Bermuda,BM,BMU,060,National,4,Flush and pour flush - to unknown place/ not sure/DK,0.0,"Environmental Statistics Compendium, 2012 - ES11"
Bermuda,BM,BMU,060,National,5,Flush and pour flush - to elsewhere,0.0,"Environmental Statistics Compendium, 2012 - ES11"
Bermuda,BM,BMU,060,National,6,Dry latrines - Ventilated Improved Pit latrine,0.0,"Environmental Statistics Compendium, 2012 - ES11"
Bermuda,BM,BMU,060,National,7,Dry latrines - Pit latrine with slab/covered latrine,0.0,"Environmental Statistics Compendium, 2012 - ES11"
Bermuda,BM,BMU,060,National,8,Dry latrines - Traditional latrine,0.0,"Environmental Statistics Compendium, 2012 - ES11"
Bermuda,BM,BMU,060,National,9,Dry latrines - Pit latrine without slab/open pit,0.0,"Environmental Statistics Compendium, 2012 - ES11"
Bermuda,BM,BMU,060,National,10,Dry latrines - Hanging toilet/hanging latrine,0.0,"Environmental Statistics Compendium, 2012 - ES11"
Bermuda,BM,BMU,060,National,11,Dry latrines - Bucket latrine,0.0,"Environmental Statistics Compendium, 2012 - ES11"
Bermuda,BM,BMU,060,National,12,Dry latrines - Other,0.0,"Environmental Statistics Compendium, 2012 - ES11"
Bermuda,BM,BMU,060,National,13,Composting toilets,0.0,"Environmental Statistics Compendium, 2012 - ES11"
Bermuda,BM,BMU,060,National,14,Other improved,0.0,"Environmental Statistics Compendium, 2012 - ES11"
Bermuda,BM,BMU,060,National,15,"No facility, bush, field",0.0,"Environmental Statistics Compendium, 2012 - ES11"
Bermuda,BM,BMU,060,National,16,Other unimproved,0.0,"Environmental Statistics Compendium, 2012 - ES11"
Bermuda,BM,BMU,060,National,17,DK/missing information,0.0,"Environmental Statistics Compendium, 2012 - ES11"
