country,alpha-2,alpha-3,numeric,context,classific_id,classification,percentage,source
Germany,DE,DEU,276,Urban,1,Flush and pour flush - to piped sewer system,0.0,Eurostat environment database - ES01
Germany,DE,DEU,276,Urban,2,Flush and pour flush - to septic tank,0.0,Eurostat environment database - ES01
Germany,DE,DEU,276,Urban,3,Flush and pour flush - to pit,0.0,Eurostat environment database - ES01
Germany,DE,DEU,276,Urban,4,Flush and pour flush - to unknown place/ not sure/DK,0.0,Eurostat environment database - ES01
Germany,DE,DEU,276,Urban,5,Flush and pour flush - to elsewhere,0.0,Eurostat environment database - ES01
Germany,DE,DEU,276,Urban,6,Dry latrines - Ventilated Improved Pit latrine,0.0,Eurostat environment database - ES01
Germany,DE,DEU,276,Urban,7,Dry latrines - Pit latrine with slab/covered latrine,0.0,Eurostat environment database - ES01
Germany,DE,DEU,276,Urban,8,Dry latrines - Traditional latrine,0.0,Eurostat environment database - ES01
Germany,DE,DEU,276,Urban,9,Dry latrines - Pit latrine without slab/open pit,0.0,Eurostat environment database - ES01
Germany,DE,DEU,276,Urban,10,Dry latrines - Hanging toilet/hanging latrine,0.0,Eurostat environment database - ES01
Germany,DE,DEU,276,Urban,11,Dry latrines - Bucket latrine,0.0,Eurostat environment database - ES01
Germany,DE,DEU,276,Urban,12,Dry latrines - Other,0.0,Eurostat environment database - ES01
Germany,DE,DEU,276,Urban,13,Composting toilets,0.0,Eurostat environment database - ES01
Germany,DE,DEU,276,Urban,14,Other improved,0.0,Eurostat environment database - ES01
Germany,DE,DEU,276,Urban,15,"No facility, bush, field",0.0,Eurostat environment database - ES01
Germany,DE,DEU,276,Urban,16,Other unimproved,0.0,Eurostat environment database - ES01
Germany,DE,DEU,276,Urban,17,DK/missing information,0.0,Eurostat environment database - ES01
Germany,DE,DEU,276,Rural,1,Flush and pour flush - to piped sewer system,0.0,Eurostat environment database - ES01
Germany,DE,DEU,276,Rural,2,Flush and pour flush - to septic tank,0.0,Eurostat environment database - ES01
Germany,DE,DEU,276,Rural,3,Flush and pour flush - to pit,0.0,Eurostat environment database - ES01
Germany,DE,DEU,276,Rural,4,Flush and pour flush - to unknown place/ not sure/DK,0.0,Eurostat environment database - ES01
Germany,DE,DEU,276,Rural,5,Flush and pour flush - to elsewhere,0.0,Eurostat environment database - ES01
Germany,DE,DEU,276,Rural,6,Dry latrines - Ventilated Improved Pit latrine,0.0,Eurostat environment database - ES01
Germany,DE,DEU,276,Rural,7,Dry latrines - Pit latrine with slab/covered latrine,0.0,Eurostat environment database - ES01
Germany,DE,DEU,276,Rural,8,Dry latrines - Traditional latrine,0.0,Eurostat environment database - ES01
Germany,DE,DEU,276,Rural,9,Dry latrines - Pit latrine without slab/open pit,0.0,Eurostat environment database - ES01
Germany,DE,DEU,276,Rural,10,Dry latrines - Hanging toilet/hanging latrine,0.0,Eurostat environment database - ES01
Germany,DE,DEU,276,Rural,11,Dry latrines - Bucket latrine,0.0,Eurostat environment database - ES01
Germany,DE,DEU,276,Rural,12,Dry latrines - Other,0.0,Eurostat environment database - ES01
Germany,DE,DEU,276,Rural,13,Composting toilets,0.0,Eurostat environment database - ES01
Germany,DE,DEU,276,Rural,14,Other improved,0.0,Eurostat environment database - ES01
Germany,DE,DEU,276,Rural,15,"No facility, bush, field",0.0,Eurostat environment database - ES01
Germany,DE,DEU,276,Rural,16,Other unimproved,0.0,Eurostat environment database - ES01
Germany,DE,DEU,276,Rural,17,DK/missing information,0.0,Eurostat environment database - ES01
Germany,DE,DEU,276,National,1,Flush and pour flush - to piped sewer system,0.95,Eurostat environment database - ES01
Germany,DE,DEU,276,National,2,Flush and pour flush - to septic tank,0.05,Eurostat environment database - ES01
Germany,DE,DEU,276,National,3,Flush and pour flush - to pit,0.0,Eurostat environment database - ES01
Germany,DE,DEU,276,National,4,Flush and pour flush - to unknown place/ not sure/DK,0.0,Eurostat environment database - ES01
Germany,DE,DEU,276,National,5,Flush and pour flush - to elsewhere,0.0,Eurostat environment database - ES01
Germany,DE,DEU,276,National,6,Dry latrines - Ventilated Improved Pit latrine,0.0,Eurostat environment database - ES01
Germany,DE,DEU,276,National,7,Dry latrines - Pit latrine with slab/covered latrine,0.0,Eurostat environment database - ES01
Germany,DE,DEU,276,National,8,Dry latrines - Traditional latrine,0.0,Eurostat environment database - ES01
Germany,DE,DEU,276,National,9,Dry latrines - Pit latrine without slab/open pit,0.0,Eurostat environment database - ES01
Germany,DE,DEU,276,National,10,Dry latrines - Hanging toilet/hanging latrine,0.0,Eurostat environment database - ES01
Germany,DE,DEU,276,National,11,Dry latrines - Bucket latrine,0.0,Eurostat environment database - ES01
Germany,DE,DEU,276,National,12,Dry latrines - Other,0.0,Eurostat environment database - ES01
Germany,DE,DEU,276,National,13,Composting toilets,0.0,Eurostat environment database - ES01
Germany,DE,DEU,276,National,14,Other improved,0.0,Eurostat environment database - ES01
Germany,DE,DEU,276,National,15,"No facility, bush, field",0.0,Eurostat environment database - ES01
Germany,DE,DEU,276,National,16,Other unimproved,0.0,Eurostat environment database - ES01
Germany,DE,DEU,276,National,17,DK/missing information,0.0,Eurostat environment database - ES01
Germany,DE,DEU,276,Urban,1,Flush and pour flush - to piped sewer system,0.0,Eurostat environment database - ES04
Germany,DE,DEU,276,Urban,2,Flush and pour flush - to septic tank,0.0,Eurostat environment database - ES04
Germany,DE,DEU,276,Urban,3,Flush and pour flush - to pit,0.0,Eurostat environment database - ES04
Germany,DE,DEU,276,Urban,4,Flush and pour flush - to unknown place/ not sure/DK,0.0,Eurostat environment database - ES04
Germany,DE,DEU,276,Urban,5,Flush and pour flush - to elsewhere,0.0,Eurostat environment database - ES04
Germany,DE,DEU,276,Urban,6,Dry latrines - Ventilated Improved Pit latrine,0.0,Eurostat environment database - ES04
Germany,DE,DEU,276,Urban,7,Dry latrines - Pit latrine with slab/covered latrine,0.0,Eurostat environment database - ES04
Germany,DE,DEU,276,Urban,8,Dry latrines - Traditional latrine,0.0,Eurostat environment database - ES04
Germany,DE,DEU,276,Urban,9,Dry latrines - Pit latrine without slab/open pit,0.0,Eurostat environment database - ES04
Germany,DE,DEU,276,Urban,10,Dry latrines - Hanging toilet/hanging latrine,0.0,Eurostat environment database - ES04
Germany,DE,DEU,276,Urban,11,Dry latrines - Bucket latrine,0.0,Eurostat environment database - ES04
Germany,DE,DEU,276,Urban,12,Dry latrines - Other,0.0,Eurostat environment database - ES04
Germany,DE,DEU,276,Urban,13,Composting toilets,0.0,Eurostat environment database - ES04
Germany,DE,DEU,276,Urban,14,Other improved,0.0,Eurostat environment database - ES04
Germany,DE,DEU,276,Urban,15,"No facility, bush, field",0.0,Eurostat environment database - ES04
Germany,DE,DEU,276,Urban,16,Other unimproved,0.0,Eurostat environment database - ES04
Germany,DE,DEU,276,Urban,17,DK/missing information,0.0,Eurostat environment database - ES04
Germany,DE,DEU,276,Rural,1,Flush and pour flush - to piped sewer system,0.0,Eurostat environment database - ES04
Germany,DE,DEU,276,Rural,2,Flush and pour flush - to septic tank,0.0,Eurostat environment database - ES04
Germany,DE,DEU,276,Rural,3,Flush and pour flush - to pit,0.0,Eurostat environment database - ES04
Germany,DE,DEU,276,Rural,4,Flush and pour flush - to unknown place/ not sure/DK,0.0,Eurostat environment database - ES04
Germany,DE,DEU,276,Rural,5,Flush and pour flush - to elsewhere,0.0,Eurostat environment database - ES04
Germany,DE,DEU,276,Rural,6,Dry latrines - Ventilated Improved Pit latrine,0.0,Eurostat environment database - ES04
Germany,DE,DEU,276,Rural,7,Dry latrines - Pit latrine with slab/covered latrine,0.0,Eurostat environment database - ES04
Germany,DE,DEU,276,Rural,8,Dry latrines - Traditional latrine,0.0,Eurostat environment database - ES04
Germany,DE,DEU,276,Rural,9,Dry latrines - Pit latrine without slab/open pit,0.0,Eurostat environment database - ES04
Germany,DE,DEU,276,Rural,10,Dry latrines - Hanging toilet/hanging latrine,0.0,Eurostat environment database - ES04
Germany,DE,DEU,276,Rural,11,Dry latrines - Bucket latrine,0.0,Eurostat environment database - ES04
Germany,DE,DEU,276,Rural,12,Dry latrines - Other,0.0,Eurostat environment database - ES04
Germany,DE,DEU,276,Rural,13,Composting toilets,0.0,Eurostat environment database - ES04
Germany,DE,DEU,276,Rural,14,Other improved,0.0,Eurostat environment database - ES04
Germany,DE,DEU,276,Rural,15,"No facility, bush, field",0.0,Eurostat environment database - ES04
Germany,DE,DEU,276,Rural,16,Other unimproved,0.0,Eurostat environment database - ES04
Germany,DE,DEU,276,Rural,17,DK/missing information,0.0,Eurostat environment database - ES04
Germany,DE,DEU,276,National,1,Flush and pour flush - to piped sewer system,0.96,Eurostat environment database - ES04
Germany,DE,DEU,276,National,2,Flush and pour flush - to septic tank,0.05,Eurostat environment database - ES04
Germany,DE,DEU,276,National,3,Flush and pour flush - to pit,0.0,Eurostat environment database - ES04
Germany,DE,DEU,276,National,4,Flush and pour flush - to unknown place/ not sure/DK,0.0,Eurostat environment database - ES04
Germany,DE,DEU,276,National,5,Flush and pour flush - to elsewhere,0.0,Eurostat environment database - ES04
Germany,DE,DEU,276,National,6,Dry latrines - Ventilated Improved Pit latrine,0.0,Eurostat environment database - ES04
Germany,DE,DEU,276,National,7,Dry latrines - Pit latrine with slab/covered latrine,0.0,Eurostat environment database - ES04
Germany,DE,DEU,276,National,8,Dry latrines - Traditional latrine,0.0,Eurostat environment database - ES04
Germany,DE,DEU,276,National,9,Dry latrines - Pit latrine without slab/open pit,0.0,Eurostat environment database - ES04
Germany,DE,DEU,276,National,10,Dry latrines - Hanging toilet/hanging latrine,0.0,Eurostat environment database - ES04
Germany,DE,DEU,276,National,11,Dry latrines - Bucket latrine,0.0,Eurostat environment database - ES04
Germany,DE,DEU,276,National,12,Dry latrines - Other,0.0,Eurostat environment database - ES04
Germany,DE,DEU,276,National,13,Composting toilets,0.0,Eurostat environment database - ES04
Germany,DE,DEU,276,National,14,Other improved,0.0,Eurostat environment database - ES04
Germany,DE,DEU,276,National,15,"No facility, bush, field",0.0,Eurostat environment database - ES04
Germany,DE,DEU,276,National,16,Other unimproved,0.0,Eurostat environment database - ES04
Germany,DE,DEU,276,National,17,DK/missing information,0.0,Eurostat environment database - ES04
Germany,DE,DEU,276,Urban,1,Flush and pour flush - to piped sewer system,0.991,Eurostat SILC database - EUSILC12
Germany,DE,DEU,276,Urban,2,Flush and pour flush - to septic tank,0.01,Eurostat SILC database - EUSILC12
Germany,DE,DEU,276,Urban,3,Flush and pour flush - to pit,0.0,Eurostat SILC database - EUSILC12
Germany,DE,DEU,276,Urban,4,Flush and pour flush - to unknown place/ not sure/DK,0.0,Eurostat SILC database - EUSILC12
Germany,DE,DEU,276,Urban,5,Flush and pour flush - to elsewhere,0.0,Eurostat SILC database - EUSILC12
Germany,DE,DEU,276,Urban,6,Dry latrines - Ventilated Improved Pit latrine,0.0,Eurostat SILC database - EUSILC12
Germany,DE,DEU,276,Urban,7,Dry latrines - Pit latrine with slab/covered latrine,0.0,Eurostat SILC database - EUSILC12
Germany,DE,DEU,276,Urban,8,Dry latrines - Traditional latrine,0.0,Eurostat SILC database - EUSILC12
Germany,DE,DEU,276,Urban,9,Dry latrines - Pit latrine without slab/open pit,0.0,Eurostat SILC database - EUSILC12
Germany,DE,DEU,276,Urban,10,Dry latrines - Hanging toilet/hanging latrine,0.0,Eurostat SILC database - EUSILC12
Germany,DE,DEU,276,Urban,11,Dry latrines - Bucket latrine,0.0,Eurostat SILC database - EUSILC12
Germany,DE,DEU,276,Urban,12,Dry latrines - Other,0.0,Eurostat SILC database - EUSILC12
Germany,DE,DEU,276,Urban,13,Composting toilets,0.0,Eurostat SILC database - EUSILC12
Germany,DE,DEU,276,Urban,14,Other improved,0.0,Eurostat SILC database - EUSILC12
Germany,DE,DEU,276,Urban,15,"No facility, bush, field",0.0,Eurostat SILC database - EUSILC12
Germany,DE,DEU,276,Urban,16,Other unimproved,0.01,Eurostat SILC database - EUSILC12
Germany,DE,DEU,276,Urban,17,DK/missing information,0.0,Eurostat SILC database - EUSILC12
Germany,DE,DEU,276,Rural,1,Flush and pour flush - to piped sewer system,0.992,Eurostat SILC database - EUSILC12
Germany,DE,DEU,276,Rural,2,Flush and pour flush - to septic tank,0.147,Eurostat SILC database - EUSILC12
Germany,DE,DEU,276,Rural,3,Flush and pour flush - to pit,0.0,Eurostat SILC database - EUSILC12
Germany,DE,DEU,276,Rural,4,Flush and pour flush - to unknown place/ not sure/DK,0.0,Eurostat SILC database - EUSILC12
Germany,DE,DEU,276,Rural,5,Flush and pour flush - to elsewhere,0.0,Eurostat SILC database - EUSILC12
Germany,DE,DEU,276,Rural,6,Dry latrines - Ventilated Improved Pit latrine,0.0,Eurostat SILC database - EUSILC12
Germany,DE,DEU,276,Rural,7,Dry latrines - Pit latrine with slab/covered latrine,0.0,Eurostat SILC database - EUSILC12
Germany,DE,DEU,276,Rural,8,Dry latrines - Traditional latrine,0.0,Eurostat SILC database - EUSILC12
Germany,DE,DEU,276,Rural,9,Dry latrines - Pit latrine without slab/open pit,0.0,Eurostat SILC database - EUSILC12
Germany,DE,DEU,276,Rural,10,Dry latrines - Hanging toilet/hanging latrine,0.0,Eurostat SILC database - EUSILC12
Germany,DE,DEU,276,Rural,11,Dry latrines - Bucket latrine,0.0,Eurostat SILC database - EUSILC12
Germany,DE,DEU,276,Rural,12,Dry latrines - Other,0.0,Eurostat SILC database - EUSILC12
Germany,DE,DEU,276,Rural,13,Composting toilets,0.0,Eurostat SILC database - EUSILC12
Germany,DE,DEU,276,Rural,14,Other improved,0.0,Eurostat SILC database - EUSILC12
Germany,DE,DEU,276,Rural,15,"No facility, bush, field",0.0,Eurostat SILC database - EUSILC12
Germany,DE,DEU,276,Rural,16,Other unimproved,0.01,Eurostat SILC database - EUSILC12
Germany,DE,DEU,276,Rural,17,DK/missing information,0.0,Eurostat SILC database - EUSILC12
Germany,DE,DEU,276,National,1,Flush and pour flush - to piped sewer system,0.993,Eurostat SILC database - EUSILC12
Germany,DE,DEU,276,National,2,Flush and pour flush - to septic tank,0.045,Eurostat SILC database - EUSILC12
Germany,DE,DEU,276,National,3,Flush and pour flush - to pit,0.0,Eurostat SILC database - EUSILC12
Germany,DE,DEU,276,National,4,Flush and pour flush - to unknown place/ not sure/DK,0.0,Eurostat SILC database - EUSILC12
Germany,DE,DEU,276,National,5,Flush and pour flush - to elsewhere,0.0,Eurostat SILC database - EUSILC12
Germany,DE,DEU,276,National,6,Dry latrines - Ventilated Improved Pit latrine,0.0,Eurostat SILC database - EUSILC12
Germany,DE,DEU,276,National,7,Dry latrines - Pit latrine with slab/covered latrine,0.0,Eurostat SILC database - EUSILC12
Germany,DE,DEU,276,National,8,Dry latrines - Traditional latrine,0.0,Eurostat SILC database - EUSILC12
Germany,DE,DEU,276,National,9,Dry latrines - Pit latrine without slab/open pit,0.0,Eurostat SILC database - EUSILC12
Germany,DE,DEU,276,National,10,Dry latrines - Hanging toilet/hanging latrine,0.0,Eurostat SILC database - EUSILC12
Germany,DE,DEU,276,National,11,Dry latrines - Bucket latrine,0.0,Eurostat SILC database - EUSILC12
Germany,DE,DEU,276,National,12,Dry latrines - Other,0.0,Eurostat SILC database - EUSILC12
Germany,DE,DEU,276,National,13,Composting toilets,0.0,Eurostat SILC database - EUSILC12
Germany,DE,DEU,276,National,14,Other improved,0.0,Eurostat SILC database - EUSILC12
Germany,DE,DEU,276,National,15,"No facility, bush, field",0.0,Eurostat SILC database - EUSILC12
Germany,DE,DEU,276,National,16,Other unimproved,0.01,Eurostat SILC database - EUSILC12
Germany,DE,DEU,276,National,17,DK/missing information,0.0,Eurostat SILC database - EUSILC12
Germany,DE,DEU,276,Urban,1,Flush and pour flush - to piped sewer system,0.0,Report of the Federal Statistics Office on public water supply and publis sanitation - FSO13
Germany,DE,DEU,276,Urban,2,Flush and pour flush - to septic tank,0.0,Report of the Federal Statistics Office on public water supply and publis sanitation - FSO13
Germany,DE,DEU,276,Urban,3,Flush and pour flush - to pit,0.0,Report of the Federal Statistics Office on public water supply and publis sanitation - FSO13
Germany,DE,DEU,276,Urban,4,Flush and pour flush - to unknown place/ not sure/DK,0.0,Report of the Federal Statistics Office on public water supply and publis sanitation - FSO13
Germany,DE,DEU,276,Urban,5,Flush and pour flush - to elsewhere,0.0,Report of the Federal Statistics Office on public water supply and publis sanitation - FSO13
Germany,DE,DEU,276,Urban,6,Dry latrines - Ventilated Improved Pit latrine,0.0,Report of the Federal Statistics Office on public water supply and publis sanitation - FSO13
Germany,DE,DEU,276,Urban,7,Dry latrines - Pit latrine with slab/covered latrine,0.0,Report of the Federal Statistics Office on public water supply and publis sanitation - FSO13
Germany,DE,DEU,276,Urban,8,Dry latrines - Traditional latrine,0.0,Report of the Federal Statistics Office on public water supply and publis sanitation - FSO13
Germany,DE,DEU,276,Urban,9,Dry latrines - Pit latrine without slab/open pit,0.0,Report of the Federal Statistics Office on public water supply and publis sanitation - FSO13
Germany,DE,DEU,276,Urban,10,Dry latrines - Hanging toilet/hanging latrine,0.0,Report of the Federal Statistics Office on public water supply and publis sanitation - FSO13
Germany,DE,DEU,276,Urban,11,Dry latrines - Bucket latrine,0.0,Report of the Federal Statistics Office on public water supply and publis sanitation - FSO13
Germany,DE,DEU,276,Urban,12,Dry latrines - Other,0.0,Report of the Federal Statistics Office on public water supply and publis sanitation - FSO13
Germany,DE,DEU,276,Urban,13,Composting toilets,0.0,Report of the Federal Statistics Office on public water supply and publis sanitation - FSO13
Germany,DE,DEU,276,Urban,14,Other improved,0.0,Report of the Federal Statistics Office on public water supply and publis sanitation - FSO13
Germany,DE,DEU,276,Urban,15,"No facility, bush, field",0.0,Report of the Federal Statistics Office on public water supply and publis sanitation - FSO13
Germany,DE,DEU,276,Urban,16,Other unimproved,0.0,Report of the Federal Statistics Office on public water supply and publis sanitation - FSO13
Germany,DE,DEU,276,Urban,17,DK/missing information,0.0,Report of the Federal Statistics Office on public water supply and publis sanitation - FSO13
Germany,DE,DEU,276,Rural,1,Flush and pour flush - to piped sewer system,0.0,Report of the Federal Statistics Office on public water supply and publis sanitation - FSO13
Germany,DE,DEU,276,Rural,2,Flush and pour flush - to septic tank,0.0,Report of the Federal Statistics Office on public water supply and publis sanitation - FSO13
Germany,DE,DEU,276,Rural,3,Flush and pour flush - to pit,0.0,Report of the Federal Statistics Office on public water supply and publis sanitation - FSO13
Germany,DE,DEU,276,Rural,4,Flush and pour flush - to unknown place/ not sure/DK,0.0,Report of the Federal Statistics Office on public water supply and publis sanitation - FSO13
Germany,DE,DEU,276,Rural,5,Flush and pour flush - to elsewhere,0.0,Report of the Federal Statistics Office on public water supply and publis sanitation - FSO13
Germany,DE,DEU,276,Rural,6,Dry latrines - Ventilated Improved Pit latrine,0.0,Report of the Federal Statistics Office on public water supply and publis sanitation - FSO13
Germany,DE,DEU,276,Rural,7,Dry latrines - Pit latrine with slab/covered latrine,0.0,Report of the Federal Statistics Office on public water supply and publis sanitation - FSO13
Germany,DE,DEU,276,Rural,8,Dry latrines - Traditional latrine,0.0,Report of the Federal Statistics Office on public water supply and publis sanitation - FSO13
Germany,DE,DEU,276,Rural,9,Dry latrines - Pit latrine without slab/open pit,0.0,Report of the Federal Statistics Office on public water supply and publis sanitation - FSO13
Germany,DE,DEU,276,Rural,10,Dry latrines - Hanging toilet/hanging latrine,0.0,Report of the Federal Statistics Office on public water supply and publis sanitation - FSO13
Germany,DE,DEU,276,Rural,11,Dry latrines - Bucket latrine,0.0,Report of the Federal Statistics Office on public water supply and publis sanitation - FSO13
Germany,DE,DEU,276,Rural,12,Dry latrines - Other,0.0,Report of the Federal Statistics Office on public water supply and publis sanitation - FSO13
Germany,DE,DEU,276,Rural,13,Composting toilets,0.0,Report of the Federal Statistics Office on public water supply and publis sanitation - FSO13
Germany,DE,DEU,276,Rural,14,Other improved,0.0,Report of the Federal Statistics Office on public water supply and publis sanitation - FSO13
Germany,DE,DEU,276,Rural,15,"No facility, bush, field",0.0,Report of the Federal Statistics Office on public water supply and publis sanitation - FSO13
Germany,DE,DEU,276,Rural,16,Other unimproved,0.0,Report of the Federal Statistics Office on public water supply and publis sanitation - FSO13
Germany,DE,DEU,276,Rural,17,DK/missing information,0.0,Report of the Federal Statistics Office on public water supply and publis sanitation - FSO13
Germany,DE,DEU,276,National,1,Flush and pour flush - to piped sewer system,0.969,Report of the Federal Statistics Office on public water supply and publis sanitation - FSO13
Germany,DE,DEU,276,National,2,Flush and pour flush - to septic tank,0.025,Report of the Federal Statistics Office on public water supply and publis sanitation - FSO13
Germany,DE,DEU,276,National,3,Flush and pour flush - to pit,0.006,Report of the Federal Statistics Office on public water supply and publis sanitation - FSO13
Germany,DE,DEU,276,National,4,Flush and pour flush - to unknown place/ not sure/DK,0.0,Report of the Federal Statistics Office on public water supply and publis sanitation - FSO13
Germany,DE,DEU,276,National,5,Flush and pour flush - to elsewhere,0.0,Report of the Federal Statistics Office on public water supply and publis sanitation - FSO13
Germany,DE,DEU,276,National,6,Dry latrines - Ventilated Improved Pit latrine,0.0,Report of the Federal Statistics Office on public water supply and publis sanitation - FSO13
Germany,DE,DEU,276,National,7,Dry latrines - Pit latrine with slab/covered latrine,0.0,Report of the Federal Statistics Office on public water supply and publis sanitation - FSO13
Germany,DE,DEU,276,National,8,Dry latrines - Traditional latrine,0.0,Report of the Federal Statistics Office on public water supply and publis sanitation - FSO13
Germany,DE,DEU,276,National,9,Dry latrines - Pit latrine without slab/open pit,0.0,Report of the Federal Statistics Office on public water supply and publis sanitation - FSO13
Germany,DE,DEU,276,National,10,Dry latrines - Hanging toilet/hanging latrine,0.0,Report of the Federal Statistics Office on public water supply and publis sanitation - FSO13
Germany,DE,DEU,276,National,11,Dry latrines - Bucket latrine,0.0,Report of the Federal Statistics Office on public water supply and publis sanitation - FSO13
Germany,DE,DEU,276,National,12,Dry latrines - Other,0.0,Report of the Federal Statistics Office on public water supply and publis sanitation - FSO13
Germany,DE,DEU,276,National,13,Composting toilets,0.0,Report of the Federal Statistics Office on public water supply and publis sanitation - FSO13
Germany,DE,DEU,276,National,14,Other improved,0.0,Report of the Federal Statistics Office on public water supply and publis sanitation - FSO13
Germany,DE,DEU,276,National,15,"No facility, bush, field",0.0,Report of the Federal Statistics Office on public water supply and publis sanitation - FSO13
Germany,DE,DEU,276,National,16,Other unimproved,0.0,Report of the Federal Statistics Office on public water supply and publis sanitation - FSO13
Germany,DE,DEU,276,National,17,DK/missing information,0.0,Report of the Federal Statistics Office on public water supply and publis sanitation - FSO13
Germany,DE,DEU,276,Urban,1,Flush and pour flush - to piped sewer system,0.998,Eurostat SILC database - EUSILC13
Germany,DE,DEU,276,Urban,2,Flush and pour flush - to septic tank,0.002,Eurostat SILC database - EUSILC13
Germany,DE,DEU,276,Urban,3,Flush and pour flush - to pit,0.0,Eurostat SILC database - EUSILC13
Germany,DE,DEU,276,Urban,4,Flush and pour flush - to unknown place/ not sure/DK,0.0,Eurostat SILC database - EUSILC13
Germany,DE,DEU,276,Urban,5,Flush and pour flush - to elsewhere,0.0,Eurostat SILC database - EUSILC13
Germany,DE,DEU,276,Urban,6,Dry latrines - Ventilated Improved Pit latrine,0.0,Eurostat SILC database - EUSILC13
Germany,DE,DEU,276,Urban,7,Dry latrines - Pit latrine with slab/covered latrine,0.0,Eurostat SILC database - EUSILC13
Germany,DE,DEU,276,Urban,8,Dry latrines - Traditional latrine,0.0,Eurostat SILC database - EUSILC13
Germany,DE,DEU,276,Urban,9,Dry latrines - Pit latrine without slab/open pit,0.0,Eurostat SILC database - EUSILC13
Germany,DE,DEU,276,Urban,10,Dry latrines - Hanging toilet/hanging latrine,0.0,Eurostat SILC database - EUSILC13
Germany,DE,DEU,276,Urban,11,Dry latrines - Bucket latrine,0.0,Eurostat SILC database - EUSILC13
Germany,DE,DEU,276,Urban,12,Dry latrines - Other,0.0,Eurostat SILC database - EUSILC13
Germany,DE,DEU,276,Urban,13,Composting toilets,0.0,Eurostat SILC database - EUSILC13
Germany,DE,DEU,276,Urban,14,Other improved,0.0,Eurostat SILC database - EUSILC13
Germany,DE,DEU,276,Urban,15,"No facility, bush, field",0.0,Eurostat SILC database - EUSILC13
Germany,DE,DEU,276,Urban,16,Other unimproved,0.002,Eurostat SILC database - EUSILC13
Germany,DE,DEU,276,Urban,17,DK/missing information,0.0,Eurostat SILC database - EUSILC13
Germany,DE,DEU,276,Rural,1,Flush and pour flush - to piped sewer system,0.999,Eurostat SILC database - EUSILC13
Germany,DE,DEU,276,Rural,2,Flush and pour flush - to septic tank,0.138,Eurostat SILC database - EUSILC13
Germany,DE,DEU,276,Rural,3,Flush and pour flush - to pit,0.0,Eurostat SILC database - EUSILC13
Germany,DE,DEU,276,Rural,4,Flush and pour flush - to unknown place/ not sure/DK,0.0,Eurostat SILC database - EUSILC13
Germany,DE,DEU,276,Rural,5,Flush and pour flush - to elsewhere,0.0,Eurostat SILC database - EUSILC13
Germany,DE,DEU,276,Rural,6,Dry latrines - Ventilated Improved Pit latrine,0.0,Eurostat SILC database - EUSILC13
Germany,DE,DEU,276,Rural,7,Dry latrines - Pit latrine with slab/covered latrine,0.0,Eurostat SILC database - EUSILC13
Germany,DE,DEU,276,Rural,8,Dry latrines - Traditional latrine,0.0,Eurostat SILC database - EUSILC13
Germany,DE,DEU,276,Rural,9,Dry latrines - Pit latrine without slab/open pit,0.0,Eurostat SILC database - EUSILC13
Germany,DE,DEU,276,Rural,10,Dry latrines - Hanging toilet/hanging latrine,0.0,Eurostat SILC database - EUSILC13
Germany,DE,DEU,276,Rural,11,Dry latrines - Bucket latrine,0.0,Eurostat SILC database - EUSILC13
Germany,DE,DEU,276,Rural,12,Dry latrines - Other,0.0,Eurostat SILC database - EUSILC13
Germany,DE,DEU,276,Rural,13,Composting toilets,0.0,Eurostat SILC database - EUSILC13
Germany,DE,DEU,276,Rural,14,Other improved,0.0,Eurostat SILC database - EUSILC13
Germany,DE,DEU,276,Rural,15,"No facility, bush, field",0.0,Eurostat SILC database - EUSILC13
Germany,DE,DEU,276,Rural,16,Other unimproved,0.001,Eurostat SILC database - EUSILC13
Germany,DE,DEU,276,Rural,17,DK/missing information,0.0,Eurostat SILC database - EUSILC13
Germany,DE,DEU,276,National,1,Flush and pour flush - to piped sewer system,0.999,Eurostat SILC database - EUSILC13
Germany,DE,DEU,276,National,2,Flush and pour flush - to septic tank,0.035,Eurostat SILC database - EUSILC13
Germany,DE,DEU,276,National,3,Flush and pour flush - to pit,0.0,Eurostat SILC database - EUSILC13
Germany,DE,DEU,276,National,4,Flush and pour flush - to unknown place/ not sure/DK,0.0,Eurostat SILC database - EUSILC13
Germany,DE,DEU,276,National,5,Flush and pour flush - to elsewhere,0.0,Eurostat SILC database - EUSILC13
Germany,DE,DEU,276,National,6,Dry latrines - Ventilated Improved Pit latrine,0.0,Eurostat SILC database - EUSILC13
Germany,DE,DEU,276,National,7,Dry latrines - Pit latrine with slab/covered latrine,0.0,Eurostat SILC database - EUSILC13
Germany,DE,DEU,276,National,8,Dry latrines - Traditional latrine,0.0,Eurostat SILC database - EUSILC13
Germany,DE,DEU,276,National,9,Dry latrines - Pit latrine without slab/open pit,0.0,Eurostat SILC database - EUSILC13
Germany,DE,DEU,276,National,10,Dry latrines - Hanging toilet/hanging latrine,0.0,Eurostat SILC database - EUSILC13
Germany,DE,DEU,276,National,11,Dry latrines - Bucket latrine,0.0,Eurostat SILC database - EUSILC13
Germany,DE,DEU,276,National,12,Dry latrines - Other,0.0,Eurostat SILC database - EUSILC13
Germany,DE,DEU,276,National,13,Composting toilets,0.0,Eurostat SILC database - EUSILC13
Germany,DE,DEU,276,National,14,Other improved,0.0,Eurostat SILC database - EUSILC13
Germany,DE,DEU,276,National,15,"No facility, bush, field",0.0,Eurostat SILC database - EUSILC13
Germany,DE,DEU,276,National,16,Other unimproved,0.001,Eurostat SILC database - EUSILC13
Germany,DE,DEU,276,National,17,DK/missing information,0.0,Eurostat SILC database - EUSILC13
Germany,DE,DEU,276,Urban,1,Flush and pour flush - to piped sewer system,1.0,Eurostat SILC database - EUSILC14
Germany,DE,DEU,276,Urban,2,Flush and pour flush - to septic tank,0.0,Eurostat SILC database - EUSILC14
Germany,DE,DEU,276,Urban,3,Flush and pour flush - to pit,0.0,Eurostat SILC database - EUSILC14
Germany,DE,DEU,276,Urban,4,Flush and pour flush - to unknown place/ not sure/DK,0.0,Eurostat SILC database - EUSILC14
Germany,DE,DEU,276,Urban,5,Flush and pour flush - to elsewhere,0.0,Eurostat SILC database - EUSILC14
Germany,DE,DEU,276,Urban,6,Dry latrines - Ventilated Improved Pit latrine,0.0,Eurostat SILC database - EUSILC14
Germany,DE,DEU,276,Urban,7,Dry latrines - Pit latrine with slab/covered latrine,0.0,Eurostat SILC database - EUSILC14
Germany,DE,DEU,276,Urban,8,Dry latrines - Traditional latrine,0.0,Eurostat SILC database - EUSILC14
Germany,DE,DEU,276,Urban,9,Dry latrines - Pit latrine without slab/open pit,0.0,Eurostat SILC database - EUSILC14
Germany,DE,DEU,276,Urban,10,Dry latrines - Hanging toilet/hanging latrine,0.0,Eurostat SILC database - EUSILC14
Germany,DE,DEU,276,Urban,11,Dry latrines - Bucket latrine,0.0,Eurostat SILC database - EUSILC14
Germany,DE,DEU,276,Urban,12,Dry latrines - Other,0.0,Eurostat SILC database - EUSILC14
Germany,DE,DEU,276,Urban,13,Composting toilets,0.0,Eurostat SILC database - EUSILC14
Germany,DE,DEU,276,Urban,14,Other improved,0.0,Eurostat SILC database - EUSILC14
Germany,DE,DEU,276,Urban,15,"No facility, bush, field",0.0,Eurostat SILC database - EUSILC14
Germany,DE,DEU,276,Urban,16,Other unimproved,0.0,Eurostat SILC database - EUSILC14
Germany,DE,DEU,276,Urban,17,DK/missing information,0.0,Eurostat SILC database - EUSILC14
Germany,DE,DEU,276,Rural,1,Flush and pour flush - to piped sewer system,1.0,Eurostat SILC database - EUSILC14
Germany,DE,DEU,276,Rural,2,Flush and pour flush - to septic tank,0.138,Eurostat SILC database - EUSILC14
Germany,DE,DEU,276,Rural,3,Flush and pour flush - to pit,0.0,Eurostat SILC database - EUSILC14
Germany,DE,DEU,276,Rural,4,Flush and pour flush - to unknown place/ not sure/DK,0.0,Eurostat SILC database - EUSILC14
Germany,DE,DEU,276,Rural,5,Flush and pour flush - to elsewhere,0.0,Eurostat SILC database - EUSILC14
Germany,DE,DEU,276,Rural,6,Dry latrines - Ventilated Improved Pit latrine,0.0,Eurostat SILC database - EUSILC14
Germany,DE,DEU,276,Rural,7,Dry latrines - Pit latrine with slab/covered latrine,0.0,Eurostat SILC database - EUSILC14
Germany,DE,DEU,276,Rural,8,Dry latrines - Traditional latrine,0.0,Eurostat SILC database - EUSILC14
Germany,DE,DEU,276,Rural,9,Dry latrines - Pit latrine without slab/open pit,0.0,Eurostat SILC database - EUSILC14
Germany,DE,DEU,276,Rural,10,Dry latrines - Hanging toilet/hanging latrine,0.0,Eurostat SILC database - EUSILC14
Germany,DE,DEU,276,Rural,11,Dry latrines - Bucket latrine,0.0,Eurostat SILC database - EUSILC14
Germany,DE,DEU,276,Rural,12,Dry latrines - Other,0.0,Eurostat SILC database - EUSILC14
Germany,DE,DEU,276,Rural,13,Composting toilets,0.0,Eurostat SILC database - EUSILC14
Germany,DE,DEU,276,Rural,14,Other improved,0.0,Eurostat SILC database - EUSILC14
Germany,DE,DEU,276,Rural,15,"No facility, bush, field",0.0,Eurostat SILC database - EUSILC14
Germany,DE,DEU,276,Rural,16,Other unimproved,0.0,Eurostat SILC database - EUSILC14
Germany,DE,DEU,276,Rural,17,DK/missing information,0.0,Eurostat SILC database - EUSILC14
Germany,DE,DEU,276,National,1,Flush and pour flush - to piped sewer system,1.0,Eurostat SILC database - EUSILC14
Germany,DE,DEU,276,National,2,Flush and pour flush - to septic tank,0.034,Eurostat SILC database - EUSILC14
Germany,DE,DEU,276,National,3,Flush and pour flush - to pit,0.0,Eurostat SILC database - EUSILC14
Germany,DE,DEU,276,National,4,Flush and pour flush - to unknown place/ not sure/DK,0.0,Eurostat SILC database - EUSILC14
Germany,DE,DEU,276,National,5,Flush and pour flush - to elsewhere,0.0,Eurostat SILC database - EUSILC14
Germany,DE,DEU,276,National,6,Dry latrines - Ventilated Improved Pit latrine,0.0,Eurostat SILC database - EUSILC14
Germany,DE,DEU,276,National,7,Dry latrines - Pit latrine with slab/covered latrine,0.0,Eurostat SILC database - EUSILC14
Germany,DE,DEU,276,National,8,Dry latrines - Traditional latrine,0.0,Eurostat SILC database - EUSILC14
Germany,DE,DEU,276,National,9,Dry latrines - Pit latrine without slab/open pit,0.0,Eurostat SILC database - EUSILC14
Germany,DE,DEU,276,National,10,Dry latrines - Hanging toilet/hanging latrine,0.0,Eurostat SILC database - EUSILC14
Germany,DE,DEU,276,National,11,Dry latrines - Bucket latrine,0.0,Eurostat SILC database - EUSILC14
Germany,DE,DEU,276,National,12,Dry latrines - Other,0.0,Eurostat SILC database - EUSILC14
Germany,DE,DEU,276,National,13,Composting toilets,0.0,Eurostat SILC database - EUSILC14
Germany,DE,DEU,276,National,14,Other improved,0.0,Eurostat SILC database - EUSILC14
Germany,DE,DEU,276,National,15,"No facility, bush, field",0.0,Eurostat SILC database - EUSILC14
Germany,DE,DEU,276,National,16,Other unimproved,0.0,Eurostat SILC database - EUSILC14
Germany,DE,DEU,276,National,17,DK/missing information,0.0,Eurostat SILC database - EUSILC14
Germany,DE,DEU,276,Urban,1,Flush and pour flush - to piped sewer system,0.999,Eurostat SILC database - EUSILC15
Germany,DE,DEU,276,Urban,2,Flush and pour flush - to septic tank,0.001,Eurostat SILC database - EUSILC15
Germany,DE,DEU,276,Urban,3,Flush and pour flush - to pit,0.0,Eurostat SILC database - EUSILC15
Germany,DE,DEU,276,Urban,4,Flush and pour flush - to unknown place/ not sure/DK,0.0,Eurostat SILC database - EUSILC15
Germany,DE,DEU,276,Urban,5,Flush and pour flush - to elsewhere,0.0,Eurostat SILC database - EUSILC15
Germany,DE,DEU,276,Urban,6,Dry latrines - Ventilated Improved Pit latrine,0.0,Eurostat SILC database - EUSILC15
Germany,DE,DEU,276,Urban,7,Dry latrines - Pit latrine with slab/covered latrine,0.0,Eurostat SILC database - EUSILC15
Germany,DE,DEU,276,Urban,8,Dry latrines - Traditional latrine,0.0,Eurostat SILC database - EUSILC15
Germany,DE,DEU,276,Urban,9,Dry latrines - Pit latrine without slab/open pit,0.0,Eurostat SILC database - EUSILC15
Germany,DE,DEU,276,Urban,10,Dry latrines - Hanging toilet/hanging latrine,0.0,Eurostat SILC database - EUSILC15
Germany,DE,DEU,276,Urban,11,Dry latrines - Bucket latrine,0.0,Eurostat SILC database - EUSILC15
Germany,DE,DEU,276,Urban,12,Dry latrines - Other,0.0,Eurostat SILC database - EUSILC15
Germany,DE,DEU,276,Urban,13,Composting toilets,0.0,Eurostat SILC database - EUSILC15
Germany,DE,DEU,276,Urban,14,Other improved,0.0,Eurostat SILC database - EUSILC15
Germany,DE,DEU,276,Urban,15,"No facility, bush, field",0.0,Eurostat SILC database - EUSILC15
Germany,DE,DEU,276,Urban,16,Other unimproved,0.001,Eurostat SILC database - EUSILC15
Germany,DE,DEU,276,Urban,17,DK/missing information,0.0,Eurostat SILC database - EUSILC15
Germany,DE,DEU,276,Rural,1,Flush and pour flush - to piped sewer system,0.998,Eurostat SILC database - EUSILC15
Germany,DE,DEU,276,Rural,2,Flush and pour flush - to septic tank,0.142,Eurostat SILC database - EUSILC15
Germany,DE,DEU,276,Rural,3,Flush and pour flush - to pit,0.0,Eurostat SILC database - EUSILC15
Germany,DE,DEU,276,Rural,4,Flush and pour flush - to unknown place/ not sure/DK,0.0,Eurostat SILC database - EUSILC15
Germany,DE,DEU,276,Rural,5,Flush and pour flush - to elsewhere,0.0,Eurostat SILC database - EUSILC15
Germany,DE,DEU,276,Rural,6,Dry latrines - Ventilated Improved Pit latrine,0.0,Eurostat SILC database - EUSILC15
Germany,DE,DEU,276,Rural,7,Dry latrines - Pit latrine with slab/covered latrine,0.0,Eurostat SILC database - EUSILC15
Germany,DE,DEU,276,Rural,8,Dry latrines - Traditional latrine,0.0,Eurostat SILC database - EUSILC15
Germany,DE,DEU,276,Rural,9,Dry latrines - Pit latrine without slab/open pit,0.0,Eurostat SILC database - EUSILC15
Germany,DE,DEU,276,Rural,10,Dry latrines - Hanging toilet/hanging latrine,0.0,Eurostat SILC database - EUSILC15
Germany,DE,DEU,276,Rural,11,Dry latrines - Bucket latrine,0.0,Eurostat SILC database - EUSILC15
Germany,DE,DEU,276,Rural,12,Dry latrines - Other,0.0,Eurostat SILC database - EUSILC15
Germany,DE,DEU,276,Rural,13,Composting toilets,0.0,Eurostat SILC database - EUSILC15
Germany,DE,DEU,276,Rural,14,Other improved,0.0,Eurostat SILC database - EUSILC15
Germany,DE,DEU,276,Rural,15,"No facility, bush, field",0.0,Eurostat SILC database - EUSILC15
Germany,DE,DEU,276,Rural,16,Other unimproved,0.002,Eurostat SILC database - EUSILC15
Germany,DE,DEU,276,Rural,17,DK/missing information,0.0,Eurostat SILC database - EUSILC15
Germany,DE,DEU,276,National,1,Flush and pour flush - to piped sewer system,0.999,Eurostat SILC database - EUSILC15
Germany,DE,DEU,276,National,2,Flush and pour flush - to septic tank,0.035,Eurostat SILC database - EUSILC15
Germany,DE,DEU,276,National,3,Flush and pour flush - to pit,0.0,Eurostat SILC database - EUSILC15
Germany,DE,DEU,276,National,4,Flush and pour flush - to unknown place/ not sure/DK,0.0,Eurostat SILC database - EUSILC15
Germany,DE,DEU,276,National,5,Flush and pour flush - to elsewhere,0.0,Eurostat SILC database - EUSILC15
Germany,DE,DEU,276,National,6,Dry latrines - Ventilated Improved Pit latrine,0.0,Eurostat SILC database - EUSILC15
Germany,DE,DEU,276,National,7,Dry latrines - Pit latrine with slab/covered latrine,0.0,Eurostat SILC database - EUSILC15
Germany,DE,DEU,276,National,8,Dry latrines - Traditional latrine,0.0,Eurostat SILC database - EUSILC15
Germany,DE,DEU,276,National,9,Dry latrines - Pit latrine without slab/open pit,0.0,Eurostat SILC database - EUSILC15
Germany,DE,DEU,276,National,10,Dry latrines - Hanging toilet/hanging latrine,0.0,Eurostat SILC database - EUSILC15
Germany,DE,DEU,276,National,11,Dry latrines - Bucket latrine,0.0,Eurostat SILC database - EUSILC15
Germany,DE,DEU,276,National,12,Dry latrines - Other,0.0,Eurostat SILC database - EUSILC15
Germany,DE,DEU,276,National,13,Composting toilets,0.0,Eurostat SILC database - EUSILC15
Germany,DE,DEU,276,National,14,Other improved,0.0,Eurostat SILC database - EUSILC15
Germany,DE,DEU,276,National,15,"No facility, bush, field",0.0,Eurostat SILC database - EUSILC15
Germany,DE,DEU,276,National,16,Other unimproved,0.001,Eurostat SILC database - EUSILC15
Germany,DE,DEU,276,National,17,DK/missing information,0.0,Eurostat SILC database - EUSILC15
Germany,DE,DEU,276,Urban,1,Flush and pour flush - to piped sewer system,0.0,Report of the Federal Statistics Office on public water supply and public sanitation - FSO16
Germany,DE,DEU,276,Urban,2,Flush and pour flush - to septic tank,0.0,Report of the Federal Statistics Office on public water supply and public sanitation - FSO16
Germany,DE,DEU,276,Urban,3,Flush and pour flush - to pit,0.0,Report of the Federal Statistics Office on public water supply and public sanitation - FSO16
Germany,DE,DEU,276,Urban,4,Flush and pour flush - to unknown place/ not sure/DK,0.0,Report of the Federal Statistics Office on public water supply and public sanitation - FSO16
Germany,DE,DEU,276,Urban,5,Flush and pour flush - to elsewhere,0.0,Report of the Federal Statistics Office on public water supply and public sanitation - FSO16
Germany,DE,DEU,276,Urban,6,Dry latrines - Ventilated Improved Pit latrine,0.0,Report of the Federal Statistics Office on public water supply and public sanitation - FSO16
Germany,DE,DEU,276,Urban,7,Dry latrines - Pit latrine with slab/covered latrine,0.0,Report of the Federal Statistics Office on public water supply and public sanitation - FSO16
Germany,DE,DEU,276,Urban,8,Dry latrines - Traditional latrine,0.0,Report of the Federal Statistics Office on public water supply and public sanitation - FSO16
Germany,DE,DEU,276,Urban,9,Dry latrines - Pit latrine without slab/open pit,0.0,Report of the Federal Statistics Office on public water supply and public sanitation - FSO16
Germany,DE,DEU,276,Urban,10,Dry latrines - Hanging toilet/hanging latrine,0.0,Report of the Federal Statistics Office on public water supply and public sanitation - FSO16
Germany,DE,DEU,276,Urban,11,Dry latrines - Bucket latrine,0.0,Report of the Federal Statistics Office on public water supply and public sanitation - FSO16
Germany,DE,DEU,276,Urban,12,Dry latrines - Other,0.0,Report of the Federal Statistics Office on public water supply and public sanitation - FSO16
Germany,DE,DEU,276,Urban,13,Composting toilets,0.0,Report of the Federal Statistics Office on public water supply and public sanitation - FSO16
Germany,DE,DEU,276,Urban,14,Other improved,0.0,Report of the Federal Statistics Office on public water supply and public sanitation - FSO16
Germany,DE,DEU,276,Urban,15,"No facility, bush, field",0.0,Report of the Federal Statistics Office on public water supply and public sanitation - FSO16
Germany,DE,DEU,276,Urban,16,Other unimproved,0.0,Report of the Federal Statistics Office on public water supply and public sanitation - FSO16
Germany,DE,DEU,276,Urban,17,DK/missing information,0.0,Report of the Federal Statistics Office on public water supply and public sanitation - FSO16
Germany,DE,DEU,276,Rural,1,Flush and pour flush - to piped sewer system,0.0,Report of the Federal Statistics Office on public water supply and public sanitation - FSO16
Germany,DE,DEU,276,Rural,2,Flush and pour flush - to septic tank,0.0,Report of the Federal Statistics Office on public water supply and public sanitation - FSO16
Germany,DE,DEU,276,Rural,3,Flush and pour flush - to pit,0.0,Report of the Federal Statistics Office on public water supply and public sanitation - FSO16
Germany,DE,DEU,276,Rural,4,Flush and pour flush - to unknown place/ not sure/DK,0.0,Report of the Federal Statistics Office on public water supply and public sanitation - FSO16
Germany,DE,DEU,276,Rural,5,Flush and pour flush - to elsewhere,0.0,Report of the Federal Statistics Office on public water supply and public sanitation - FSO16
Germany,DE,DEU,276,Rural,6,Dry latrines - Ventilated Improved Pit latrine,0.0,Report of the Federal Statistics Office on public water supply and public sanitation - FSO16
Germany,DE,DEU,276,Rural,7,Dry latrines - Pit latrine with slab/covered latrine,0.0,Report of the Federal Statistics Office on public water supply and public sanitation - FSO16
Germany,DE,DEU,276,Rural,8,Dry latrines - Traditional latrine,0.0,Report of the Federal Statistics Office on public water supply and public sanitation - FSO16
Germany,DE,DEU,276,Rural,9,Dry latrines - Pit latrine without slab/open pit,0.0,Report of the Federal Statistics Office on public water supply and public sanitation - FSO16
Germany,DE,DEU,276,Rural,10,Dry latrines - Hanging toilet/hanging latrine,0.0,Report of the Federal Statistics Office on public water supply and public sanitation - FSO16
Germany,DE,DEU,276,Rural,11,Dry latrines - Bucket latrine,0.0,Report of the Federal Statistics Office on public water supply and public sanitation - FSO16
Germany,DE,DEU,276,Rural,12,Dry latrines - Other,0.0,Report of the Federal Statistics Office on public water supply and public sanitation - FSO16
Germany,DE,DEU,276,Rural,13,Composting toilets,0.0,Report of the Federal Statistics Office on public water supply and public sanitation - FSO16
Germany,DE,DEU,276,Rural,14,Other improved,0.0,Report of the Federal Statistics Office on public water supply and public sanitation - FSO16
Germany,DE,DEU,276,Rural,15,"No facility, bush, field",0.0,Report of the Federal Statistics Office on public water supply and public sanitation - FSO16
Germany,DE,DEU,276,Rural,16,Other unimproved,0.0,Report of the Federal Statistics Office on public water supply and public sanitation - FSO16
Germany,DE,DEU,276,Rural,17,DK/missing information,0.0,Report of the Federal Statistics Office on public water supply and public sanitation - FSO16
Germany,DE,DEU,276,National,1,Flush and pour flush - to piped sewer system,0.971,Report of the Federal Statistics Office on public water supply and public sanitation - FSO16
Germany,DE,DEU,276,National,2,Flush and pour flush - to septic tank,0.022,Report of the Federal Statistics Office on public water supply and public sanitation - FSO16
Germany,DE,DEU,276,National,3,Flush and pour flush - to pit,0.005,Report of the Federal Statistics Office on public water supply and public sanitation - FSO16
Germany,DE,DEU,276,National,4,Flush and pour flush - to unknown place/ not sure/DK,0.002,Report of the Federal Statistics Office on public water supply and public sanitation - FSO16
Germany,DE,DEU,276,National,5,Flush and pour flush - to elsewhere,0.0,Report of the Federal Statistics Office on public water supply and public sanitation - FSO16
Germany,DE,DEU,276,National,6,Dry latrines - Ventilated Improved Pit latrine,0.0,Report of the Federal Statistics Office on public water supply and public sanitation - FSO16
Germany,DE,DEU,276,National,7,Dry latrines - Pit latrine with slab/covered latrine,0.0,Report of the Federal Statistics Office on public water supply and public sanitation - FSO16
Germany,DE,DEU,276,National,8,Dry latrines - Traditional latrine,0.0,Report of the Federal Statistics Office on public water supply and public sanitation - FSO16
Germany,DE,DEU,276,National,9,Dry latrines - Pit latrine without slab/open pit,0.0,Report of the Federal Statistics Office on public water supply and public sanitation - FSO16
Germany,DE,DEU,276,National,10,Dry latrines - Hanging toilet/hanging latrine,0.0,Report of the Federal Statistics Office on public water supply and public sanitation - FSO16
Germany,DE,DEU,276,National,11,Dry latrines - Bucket latrine,0.0,Report of the Federal Statistics Office on public water supply and public sanitation - FSO16
Germany,DE,DEU,276,National,12,Dry latrines - Other,0.0,Report of the Federal Statistics Office on public water supply and public sanitation - FSO16
Germany,DE,DEU,276,National,13,Composting toilets,0.0,Report of the Federal Statistics Office on public water supply and public sanitation - FSO16
Germany,DE,DEU,276,National,14,Other improved,0.0,Report of the Federal Statistics Office on public water supply and public sanitation - FSO16
Germany,DE,DEU,276,National,15,"No facility, bush, field",0.0,Report of the Federal Statistics Office on public water supply and public sanitation - FSO16
Germany,DE,DEU,276,National,16,Other unimproved,0.0,Report of the Federal Statistics Office on public water supply and public sanitation - FSO16
Germany,DE,DEU,276,National,17,DK/missing information,0.0,Report of the Federal Statistics Office on public water supply and public sanitation - FSO16
