country,alpha-2,alpha-3,numeric,context,classific_id,classification,percentage,source
Micronesia (Federated States of),FM,FSM,583,Urban,1,Flush and pour flush - to piped sewer system,0.0,National Census  - CEN00
Micronesia (Federated States of),FM,FSM,583,Urban,2,Flush and pour flush - to septic tank,0.0,National Census  - CEN00
Micronesia (Federated States of),FM,FSM,583,Urban,3,Flush and pour flush - to pit,0.0,National Census  - CEN00
Micronesia (Federated States of),FM,FSM,583,Urban,4,Flush and pour flush - to unknown place/ not sure/DK,0.0,National Census  - CEN00
Micronesia (Federated States of),FM,FSM,583,Urban,5,Flush and pour flush - to elsewhere,0.0,National Census  - CEN00
Micronesia (Federated States of),FM,FSM,583,Urban,6,Dry latrines - Ventilated Improved Pit latrine,0.0,National Census  - CEN00
Micronesia (Federated States of),FM,FSM,583,Urban,7,Dry latrines - Pit latrine with slab/covered latrine,0.0,National Census  - CEN00
Micronesia (Federated States of),FM,FSM,583,Urban,8,Dry latrines - Traditional latrine,0.0,National Census  - CEN00
Micronesia (Federated States of),FM,FSM,583,Urban,9,Dry latrines - Pit latrine without slab/open pit,0.0,National Census  - CEN00
Micronesia (Federated States of),FM,FSM,583,Urban,10,Dry latrines - Hanging toilet/hanging latrine,0.0,National Census  - CEN00
Micronesia (Federated States of),FM,FSM,583,Urban,11,Dry latrines - Bucket latrine,0.0,National Census  - CEN00
Micronesia (Federated States of),FM,FSM,583,Urban,12,Dry latrines - Other,0.0,National Census  - CEN00
Micronesia (Federated States of),FM,FSM,583,Urban,13,Composting toilets,0.0,National Census  - CEN00
Micronesia (Federated States of),FM,FSM,583,Urban,14,Other improved,0.0,National Census  - CEN00
Micronesia (Federated States of),FM,FSM,583,Urban,15,"No facility, bush, field",0.0,National Census  - CEN00
Micronesia (Federated States of),FM,FSM,583,Urban,16,Other unimproved,0.0,National Census  - CEN00
Micronesia (Federated States of),FM,FSM,583,Urban,17,DK/missing information,0.0,National Census  - CEN00
Micronesia (Federated States of),FM,FSM,583,Rural,1,Flush and pour flush - to piped sewer system,0.0,National Census  - CEN00
Micronesia (Federated States of),FM,FSM,583,Rural,2,Flush and pour flush - to septic tank,0.0,National Census  - CEN00
Micronesia (Federated States of),FM,FSM,583,Rural,3,Flush and pour flush - to pit,0.0,National Census  - CEN00
Micronesia (Federated States of),FM,FSM,583,Rural,4,Flush and pour flush - to unknown place/ not sure/DK,0.0,National Census  - CEN00
Micronesia (Federated States of),FM,FSM,583,Rural,5,Flush and pour flush - to elsewhere,0.0,National Census  - CEN00
Micronesia (Federated States of),FM,FSM,583,Rural,6,Dry latrines - Ventilated Improved Pit latrine,0.0,National Census  - CEN00
Micronesia (Federated States of),FM,FSM,583,Rural,7,Dry latrines - Pit latrine with slab/covered latrine,0.0,National Census  - CEN00
Micronesia (Federated States of),FM,FSM,583,Rural,8,Dry latrines - Traditional latrine,0.0,National Census  - CEN00
Micronesia (Federated States of),FM,FSM,583,Rural,9,Dry latrines - Pit latrine without slab/open pit,0.0,National Census  - CEN00
Micronesia (Federated States of),FM,FSM,583,Rural,10,Dry latrines - Hanging toilet/hanging latrine,0.0,National Census  - CEN00
Micronesia (Federated States of),FM,FSM,583,Rural,11,Dry latrines - Bucket latrine,0.0,National Census  - CEN00
Micronesia (Federated States of),FM,FSM,583,Rural,12,Dry latrines - Other,0.0,National Census  - CEN00
Micronesia (Federated States of),FM,FSM,583,Rural,13,Composting toilets,0.0,National Census  - CEN00
Micronesia (Federated States of),FM,FSM,583,Rural,14,Other improved,0.0,National Census  - CEN00
Micronesia (Federated States of),FM,FSM,583,Rural,15,"No facility, bush, field",0.0,National Census  - CEN00
Micronesia (Federated States of),FM,FSM,583,Rural,16,Other unimproved,0.0,National Census  - CEN00
Micronesia (Federated States of),FM,FSM,583,Rural,17,DK/missing information,0.0,National Census  - CEN00
Micronesia (Federated States of),FM,FSM,583,National,1,Flush and pour flush - to piped sewer system,0.103,National Census  - CEN00
Micronesia (Federated States of),FM,FSM,583,National,2,Flush and pour flush - to septic tank,0.149,National Census  - CEN00
Micronesia (Federated States of),FM,FSM,583,National,3,Flush and pour flush - to pit,0.0,National Census  - CEN00
Micronesia (Federated States of),FM,FSM,583,National,4,Flush and pour flush - to unknown place/ not sure/DK,0.0,National Census  - CEN00
Micronesia (Federated States of),FM,FSM,583,National,5,Flush and pour flush - to elsewhere,0.0,National Census  - CEN00
Micronesia (Federated States of),FM,FSM,583,National,6,Dry latrines - Ventilated Improved Pit latrine,0.0,National Census  - CEN00
Micronesia (Federated States of),FM,FSM,583,National,7,Dry latrines - Pit latrine with slab/covered latrine,0.0,National Census  - CEN00
Micronesia (Federated States of),FM,FSM,583,National,8,Dry latrines - Traditional latrine,0.0,National Census  - CEN00
Micronesia (Federated States of),FM,FSM,583,National,9,Dry latrines - Pit latrine without slab/open pit,0.0,National Census  - CEN00
Micronesia (Federated States of),FM,FSM,583,National,10,Dry latrines - Hanging toilet/hanging latrine,0.0,National Census  - CEN00
Micronesia (Federated States of),FM,FSM,583,National,11,Dry latrines - Bucket latrine,0.0,National Census  - CEN00
Micronesia (Federated States of),FM,FSM,583,National,12,Dry latrines - Other,0.0,National Census  - CEN00
Micronesia (Federated States of),FM,FSM,583,National,13,Composting toilets,0.0,National Census  - CEN00
Micronesia (Federated States of),FM,FSM,583,National,14,Other improved,0.0,National Census  - CEN00
Micronesia (Federated States of),FM,FSM,583,National,15,"No facility, bush, field",0.0,National Census  - CEN00
Micronesia (Federated States of),FM,FSM,583,National,16,Other unimproved,0.748,National Census  - CEN00
Micronesia (Federated States of),FM,FSM,583,National,17,DK/missing information,0.0,National Census  - CEN00
Micronesia (Federated States of),FM,FSM,583,Urban,1,Flush and pour flush - to piped sewer system,0.0,Households Income Expenditure Survey - HIES05
Micronesia (Federated States of),FM,FSM,583,Urban,2,Flush and pour flush - to septic tank,0.0,Households Income Expenditure Survey - HIES05
Micronesia (Federated States of),FM,FSM,583,Urban,3,Flush and pour flush - to pit,0.0,Households Income Expenditure Survey - HIES05
Micronesia (Federated States of),FM,FSM,583,Urban,4,Flush and pour flush - to unknown place/ not sure/DK,0.0,Households Income Expenditure Survey - HIES05
Micronesia (Federated States of),FM,FSM,583,Urban,5,Flush and pour flush - to elsewhere,0.0,Households Income Expenditure Survey - HIES05
Micronesia (Federated States of),FM,FSM,583,Urban,6,Dry latrines - Ventilated Improved Pit latrine,0.0,Households Income Expenditure Survey - HIES05
Micronesia (Federated States of),FM,FSM,583,Urban,7,Dry latrines - Pit latrine with slab/covered latrine,0.0,Households Income Expenditure Survey - HIES05
Micronesia (Federated States of),FM,FSM,583,Urban,8,Dry latrines - Traditional latrine,0.0,Households Income Expenditure Survey - HIES05
Micronesia (Federated States of),FM,FSM,583,Urban,9,Dry latrines - Pit latrine without slab/open pit,0.0,Households Income Expenditure Survey - HIES05
Micronesia (Federated States of),FM,FSM,583,Urban,10,Dry latrines - Hanging toilet/hanging latrine,0.0,Households Income Expenditure Survey - HIES05
Micronesia (Federated States of),FM,FSM,583,Urban,11,Dry latrines - Bucket latrine,0.0,Households Income Expenditure Survey - HIES05
Micronesia (Federated States of),FM,FSM,583,Urban,12,Dry latrines - Other,0.0,Households Income Expenditure Survey - HIES05
Micronesia (Federated States of),FM,FSM,583,Urban,13,Composting toilets,0.0,Households Income Expenditure Survey - HIES05
Micronesia (Federated States of),FM,FSM,583,Urban,14,Other improved,0.0,Households Income Expenditure Survey - HIES05
Micronesia (Federated States of),FM,FSM,583,Urban,15,"No facility, bush, field",0.0,Households Income Expenditure Survey - HIES05
Micronesia (Federated States of),FM,FSM,583,Urban,16,Other unimproved,0.0,Households Income Expenditure Survey - HIES05
Micronesia (Federated States of),FM,FSM,583,Urban,17,DK/missing information,0.0,Households Income Expenditure Survey - HIES05
Micronesia (Federated States of),FM,FSM,583,Rural,1,Flush and pour flush - to piped sewer system,0.0,Households Income Expenditure Survey - HIES05
Micronesia (Federated States of),FM,FSM,583,Rural,2,Flush and pour flush - to septic tank,0.0,Households Income Expenditure Survey - HIES05
Micronesia (Federated States of),FM,FSM,583,Rural,3,Flush and pour flush - to pit,0.0,Households Income Expenditure Survey - HIES05
Micronesia (Federated States of),FM,FSM,583,Rural,4,Flush and pour flush - to unknown place/ not sure/DK,0.0,Households Income Expenditure Survey - HIES05
Micronesia (Federated States of),FM,FSM,583,Rural,5,Flush and pour flush - to elsewhere,0.0,Households Income Expenditure Survey - HIES05
Micronesia (Federated States of),FM,FSM,583,Rural,6,Dry latrines - Ventilated Improved Pit latrine,0.0,Households Income Expenditure Survey - HIES05
Micronesia (Federated States of),FM,FSM,583,Rural,7,Dry latrines - Pit latrine with slab/covered latrine,0.0,Households Income Expenditure Survey - HIES05
Micronesia (Federated States of),FM,FSM,583,Rural,8,Dry latrines - Traditional latrine,0.0,Households Income Expenditure Survey - HIES05
Micronesia (Federated States of),FM,FSM,583,Rural,9,Dry latrines - Pit latrine without slab/open pit,0.0,Households Income Expenditure Survey - HIES05
Micronesia (Federated States of),FM,FSM,583,Rural,10,Dry latrines - Hanging toilet/hanging latrine,0.0,Households Income Expenditure Survey - HIES05
Micronesia (Federated States of),FM,FSM,583,Rural,11,Dry latrines - Bucket latrine,0.0,Households Income Expenditure Survey - HIES05
Micronesia (Federated States of),FM,FSM,583,Rural,12,Dry latrines - Other,0.0,Households Income Expenditure Survey - HIES05
Micronesia (Federated States of),FM,FSM,583,Rural,13,Composting toilets,0.0,Households Income Expenditure Survey - HIES05
Micronesia (Federated States of),FM,FSM,583,Rural,14,Other improved,0.0,Households Income Expenditure Survey - HIES05
Micronesia (Federated States of),FM,FSM,583,Rural,15,"No facility, bush, field",0.0,Households Income Expenditure Survey - HIES05
Micronesia (Federated States of),FM,FSM,583,Rural,16,Other unimproved,0.0,Households Income Expenditure Survey - HIES05
Micronesia (Federated States of),FM,FSM,583,Rural,17,DK/missing information,0.0,Households Income Expenditure Survey - HIES05
Micronesia (Federated States of),FM,FSM,583,National,1,Flush and pour flush - to piped sewer system,0.123,Households Income Expenditure Survey - HIES05
Micronesia (Federated States of),FM,FSM,583,National,2,Flush and pour flush - to septic tank,0.317,Households Income Expenditure Survey - HIES05
Micronesia (Federated States of),FM,FSM,583,National,3,Flush and pour flush - to pit,0.0,Households Income Expenditure Survey - HIES05
Micronesia (Federated States of),FM,FSM,583,National,4,Flush and pour flush - to unknown place/ not sure/DK,0.0,Households Income Expenditure Survey - HIES05
Micronesia (Federated States of),FM,FSM,583,National,5,Flush and pour flush - to elsewhere,0.0,Households Income Expenditure Survey - HIES05
Micronesia (Federated States of),FM,FSM,583,National,6,Dry latrines - Ventilated Improved Pit latrine,0.0,Households Income Expenditure Survey - HIES05
Micronesia (Federated States of),FM,FSM,583,National,7,Dry latrines - Pit latrine with slab/covered latrine,0.0,Households Income Expenditure Survey - HIES05
Micronesia (Federated States of),FM,FSM,583,National,8,Dry latrines - Traditional latrine,0.0,Households Income Expenditure Survey - HIES05
Micronesia (Federated States of),FM,FSM,583,National,9,Dry latrines - Pit latrine without slab/open pit,0.0,Households Income Expenditure Survey - HIES05
Micronesia (Federated States of),FM,FSM,583,National,10,Dry latrines - Hanging toilet/hanging latrine,0.0,Households Income Expenditure Survey - HIES05
Micronesia (Federated States of),FM,FSM,583,National,11,Dry latrines - Bucket latrine,0.0,Households Income Expenditure Survey - HIES05
Micronesia (Federated States of),FM,FSM,583,National,12,Dry latrines - Other,0.0,Households Income Expenditure Survey - HIES05
Micronesia (Federated States of),FM,FSM,583,National,13,Composting toilets,0.0,Households Income Expenditure Survey - HIES05
Micronesia (Federated States of),FM,FSM,583,National,14,Other improved,0.0,Households Income Expenditure Survey - HIES05
Micronesia (Federated States of),FM,FSM,583,National,15,"No facility, bush, field",0.0,Households Income Expenditure Survey - HIES05
Micronesia (Federated States of),FM,FSM,583,National,16,Other unimproved,0.56,Households Income Expenditure Survey - HIES05
Micronesia (Federated States of),FM,FSM,583,National,17,DK/missing information,0.0,Households Income Expenditure Survey - HIES05
Micronesia (Federated States of),FM,FSM,583,Urban,1,Flush and pour flush - to piped sewer system,0.0,Census - CEN10
Micronesia (Federated States of),FM,FSM,583,Urban,2,Flush and pour flush - to septic tank,0.0,Census - CEN10
Micronesia (Federated States of),FM,FSM,583,Urban,3,Flush and pour flush - to pit,0.0,Census - CEN10
Micronesia (Federated States of),FM,FSM,583,Urban,4,Flush and pour flush - to unknown place/ not sure/DK,0.0,Census - CEN10
Micronesia (Federated States of),FM,FSM,583,Urban,5,Flush and pour flush - to elsewhere,0.0,Census - CEN10
Micronesia (Federated States of),FM,FSM,583,Urban,6,Dry latrines - Ventilated Improved Pit latrine,0.018,Census - CEN10
Micronesia (Federated States of),FM,FSM,583,Urban,7,Dry latrines - Pit latrine with slab/covered latrine,0.0,Census - CEN10
Micronesia (Federated States of),FM,FSM,583,Urban,8,Dry latrines - Traditional latrine,0.09,Census - CEN10
Micronesia (Federated States of),FM,FSM,583,Urban,9,Dry latrines - Pit latrine without slab/open pit,0.0,Census - CEN10
Micronesia (Federated States of),FM,FSM,583,Urban,10,Dry latrines - Hanging toilet/hanging latrine,0.023,Census - CEN10
Micronesia (Federated States of),FM,FSM,583,Urban,6,Dry latrines - Ventilated Improved Pit latrine,0.018,Census - CEN10
Micronesia (Federated States of),FM,FSM,583,Urban,7,Dry latrines - Pit latrine with slab/covered latrine,0.0,Census - CEN10
Micronesia (Federated States of),FM,FSM,583,Urban,8,Dry latrines - Traditional latrine,0.09,Census - CEN10
Micronesia (Federated States of),FM,FSM,583,Urban,9,Dry latrines - Pit latrine without slab/open pit,0.0,Census - CEN10
Micronesia (Federated States of),FM,FSM,583,Urban,10,Dry latrines - Hanging toilet/hanging latrine,0.023,Census - CEN10
Micronesia (Federated States of),FM,FSM,583,Urban,11,Dry latrines - Bucket latrine,0.0,Census - CEN10
Micronesia (Federated States of),FM,FSM,583,Urban,12,Dry latrines - Other,0.0,Census - CEN10
Micronesia (Federated States of),FM,FSM,583,Urban,13,Composting toilets,0.0,Census - CEN10
Micronesia (Federated States of),FM,FSM,583,Urban,14,Other improved,0.0,Census - CEN10
Micronesia (Federated States of),FM,FSM,583,Urban,15,"No facility, bush, field",0.053,Census - CEN10
Micronesia (Federated States of),FM,FSM,583,Urban,16,Other unimproved,0.0,Census - CEN10
Micronesia (Federated States of),FM,FSM,583,Urban,17,DK/missing information,0.0,Census - CEN10
Micronesia (Federated States of),FM,FSM,583,Rural,1,Flush and pour flush - to piped sewer system,0.0,Census - CEN10
Micronesia (Federated States of),FM,FSM,583,Rural,2,Flush and pour flush - to septic tank,0.0,Census - CEN10
Micronesia (Federated States of),FM,FSM,583,Rural,3,Flush and pour flush - to pit,0.0,Census - CEN10
Micronesia (Federated States of),FM,FSM,583,Rural,4,Flush and pour flush - to unknown place/ not sure/DK,0.0,Census - CEN10
Micronesia (Federated States of),FM,FSM,583,Rural,5,Flush and pour flush - to elsewhere,0.0,Census - CEN10
Micronesia (Federated States of),FM,FSM,583,Rural,6,Dry latrines - Ventilated Improved Pit latrine,0.103,Census - CEN10
Micronesia (Federated States of),FM,FSM,583,Rural,7,Dry latrines - Pit latrine with slab/covered latrine,0.0,Census - CEN10
Micronesia (Federated States of),FM,FSM,583,Rural,8,Dry latrines - Traditional latrine,0.287,Census - CEN10
Micronesia (Federated States of),FM,FSM,583,Rural,9,Dry latrines - Pit latrine without slab/open pit,0.0,Census - CEN10
Micronesia (Federated States of),FM,FSM,583,Rural,10,Dry latrines - Hanging toilet/hanging latrine,0.12,Census - CEN10
Micronesia (Federated States of),FM,FSM,583,Rural,6,Dry latrines - Ventilated Improved Pit latrine,0.103,Census - CEN10
Micronesia (Federated States of),FM,FSM,583,Rural,7,Dry latrines - Pit latrine with slab/covered latrine,0.0,Census - CEN10
Micronesia (Federated States of),FM,FSM,583,Rural,8,Dry latrines - Traditional latrine,0.287,Census - CEN10
Micronesia (Federated States of),FM,FSM,583,Rural,9,Dry latrines - Pit latrine without slab/open pit,0.0,Census - CEN10
Micronesia (Federated States of),FM,FSM,583,Rural,10,Dry latrines - Hanging toilet/hanging latrine,0.12,Census - CEN10
Micronesia (Federated States of),FM,FSM,583,Rural,11,Dry latrines - Bucket latrine,0.0,Census - CEN10
Micronesia (Federated States of),FM,FSM,583,Rural,12,Dry latrines - Other,0.0,Census - CEN10
Micronesia (Federated States of),FM,FSM,583,Rural,13,Composting toilets,0.0,Census - CEN10
Micronesia (Federated States of),FM,FSM,583,Rural,14,Other improved,0.0,Census - CEN10
Micronesia (Federated States of),FM,FSM,583,Rural,15,"No facility, bush, field",0.108,Census - CEN10
Micronesia (Federated States of),FM,FSM,583,Rural,16,Other unimproved,0.0,Census - CEN10
Micronesia (Federated States of),FM,FSM,583,Rural,17,DK/missing information,0.0,Census - CEN10
Micronesia (Federated States of),FM,FSM,583,National,1,Flush and pour flush - to piped sewer system,0.0,Census - CEN10
Micronesia (Federated States of),FM,FSM,583,National,2,Flush and pour flush - to septic tank,0.0,Census - CEN10
Micronesia (Federated States of),FM,FSM,583,National,3,Flush and pour flush - to pit,0.0,Census - CEN10
Micronesia (Federated States of),FM,FSM,583,National,4,Flush and pour flush - to unknown place/ not sure/DK,0.0,Census - CEN10
Micronesia (Federated States of),FM,FSM,583,National,5,Flush and pour flush - to elsewhere,0.0,Census - CEN10
Micronesia (Federated States of),FM,FSM,583,National,6,Dry latrines - Ventilated Improved Pit latrine,0.084,Census - CEN10
Micronesia (Federated States of),FM,FSM,583,National,7,Dry latrines - Pit latrine with slab/covered latrine,0.0,Census - CEN10
Micronesia (Federated States of),FM,FSM,583,National,8,Dry latrines - Traditional latrine,0.242,Census - CEN10
Micronesia (Federated States of),FM,FSM,583,National,9,Dry latrines - Pit latrine without slab/open pit,0.0,Census - CEN10
Micronesia (Federated States of),FM,FSM,583,National,10,Dry latrines - Hanging toilet/hanging latrine,0.098,Census - CEN10
Micronesia (Federated States of),FM,FSM,583,National,6,Dry latrines - Ventilated Improved Pit latrine,0.084,Census - CEN10
Micronesia (Federated States of),FM,FSM,583,National,7,Dry latrines - Pit latrine with slab/covered latrine,0.0,Census - CEN10
Micronesia (Federated States of),FM,FSM,583,National,8,Dry latrines - Traditional latrine,0.242,Census - CEN10
Micronesia (Federated States of),FM,FSM,583,National,9,Dry latrines - Pit latrine without slab/open pit,0.0,Census - CEN10
Micronesia (Federated States of),FM,FSM,583,National,10,Dry latrines - Hanging toilet/hanging latrine,0.098,Census - CEN10
Micronesia (Federated States of),FM,FSM,583,National,11,Dry latrines - Bucket latrine,0.0,Census - CEN10
Micronesia (Federated States of),FM,FSM,583,National,12,Dry latrines - Other,0.0,Census - CEN10
Micronesia (Federated States of),FM,FSM,583,National,13,Composting toilets,0.0,Census - CEN10
Micronesia (Federated States of),FM,FSM,583,National,14,Other improved,0.0,Census - CEN10
Micronesia (Federated States of),FM,FSM,583,National,15,"No facility, bush, field",0.095,Census - CEN10
Micronesia (Federated States of),FM,FSM,583,National,16,Other unimproved,0.0,Census - CEN10
Micronesia (Federated States of),FM,FSM,583,National,17,DK/missing information,0.0,Census - CEN10
Micronesia (Federated States of),FM,FSM,583,Urban,1,Flush and pour flush - to piped sewer system,0.0,Households Income Expenditure Survey - HIES13
Micronesia (Federated States of),FM,FSM,583,Urban,2,Flush and pour flush - to septic tank,0.0,Households Income Expenditure Survey - HIES13
Micronesia (Federated States of),FM,FSM,583,Urban,3,Flush and pour flush - to pit,0.0,Households Income Expenditure Survey - HIES13
Micronesia (Federated States of),FM,FSM,583,Urban,4,Flush and pour flush - to unknown place/ not sure/DK,0.0,Households Income Expenditure Survey - HIES13
Micronesia (Federated States of),FM,FSM,583,Urban,5,Flush and pour flush - to elsewhere,0.0,Households Income Expenditure Survey - HIES13
Micronesia (Federated States of),FM,FSM,583,Urban,6,Dry latrines - Ventilated Improved Pit latrine,0.0,Households Income Expenditure Survey - HIES13
Micronesia (Federated States of),FM,FSM,583,Urban,7,Dry latrines - Pit latrine with slab/covered latrine,0.0,Households Income Expenditure Survey - HIES13
Micronesia (Federated States of),FM,FSM,583,Urban,8,Dry latrines - Traditional latrine,0.0,Households Income Expenditure Survey - HIES13
Micronesia (Federated States of),FM,FSM,583,Urban,9,Dry latrines - Pit latrine without slab/open pit,0.0,Households Income Expenditure Survey - HIES13
Micronesia (Federated States of),FM,FSM,583,Urban,10,Dry latrines - Hanging toilet/hanging latrine,0.0,Households Income Expenditure Survey - HIES13
Micronesia (Federated States of),FM,FSM,583,Urban,11,Dry latrines - Bucket latrine,0.0,Households Income Expenditure Survey - HIES13
Micronesia (Federated States of),FM,FSM,583,Urban,12,Dry latrines - Other,0.0,Households Income Expenditure Survey - HIES13
Micronesia (Federated States of),FM,FSM,583,Urban,13,Composting toilets,0.0,Households Income Expenditure Survey - HIES13
Micronesia (Federated States of),FM,FSM,583,Urban,14,Other improved,0.0,Households Income Expenditure Survey - HIES13
Micronesia (Federated States of),FM,FSM,583,Urban,15,"No facility, bush, field",0.0,Households Income Expenditure Survey - HIES13
Micronesia (Federated States of),FM,FSM,583,Urban,16,Other unimproved,0.0,Households Income Expenditure Survey - HIES13
Micronesia (Federated States of),FM,FSM,583,Urban,17,DK/missing information,0.0,Households Income Expenditure Survey - HIES13
Micronesia (Federated States of),FM,FSM,583,Rural,1,Flush and pour flush - to piped sewer system,0.0,Households Income Expenditure Survey - HIES13
Micronesia (Federated States of),FM,FSM,583,Rural,2,Flush and pour flush - to septic tank,0.0,Households Income Expenditure Survey - HIES13
Micronesia (Federated States of),FM,FSM,583,Rural,3,Flush and pour flush - to pit,0.0,Households Income Expenditure Survey - HIES13
Micronesia (Federated States of),FM,FSM,583,Rural,4,Flush and pour flush - to unknown place/ not sure/DK,0.0,Households Income Expenditure Survey - HIES13
Micronesia (Federated States of),FM,FSM,583,Rural,5,Flush and pour flush - to elsewhere,0.0,Households Income Expenditure Survey - HIES13
Micronesia (Federated States of),FM,FSM,583,Rural,6,Dry latrines - Ventilated Improved Pit latrine,0.0,Households Income Expenditure Survey - HIES13
Micronesia (Federated States of),FM,FSM,583,Rural,7,Dry latrines - Pit latrine with slab/covered latrine,0.0,Households Income Expenditure Survey - HIES13
Micronesia (Federated States of),FM,FSM,583,Rural,8,Dry latrines - Traditional latrine,0.0,Households Income Expenditure Survey - HIES13
Micronesia (Federated States of),FM,FSM,583,Rural,9,Dry latrines - Pit latrine without slab/open pit,0.0,Households Income Expenditure Survey - HIES13
Micronesia (Federated States of),FM,FSM,583,Rural,10,Dry latrines - Hanging toilet/hanging latrine,0.0,Households Income Expenditure Survey - HIES13
Micronesia (Federated States of),FM,FSM,583,Rural,11,Dry latrines - Bucket latrine,0.0,Households Income Expenditure Survey - HIES13
Micronesia (Federated States of),FM,FSM,583,Rural,12,Dry latrines - Other,0.0,Households Income Expenditure Survey - HIES13
Micronesia (Federated States of),FM,FSM,583,Rural,13,Composting toilets,0.0,Households Income Expenditure Survey - HIES13
Micronesia (Federated States of),FM,FSM,583,Rural,14,Other improved,0.0,Households Income Expenditure Survey - HIES13
Micronesia (Federated States of),FM,FSM,583,Rural,15,"No facility, bush, field",0.0,Households Income Expenditure Survey - HIES13
Micronesia (Federated States of),FM,FSM,583,Rural,16,Other unimproved,0.0,Households Income Expenditure Survey - HIES13
Micronesia (Federated States of),FM,FSM,583,Rural,17,DK/missing information,0.0,Households Income Expenditure Survey - HIES13
Micronesia (Federated States of),FM,FSM,583,National,1,Flush and pour flush - to piped sewer system,0.0,Households Income Expenditure Survey - HIES13
Micronesia (Federated States of),FM,FSM,583,National,2,Flush and pour flush - to septic tank,0.0,Households Income Expenditure Survey - HIES13
Micronesia (Federated States of),FM,FSM,583,National,3,Flush and pour flush - to pit,0.0,Households Income Expenditure Survey - HIES13
Micronesia (Federated States of),FM,FSM,583,National,4,Flush and pour flush - to unknown place/ not sure/DK,0.0,Households Income Expenditure Survey - HIES13
Micronesia (Federated States of),FM,FSM,583,National,5,Flush and pour flush - to elsewhere,0.0,Households Income Expenditure Survey - HIES13
Micronesia (Federated States of),FM,FSM,583,National,6,Dry latrines - Ventilated Improved Pit latrine,0.0,Households Income Expenditure Survey - HIES13
Micronesia (Federated States of),FM,FSM,583,National,7,Dry latrines - Pit latrine with slab/covered latrine,0.0,Households Income Expenditure Survey - HIES13
Micronesia (Federated States of),FM,FSM,583,National,8,Dry latrines - Traditional latrine,0.0,Households Income Expenditure Survey - HIES13
Micronesia (Federated States of),FM,FSM,583,National,9,Dry latrines - Pit latrine without slab/open pit,0.0,Households Income Expenditure Survey - HIES13
Micronesia (Federated States of),FM,FSM,583,National,10,Dry latrines - Hanging toilet/hanging latrine,0.0,Households Income Expenditure Survey - HIES13
Micronesia (Federated States of),FM,FSM,583,National,11,Dry latrines - Bucket latrine,0.0,Households Income Expenditure Survey - HIES13
Micronesia (Federated States of),FM,FSM,583,National,12,Dry latrines - Other,0.0,Households Income Expenditure Survey - HIES13
Micronesia (Federated States of),FM,FSM,583,National,13,Composting toilets,0.0,Households Income Expenditure Survey - HIES13
Micronesia (Federated States of),FM,FSM,583,National,14,Other improved,0.0,Households Income Expenditure Survey - HIES13
Micronesia (Federated States of),FM,FSM,583,National,15,"No facility, bush, field",0.0,Households Income Expenditure Survey - HIES13
Micronesia (Federated States of),FM,FSM,583,National,16,Other unimproved,0.0,Households Income Expenditure Survey - HIES13
Micronesia (Federated States of),FM,FSM,583,National,17,DK/missing information,0.0,Households Income Expenditure Survey - HIES13
