country,alpha-2,alpha-3,numeric,context,classific_id,classification,percentage,source
United Kingdom of Great Britain and Northern Ireland,GB,GBR,826,Urban,1,Flush and pour flush - to piped sewer system,0.0,Eurostat environmental database - ES08
United Kingdom of Great Britain and Northern Ireland,GB,GBR,826,Urban,2,Flush and pour flush - to septic tank,0.0,Eurostat environmental database - ES08
United Kingdom of Great Britain and Northern Ireland,GB,GBR,826,Urban,3,Flush and pour flush - to pit,0.0,Eurostat environmental database - ES08
United Kingdom of Great Britain and Northern Ireland,GB,GBR,826,Urban,4,Flush and pour flush - to unknown place/ not sure/DK,0.0,Eurostat environmental database - ES08
United Kingdom of Great Britain and Northern Ireland,GB,GBR,826,Urban,5,Flush and pour flush - to elsewhere,0.0,Eurostat environmental database - ES08
United Kingdom of Great Britain and Northern Ireland,GB,GBR,826,Urban,6,Dry latrines - Ventilated Improved Pit latrine,0.0,Eurostat environmental database - ES08
United Kingdom of Great Britain and Northern Ireland,GB,GBR,826,Urban,7,Dry latrines - Pit latrine with slab/covered latrine,0.0,Eurostat environmental database - ES08
United Kingdom of Great Britain and Northern Ireland,GB,GBR,826,Urban,8,Dry latrines - Traditional latrine,0.0,Eurostat environmental database - ES08
United Kingdom of Great Britain and Northern Ireland,GB,GBR,826,Urban,9,Dry latrines - Pit latrine without slab/open pit,0.0,Eurostat environmental database - ES08
United Kingdom of Great Britain and Northern Ireland,GB,GBR,826,Urban,10,Dry latrines - Hanging toilet/hanging latrine,0.0,Eurostat environmental database - ES08
United Kingdom of Great Britain and Northern Ireland,GB,GBR,826,Urban,11,Dry latrines - Bucket latrine,0.0,Eurostat environmental database - ES08
United Kingdom of Great Britain and Northern Ireland,GB,GBR,826,Urban,12,Dry latrines - Other,0.0,Eurostat environmental database - ES08
United Kingdom of Great Britain and Northern Ireland,GB,GBR,826,Urban,13,Composting toilets,0.0,Eurostat environmental database - ES08
United Kingdom of Great Britain and Northern Ireland,GB,GBR,826,Urban,14,Other improved,0.0,Eurostat environmental database - ES08
United Kingdom of Great Britain and Northern Ireland,GB,GBR,826,Urban,15,"No facility, bush, field",0.0,Eurostat environmental database - ES08
United Kingdom of Great Britain and Northern Ireland,GB,GBR,826,Urban,16,Other unimproved,0.0,Eurostat environmental database - ES08
United Kingdom of Great Britain and Northern Ireland,GB,GBR,826,Urban,17,DK/missing information,0.0,Eurostat environmental database - ES08
United Kingdom of Great Britain and Northern Ireland,GB,GBR,826,Rural,1,Flush and pour flush - to piped sewer system,0.0,Eurostat environmental database - ES08
United Kingdom of Great Britain and Northern Ireland,GB,GBR,826,Rural,2,Flush and pour flush - to septic tank,0.0,Eurostat environmental database - ES08
United Kingdom of Great Britain and Northern Ireland,GB,GBR,826,Rural,3,Flush and pour flush - to pit,0.0,Eurostat environmental database - ES08
United Kingdom of Great Britain and Northern Ireland,GB,GBR,826,Rural,4,Flush and pour flush - to unknown place/ not sure/DK,0.0,Eurostat environmental database - ES08
United Kingdom of Great Britain and Northern Ireland,GB,GBR,826,Rural,5,Flush and pour flush - to elsewhere,0.0,Eurostat environmental database - ES08
United Kingdom of Great Britain and Northern Ireland,GB,GBR,826,Rural,6,Dry latrines - Ventilated Improved Pit latrine,0.0,Eurostat environmental database - ES08
United Kingdom of Great Britain and Northern Ireland,GB,GBR,826,Rural,7,Dry latrines - Pit latrine with slab/covered latrine,0.0,Eurostat environmental database - ES08
United Kingdom of Great Britain and Northern Ireland,GB,GBR,826,Rural,8,Dry latrines - Traditional latrine,0.0,Eurostat environmental database - ES08
United Kingdom of Great Britain and Northern Ireland,GB,GBR,826,Rural,9,Dry latrines - Pit latrine without slab/open pit,0.0,Eurostat environmental database - ES08
United Kingdom of Great Britain and Northern Ireland,GB,GBR,826,Rural,10,Dry latrines - Hanging toilet/hanging latrine,0.0,Eurostat environmental database - ES08
United Kingdom of Great Britain and Northern Ireland,GB,GBR,826,Rural,11,Dry latrines - Bucket latrine,0.0,Eurostat environmental database - ES08
United Kingdom of Great Britain and Northern Ireland,GB,GBR,826,Rural,12,Dry latrines - Other,0.0,Eurostat environmental database - ES08
United Kingdom of Great Britain and Northern Ireland,GB,GBR,826,Rural,13,Composting toilets,0.0,Eurostat environmental database - ES08
United Kingdom of Great Britain and Northern Ireland,GB,GBR,826,Rural,14,Other improved,0.0,Eurostat environmental database - ES08
United Kingdom of Great Britain and Northern Ireland,GB,GBR,826,Rural,15,"No facility, bush, field",0.0,Eurostat environmental database - ES08
United Kingdom of Great Britain and Northern Ireland,GB,GBR,826,Rural,16,Other unimproved,0.0,Eurostat environmental database - ES08
United Kingdom of Great Britain and Northern Ireland,GB,GBR,826,Rural,17,DK/missing information,0.0,Eurostat environmental database - ES08
United Kingdom of Great Britain and Northern Ireland,GB,GBR,826,National,1,Flush and pour flush - to piped sewer system,0.969,Eurostat environmental database - ES08
United Kingdom of Great Britain and Northern Ireland,GB,GBR,826,National,2,Flush and pour flush - to septic tank,0.027,Eurostat environmental database - ES08
United Kingdom of Great Britain and Northern Ireland,GB,GBR,826,National,3,Flush and pour flush - to pit,0.0,Eurostat environmental database - ES08
United Kingdom of Great Britain and Northern Ireland,GB,GBR,826,National,4,Flush and pour flush - to unknown place/ not sure/DK,0.0,Eurostat environmental database - ES08
United Kingdom of Great Britain and Northern Ireland,GB,GBR,826,National,5,Flush and pour flush - to elsewhere,0.0,Eurostat environmental database - ES08
United Kingdom of Great Britain and Northern Ireland,GB,GBR,826,National,6,Dry latrines - Ventilated Improved Pit latrine,0.0,Eurostat environmental database - ES08
United Kingdom of Great Britain and Northern Ireland,GB,GBR,826,National,7,Dry latrines - Pit latrine with slab/covered latrine,0.0,Eurostat environmental database - ES08
United Kingdom of Great Britain and Northern Ireland,GB,GBR,826,National,8,Dry latrines - Traditional latrine,0.0,Eurostat environmental database - ES08
United Kingdom of Great Britain and Northern Ireland,GB,GBR,826,National,9,Dry latrines - Pit latrine without slab/open pit,0.0,Eurostat environmental database - ES08
United Kingdom of Great Britain and Northern Ireland,GB,GBR,826,National,10,Dry latrines - Hanging toilet/hanging latrine,0.0,Eurostat environmental database - ES08
United Kingdom of Great Britain and Northern Ireland,GB,GBR,826,National,11,Dry latrines - Bucket latrine,0.0,Eurostat environmental database - ES08
United Kingdom of Great Britain and Northern Ireland,GB,GBR,826,National,12,Dry latrines - Other,0.0,Eurostat environmental database - ES08
United Kingdom of Great Britain and Northern Ireland,GB,GBR,826,National,13,Composting toilets,0.0,Eurostat environmental database - ES08
United Kingdom of Great Britain and Northern Ireland,GB,GBR,826,National,14,Other improved,0.0,Eurostat environmental database - ES08
United Kingdom of Great Britain and Northern Ireland,GB,GBR,826,National,15,"No facility, bush, field",0.0,Eurostat environmental database - ES08
United Kingdom of Great Britain and Northern Ireland,GB,GBR,826,National,16,Other unimproved,0.004,Eurostat environmental database - ES08
United Kingdom of Great Britain and Northern Ireland,GB,GBR,826,National,17,DK/missing information,0.0,Eurostat environmental database - ES08
United Kingdom of Great Britain and Northern Ireland,GB,GBR,826,Urban,1,Flush and pour flush - to piped sewer system,0.0,Eurostat environmental database - ES09
United Kingdom of Great Britain and Northern Ireland,GB,GBR,826,Urban,2,Flush and pour flush - to septic tank,0.0,Eurostat environmental database - ES09
United Kingdom of Great Britain and Northern Ireland,GB,GBR,826,Urban,3,Flush and pour flush - to pit,0.0,Eurostat environmental database - ES09
United Kingdom of Great Britain and Northern Ireland,GB,GBR,826,Urban,4,Flush and pour flush - to unknown place/ not sure/DK,0.0,Eurostat environmental database - ES09
United Kingdom of Great Britain and Northern Ireland,GB,GBR,826,Urban,5,Flush and pour flush - to elsewhere,0.0,Eurostat environmental database - ES09
United Kingdom of Great Britain and Northern Ireland,GB,GBR,826,Urban,6,Dry latrines - Ventilated Improved Pit latrine,0.0,Eurostat environmental database - ES09
United Kingdom of Great Britain and Northern Ireland,GB,GBR,826,Urban,7,Dry latrines - Pit latrine with slab/covered latrine,0.0,Eurostat environmental database - ES09
United Kingdom of Great Britain and Northern Ireland,GB,GBR,826,Urban,8,Dry latrines - Traditional latrine,0.0,Eurostat environmental database - ES09
United Kingdom of Great Britain and Northern Ireland,GB,GBR,826,Urban,9,Dry latrines - Pit latrine without slab/open pit,0.0,Eurostat environmental database - ES09
United Kingdom of Great Britain and Northern Ireland,GB,GBR,826,Urban,10,Dry latrines - Hanging toilet/hanging latrine,0.0,Eurostat environmental database - ES09
United Kingdom of Great Britain and Northern Ireland,GB,GBR,826,Urban,11,Dry latrines - Bucket latrine,0.0,Eurostat environmental database - ES09
United Kingdom of Great Britain and Northern Ireland,GB,GBR,826,Urban,12,Dry latrines - Other,0.0,Eurostat environmental database - ES09
United Kingdom of Great Britain and Northern Ireland,GB,GBR,826,Urban,13,Composting toilets,0.0,Eurostat environmental database - ES09
United Kingdom of Great Britain and Northern Ireland,GB,GBR,826,Urban,14,Other improved,0.0,Eurostat environmental database - ES09
United Kingdom of Great Britain and Northern Ireland,GB,GBR,826,Urban,15,"No facility, bush, field",0.0,Eurostat environmental database - ES09
United Kingdom of Great Britain and Northern Ireland,GB,GBR,826,Urban,16,Other unimproved,0.0,Eurostat environmental database - ES09
United Kingdom of Great Britain and Northern Ireland,GB,GBR,826,Urban,17,DK/missing information,0.0,Eurostat environmental database - ES09
United Kingdom of Great Britain and Northern Ireland,GB,GBR,826,Rural,1,Flush and pour flush - to piped sewer system,0.0,Eurostat environmental database - ES09
United Kingdom of Great Britain and Northern Ireland,GB,GBR,826,Rural,2,Flush and pour flush - to septic tank,0.0,Eurostat environmental database - ES09
United Kingdom of Great Britain and Northern Ireland,GB,GBR,826,Rural,3,Flush and pour flush - to pit,0.0,Eurostat environmental database - ES09
United Kingdom of Great Britain and Northern Ireland,GB,GBR,826,Rural,4,Flush and pour flush - to unknown place/ not sure/DK,0.0,Eurostat environmental database - ES09
United Kingdom of Great Britain and Northern Ireland,GB,GBR,826,Rural,5,Flush and pour flush - to elsewhere,0.0,Eurostat environmental database - ES09
United Kingdom of Great Britain and Northern Ireland,GB,GBR,826,Rural,6,Dry latrines - Ventilated Improved Pit latrine,0.0,Eurostat environmental database - ES09
United Kingdom of Great Britain and Northern Ireland,GB,GBR,826,Rural,7,Dry latrines - Pit latrine with slab/covered latrine,0.0,Eurostat environmental database - ES09
United Kingdom of Great Britain and Northern Ireland,GB,GBR,826,Rural,8,Dry latrines - Traditional latrine,0.0,Eurostat environmental database - ES09
United Kingdom of Great Britain and Northern Ireland,GB,GBR,826,Rural,9,Dry latrines - Pit latrine without slab/open pit,0.0,Eurostat environmental database - ES09
United Kingdom of Great Britain and Northern Ireland,GB,GBR,826,Rural,10,Dry latrines - Hanging toilet/hanging latrine,0.0,Eurostat environmental database - ES09
United Kingdom of Great Britain and Northern Ireland,GB,GBR,826,Rural,11,Dry latrines - Bucket latrine,0.0,Eurostat environmental database - ES09
United Kingdom of Great Britain and Northern Ireland,GB,GBR,826,Rural,12,Dry latrines - Other,0.0,Eurostat environmental database - ES09
United Kingdom of Great Britain and Northern Ireland,GB,GBR,826,Rural,13,Composting toilets,0.0,Eurostat environmental database - ES09
United Kingdom of Great Britain and Northern Ireland,GB,GBR,826,Rural,14,Other improved,0.0,Eurostat environmental database - ES09
United Kingdom of Great Britain and Northern Ireland,GB,GBR,826,Rural,15,"No facility, bush, field",0.0,Eurostat environmental database - ES09
United Kingdom of Great Britain and Northern Ireland,GB,GBR,826,Rural,16,Other unimproved,0.0,Eurostat environmental database - ES09
United Kingdom of Great Britain and Northern Ireland,GB,GBR,826,Rural,17,DK/missing information,0.0,Eurostat environmental database - ES09
United Kingdom of Great Britain and Northern Ireland,GB,GBR,826,National,1,Flush and pour flush - to piped sewer system,0.97,Eurostat environmental database - ES09
United Kingdom of Great Britain and Northern Ireland,GB,GBR,826,National,2,Flush and pour flush - to septic tank,0.027,Eurostat environmental database - ES09
United Kingdom of Great Britain and Northern Ireland,GB,GBR,826,National,3,Flush and pour flush - to pit,0.0,Eurostat environmental database - ES09
United Kingdom of Great Britain and Northern Ireland,GB,GBR,826,National,4,Flush and pour flush - to unknown place/ not sure/DK,0.0,Eurostat environmental database - ES09
United Kingdom of Great Britain and Northern Ireland,GB,GBR,826,National,5,Flush and pour flush - to elsewhere,0.0,Eurostat environmental database - ES09
United Kingdom of Great Britain and Northern Ireland,GB,GBR,826,National,6,Dry latrines - Ventilated Improved Pit latrine,0.0,Eurostat environmental database - ES09
United Kingdom of Great Britain and Northern Ireland,GB,GBR,826,National,7,Dry latrines - Pit latrine with slab/covered latrine,0.0,Eurostat environmental database - ES09
United Kingdom of Great Britain and Northern Ireland,GB,GBR,826,National,8,Dry latrines - Traditional latrine,0.0,Eurostat environmental database - ES09
United Kingdom of Great Britain and Northern Ireland,GB,GBR,826,National,9,Dry latrines - Pit latrine without slab/open pit,0.0,Eurostat environmental database - ES09
United Kingdom of Great Britain and Northern Ireland,GB,GBR,826,National,10,Dry latrines - Hanging toilet/hanging latrine,0.0,Eurostat environmental database - ES09
United Kingdom of Great Britain and Northern Ireland,GB,GBR,826,National,11,Dry latrines - Bucket latrine,0.0,Eurostat environmental database - ES09
United Kingdom of Great Britain and Northern Ireland,GB,GBR,826,National,12,Dry latrines - Other,0.0,Eurostat environmental database - ES09
United Kingdom of Great Britain and Northern Ireland,GB,GBR,826,National,13,Composting toilets,0.0,Eurostat environmental database - ES09
United Kingdom of Great Britain and Northern Ireland,GB,GBR,826,National,14,Other improved,0.0,Eurostat environmental database - ES09
United Kingdom of Great Britain and Northern Ireland,GB,GBR,826,National,15,"No facility, bush, field",0.0,Eurostat environmental database - ES09
United Kingdom of Great Britain and Northern Ireland,GB,GBR,826,National,16,Other unimproved,0.004,Eurostat environmental database - ES09
United Kingdom of Great Britain and Northern Ireland,GB,GBR,826,National,17,DK/missing information,0.0,Eurostat environmental database - ES09
United Kingdom of Great Britain and Northern Ireland,GB,GBR,826,Urban,1,Flush and pour flush - to piped sewer system,0.0,Eurostat environmental database - ES10
United Kingdom of Great Britain and Northern Ireland,GB,GBR,826,Urban,2,Flush and pour flush - to septic tank,0.0,Eurostat environmental database - ES10
United Kingdom of Great Britain and Northern Ireland,GB,GBR,826,Urban,3,Flush and pour flush - to pit,0.0,Eurostat environmental database - ES10
United Kingdom of Great Britain and Northern Ireland,GB,GBR,826,Urban,4,Flush and pour flush - to unknown place/ not sure/DK,0.0,Eurostat environmental database - ES10
United Kingdom of Great Britain and Northern Ireland,GB,GBR,826,Urban,5,Flush and pour flush - to elsewhere,0.0,Eurostat environmental database - ES10
United Kingdom of Great Britain and Northern Ireland,GB,GBR,826,Urban,6,Dry latrines - Ventilated Improved Pit latrine,0.0,Eurostat environmental database - ES10
United Kingdom of Great Britain and Northern Ireland,GB,GBR,826,Urban,7,Dry latrines - Pit latrine with slab/covered latrine,0.0,Eurostat environmental database - ES10
United Kingdom of Great Britain and Northern Ireland,GB,GBR,826,Urban,8,Dry latrines - Traditional latrine,0.0,Eurostat environmental database - ES10
United Kingdom of Great Britain and Northern Ireland,GB,GBR,826,Urban,9,Dry latrines - Pit latrine without slab/open pit,0.0,Eurostat environmental database - ES10
United Kingdom of Great Britain and Northern Ireland,GB,GBR,826,Urban,10,Dry latrines - Hanging toilet/hanging latrine,0.0,Eurostat environmental database - ES10
United Kingdom of Great Britain and Northern Ireland,GB,GBR,826,Urban,11,Dry latrines - Bucket latrine,0.0,Eurostat environmental database - ES10
United Kingdom of Great Britain and Northern Ireland,GB,GBR,826,Urban,12,Dry latrines - Other,0.0,Eurostat environmental database - ES10
United Kingdom of Great Britain and Northern Ireland,GB,GBR,826,Urban,13,Composting toilets,0.0,Eurostat environmental database - ES10
United Kingdom of Great Britain and Northern Ireland,GB,GBR,826,Urban,14,Other improved,0.0,Eurostat environmental database - ES10
United Kingdom of Great Britain and Northern Ireland,GB,GBR,826,Urban,15,"No facility, bush, field",0.0,Eurostat environmental database - ES10
United Kingdom of Great Britain and Northern Ireland,GB,GBR,826,Urban,16,Other unimproved,0.0,Eurostat environmental database - ES10
United Kingdom of Great Britain and Northern Ireland,GB,GBR,826,Urban,17,DK/missing information,0.0,Eurostat environmental database - ES10
United Kingdom of Great Britain and Northern Ireland,GB,GBR,826,Rural,1,Flush and pour flush - to piped sewer system,0.0,Eurostat environmental database - ES10
United Kingdom of Great Britain and Northern Ireland,GB,GBR,826,Rural,2,Flush and pour flush - to septic tank,0.0,Eurostat environmental database - ES10
United Kingdom of Great Britain and Northern Ireland,GB,GBR,826,Rural,3,Flush and pour flush - to pit,0.0,Eurostat environmental database - ES10
United Kingdom of Great Britain and Northern Ireland,GB,GBR,826,Rural,4,Flush and pour flush - to unknown place/ not sure/DK,0.0,Eurostat environmental database - ES10
United Kingdom of Great Britain and Northern Ireland,GB,GBR,826,Rural,5,Flush and pour flush - to elsewhere,0.0,Eurostat environmental database - ES10
United Kingdom of Great Britain and Northern Ireland,GB,GBR,826,Rural,6,Dry latrines - Ventilated Improved Pit latrine,0.0,Eurostat environmental database - ES10
United Kingdom of Great Britain and Northern Ireland,GB,GBR,826,Rural,7,Dry latrines - Pit latrine with slab/covered latrine,0.0,Eurostat environmental database - ES10
United Kingdom of Great Britain and Northern Ireland,GB,GBR,826,Rural,8,Dry latrines - Traditional latrine,0.0,Eurostat environmental database - ES10
United Kingdom of Great Britain and Northern Ireland,GB,GBR,826,Rural,9,Dry latrines - Pit latrine without slab/open pit,0.0,Eurostat environmental database - ES10
United Kingdom of Great Britain and Northern Ireland,GB,GBR,826,Rural,10,Dry latrines - Hanging toilet/hanging latrine,0.0,Eurostat environmental database - ES10
United Kingdom of Great Britain and Northern Ireland,GB,GBR,826,Rural,11,Dry latrines - Bucket latrine,0.0,Eurostat environmental database - ES10
United Kingdom of Great Britain and Northern Ireland,GB,GBR,826,Rural,12,Dry latrines - Other,0.0,Eurostat environmental database - ES10
United Kingdom of Great Britain and Northern Ireland,GB,GBR,826,Rural,13,Composting toilets,0.0,Eurostat environmental database - ES10
United Kingdom of Great Britain and Northern Ireland,GB,GBR,826,Rural,14,Other improved,0.0,Eurostat environmental database - ES10
United Kingdom of Great Britain and Northern Ireland,GB,GBR,826,Rural,15,"No facility, bush, field",0.0,Eurostat environmental database - ES10
United Kingdom of Great Britain and Northern Ireland,GB,GBR,826,Rural,16,Other unimproved,0.0,Eurostat environmental database - ES10
United Kingdom of Great Britain and Northern Ireland,GB,GBR,826,Rural,17,DK/missing information,0.0,Eurostat environmental database - ES10
United Kingdom of Great Britain and Northern Ireland,GB,GBR,826,National,1,Flush and pour flush - to piped sewer system,0.995,Eurostat environmental database - ES10
United Kingdom of Great Britain and Northern Ireland,GB,GBR,826,National,2,Flush and pour flush - to septic tank,0.0,Eurostat environmental database - ES10
United Kingdom of Great Britain and Northern Ireland,GB,GBR,826,National,3,Flush and pour flush - to pit,0.0,Eurostat environmental database - ES10
United Kingdom of Great Britain and Northern Ireland,GB,GBR,826,National,4,Flush and pour flush - to unknown place/ not sure/DK,0.0,Eurostat environmental database - ES10
United Kingdom of Great Britain and Northern Ireland,GB,GBR,826,National,5,Flush and pour flush - to elsewhere,0.0,Eurostat environmental database - ES10
United Kingdom of Great Britain and Northern Ireland,GB,GBR,826,National,6,Dry latrines - Ventilated Improved Pit latrine,0.0,Eurostat environmental database - ES10
United Kingdom of Great Britain and Northern Ireland,GB,GBR,826,National,7,Dry latrines - Pit latrine with slab/covered latrine,0.0,Eurostat environmental database - ES10
United Kingdom of Great Britain and Northern Ireland,GB,GBR,826,National,8,Dry latrines - Traditional latrine,0.0,Eurostat environmental database - ES10
United Kingdom of Great Britain and Northern Ireland,GB,GBR,826,National,9,Dry latrines - Pit latrine without slab/open pit,0.0,Eurostat environmental database - ES10
United Kingdom of Great Britain and Northern Ireland,GB,GBR,826,National,10,Dry latrines - Hanging toilet/hanging latrine,0.0,Eurostat environmental database - ES10
United Kingdom of Great Britain and Northern Ireland,GB,GBR,826,National,11,Dry latrines - Bucket latrine,0.0,Eurostat environmental database - ES10
United Kingdom of Great Britain and Northern Ireland,GB,GBR,826,National,12,Dry latrines - Other,0.0,Eurostat environmental database - ES10
United Kingdom of Great Britain and Northern Ireland,GB,GBR,826,National,13,Composting toilets,0.0,Eurostat environmental database - ES10
United Kingdom of Great Britain and Northern Ireland,GB,GBR,826,National,14,Other improved,0.0,Eurostat environmental database - ES10
United Kingdom of Great Britain and Northern Ireland,GB,GBR,826,National,15,"No facility, bush, field",0.0,Eurostat environmental database - ES10
United Kingdom of Great Britain and Northern Ireland,GB,GBR,826,National,16,Other unimproved,0.004,Eurostat environmental database - ES10
United Kingdom of Great Britain and Northern Ireland,GB,GBR,826,National,17,DK/missing information,0.0,Eurostat environmental database - ES10
United Kingdom of Great Britain and Northern Ireland,GB,GBR,826,Urban,1,Flush and pour flush - to piped sewer system,0.0,EUROSTAT - ES14
United Kingdom of Great Britain and Northern Ireland,GB,GBR,826,Urban,2,Flush and pour flush - to septic tank,0.0,EUROSTAT - ES14
United Kingdom of Great Britain and Northern Ireland,GB,GBR,826,Urban,3,Flush and pour flush - to pit,0.0,EUROSTAT - ES14
United Kingdom of Great Britain and Northern Ireland,GB,GBR,826,Urban,4,Flush and pour flush - to unknown place/ not sure/DK,0.0,EUROSTAT - ES14
United Kingdom of Great Britain and Northern Ireland,GB,GBR,826,Urban,5,Flush and pour flush - to elsewhere,0.0,EUROSTAT - ES14
United Kingdom of Great Britain and Northern Ireland,GB,GBR,826,Urban,6,Dry latrines - Ventilated Improved Pit latrine,0.0,EUROSTAT - ES14
United Kingdom of Great Britain and Northern Ireland,GB,GBR,826,Urban,7,Dry latrines - Pit latrine with slab/covered latrine,0.0,EUROSTAT - ES14
United Kingdom of Great Britain and Northern Ireland,GB,GBR,826,Urban,8,Dry latrines - Traditional latrine,0.0,EUROSTAT - ES14
United Kingdom of Great Britain and Northern Ireland,GB,GBR,826,Urban,9,Dry latrines - Pit latrine without slab/open pit,0.0,EUROSTAT - ES14
United Kingdom of Great Britain and Northern Ireland,GB,GBR,826,Urban,10,Dry latrines - Hanging toilet/hanging latrine,0.0,EUROSTAT - ES14
United Kingdom of Great Britain and Northern Ireland,GB,GBR,826,Urban,11,Dry latrines - Bucket latrine,0.0,EUROSTAT - ES14
United Kingdom of Great Britain and Northern Ireland,GB,GBR,826,Urban,12,Dry latrines - Other,0.0,EUROSTAT - ES14
United Kingdom of Great Britain and Northern Ireland,GB,GBR,826,Urban,13,Composting toilets,0.0,EUROSTAT - ES14
United Kingdom of Great Britain and Northern Ireland,GB,GBR,826,Urban,14,Other improved,0.0,EUROSTAT - ES14
United Kingdom of Great Britain and Northern Ireland,GB,GBR,826,Urban,15,"No facility, bush, field",0.0,EUROSTAT - ES14
United Kingdom of Great Britain and Northern Ireland,GB,GBR,826,Urban,16,Other unimproved,0.0,EUROSTAT - ES14
United Kingdom of Great Britain and Northern Ireland,GB,GBR,826,Urban,17,DK/missing information,0.0,EUROSTAT - ES14
United Kingdom of Great Britain and Northern Ireland,GB,GBR,826,Rural,1,Flush and pour flush - to piped sewer system,0.0,EUROSTAT - ES14
United Kingdom of Great Britain and Northern Ireland,GB,GBR,826,Rural,2,Flush and pour flush - to septic tank,0.0,EUROSTAT - ES14
United Kingdom of Great Britain and Northern Ireland,GB,GBR,826,Rural,3,Flush and pour flush - to pit,0.0,EUROSTAT - ES14
United Kingdom of Great Britain and Northern Ireland,GB,GBR,826,Rural,4,Flush and pour flush - to unknown place/ not sure/DK,0.0,EUROSTAT - ES14
United Kingdom of Great Britain and Northern Ireland,GB,GBR,826,Rural,5,Flush and pour flush - to elsewhere,0.0,EUROSTAT - ES14
United Kingdom of Great Britain and Northern Ireland,GB,GBR,826,Rural,6,Dry latrines - Ventilated Improved Pit latrine,0.0,EUROSTAT - ES14
United Kingdom of Great Britain and Northern Ireland,GB,GBR,826,Rural,7,Dry latrines - Pit latrine with slab/covered latrine,0.0,EUROSTAT - ES14
United Kingdom of Great Britain and Northern Ireland,GB,GBR,826,Rural,8,Dry latrines - Traditional latrine,0.0,EUROSTAT - ES14
United Kingdom of Great Britain and Northern Ireland,GB,GBR,826,Rural,9,Dry latrines - Pit latrine without slab/open pit,0.0,EUROSTAT - ES14
United Kingdom of Great Britain and Northern Ireland,GB,GBR,826,Rural,10,Dry latrines - Hanging toilet/hanging latrine,0.0,EUROSTAT - ES14
United Kingdom of Great Britain and Northern Ireland,GB,GBR,826,Rural,11,Dry latrines - Bucket latrine,0.0,EUROSTAT - ES14
United Kingdom of Great Britain and Northern Ireland,GB,GBR,826,Rural,12,Dry latrines - Other,0.0,EUROSTAT - ES14
United Kingdom of Great Britain and Northern Ireland,GB,GBR,826,Rural,13,Composting toilets,0.0,EUROSTAT - ES14
United Kingdom of Great Britain and Northern Ireland,GB,GBR,826,Rural,14,Other improved,0.0,EUROSTAT - ES14
United Kingdom of Great Britain and Northern Ireland,GB,GBR,826,Rural,15,"No facility, bush, field",0.0,EUROSTAT - ES14
United Kingdom of Great Britain and Northern Ireland,GB,GBR,826,Rural,16,Other unimproved,0.0,EUROSTAT - ES14
United Kingdom of Great Britain and Northern Ireland,GB,GBR,826,Rural,17,DK/missing information,0.0,EUROSTAT - ES14
United Kingdom of Great Britain and Northern Ireland,GB,GBR,826,National,1,Flush and pour flush - to piped sewer system,1.0,EUROSTAT - ES14
United Kingdom of Great Britain and Northern Ireland,GB,GBR,826,National,2,Flush and pour flush - to septic tank,0.0,EUROSTAT - ES14
United Kingdom of Great Britain and Northern Ireland,GB,GBR,826,National,3,Flush and pour flush - to pit,0.0,EUROSTAT - ES14
United Kingdom of Great Britain and Northern Ireland,GB,GBR,826,National,4,Flush and pour flush - to unknown place/ not sure/DK,0.0,EUROSTAT - ES14
United Kingdom of Great Britain and Northern Ireland,GB,GBR,826,National,5,Flush and pour flush - to elsewhere,0.0,EUROSTAT - ES14
United Kingdom of Great Britain and Northern Ireland,GB,GBR,826,National,6,Dry latrines - Ventilated Improved Pit latrine,0.0,EUROSTAT - ES14
United Kingdom of Great Britain and Northern Ireland,GB,GBR,826,National,7,Dry latrines - Pit latrine with slab/covered latrine,0.0,EUROSTAT - ES14
United Kingdom of Great Britain and Northern Ireland,GB,GBR,826,National,8,Dry latrines - Traditional latrine,0.0,EUROSTAT - ES14
United Kingdom of Great Britain and Northern Ireland,GB,GBR,826,National,9,Dry latrines - Pit latrine without slab/open pit,0.0,EUROSTAT - ES14
United Kingdom of Great Britain and Northern Ireland,GB,GBR,826,National,10,Dry latrines - Hanging toilet/hanging latrine,0.0,EUROSTAT - ES14
United Kingdom of Great Britain and Northern Ireland,GB,GBR,826,National,11,Dry latrines - Bucket latrine,0.0,EUROSTAT - ES14
United Kingdom of Great Britain and Northern Ireland,GB,GBR,826,National,12,Dry latrines - Other,0.0,EUROSTAT - ES14
United Kingdom of Great Britain and Northern Ireland,GB,GBR,826,National,13,Composting toilets,0.0,EUROSTAT - ES14
United Kingdom of Great Britain and Northern Ireland,GB,GBR,826,National,14,Other improved,0.0,EUROSTAT - ES14
United Kingdom of Great Britain and Northern Ireland,GB,GBR,826,National,15,"No facility, bush, field",0.0,EUROSTAT - ES14
United Kingdom of Great Britain and Northern Ireland,GB,GBR,826,National,16,Other unimproved,0.0,EUROSTAT - ES14
United Kingdom of Great Britain and Northern Ireland,GB,GBR,826,National,17,DK/missing information,0.0,EUROSTAT - ES14
United Kingdom of Great Britain and Northern Ireland,GB,GBR,826,Urban,1,Flush and pour flush - to piped sewer system,0.996,Eurostat SILC database - EUSILC14
United Kingdom of Great Britain and Northern Ireland,GB,GBR,826,Urban,2,Flush and pour flush - to septic tank,0.0,Eurostat SILC database - EUSILC14
United Kingdom of Great Britain and Northern Ireland,GB,GBR,826,Urban,3,Flush and pour flush - to pit,0.0,Eurostat SILC database - EUSILC14
United Kingdom of Great Britain and Northern Ireland,GB,GBR,826,Urban,4,Flush and pour flush - to unknown place/ not sure/DK,0.0,Eurostat SILC database - EUSILC14
United Kingdom of Great Britain and Northern Ireland,GB,GBR,826,Urban,5,Flush and pour flush - to elsewhere,0.0,Eurostat SILC database - EUSILC14
United Kingdom of Great Britain and Northern Ireland,GB,GBR,826,Urban,6,Dry latrines - Ventilated Improved Pit latrine,0.0,Eurostat SILC database - EUSILC14
United Kingdom of Great Britain and Northern Ireland,GB,GBR,826,Urban,7,Dry latrines - Pit latrine with slab/covered latrine,0.0,Eurostat SILC database - EUSILC14
United Kingdom of Great Britain and Northern Ireland,GB,GBR,826,Urban,8,Dry latrines - Traditional latrine,0.0,Eurostat SILC database - EUSILC14
United Kingdom of Great Britain and Northern Ireland,GB,GBR,826,Urban,9,Dry latrines - Pit latrine without slab/open pit,0.0,Eurostat SILC database - EUSILC14
United Kingdom of Great Britain and Northern Ireland,GB,GBR,826,Urban,10,Dry latrines - Hanging toilet/hanging latrine,0.0,Eurostat SILC database - EUSILC14
United Kingdom of Great Britain and Northern Ireland,GB,GBR,826,Urban,11,Dry latrines - Bucket latrine,0.0,Eurostat SILC database - EUSILC14
United Kingdom of Great Britain and Northern Ireland,GB,GBR,826,Urban,12,Dry latrines - Other,0.0,Eurostat SILC database - EUSILC14
United Kingdom of Great Britain and Northern Ireland,GB,GBR,826,Urban,13,Composting toilets,0.0,Eurostat SILC database - EUSILC14
United Kingdom of Great Britain and Northern Ireland,GB,GBR,826,Urban,14,Other improved,0.0,Eurostat SILC database - EUSILC14
United Kingdom of Great Britain and Northern Ireland,GB,GBR,826,Urban,15,"No facility, bush, field",0.0,Eurostat SILC database - EUSILC14
United Kingdom of Great Britain and Northern Ireland,GB,GBR,826,Urban,16,Other unimproved,0.004,Eurostat SILC database - EUSILC14
United Kingdom of Great Britain and Northern Ireland,GB,GBR,826,Urban,17,DK/missing information,0.0,Eurostat SILC database - EUSILC14
United Kingdom of Great Britain and Northern Ireland,GB,GBR,826,Rural,1,Flush and pour flush - to piped sewer system,0.996,Eurostat SILC database - EUSILC14
United Kingdom of Great Britain and Northern Ireland,GB,GBR,826,Rural,2,Flush and pour flush - to septic tank,0.0,Eurostat SILC database - EUSILC14
United Kingdom of Great Britain and Northern Ireland,GB,GBR,826,Rural,3,Flush and pour flush - to pit,0.0,Eurostat SILC database - EUSILC14
United Kingdom of Great Britain and Northern Ireland,GB,GBR,826,Rural,4,Flush and pour flush - to unknown place/ not sure/DK,0.0,Eurostat SILC database - EUSILC14
United Kingdom of Great Britain and Northern Ireland,GB,GBR,826,Rural,5,Flush and pour flush - to elsewhere,0.0,Eurostat SILC database - EUSILC14
United Kingdom of Great Britain and Northern Ireland,GB,GBR,826,Rural,6,Dry latrines - Ventilated Improved Pit latrine,0.0,Eurostat SILC database - EUSILC14
United Kingdom of Great Britain and Northern Ireland,GB,GBR,826,Rural,7,Dry latrines - Pit latrine with slab/covered latrine,0.0,Eurostat SILC database - EUSILC14
United Kingdom of Great Britain and Northern Ireland,GB,GBR,826,Rural,8,Dry latrines - Traditional latrine,0.0,Eurostat SILC database - EUSILC14
United Kingdom of Great Britain and Northern Ireland,GB,GBR,826,Rural,9,Dry latrines - Pit latrine without slab/open pit,0.0,Eurostat SILC database - EUSILC14
United Kingdom of Great Britain and Northern Ireland,GB,GBR,826,Rural,10,Dry latrines - Hanging toilet/hanging latrine,0.0,Eurostat SILC database - EUSILC14
United Kingdom of Great Britain and Northern Ireland,GB,GBR,826,Rural,11,Dry latrines - Bucket latrine,0.0,Eurostat SILC database - EUSILC14
United Kingdom of Great Britain and Northern Ireland,GB,GBR,826,Rural,12,Dry latrines - Other,0.0,Eurostat SILC database - EUSILC14
United Kingdom of Great Britain and Northern Ireland,GB,GBR,826,Rural,13,Composting toilets,0.0,Eurostat SILC database - EUSILC14
United Kingdom of Great Britain and Northern Ireland,GB,GBR,826,Rural,14,Other improved,0.0,Eurostat SILC database - EUSILC14
United Kingdom of Great Britain and Northern Ireland,GB,GBR,826,Rural,15,"No facility, bush, field",0.0,Eurostat SILC database - EUSILC14
United Kingdom of Great Britain and Northern Ireland,GB,GBR,826,Rural,16,Other unimproved,0.004,Eurostat SILC database - EUSILC14
United Kingdom of Great Britain and Northern Ireland,GB,GBR,826,Rural,17,DK/missing information,0.0,Eurostat SILC database - EUSILC14
United Kingdom of Great Britain and Northern Ireland,GB,GBR,826,National,1,Flush and pour flush - to piped sewer system,0.996,Eurostat SILC database - EUSILC14
United Kingdom of Great Britain and Northern Ireland,GB,GBR,826,National,2,Flush and pour flush - to septic tank,0.0,Eurostat SILC database - EUSILC14
United Kingdom of Great Britain and Northern Ireland,GB,GBR,826,National,3,Flush and pour flush - to pit,0.0,Eurostat SILC database - EUSILC14
United Kingdom of Great Britain and Northern Ireland,GB,GBR,826,National,4,Flush and pour flush - to unknown place/ not sure/DK,0.0,Eurostat SILC database - EUSILC14
United Kingdom of Great Britain and Northern Ireland,GB,GBR,826,National,5,Flush and pour flush - to elsewhere,0.0,Eurostat SILC database - EUSILC14
United Kingdom of Great Britain and Northern Ireland,GB,GBR,826,National,6,Dry latrines - Ventilated Improved Pit latrine,0.0,Eurostat SILC database - EUSILC14
United Kingdom of Great Britain and Northern Ireland,GB,GBR,826,National,7,Dry latrines - Pit latrine with slab/covered latrine,0.0,Eurostat SILC database - EUSILC14
United Kingdom of Great Britain and Northern Ireland,GB,GBR,826,National,8,Dry latrines - Traditional latrine,0.0,Eurostat SILC database - EUSILC14
United Kingdom of Great Britain and Northern Ireland,GB,GBR,826,National,9,Dry latrines - Pit latrine without slab/open pit,0.0,Eurostat SILC database - EUSILC14
United Kingdom of Great Britain and Northern Ireland,GB,GBR,826,National,10,Dry latrines - Hanging toilet/hanging latrine,0.0,Eurostat SILC database - EUSILC14
United Kingdom of Great Britain and Northern Ireland,GB,GBR,826,National,11,Dry latrines - Bucket latrine,0.0,Eurostat SILC database - EUSILC14
United Kingdom of Great Britain and Northern Ireland,GB,GBR,826,National,12,Dry latrines - Other,0.0,Eurostat SILC database - EUSILC14
United Kingdom of Great Britain and Northern Ireland,GB,GBR,826,National,13,Composting toilets,0.0,Eurostat SILC database - EUSILC14
United Kingdom of Great Britain and Northern Ireland,GB,GBR,826,National,14,Other improved,0.0,Eurostat SILC database - EUSILC14
United Kingdom of Great Britain and Northern Ireland,GB,GBR,826,National,15,"No facility, bush, field",0.0,Eurostat SILC database - EUSILC14
United Kingdom of Great Britain and Northern Ireland,GB,GBR,826,National,16,Other unimproved,0.004,Eurostat SILC database - EUSILC14
United Kingdom of Great Britain and Northern Ireland,GB,GBR,826,National,17,DK/missing information,0.0,Eurostat SILC database - EUSILC14
United Kingdom of Great Britain and Northern Ireland,GB,GBR,826,Urban,1,Flush and pour flush - to piped sewer system,0.996,Eurostat SILC database - EUSILC15
United Kingdom of Great Britain and Northern Ireland,GB,GBR,826,Urban,2,Flush and pour flush - to septic tank,0.0,Eurostat SILC database - EUSILC15
United Kingdom of Great Britain and Northern Ireland,GB,GBR,826,Urban,3,Flush and pour flush - to pit,0.0,Eurostat SILC database - EUSILC15
United Kingdom of Great Britain and Northern Ireland,GB,GBR,826,Urban,4,Flush and pour flush - to unknown place/ not sure/DK,0.0,Eurostat SILC database - EUSILC15
United Kingdom of Great Britain and Northern Ireland,GB,GBR,826,Urban,5,Flush and pour flush - to elsewhere,0.0,Eurostat SILC database - EUSILC15
United Kingdom of Great Britain and Northern Ireland,GB,GBR,826,Urban,6,Dry latrines - Ventilated Improved Pit latrine,0.0,Eurostat SILC database - EUSILC15
United Kingdom of Great Britain and Northern Ireland,GB,GBR,826,Urban,7,Dry latrines - Pit latrine with slab/covered latrine,0.0,Eurostat SILC database - EUSILC15
United Kingdom of Great Britain and Northern Ireland,GB,GBR,826,Urban,8,Dry latrines - Traditional latrine,0.0,Eurostat SILC database - EUSILC15
United Kingdom of Great Britain and Northern Ireland,GB,GBR,826,Urban,9,Dry latrines - Pit latrine without slab/open pit,0.0,Eurostat SILC database - EUSILC15
United Kingdom of Great Britain and Northern Ireland,GB,GBR,826,Urban,10,Dry latrines - Hanging toilet/hanging latrine,0.0,Eurostat SILC database - EUSILC15
United Kingdom of Great Britain and Northern Ireland,GB,GBR,826,Urban,11,Dry latrines - Bucket latrine,0.0,Eurostat SILC database - EUSILC15
United Kingdom of Great Britain and Northern Ireland,GB,GBR,826,Urban,12,Dry latrines - Other,0.0,Eurostat SILC database - EUSILC15
United Kingdom of Great Britain and Northern Ireland,GB,GBR,826,Urban,13,Composting toilets,0.0,Eurostat SILC database - EUSILC15
United Kingdom of Great Britain and Northern Ireland,GB,GBR,826,Urban,14,Other improved,0.0,Eurostat SILC database - EUSILC15
United Kingdom of Great Britain and Northern Ireland,GB,GBR,826,Urban,15,"No facility, bush, field",0.0,Eurostat SILC database - EUSILC15
United Kingdom of Great Britain and Northern Ireland,GB,GBR,826,Urban,16,Other unimproved,0.004,Eurostat SILC database - EUSILC15
United Kingdom of Great Britain and Northern Ireland,GB,GBR,826,Urban,17,DK/missing information,0.0,Eurostat SILC database - EUSILC15
United Kingdom of Great Britain and Northern Ireland,GB,GBR,826,Rural,1,Flush and pour flush - to piped sewer system,0.993,Eurostat SILC database - EUSILC15
United Kingdom of Great Britain and Northern Ireland,GB,GBR,826,Rural,2,Flush and pour flush - to septic tank,0.0,Eurostat SILC database - EUSILC15
United Kingdom of Great Britain and Northern Ireland,GB,GBR,826,Rural,3,Flush and pour flush - to pit,0.0,Eurostat SILC database - EUSILC15
United Kingdom of Great Britain and Northern Ireland,GB,GBR,826,Rural,4,Flush and pour flush - to unknown place/ not sure/DK,0.0,Eurostat SILC database - EUSILC15
United Kingdom of Great Britain and Northern Ireland,GB,GBR,826,Rural,5,Flush and pour flush - to elsewhere,0.0,Eurostat SILC database - EUSILC15
United Kingdom of Great Britain and Northern Ireland,GB,GBR,826,Rural,6,Dry latrines - Ventilated Improved Pit latrine,0.0,Eurostat SILC database - EUSILC15
United Kingdom of Great Britain and Northern Ireland,GB,GBR,826,Rural,7,Dry latrines - Pit latrine with slab/covered latrine,0.0,Eurostat SILC database - EUSILC15
United Kingdom of Great Britain and Northern Ireland,GB,GBR,826,Rural,8,Dry latrines - Traditional latrine,0.0,Eurostat SILC database - EUSILC15
United Kingdom of Great Britain and Northern Ireland,GB,GBR,826,Rural,9,Dry latrines - Pit latrine without slab/open pit,0.0,Eurostat SILC database - EUSILC15
United Kingdom of Great Britain and Northern Ireland,GB,GBR,826,Rural,10,Dry latrines - Hanging toilet/hanging latrine,0.0,Eurostat SILC database - EUSILC15
United Kingdom of Great Britain and Northern Ireland,GB,GBR,826,Rural,11,Dry latrines - Bucket latrine,0.0,Eurostat SILC database - EUSILC15
United Kingdom of Great Britain and Northern Ireland,GB,GBR,826,Rural,12,Dry latrines - Other,0.0,Eurostat SILC database - EUSILC15
United Kingdom of Great Britain and Northern Ireland,GB,GBR,826,Rural,13,Composting toilets,0.0,Eurostat SILC database - EUSILC15
United Kingdom of Great Britain and Northern Ireland,GB,GBR,826,Rural,14,Other improved,0.0,Eurostat SILC database - EUSILC15
United Kingdom of Great Britain and Northern Ireland,GB,GBR,826,Rural,15,"No facility, bush, field",0.0,Eurostat SILC database - EUSILC15
United Kingdom of Great Britain and Northern Ireland,GB,GBR,826,Rural,16,Other unimproved,0.007,Eurostat SILC database - EUSILC15
United Kingdom of Great Britain and Northern Ireland,GB,GBR,826,Rural,17,DK/missing information,0.0,Eurostat SILC database - EUSILC15
United Kingdom of Great Britain and Northern Ireland,GB,GBR,826,National,1,Flush and pour flush - to piped sewer system,0.996,Eurostat SILC database - EUSILC15
United Kingdom of Great Britain and Northern Ireland,GB,GBR,826,National,2,Flush and pour flush - to septic tank,0.0,Eurostat SILC database - EUSILC15
United Kingdom of Great Britain and Northern Ireland,GB,GBR,826,National,3,Flush and pour flush - to pit,0.0,Eurostat SILC database - EUSILC15
United Kingdom of Great Britain and Northern Ireland,GB,GBR,826,National,4,Flush and pour flush - to unknown place/ not sure/DK,0.0,Eurostat SILC database - EUSILC15
United Kingdom of Great Britain and Northern Ireland,GB,GBR,826,National,5,Flush and pour flush - to elsewhere,0.0,Eurostat SILC database - EUSILC15
United Kingdom of Great Britain and Northern Ireland,GB,GBR,826,National,6,Dry latrines - Ventilated Improved Pit latrine,0.0,Eurostat SILC database - EUSILC15
United Kingdom of Great Britain and Northern Ireland,GB,GBR,826,National,7,Dry latrines - Pit latrine with slab/covered latrine,0.0,Eurostat SILC database - EUSILC15
United Kingdom of Great Britain and Northern Ireland,GB,GBR,826,National,8,Dry latrines - Traditional latrine,0.0,Eurostat SILC database - EUSILC15
United Kingdom of Great Britain and Northern Ireland,GB,GBR,826,National,9,Dry latrines - Pit latrine without slab/open pit,0.0,Eurostat SILC database - EUSILC15
United Kingdom of Great Britain and Northern Ireland,GB,GBR,826,National,10,Dry latrines - Hanging toilet/hanging latrine,0.0,Eurostat SILC database - EUSILC15
United Kingdom of Great Britain and Northern Ireland,GB,GBR,826,National,11,Dry latrines - Bucket latrine,0.0,Eurostat SILC database - EUSILC15
United Kingdom of Great Britain and Northern Ireland,GB,GBR,826,National,12,Dry latrines - Other,0.0,Eurostat SILC database - EUSILC15
United Kingdom of Great Britain and Northern Ireland,GB,GBR,826,National,13,Composting toilets,0.0,Eurostat SILC database - EUSILC15
United Kingdom of Great Britain and Northern Ireland,GB,GBR,826,National,14,Other improved,0.0,Eurostat SILC database - EUSILC15
United Kingdom of Great Britain and Northern Ireland,GB,GBR,826,National,15,"No facility, bush, field",0.0,Eurostat SILC database - EUSILC15
United Kingdom of Great Britain and Northern Ireland,GB,GBR,826,National,16,Other unimproved,0.004,Eurostat SILC database - EUSILC15
United Kingdom of Great Britain and Northern Ireland,GB,GBR,826,National,17,DK/missing information,0.0,Eurostat SILC database - EUSILC15
United Kingdom of Great Britain and Northern Ireland,GB,GBR,826,Urban,1,Flush and pour flush - to piped sewer system,0.998,Eurostat SILC database - EUSILC13
United Kingdom of Great Britain and Northern Ireland,GB,GBR,826,Urban,2,Flush and pour flush - to septic tank,0.0,Eurostat SILC database - EUSILC13
United Kingdom of Great Britain and Northern Ireland,GB,GBR,826,Urban,3,Flush and pour flush - to pit,0.0,Eurostat SILC database - EUSILC13
United Kingdom of Great Britain and Northern Ireland,GB,GBR,826,Urban,4,Flush and pour flush - to unknown place/ not sure/DK,0.0,Eurostat SILC database - EUSILC13
United Kingdom of Great Britain and Northern Ireland,GB,GBR,826,Urban,5,Flush and pour flush - to elsewhere,0.0,Eurostat SILC database - EUSILC13
United Kingdom of Great Britain and Northern Ireland,GB,GBR,826,Urban,6,Dry latrines - Ventilated Improved Pit latrine,0.0,Eurostat SILC database - EUSILC13
United Kingdom of Great Britain and Northern Ireland,GB,GBR,826,Urban,7,Dry latrines - Pit latrine with slab/covered latrine,0.0,Eurostat SILC database - EUSILC13
United Kingdom of Great Britain and Northern Ireland,GB,GBR,826,Urban,8,Dry latrines - Traditional latrine,0.0,Eurostat SILC database - EUSILC13
United Kingdom of Great Britain and Northern Ireland,GB,GBR,826,Urban,9,Dry latrines - Pit latrine without slab/open pit,0.0,Eurostat SILC database - EUSILC13
United Kingdom of Great Britain and Northern Ireland,GB,GBR,826,Urban,10,Dry latrines - Hanging toilet/hanging latrine,0.0,Eurostat SILC database - EUSILC13
United Kingdom of Great Britain and Northern Ireland,GB,GBR,826,Urban,11,Dry latrines - Bucket latrine,0.0,Eurostat SILC database - EUSILC13
United Kingdom of Great Britain and Northern Ireland,GB,GBR,826,Urban,12,Dry latrines - Other,0.0,Eurostat SILC database - EUSILC13
United Kingdom of Great Britain and Northern Ireland,GB,GBR,826,Urban,13,Composting toilets,0.0,Eurostat SILC database - EUSILC13
United Kingdom of Great Britain and Northern Ireland,GB,GBR,826,Urban,14,Other improved,0.0,Eurostat SILC database - EUSILC13
United Kingdom of Great Britain and Northern Ireland,GB,GBR,826,Urban,15,"No facility, bush, field",0.0,Eurostat SILC database - EUSILC13
United Kingdom of Great Britain and Northern Ireland,GB,GBR,826,Urban,16,Other unimproved,0.002,Eurostat SILC database - EUSILC13
United Kingdom of Great Britain and Northern Ireland,GB,GBR,826,Urban,17,DK/missing information,0.0,Eurostat SILC database - EUSILC13
United Kingdom of Great Britain and Northern Ireland,GB,GBR,826,Rural,1,Flush and pour flush - to piped sewer system,0.996,Eurostat SILC database - EUSILC13
United Kingdom of Great Britain and Northern Ireland,GB,GBR,826,Rural,2,Flush and pour flush - to septic tank,0.0,Eurostat SILC database - EUSILC13
United Kingdom of Great Britain and Northern Ireland,GB,GBR,826,Rural,3,Flush and pour flush - to pit,0.0,Eurostat SILC database - EUSILC13
United Kingdom of Great Britain and Northern Ireland,GB,GBR,826,Rural,4,Flush and pour flush - to unknown place/ not sure/DK,0.0,Eurostat SILC database - EUSILC13
United Kingdom of Great Britain and Northern Ireland,GB,GBR,826,Rural,5,Flush and pour flush - to elsewhere,0.0,Eurostat SILC database - EUSILC13
United Kingdom of Great Britain and Northern Ireland,GB,GBR,826,Rural,6,Dry latrines - Ventilated Improved Pit latrine,0.0,Eurostat SILC database - EUSILC13
United Kingdom of Great Britain and Northern Ireland,GB,GBR,826,Rural,7,Dry latrines - Pit latrine with slab/covered latrine,0.0,Eurostat SILC database - EUSILC13
United Kingdom of Great Britain and Northern Ireland,GB,GBR,826,Rural,8,Dry latrines - Traditional latrine,0.0,Eurostat SILC database - EUSILC13
United Kingdom of Great Britain and Northern Ireland,GB,GBR,826,Rural,9,Dry latrines - Pit latrine without slab/open pit,0.0,Eurostat SILC database - EUSILC13
United Kingdom of Great Britain and Northern Ireland,GB,GBR,826,Rural,10,Dry latrines - Hanging toilet/hanging latrine,0.0,Eurostat SILC database - EUSILC13
United Kingdom of Great Britain and Northern Ireland,GB,GBR,826,Rural,11,Dry latrines - Bucket latrine,0.0,Eurostat SILC database - EUSILC13
United Kingdom of Great Britain and Northern Ireland,GB,GBR,826,Rural,12,Dry latrines - Other,0.0,Eurostat SILC database - EUSILC13
United Kingdom of Great Britain and Northern Ireland,GB,GBR,826,Rural,13,Composting toilets,0.0,Eurostat SILC database - EUSILC13
United Kingdom of Great Britain and Northern Ireland,GB,GBR,826,Rural,14,Other improved,0.0,Eurostat SILC database - EUSILC13
United Kingdom of Great Britain and Northern Ireland,GB,GBR,826,Rural,15,"No facility, bush, field",0.0,Eurostat SILC database - EUSILC13
United Kingdom of Great Britain and Northern Ireland,GB,GBR,826,Rural,16,Other unimproved,0.004,Eurostat SILC database - EUSILC13
United Kingdom of Great Britain and Northern Ireland,GB,GBR,826,Rural,17,DK/missing information,0.0,Eurostat SILC database - EUSILC13
United Kingdom of Great Britain and Northern Ireland,GB,GBR,826,National,1,Flush and pour flush - to piped sewer system,0.998,Eurostat SILC database - EUSILC13
United Kingdom of Great Britain and Northern Ireland,GB,GBR,826,National,2,Flush and pour flush - to septic tank,0.0,Eurostat SILC database - EUSILC13
United Kingdom of Great Britain and Northern Ireland,GB,GBR,826,National,3,Flush and pour flush - to pit,0.0,Eurostat SILC database - EUSILC13
United Kingdom of Great Britain and Northern Ireland,GB,GBR,826,National,4,Flush and pour flush - to unknown place/ not sure/DK,0.0,Eurostat SILC database - EUSILC13
United Kingdom of Great Britain and Northern Ireland,GB,GBR,826,National,5,Flush and pour flush - to elsewhere,0.0,Eurostat SILC database - EUSILC13
United Kingdom of Great Britain and Northern Ireland,GB,GBR,826,National,6,Dry latrines - Ventilated Improved Pit latrine,0.0,Eurostat SILC database - EUSILC13
United Kingdom of Great Britain and Northern Ireland,GB,GBR,826,National,7,Dry latrines - Pit latrine with slab/covered latrine,0.0,Eurostat SILC database - EUSILC13
United Kingdom of Great Britain and Northern Ireland,GB,GBR,826,National,8,Dry latrines - Traditional latrine,0.0,Eurostat SILC database - EUSILC13
United Kingdom of Great Britain and Northern Ireland,GB,GBR,826,National,9,Dry latrines - Pit latrine without slab/open pit,0.0,Eurostat SILC database - EUSILC13
United Kingdom of Great Britain and Northern Ireland,GB,GBR,826,National,10,Dry latrines - Hanging toilet/hanging latrine,0.0,Eurostat SILC database - EUSILC13
United Kingdom of Great Britain and Northern Ireland,GB,GBR,826,National,11,Dry latrines - Bucket latrine,0.0,Eurostat SILC database - EUSILC13
United Kingdom of Great Britain and Northern Ireland,GB,GBR,826,National,12,Dry latrines - Other,0.0,Eurostat SILC database - EUSILC13
United Kingdom of Great Britain and Northern Ireland,GB,GBR,826,National,13,Composting toilets,0.0,Eurostat SILC database - EUSILC13
United Kingdom of Great Britain and Northern Ireland,GB,GBR,826,National,14,Other improved,0.0,Eurostat SILC database - EUSILC13
United Kingdom of Great Britain and Northern Ireland,GB,GBR,826,National,15,"No facility, bush, field",0.0,Eurostat SILC database - EUSILC13
United Kingdom of Great Britain and Northern Ireland,GB,GBR,826,National,16,Other unimproved,0.002,Eurostat SILC database - EUSILC13
United Kingdom of Great Britain and Northern Ireland,GB,GBR,826,National,17,DK/missing information,0.0,Eurostat SILC database - EUSILC13
United Kingdom of Great Britain and Northern Ireland,GB,GBR,826,Urban,1,Flush and pour flush - to piped sewer system,0.997,Eurostat SILC database - EUSILC12
United Kingdom of Great Britain and Northern Ireland,GB,GBR,826,Urban,2,Flush and pour flush - to septic tank,0.0,Eurostat SILC database - EUSILC12
United Kingdom of Great Britain and Northern Ireland,GB,GBR,826,Urban,3,Flush and pour flush - to pit,0.0,Eurostat SILC database - EUSILC12
United Kingdom of Great Britain and Northern Ireland,GB,GBR,826,Urban,4,Flush and pour flush - to unknown place/ not sure/DK,0.0,Eurostat SILC database - EUSILC12
United Kingdom of Great Britain and Northern Ireland,GB,GBR,826,Urban,5,Flush and pour flush - to elsewhere,0.0,Eurostat SILC database - EUSILC12
United Kingdom of Great Britain and Northern Ireland,GB,GBR,826,Urban,6,Dry latrines - Ventilated Improved Pit latrine,0.0,Eurostat SILC database - EUSILC12
United Kingdom of Great Britain and Northern Ireland,GB,GBR,826,Urban,7,Dry latrines - Pit latrine with slab/covered latrine,0.0,Eurostat SILC database - EUSILC12
United Kingdom of Great Britain and Northern Ireland,GB,GBR,826,Urban,8,Dry latrines - Traditional latrine,0.0,Eurostat SILC database - EUSILC12
United Kingdom of Great Britain and Northern Ireland,GB,GBR,826,Urban,9,Dry latrines - Pit latrine without slab/open pit,0.0,Eurostat SILC database - EUSILC12
United Kingdom of Great Britain and Northern Ireland,GB,GBR,826,Urban,10,Dry latrines - Hanging toilet/hanging latrine,0.0,Eurostat SILC database - EUSILC12
United Kingdom of Great Britain and Northern Ireland,GB,GBR,826,Urban,11,Dry latrines - Bucket latrine,0.0,Eurostat SILC database - EUSILC12
United Kingdom of Great Britain and Northern Ireland,GB,GBR,826,Urban,12,Dry latrines - Other,0.0,Eurostat SILC database - EUSILC12
United Kingdom of Great Britain and Northern Ireland,GB,GBR,826,Urban,13,Composting toilets,0.0,Eurostat SILC database - EUSILC12
United Kingdom of Great Britain and Northern Ireland,GB,GBR,826,Urban,14,Other improved,0.0,Eurostat SILC database - EUSILC12
United Kingdom of Great Britain and Northern Ireland,GB,GBR,826,Urban,15,"No facility, bush, field",0.0,Eurostat SILC database - EUSILC12
United Kingdom of Great Britain and Northern Ireland,GB,GBR,826,Urban,16,Other unimproved,0.003,Eurostat SILC database - EUSILC12
United Kingdom of Great Britain and Northern Ireland,GB,GBR,826,Urban,17,DK/missing information,0.0,Eurostat SILC database - EUSILC12
United Kingdom of Great Britain and Northern Ireland,GB,GBR,826,Rural,1,Flush and pour flush - to piped sewer system,0.997,Eurostat SILC database - EUSILC12
United Kingdom of Great Britain and Northern Ireland,GB,GBR,826,Rural,2,Flush and pour flush - to septic tank,0.0,Eurostat SILC database - EUSILC12
United Kingdom of Great Britain and Northern Ireland,GB,GBR,826,Rural,3,Flush and pour flush - to pit,0.0,Eurostat SILC database - EUSILC12
United Kingdom of Great Britain and Northern Ireland,GB,GBR,826,Rural,4,Flush and pour flush - to unknown place/ not sure/DK,0.0,Eurostat SILC database - EUSILC12
United Kingdom of Great Britain and Northern Ireland,GB,GBR,826,Rural,5,Flush and pour flush - to elsewhere,0.0,Eurostat SILC database - EUSILC12
United Kingdom of Great Britain and Northern Ireland,GB,GBR,826,Rural,6,Dry latrines - Ventilated Improved Pit latrine,0.0,Eurostat SILC database - EUSILC12
United Kingdom of Great Britain and Northern Ireland,GB,GBR,826,Rural,7,Dry latrines - Pit latrine with slab/covered latrine,0.0,Eurostat SILC database - EUSILC12
United Kingdom of Great Britain and Northern Ireland,GB,GBR,826,Rural,8,Dry latrines - Traditional latrine,0.0,Eurostat SILC database - EUSILC12
United Kingdom of Great Britain and Northern Ireland,GB,GBR,826,Rural,9,Dry latrines - Pit latrine without slab/open pit,0.0,Eurostat SILC database - EUSILC12
United Kingdom of Great Britain and Northern Ireland,GB,GBR,826,Rural,10,Dry latrines - Hanging toilet/hanging latrine,0.0,Eurostat SILC database - EUSILC12
United Kingdom of Great Britain and Northern Ireland,GB,GBR,826,Rural,11,Dry latrines - Bucket latrine,0.0,Eurostat SILC database - EUSILC12
United Kingdom of Great Britain and Northern Ireland,GB,GBR,826,Rural,12,Dry latrines - Other,0.0,Eurostat SILC database - EUSILC12
United Kingdom of Great Britain and Northern Ireland,GB,GBR,826,Rural,13,Composting toilets,0.0,Eurostat SILC database - EUSILC12
United Kingdom of Great Britain and Northern Ireland,GB,GBR,826,Rural,14,Other improved,0.0,Eurostat SILC database - EUSILC12
United Kingdom of Great Britain and Northern Ireland,GB,GBR,826,Rural,15,"No facility, bush, field",0.0,Eurostat SILC database - EUSILC12
United Kingdom of Great Britain and Northern Ireland,GB,GBR,826,Rural,16,Other unimproved,0.003,Eurostat SILC database - EUSILC12
United Kingdom of Great Britain and Northern Ireland,GB,GBR,826,Rural,17,DK/missing information,0.0,Eurostat SILC database - EUSILC12
United Kingdom of Great Britain and Northern Ireland,GB,GBR,826,National,1,Flush and pour flush - to piped sewer system,0.997,Eurostat SILC database - EUSILC12
United Kingdom of Great Britain and Northern Ireland,GB,GBR,826,National,2,Flush and pour flush - to septic tank,0.0,Eurostat SILC database - EUSILC12
United Kingdom of Great Britain and Northern Ireland,GB,GBR,826,National,3,Flush and pour flush - to pit,0.0,Eurostat SILC database - EUSILC12
United Kingdom of Great Britain and Northern Ireland,GB,GBR,826,National,4,Flush and pour flush - to unknown place/ not sure/DK,0.0,Eurostat SILC database - EUSILC12
United Kingdom of Great Britain and Northern Ireland,GB,GBR,826,National,5,Flush and pour flush - to elsewhere,0.0,Eurostat SILC database - EUSILC12
United Kingdom of Great Britain and Northern Ireland,GB,GBR,826,National,6,Dry latrines - Ventilated Improved Pit latrine,0.0,Eurostat SILC database - EUSILC12
United Kingdom of Great Britain and Northern Ireland,GB,GBR,826,National,7,Dry latrines - Pit latrine with slab/covered latrine,0.0,Eurostat SILC database - EUSILC12
United Kingdom of Great Britain and Northern Ireland,GB,GBR,826,National,8,Dry latrines - Traditional latrine,0.0,Eurostat SILC database - EUSILC12
United Kingdom of Great Britain and Northern Ireland,GB,GBR,826,National,9,Dry latrines - Pit latrine without slab/open pit,0.0,Eurostat SILC database - EUSILC12
United Kingdom of Great Britain and Northern Ireland,GB,GBR,826,National,10,Dry latrines - Hanging toilet/hanging latrine,0.0,Eurostat SILC database - EUSILC12
United Kingdom of Great Britain and Northern Ireland,GB,GBR,826,National,11,Dry latrines - Bucket latrine,0.0,Eurostat SILC database - EUSILC12
United Kingdom of Great Britain and Northern Ireland,GB,GBR,826,National,12,Dry latrines - Other,0.0,Eurostat SILC database - EUSILC12
United Kingdom of Great Britain and Northern Ireland,GB,GBR,826,National,13,Composting toilets,0.0,Eurostat SILC database - EUSILC12
United Kingdom of Great Britain and Northern Ireland,GB,GBR,826,National,14,Other improved,0.0,Eurostat SILC database - EUSILC12
United Kingdom of Great Britain and Northern Ireland,GB,GBR,826,National,15,"No facility, bush, field",0.0,Eurostat SILC database - EUSILC12
United Kingdom of Great Britain and Northern Ireland,GB,GBR,826,National,16,Other unimproved,0.003,Eurostat SILC database - EUSILC12
United Kingdom of Great Britain and Northern Ireland,GB,GBR,826,National,17,DK/missing information,0.0,Eurostat SILC database - EUSILC12
