country,alpha-2,alpha-3,numeric,context,classific_id,classification,percentage,source
Grenada,GD,GRD,308,Urban,1,Flush and pour flush - to piped sewer system,0.0,Census - CEN01
Grenada,GD,GRD,308,Urban,2,Flush and pour flush - to septic tank,0.0,Census - CEN01
Grenada,GD,GRD,308,Urban,3,Flush and pour flush - to pit,0.0,Census - CEN01
Grenada,GD,GRD,308,Urban,4,Flush and pour flush - to unknown place/ not sure/DK,0.0,Census - CEN01
Grenada,GD,GRD,308,Urban,5,Flush and pour flush - to elsewhere,0.0,Census - CEN01
Grenada,GD,GRD,308,Urban,6,Dry latrines - Ventilated Improved Pit latrine,0.0,Census - CEN01
Grenada,GD,GRD,308,Urban,7,Dry latrines - Pit latrine with slab/covered latrine,0.0,Census - CEN01
Grenada,GD,GRD,308,Urban,8,Dry latrines - Traditional latrine,0.0,Census - CEN01
Grenada,GD,GRD,308,Urban,9,Dry latrines - Pit latrine without slab/open pit,0.0,Census - CEN01
Grenada,GD,GRD,308,Urban,10,Dry latrines - Hanging toilet/hanging latrine,0.0,Census - CEN01
Grenada,GD,GRD,308,Urban,11,Dry latrines - Bucket latrine,0.0,Census - CEN01
Grenada,GD,GRD,308,Urban,12,Dry latrines - Other,0.0,Census - CEN01
Grenada,GD,GRD,308,Urban,13,Composting toilets,0.0,Census - CEN01
Grenada,GD,GRD,308,Urban,14,Other improved,0.0,Census - CEN01
Grenada,GD,GRD,308,Urban,15,"No facility, bush, field",0.0,Census - CEN01
Grenada,GD,GRD,308,Urban,16,Other unimproved,0.0,Census - CEN01
Grenada,GD,GRD,308,Urban,17,DK/missing information,0.0,Census - CEN01
Grenada,GD,GRD,308,Rural,1,Flush and pour flush - to piped sewer system,0.0,Census - CEN01
Grenada,GD,GRD,308,Rural,2,Flush and pour flush - to septic tank,0.0,Census - CEN01
Grenada,GD,GRD,308,Rural,3,Flush and pour flush - to pit,0.0,Census - CEN01
Grenada,GD,GRD,308,Rural,4,Flush and pour flush - to unknown place/ not sure/DK,0.0,Census - CEN01
Grenada,GD,GRD,308,Rural,5,Flush and pour flush - to elsewhere,0.0,Census - CEN01
Grenada,GD,GRD,308,Rural,6,Dry latrines - Ventilated Improved Pit latrine,0.0,Census - CEN01
Grenada,GD,GRD,308,Rural,7,Dry latrines - Pit latrine with slab/covered latrine,0.0,Census - CEN01
Grenada,GD,GRD,308,Rural,8,Dry latrines - Traditional latrine,0.0,Census - CEN01
Grenada,GD,GRD,308,Rural,9,Dry latrines - Pit latrine without slab/open pit,0.0,Census - CEN01
Grenada,GD,GRD,308,Rural,10,Dry latrines - Hanging toilet/hanging latrine,0.0,Census - CEN01
Grenada,GD,GRD,308,Rural,11,Dry latrines - Bucket latrine,0.0,Census - CEN01
Grenada,GD,GRD,308,Rural,12,Dry latrines - Other,0.0,Census - CEN01
Grenada,GD,GRD,308,Rural,13,Composting toilets,0.0,Census - CEN01
Grenada,GD,GRD,308,Rural,14,Other improved,0.0,Census - CEN01
Grenada,GD,GRD,308,Rural,15,"No facility, bush, field",0.0,Census - CEN01
Grenada,GD,GRD,308,Rural,16,Other unimproved,0.0,Census - CEN01
Grenada,GD,GRD,308,Rural,17,DK/missing information,0.0,Census - CEN01
Grenada,GD,GRD,308,National,1,Flush and pour flush - to piped sewer system,0.023,Census - CEN01
Grenada,GD,GRD,308,National,2,Flush and pour flush - to septic tank,0.491,Census - CEN01
Grenada,GD,GRD,308,National,3,Flush and pour flush - to pit,0.0,Census - CEN01
Grenada,GD,GRD,308,National,4,Flush and pour flush - to unknown place/ not sure/DK,0.0,Census - CEN01
Grenada,GD,GRD,308,National,5,Flush and pour flush - to elsewhere,0.0,Census - CEN01
Grenada,GD,GRD,308,National,6,Dry latrines - Ventilated Improved Pit latrine,0.0,Census - CEN01
Grenada,GD,GRD,308,National,7,Dry latrines - Pit latrine with slab/covered latrine,0.0,Census - CEN01
Grenada,GD,GRD,308,National,8,Dry latrines - Traditional latrine,0.446,Census - CEN01
Grenada,GD,GRD,308,National,9,Dry latrines - Pit latrine without slab/open pit,0.0,Census - CEN01
Grenada,GD,GRD,308,National,10,Dry latrines - Hanging toilet/hanging latrine,0.0,Census - CEN01
Grenada,GD,GRD,308,National,11,Dry latrines - Bucket latrine,0.0,Census - CEN01
Grenada,GD,GRD,308,National,12,Dry latrines - Other,0.0,Census - CEN01
Grenada,GD,GRD,308,National,13,Composting toilets,0.0,Census - CEN01
Grenada,GD,GRD,308,National,14,Other improved,0.0,Census - CEN01
Grenada,GD,GRD,308,National,15,"No facility, bush, field",0.036,Census - CEN01
Grenada,GD,GRD,308,National,16,Other unimproved,0.005,Census - CEN01
Grenada,GD,GRD,308,National,17,DK/missing information,0.0,Census - CEN01
Grenada,GD,GRD,308,Urban,1,Flush and pour flush - to piped sewer system,0.507,Grenada Core Welfare Indicators Survey: Report - CWIQ05
Grenada,GD,GRD,308,Urban,2,Flush and pour flush - to septic tank,0.376,Grenada Core Welfare Indicators Survey: Report - CWIQ05
Grenada,GD,GRD,308,Urban,3,Flush and pour flush - to pit,0.0,Grenada Core Welfare Indicators Survey: Report - CWIQ05
Grenada,GD,GRD,308,Urban,4,Flush and pour flush - to unknown place/ not sure/DK,0.0,Grenada Core Welfare Indicators Survey: Report - CWIQ05
Grenada,GD,GRD,308,Urban,5,Flush and pour flush - to elsewhere,0.0,Grenada Core Welfare Indicators Survey: Report - CWIQ05
Grenada,GD,GRD,308,Urban,6,Dry latrines - Ventilated Improved Pit latrine,0.0,Grenada Core Welfare Indicators Survey: Report - CWIQ05
Grenada,GD,GRD,308,Urban,7,Dry latrines - Pit latrine with slab/covered latrine,0.0,Grenada Core Welfare Indicators Survey: Report - CWIQ05
Grenada,GD,GRD,308,Urban,8,Dry latrines - Traditional latrine,0.092,Grenada Core Welfare Indicators Survey: Report - CWIQ05
Grenada,GD,GRD,308,Urban,9,Dry latrines - Pit latrine without slab/open pit,0.0,Grenada Core Welfare Indicators Survey: Report - CWIQ05
Grenada,GD,GRD,308,Urban,10,Dry latrines - Hanging toilet/hanging latrine,0.0,Grenada Core Welfare Indicators Survey: Report - CWIQ05
Grenada,GD,GRD,308,Urban,11,Dry latrines - Bucket latrine,0.0,Grenada Core Welfare Indicators Survey: Report - CWIQ05
Grenada,GD,GRD,308,Urban,12,Dry latrines - Other,0.0,Grenada Core Welfare Indicators Survey: Report - CWIQ05
Grenada,GD,GRD,308,Urban,13,Composting toilets,0.0,Grenada Core Welfare Indicators Survey: Report - CWIQ05
Grenada,GD,GRD,308,Urban,14,Other improved,0.0,Grenada Core Welfare Indicators Survey: Report - CWIQ05
Grenada,GD,GRD,308,Urban,15,"No facility, bush, field",0.017,Grenada Core Welfare Indicators Survey: Report - CWIQ05
Grenada,GD,GRD,308,Urban,16,Other unimproved,0.008,Grenada Core Welfare Indicators Survey: Report - CWIQ05
Grenada,GD,GRD,308,Urban,17,DK/missing information,0.0,Grenada Core Welfare Indicators Survey: Report - CWIQ05
Grenada,GD,GRD,308,Rural,1,Flush and pour flush - to piped sewer system,0.033,Grenada Core Welfare Indicators Survey: Report - CWIQ05
Grenada,GD,GRD,308,Rural,2,Flush and pour flush - to septic tank,0.552,Grenada Core Welfare Indicators Survey: Report - CWIQ05
Grenada,GD,GRD,308,Rural,3,Flush and pour flush - to pit,0.0,Grenada Core Welfare Indicators Survey: Report - CWIQ05
Grenada,GD,GRD,308,Rural,4,Flush and pour flush - to unknown place/ not sure/DK,0.0,Grenada Core Welfare Indicators Survey: Report - CWIQ05
Grenada,GD,GRD,308,Rural,5,Flush and pour flush - to elsewhere,0.0,Grenada Core Welfare Indicators Survey: Report - CWIQ05
Grenada,GD,GRD,308,Rural,6,Dry latrines - Ventilated Improved Pit latrine,0.018,Grenada Core Welfare Indicators Survey: Report - CWIQ05
Grenada,GD,GRD,308,Rural,7,Dry latrines - Pit latrine with slab/covered latrine,0.0,Grenada Core Welfare Indicators Survey: Report - CWIQ05
Grenada,GD,GRD,308,Rural,8,Dry latrines - Traditional latrine,0.38,Grenada Core Welfare Indicators Survey: Report - CWIQ05
Grenada,GD,GRD,308,Rural,9,Dry latrines - Pit latrine without slab/open pit,0.0,Grenada Core Welfare Indicators Survey: Report - CWIQ05
Grenada,GD,GRD,308,Rural,10,Dry latrines - Hanging toilet/hanging latrine,0.0,Grenada Core Welfare Indicators Survey: Report - CWIQ05
Grenada,GD,GRD,308,Rural,11,Dry latrines - Bucket latrine,0.0,Grenada Core Welfare Indicators Survey: Report - CWIQ05
Grenada,GD,GRD,308,Rural,12,Dry latrines - Other,0.0,Grenada Core Welfare Indicators Survey: Report - CWIQ05
Grenada,GD,GRD,308,Rural,13,Composting toilets,0.0,Grenada Core Welfare Indicators Survey: Report - CWIQ05
Grenada,GD,GRD,308,Rural,14,Other improved,0.0,Grenada Core Welfare Indicators Survey: Report - CWIQ05
Grenada,GD,GRD,308,Rural,15,"No facility, bush, field",0.006,Grenada Core Welfare Indicators Survey: Report - CWIQ05
Grenada,GD,GRD,308,Rural,16,Other unimproved,0.011,Grenada Core Welfare Indicators Survey: Report - CWIQ05
Grenada,GD,GRD,308,Rural,17,DK/missing information,0.0,Grenada Core Welfare Indicators Survey: Report - CWIQ05
Grenada,GD,GRD,308,National,1,Flush and pour flush - to piped sewer system,0.054,Grenada Core Welfare Indicators Survey: Report - CWIQ05
Grenada,GD,GRD,308,National,2,Flush and pour flush - to septic tank,0.544,Grenada Core Welfare Indicators Survey: Report - CWIQ05
Grenada,GD,GRD,308,National,3,Flush and pour flush - to pit,0.0,Grenada Core Welfare Indicators Survey: Report - CWIQ05
Grenada,GD,GRD,308,National,4,Flush and pour flush - to unknown place/ not sure/DK,0.0,Grenada Core Welfare Indicators Survey: Report - CWIQ05
Grenada,GD,GRD,308,National,5,Flush and pour flush - to elsewhere,0.0,Grenada Core Welfare Indicators Survey: Report - CWIQ05
Grenada,GD,GRD,308,National,6,Dry latrines - Ventilated Improved Pit latrine,0.017,Grenada Core Welfare Indicators Survey: Report - CWIQ05
Grenada,GD,GRD,308,National,7,Dry latrines - Pit latrine with slab/covered latrine,0.0,Grenada Core Welfare Indicators Survey: Report - CWIQ05
Grenada,GD,GRD,308,National,8,Dry latrines - Traditional latrine,0.368,Grenada Core Welfare Indicators Survey: Report - CWIQ05
Grenada,GD,GRD,308,National,9,Dry latrines - Pit latrine without slab/open pit,0.0,Grenada Core Welfare Indicators Survey: Report - CWIQ05
Grenada,GD,GRD,308,National,10,Dry latrines - Hanging toilet/hanging latrine,0.0,Grenada Core Welfare Indicators Survey: Report - CWIQ05
Grenada,GD,GRD,308,National,11,Dry latrines - Bucket latrine,0.0,Grenada Core Welfare Indicators Survey: Report - CWIQ05
Grenada,GD,GRD,308,National,12,Dry latrines - Other,0.0,Grenada Core Welfare Indicators Survey: Report - CWIQ05
Grenada,GD,GRD,308,National,13,Composting toilets,0.0,Grenada Core Welfare Indicators Survey: Report - CWIQ05
Grenada,GD,GRD,308,National,14,Other improved,0.0,Grenada Core Welfare Indicators Survey: Report - CWIQ05
Grenada,GD,GRD,308,National,15,"No facility, bush, field",0.007,Grenada Core Welfare Indicators Survey: Report - CWIQ05
Grenada,GD,GRD,308,National,16,Other unimproved,0.011,Grenada Core Welfare Indicators Survey: Report - CWIQ05
Grenada,GD,GRD,308,National,17,DK/missing information,0.0,Grenada Core Welfare Indicators Survey: Report - CWIQ05
Grenada,GD,GRD,308,Urban,1,Flush and pour flush - to piped sewer system,0.0,"Survey of Living Conditions, 2007-2008 - SLC08"
Grenada,GD,GRD,308,Urban,2,Flush and pour flush - to septic tank,0.0,"Survey of Living Conditions, 2007-2008 - SLC08"
Grenada,GD,GRD,308,Urban,3,Flush and pour flush - to pit,0.0,"Survey of Living Conditions, 2007-2008 - SLC08"
Grenada,GD,GRD,308,Urban,4,Flush and pour flush - to unknown place/ not sure/DK,0.0,"Survey of Living Conditions, 2007-2008 - SLC08"
Grenada,GD,GRD,308,Urban,5,Flush and pour flush - to elsewhere,0.0,"Survey of Living Conditions, 2007-2008 - SLC08"
Grenada,GD,GRD,308,Urban,6,Dry latrines - Ventilated Improved Pit latrine,0.0,"Survey of Living Conditions, 2007-2008 - SLC08"
Grenada,GD,GRD,308,Urban,7,Dry latrines - Pit latrine with slab/covered latrine,0.0,"Survey of Living Conditions, 2007-2008 - SLC08"
Grenada,GD,GRD,308,Urban,8,Dry latrines - Traditional latrine,0.0,"Survey of Living Conditions, 2007-2008 - SLC08"
Grenada,GD,GRD,308,Urban,9,Dry latrines - Pit latrine without slab/open pit,0.0,"Survey of Living Conditions, 2007-2008 - SLC08"
Grenada,GD,GRD,308,Urban,10,Dry latrines - Hanging toilet/hanging latrine,0.0,"Survey of Living Conditions, 2007-2008 - SLC08"
Grenada,GD,GRD,308,Urban,11,Dry latrines - Bucket latrine,0.0,"Survey of Living Conditions, 2007-2008 - SLC08"
Grenada,GD,GRD,308,Urban,12,Dry latrines - Other,0.0,"Survey of Living Conditions, 2007-2008 - SLC08"
Grenada,GD,GRD,308,Urban,13,Composting toilets,0.0,"Survey of Living Conditions, 2007-2008 - SLC08"
Grenada,GD,GRD,308,Urban,14,Other improved,0.0,"Survey of Living Conditions, 2007-2008 - SLC08"
Grenada,GD,GRD,308,Urban,15,"No facility, bush, field",0.0,"Survey of Living Conditions, 2007-2008 - SLC08"
Grenada,GD,GRD,308,Urban,16,Other unimproved,0.0,"Survey of Living Conditions, 2007-2008 - SLC08"
Grenada,GD,GRD,308,Urban,17,DK/missing information,0.0,"Survey of Living Conditions, 2007-2008 - SLC08"
Grenada,GD,GRD,308,Rural,1,Flush and pour flush - to piped sewer system,0.0,"Survey of Living Conditions, 2007-2008 - SLC08"
Grenada,GD,GRD,308,Rural,2,Flush and pour flush - to septic tank,0.0,"Survey of Living Conditions, 2007-2008 - SLC08"
Grenada,GD,GRD,308,Rural,3,Flush and pour flush - to pit,0.0,"Survey of Living Conditions, 2007-2008 - SLC08"
Grenada,GD,GRD,308,Rural,4,Flush and pour flush - to unknown place/ not sure/DK,0.0,"Survey of Living Conditions, 2007-2008 - SLC08"
Grenada,GD,GRD,308,Rural,5,Flush and pour flush - to elsewhere,0.0,"Survey of Living Conditions, 2007-2008 - SLC08"
Grenada,GD,GRD,308,Rural,6,Dry latrines - Ventilated Improved Pit latrine,0.0,"Survey of Living Conditions, 2007-2008 - SLC08"
Grenada,GD,GRD,308,Rural,7,Dry latrines - Pit latrine with slab/covered latrine,0.0,"Survey of Living Conditions, 2007-2008 - SLC08"
Grenada,GD,GRD,308,Rural,8,Dry latrines - Traditional latrine,0.0,"Survey of Living Conditions, 2007-2008 - SLC08"
Grenada,GD,GRD,308,Rural,9,Dry latrines - Pit latrine without slab/open pit,0.0,"Survey of Living Conditions, 2007-2008 - SLC08"
Grenada,GD,GRD,308,Rural,10,Dry latrines - Hanging toilet/hanging latrine,0.0,"Survey of Living Conditions, 2007-2008 - SLC08"
Grenada,GD,GRD,308,Rural,11,Dry latrines - Bucket latrine,0.0,"Survey of Living Conditions, 2007-2008 - SLC08"
Grenada,GD,GRD,308,Rural,12,Dry latrines - Other,0.0,"Survey of Living Conditions, 2007-2008 - SLC08"
Grenada,GD,GRD,308,Rural,13,Composting toilets,0.0,"Survey of Living Conditions, 2007-2008 - SLC08"
Grenada,GD,GRD,308,Rural,14,Other improved,0.0,"Survey of Living Conditions, 2007-2008 - SLC08"
Grenada,GD,GRD,308,Rural,15,"No facility, bush, field",0.0,"Survey of Living Conditions, 2007-2008 - SLC08"
Grenada,GD,GRD,308,Rural,16,Other unimproved,0.0,"Survey of Living Conditions, 2007-2008 - SLC08"
Grenada,GD,GRD,308,Rural,17,DK/missing information,0.0,"Survey of Living Conditions, 2007-2008 - SLC08"
Grenada,GD,GRD,308,National,1,Flush and pour flush - to piped sewer system,0.082,"Survey of Living Conditions, 2007-2008 - SLC08"
Grenada,GD,GRD,308,National,2,Flush and pour flush - to septic tank,0.531,"Survey of Living Conditions, 2007-2008 - SLC08"
Grenada,GD,GRD,308,National,3,Flush and pour flush - to pit,0.0,"Survey of Living Conditions, 2007-2008 - SLC08"
Grenada,GD,GRD,308,National,4,Flush and pour flush - to unknown place/ not sure/DK,0.0,"Survey of Living Conditions, 2007-2008 - SLC08"
Grenada,GD,GRD,308,National,5,Flush and pour flush - to elsewhere,0.0,"Survey of Living Conditions, 2007-2008 - SLC08"
Grenada,GD,GRD,308,National,6,Dry latrines - Ventilated Improved Pit latrine,0.001,"Survey of Living Conditions, 2007-2008 - SLC08"
Grenada,GD,GRD,308,National,7,Dry latrines - Pit latrine with slab/covered latrine,0.0,"Survey of Living Conditions, 2007-2008 - SLC08"
Grenada,GD,GRD,308,National,8,Dry latrines - Traditional latrine,0.362,"Survey of Living Conditions, 2007-2008 - SLC08"
Grenada,GD,GRD,308,National,9,Dry latrines - Pit latrine without slab/open pit,0.0,"Survey of Living Conditions, 2007-2008 - SLC08"
Grenada,GD,GRD,308,National,10,Dry latrines - Hanging toilet/hanging latrine,0.0,"Survey of Living Conditions, 2007-2008 - SLC08"
Grenada,GD,GRD,308,National,11,Dry latrines - Bucket latrine,0.0,"Survey of Living Conditions, 2007-2008 - SLC08"
Grenada,GD,GRD,308,National,12,Dry latrines - Other,0.0,"Survey of Living Conditions, 2007-2008 - SLC08"
Grenada,GD,GRD,308,National,13,Composting toilets,0.0,"Survey of Living Conditions, 2007-2008 - SLC08"
Grenada,GD,GRD,308,National,14,Other improved,0.0,"Survey of Living Conditions, 2007-2008 - SLC08"
Grenada,GD,GRD,308,National,15,"No facility, bush, field",0.012,"Survey of Living Conditions, 2007-2008 - SLC08"
Grenada,GD,GRD,308,National,16,Other unimproved,0.012,"Survey of Living Conditions, 2007-2008 - SLC08"
Grenada,GD,GRD,308,National,17,DK/missing information,0.0,"Survey of Living Conditions, 2007-2008 - SLC08"
Grenada,GD,GRD,308,Urban,1,Flush and pour flush - to piped sewer system,0.0,Census - CEN11
Grenada,GD,GRD,308,Urban,2,Flush and pour flush - to septic tank,0.0,Census - CEN11
Grenada,GD,GRD,308,Urban,3,Flush and pour flush - to pit,0.0,Census - CEN11
Grenada,GD,GRD,308,Urban,4,Flush and pour flush - to unknown place/ not sure/DK,0.0,Census - CEN11
Grenada,GD,GRD,308,Urban,5,Flush and pour flush - to elsewhere,0.0,Census - CEN11
Grenada,GD,GRD,308,Urban,6,Dry latrines - Ventilated Improved Pit latrine,0.0,Census - CEN11
Grenada,GD,GRD,308,Urban,7,Dry latrines - Pit latrine with slab/covered latrine,0.0,Census - CEN11
Grenada,GD,GRD,308,Urban,8,Dry latrines - Traditional latrine,0.0,Census - CEN11
Grenada,GD,GRD,308,Urban,9,Dry latrines - Pit latrine without slab/open pit,0.0,Census - CEN11
Grenada,GD,GRD,308,Urban,10,Dry latrines - Hanging toilet/hanging latrine,0.0,Census - CEN11
Grenada,GD,GRD,308,Urban,11,Dry latrines - Bucket latrine,0.0,Census - CEN11
Grenada,GD,GRD,308,Urban,12,Dry latrines - Other,0.0,Census - CEN11
Grenada,GD,GRD,308,Urban,13,Composting toilets,0.0,Census - CEN11
Grenada,GD,GRD,308,Urban,14,Other improved,0.0,Census - CEN11
Grenada,GD,GRD,308,Urban,15,"No facility, bush, field",0.0,Census - CEN11
Grenada,GD,GRD,308,Urban,16,Other unimproved,0.0,Census - CEN11
Grenada,GD,GRD,308,Urban,17,DK/missing information,0.0,Census - CEN11
Grenada,GD,GRD,308,Rural,1,Flush and pour flush - to piped sewer system,0.0,Census - CEN11
Grenada,GD,GRD,308,Rural,2,Flush and pour flush - to septic tank,0.0,Census - CEN11
Grenada,GD,GRD,308,Rural,3,Flush and pour flush - to pit,0.0,Census - CEN11
Grenada,GD,GRD,308,Rural,4,Flush and pour flush - to unknown place/ not sure/DK,0.0,Census - CEN11
Grenada,GD,GRD,308,Rural,5,Flush and pour flush - to elsewhere,0.0,Census - CEN11
Grenada,GD,GRD,308,Rural,6,Dry latrines - Ventilated Improved Pit latrine,0.0,Census - CEN11
Grenada,GD,GRD,308,Rural,7,Dry latrines - Pit latrine with slab/covered latrine,0.0,Census - CEN11
Grenada,GD,GRD,308,Rural,8,Dry latrines - Traditional latrine,0.0,Census - CEN11
Grenada,GD,GRD,308,Rural,9,Dry latrines - Pit latrine without slab/open pit,0.0,Census - CEN11
Grenada,GD,GRD,308,Rural,10,Dry latrines - Hanging toilet/hanging latrine,0.0,Census - CEN11
Grenada,GD,GRD,308,Rural,11,Dry latrines - Bucket latrine,0.0,Census - CEN11
Grenada,GD,GRD,308,Rural,12,Dry latrines - Other,0.0,Census - CEN11
Grenada,GD,GRD,308,Rural,13,Composting toilets,0.0,Census - CEN11
Grenada,GD,GRD,308,Rural,14,Other improved,0.0,Census - CEN11
Grenada,GD,GRD,308,Rural,15,"No facility, bush, field",0.0,Census - CEN11
Grenada,GD,GRD,308,Rural,16,Other unimproved,0.0,Census - CEN11
Grenada,GD,GRD,308,Rural,17,DK/missing information,0.0,Census - CEN11
Grenada,GD,GRD,308,National,1,Flush and pour flush - to piped sewer system,0.04,Census - CEN11
Grenada,GD,GRD,308,National,2,Flush and pour flush - to septic tank,0.578,Census - CEN11
Grenada,GD,GRD,308,National,3,Flush and pour flush - to pit,0.0,Census - CEN11
Grenada,GD,GRD,308,National,4,Flush and pour flush - to unknown place/ not sure/DK,0.0,Census - CEN11
Grenada,GD,GRD,308,National,5,Flush and pour flush - to elsewhere,0.0,Census - CEN11
Grenada,GD,GRD,308,National,6,Dry latrines - Ventilated Improved Pit latrine,0.124,Census - CEN11
Grenada,GD,GRD,308,National,7,Dry latrines - Pit latrine with slab/covered latrine,0.0,Census - CEN11
Grenada,GD,GRD,308,National,8,Dry latrines - Traditional latrine,0.127,Census - CEN11
Grenada,GD,GRD,308,National,9,Dry latrines - Pit latrine without slab/open pit,0.0,Census - CEN11
Grenada,GD,GRD,308,National,10,Dry latrines - Hanging toilet/hanging latrine,0.0,Census - CEN11
Grenada,GD,GRD,308,National,11,Dry latrines - Bucket latrine,0.0,Census - CEN11
Grenada,GD,GRD,308,National,12,Dry latrines - Other,0.0,Census - CEN11
Grenada,GD,GRD,308,National,13,Composting toilets,0.0,Census - CEN11
Grenada,GD,GRD,308,National,14,Other improved,0.052,Census - CEN11
Grenada,GD,GRD,308,National,15,"No facility, bush, field",0.052,Census - CEN11
Grenada,GD,GRD,308,National,16,Other unimproved,0.003,Census - CEN11
Grenada,GD,GRD,308,National,17,DK/missing information,0.025,Census - CEN11
