country,alpha-2,alpha-3,numeric,context,classific_id,classification,percentage,source
Hong Kong,HK,HKG,344,Urban,1,Flush and pour flush - to piped sewer system,0.95,Drainage Service Department Annual Report 2004-05 - DSD05
Hong Kong,HK,HKG,344,Urban,2,Flush and pour flush - to septic tank,0.0,Drainage Service Department Annual Report 2004-05 - DSD05
Hong Kong,HK,HKG,344,Urban,3,Flush and pour flush - to pit,0.0,Drainage Service Department Annual Report 2004-05 - DSD05
Hong Kong,HK,HKG,344,Urban,4,Flush and pour flush - to unknown place/ not sure/DK,0.0,Drainage Service Department Annual Report 2004-05 - DSD05
Hong Kong,HK,HKG,344,Urban,5,Flush and pour flush - to elsewhere,0.0,Drainage Service Department Annual Report 2004-05 - DSD05
Hong Kong,HK,HKG,344,Urban,6,Dry latrines - Ventilated Improved Pit latrine,0.0,Drainage Service Department Annual Report 2004-05 - DSD05
Hong Kong,HK,HKG,344,Urban,7,Dry latrines - Pit latrine with slab/covered latrine,0.0,Drainage Service Department Annual Report 2004-05 - DSD05
Hong Kong,HK,HKG,344,Urban,8,Dry latrines - Traditional latrine,0.0,Drainage Service Department Annual Report 2004-05 - DSD05
Hong Kong,HK,HKG,344,Urban,9,Dry latrines - Pit latrine without slab/open pit,0.0,Drainage Service Department Annual Report 2004-05 - DSD05
Hong Kong,HK,HKG,344,Urban,10,Dry latrines - Hanging toilet/hanging latrine,0.0,Drainage Service Department Annual Report 2004-05 - DSD05
Hong Kong,HK,HKG,344,Urban,11,Dry latrines - Bucket latrine,0.0,Drainage Service Department Annual Report 2004-05 - DSD05
Hong Kong,HK,HKG,344,Urban,12,Dry latrines - Other,0.0,Drainage Service Department Annual Report 2004-05 - DSD05
Hong Kong,HK,HKG,344,Urban,13,Composting toilets,0.0,Drainage Service Department Annual Report 2004-05 - DSD05
Hong Kong,HK,HKG,344,Urban,14,Other improved,0.0,Drainage Service Department Annual Report 2004-05 - DSD05
Hong Kong,HK,HKG,344,Urban,15,"No facility, bush, field",0.0,Drainage Service Department Annual Report 2004-05 - DSD05
Hong Kong,HK,HKG,344,Urban,16,Other unimproved,0.05,Drainage Service Department Annual Report 2004-05 - DSD05
Hong Kong,HK,HKG,344,Urban,17,DK/missing information,0.0,Drainage Service Department Annual Report 2004-05 - DSD05
Hong Kong,HK,HKG,344,Rural,1,Flush and pour flush - to piped sewer system,0.0,Drainage Service Department Annual Report 2004-05 - DSD05
Hong Kong,HK,HKG,344,Rural,2,Flush and pour flush - to septic tank,0.0,Drainage Service Department Annual Report 2004-05 - DSD05
Hong Kong,HK,HKG,344,Rural,3,Flush and pour flush - to pit,0.0,Drainage Service Department Annual Report 2004-05 - DSD05
Hong Kong,HK,HKG,344,Rural,4,Flush and pour flush - to unknown place/ not sure/DK,0.0,Drainage Service Department Annual Report 2004-05 - DSD05
Hong Kong,HK,HKG,344,Rural,5,Flush and pour flush - to elsewhere,0.0,Drainage Service Department Annual Report 2004-05 - DSD05
Hong Kong,HK,HKG,344,Rural,6,Dry latrines - Ventilated Improved Pit latrine,0.0,Drainage Service Department Annual Report 2004-05 - DSD05
Hong Kong,HK,HKG,344,Rural,7,Dry latrines - Pit latrine with slab/covered latrine,0.0,Drainage Service Department Annual Report 2004-05 - DSD05
Hong Kong,HK,HKG,344,Rural,8,Dry latrines - Traditional latrine,0.0,Drainage Service Department Annual Report 2004-05 - DSD05
Hong Kong,HK,HKG,344,Rural,9,Dry latrines - Pit latrine without slab/open pit,0.0,Drainage Service Department Annual Report 2004-05 - DSD05
Hong Kong,HK,HKG,344,Rural,10,Dry latrines - Hanging toilet/hanging latrine,0.0,Drainage Service Department Annual Report 2004-05 - DSD05
Hong Kong,HK,HKG,344,Rural,11,Dry latrines - Bucket latrine,0.0,Drainage Service Department Annual Report 2004-05 - DSD05
Hong Kong,HK,HKG,344,Rural,12,Dry latrines - Other,0.0,Drainage Service Department Annual Report 2004-05 - DSD05
Hong Kong,HK,HKG,344,Rural,13,Composting toilets,0.0,Drainage Service Department Annual Report 2004-05 - DSD05
Hong Kong,HK,HKG,344,Rural,14,Other improved,0.0,Drainage Service Department Annual Report 2004-05 - DSD05
Hong Kong,HK,HKG,344,Rural,15,"No facility, bush, field",0.0,Drainage Service Department Annual Report 2004-05 - DSD05
Hong Kong,HK,HKG,344,Rural,16,Other unimproved,0.0,Drainage Service Department Annual Report 2004-05 - DSD05
Hong Kong,HK,HKG,344,Rural,17,DK/missing information,0.0,Drainage Service Department Annual Report 2004-05 - DSD05
Hong Kong,HK,HKG,344,National,1,Flush and pour flush - to piped sewer system,0.95,Drainage Service Department Annual Report 2004-05 - DSD05
Hong Kong,HK,HKG,344,National,2,Flush and pour flush - to septic tank,0.0,Drainage Service Department Annual Report 2004-05 - DSD05
Hong Kong,HK,HKG,344,National,3,Flush and pour flush - to pit,0.0,Drainage Service Department Annual Report 2004-05 - DSD05
Hong Kong,HK,HKG,344,National,4,Flush and pour flush - to unknown place/ not sure/DK,0.0,Drainage Service Department Annual Report 2004-05 - DSD05
Hong Kong,HK,HKG,344,National,5,Flush and pour flush - to elsewhere,0.0,Drainage Service Department Annual Report 2004-05 - DSD05
Hong Kong,HK,HKG,344,National,6,Dry latrines - Ventilated Improved Pit latrine,0.0,Drainage Service Department Annual Report 2004-05 - DSD05
Hong Kong,HK,HKG,344,National,7,Dry latrines - Pit latrine with slab/covered latrine,0.0,Drainage Service Department Annual Report 2004-05 - DSD05
Hong Kong,HK,HKG,344,National,8,Dry latrines - Traditional latrine,0.0,Drainage Service Department Annual Report 2004-05 - DSD05
Hong Kong,HK,HKG,344,National,9,Dry latrines - Pit latrine without slab/open pit,0.0,Drainage Service Department Annual Report 2004-05 - DSD05
Hong Kong,HK,HKG,344,National,10,Dry latrines - Hanging toilet/hanging latrine,0.0,Drainage Service Department Annual Report 2004-05 - DSD05
Hong Kong,HK,HKG,344,National,11,Dry latrines - Bucket latrine,0.0,Drainage Service Department Annual Report 2004-05 - DSD05
Hong Kong,HK,HKG,344,National,12,Dry latrines - Other,0.0,Drainage Service Department Annual Report 2004-05 - DSD05
Hong Kong,HK,HKG,344,National,13,Composting toilets,0.0,Drainage Service Department Annual Report 2004-05 - DSD05
Hong Kong,HK,HKG,344,National,14,Other improved,0.0,Drainage Service Department Annual Report 2004-05 - DSD05
Hong Kong,HK,HKG,344,National,15,"No facility, bush, field",0.0,Drainage Service Department Annual Report 2004-05 - DSD05
Hong Kong,HK,HKG,344,National,16,Other unimproved,0.05,Drainage Service Department Annual Report 2004-05 - DSD05
Hong Kong,HK,HKG,344,National,17,DK/missing information,0.0,Drainage Service Department Annual Report 2004-05 - DSD05
Hong Kong,HK,HKG,344,Urban,1,Flush and pour flush - to piped sewer system,0.93,Drainage Service Department Annual Report 2005-06 - DSD06
Hong Kong,HK,HKG,344,Urban,2,Flush and pour flush - to septic tank,0.0,Drainage Service Department Annual Report 2005-06 - DSD06
Hong Kong,HK,HKG,344,Urban,3,Flush and pour flush - to pit,0.0,Drainage Service Department Annual Report 2005-06 - DSD06
Hong Kong,HK,HKG,344,Urban,4,Flush and pour flush - to unknown place/ not sure/DK,0.0,Drainage Service Department Annual Report 2005-06 - DSD06
Hong Kong,HK,HKG,344,Urban,5,Flush and pour flush - to elsewhere,0.0,Drainage Service Department Annual Report 2005-06 - DSD06
Hong Kong,HK,HKG,344,Urban,6,Dry latrines - Ventilated Improved Pit latrine,0.0,Drainage Service Department Annual Report 2005-06 - DSD06
Hong Kong,HK,HKG,344,Urban,7,Dry latrines - Pit latrine with slab/covered latrine,0.0,Drainage Service Department Annual Report 2005-06 - DSD06
Hong Kong,HK,HKG,344,Urban,8,Dry latrines - Traditional latrine,0.0,Drainage Service Department Annual Report 2005-06 - DSD06
Hong Kong,HK,HKG,344,Urban,9,Dry latrines - Pit latrine without slab/open pit,0.0,Drainage Service Department Annual Report 2005-06 - DSD06
Hong Kong,HK,HKG,344,Urban,10,Dry latrines - Hanging toilet/hanging latrine,0.0,Drainage Service Department Annual Report 2005-06 - DSD06
Hong Kong,HK,HKG,344,Urban,11,Dry latrines - Bucket latrine,0.0,Drainage Service Department Annual Report 2005-06 - DSD06
Hong Kong,HK,HKG,344,Urban,12,Dry latrines - Other,0.0,Drainage Service Department Annual Report 2005-06 - DSD06
Hong Kong,HK,HKG,344,Urban,13,Composting toilets,0.0,Drainage Service Department Annual Report 2005-06 - DSD06
Hong Kong,HK,HKG,344,Urban,14,Other improved,0.0,Drainage Service Department Annual Report 2005-06 - DSD06
Hong Kong,HK,HKG,344,Urban,15,"No facility, bush, field",0.0,Drainage Service Department Annual Report 2005-06 - DSD06
Hong Kong,HK,HKG,344,Urban,16,Other unimproved,0.07,Drainage Service Department Annual Report 2005-06 - DSD06
Hong Kong,HK,HKG,344,Urban,17,DK/missing information,0.0,Drainage Service Department Annual Report 2005-06 - DSD06
Hong Kong,HK,HKG,344,Rural,1,Flush and pour flush - to piped sewer system,0.0,Drainage Service Department Annual Report 2005-06 - DSD06
Hong Kong,HK,HKG,344,Rural,2,Flush and pour flush - to septic tank,0.0,Drainage Service Department Annual Report 2005-06 - DSD06
Hong Kong,HK,HKG,344,Rural,3,Flush and pour flush - to pit,0.0,Drainage Service Department Annual Report 2005-06 - DSD06
Hong Kong,HK,HKG,344,Rural,4,Flush and pour flush - to unknown place/ not sure/DK,0.0,Drainage Service Department Annual Report 2005-06 - DSD06
Hong Kong,HK,HKG,344,Rural,5,Flush and pour flush - to elsewhere,0.0,Drainage Service Department Annual Report 2005-06 - DSD06
Hong Kong,HK,HKG,344,Rural,6,Dry latrines - Ventilated Improved Pit latrine,0.0,Drainage Service Department Annual Report 2005-06 - DSD06
Hong Kong,HK,HKG,344,Rural,7,Dry latrines - Pit latrine with slab/covered latrine,0.0,Drainage Service Department Annual Report 2005-06 - DSD06
Hong Kong,HK,HKG,344,Rural,8,Dry latrines - Traditional latrine,0.0,Drainage Service Department Annual Report 2005-06 - DSD06
Hong Kong,HK,HKG,344,Rural,9,Dry latrines - Pit latrine without slab/open pit,0.0,Drainage Service Department Annual Report 2005-06 - DSD06
Hong Kong,HK,HKG,344,Rural,10,Dry latrines - Hanging toilet/hanging latrine,0.0,Drainage Service Department Annual Report 2005-06 - DSD06
Hong Kong,HK,HKG,344,Rural,11,Dry latrines - Bucket latrine,0.0,Drainage Service Department Annual Report 2005-06 - DSD06
Hong Kong,HK,HKG,344,Rural,12,Dry latrines - Other,0.0,Drainage Service Department Annual Report 2005-06 - DSD06
Hong Kong,HK,HKG,344,Rural,13,Composting toilets,0.0,Drainage Service Department Annual Report 2005-06 - DSD06
Hong Kong,HK,HKG,344,Rural,14,Other improved,0.0,Drainage Service Department Annual Report 2005-06 - DSD06
Hong Kong,HK,HKG,344,Rural,15,"No facility, bush, field",0.0,Drainage Service Department Annual Report 2005-06 - DSD06
Hong Kong,HK,HKG,344,Rural,16,Other unimproved,0.0,Drainage Service Department Annual Report 2005-06 - DSD06
Hong Kong,HK,HKG,344,Rural,17,DK/missing information,0.0,Drainage Service Department Annual Report 2005-06 - DSD06
Hong Kong,HK,HKG,344,National,1,Flush and pour flush - to piped sewer system,0.93,Drainage Service Department Annual Report 2005-06 - DSD06
Hong Kong,HK,HKG,344,National,2,Flush and pour flush - to septic tank,0.0,Drainage Service Department Annual Report 2005-06 - DSD06
Hong Kong,HK,HKG,344,National,3,Flush and pour flush - to pit,0.0,Drainage Service Department Annual Report 2005-06 - DSD06
Hong Kong,HK,HKG,344,National,4,Flush and pour flush - to unknown place/ not sure/DK,0.0,Drainage Service Department Annual Report 2005-06 - DSD06
Hong Kong,HK,HKG,344,National,5,Flush and pour flush - to elsewhere,0.0,Drainage Service Department Annual Report 2005-06 - DSD06
Hong Kong,HK,HKG,344,National,6,Dry latrines - Ventilated Improved Pit latrine,0.0,Drainage Service Department Annual Report 2005-06 - DSD06
Hong Kong,HK,HKG,344,National,7,Dry latrines - Pit latrine with slab/covered latrine,0.0,Drainage Service Department Annual Report 2005-06 - DSD06
Hong Kong,HK,HKG,344,National,8,Dry latrines - Traditional latrine,0.0,Drainage Service Department Annual Report 2005-06 - DSD06
Hong Kong,HK,HKG,344,National,9,Dry latrines - Pit latrine without slab/open pit,0.0,Drainage Service Department Annual Report 2005-06 - DSD06
Hong Kong,HK,HKG,344,National,10,Dry latrines - Hanging toilet/hanging latrine,0.0,Drainage Service Department Annual Report 2005-06 - DSD06
Hong Kong,HK,HKG,344,National,11,Dry latrines - Bucket latrine,0.0,Drainage Service Department Annual Report 2005-06 - DSD06
Hong Kong,HK,HKG,344,National,12,Dry latrines - Other,0.0,Drainage Service Department Annual Report 2005-06 - DSD06
Hong Kong,HK,HKG,344,National,13,Composting toilets,0.0,Drainage Service Department Annual Report 2005-06 - DSD06
Hong Kong,HK,HKG,344,National,14,Other improved,0.0,Drainage Service Department Annual Report 2005-06 - DSD06
Hong Kong,HK,HKG,344,National,15,"No facility, bush, field",0.0,Drainage Service Department Annual Report 2005-06 - DSD06
Hong Kong,HK,HKG,344,National,16,Other unimproved,0.07,Drainage Service Department Annual Report 2005-06 - DSD06
Hong Kong,HK,HKG,344,National,17,DK/missing information,0.0,Drainage Service Department Annual Report 2005-06 - DSD06
Hong Kong,HK,HKG,344,Urban,1,Flush and pour flush - to piped sewer system,0.93,Drainage Service Department Annual Report 2006-07 - DSD07
Hong Kong,HK,HKG,344,Urban,2,Flush and pour flush - to septic tank,0.0,Drainage Service Department Annual Report 2006-07 - DSD07
Hong Kong,HK,HKG,344,Urban,3,Flush and pour flush - to pit,0.0,Drainage Service Department Annual Report 2006-07 - DSD07
Hong Kong,HK,HKG,344,Urban,4,Flush and pour flush - to unknown place/ not sure/DK,0.0,Drainage Service Department Annual Report 2006-07 - DSD07
Hong Kong,HK,HKG,344,Urban,5,Flush and pour flush - to elsewhere,0.0,Drainage Service Department Annual Report 2006-07 - DSD07
Hong Kong,HK,HKG,344,Urban,6,Dry latrines - Ventilated Improved Pit latrine,0.0,Drainage Service Department Annual Report 2006-07 - DSD07
Hong Kong,HK,HKG,344,Urban,7,Dry latrines - Pit latrine with slab/covered latrine,0.0,Drainage Service Department Annual Report 2006-07 - DSD07
Hong Kong,HK,HKG,344,Urban,8,Dry latrines - Traditional latrine,0.0,Drainage Service Department Annual Report 2006-07 - DSD07
Hong Kong,HK,HKG,344,Urban,9,Dry latrines - Pit latrine without slab/open pit,0.0,Drainage Service Department Annual Report 2006-07 - DSD07
Hong Kong,HK,HKG,344,Urban,10,Dry latrines - Hanging toilet/hanging latrine,0.0,Drainage Service Department Annual Report 2006-07 - DSD07
Hong Kong,HK,HKG,344,Urban,11,Dry latrines - Bucket latrine,0.0,Drainage Service Department Annual Report 2006-07 - DSD07
Hong Kong,HK,HKG,344,Urban,12,Dry latrines - Other,0.0,Drainage Service Department Annual Report 2006-07 - DSD07
Hong Kong,HK,HKG,344,Urban,13,Composting toilets,0.0,Drainage Service Department Annual Report 2006-07 - DSD07
Hong Kong,HK,HKG,344,Urban,14,Other improved,0.0,Drainage Service Department Annual Report 2006-07 - DSD07
Hong Kong,HK,HKG,344,Urban,15,"No facility, bush, field",0.0,Drainage Service Department Annual Report 2006-07 - DSD07
Hong Kong,HK,HKG,344,Urban,16,Other unimproved,0.07,Drainage Service Department Annual Report 2006-07 - DSD07
Hong Kong,HK,HKG,344,Urban,17,DK/missing information,0.0,Drainage Service Department Annual Report 2006-07 - DSD07
Hong Kong,HK,HKG,344,Rural,1,Flush and pour flush - to piped sewer system,0.0,Drainage Service Department Annual Report 2006-07 - DSD07
Hong Kong,HK,HKG,344,Rural,2,Flush and pour flush - to septic tank,0.0,Drainage Service Department Annual Report 2006-07 - DSD07
Hong Kong,HK,HKG,344,Rural,3,Flush and pour flush - to pit,0.0,Drainage Service Department Annual Report 2006-07 - DSD07
Hong Kong,HK,HKG,344,Rural,4,Flush and pour flush - to unknown place/ not sure/DK,0.0,Drainage Service Department Annual Report 2006-07 - DSD07
Hong Kong,HK,HKG,344,Rural,5,Flush and pour flush - to elsewhere,0.0,Drainage Service Department Annual Report 2006-07 - DSD07
Hong Kong,HK,HKG,344,Rural,6,Dry latrines - Ventilated Improved Pit latrine,0.0,Drainage Service Department Annual Report 2006-07 - DSD07
Hong Kong,HK,HKG,344,Rural,7,Dry latrines - Pit latrine with slab/covered latrine,0.0,Drainage Service Department Annual Report 2006-07 - DSD07
Hong Kong,HK,HKG,344,Rural,8,Dry latrines - Traditional latrine,0.0,Drainage Service Department Annual Report 2006-07 - DSD07
Hong Kong,HK,HKG,344,Rural,9,Dry latrines - Pit latrine without slab/open pit,0.0,Drainage Service Department Annual Report 2006-07 - DSD07
Hong Kong,HK,HKG,344,Rural,10,Dry latrines - Hanging toilet/hanging latrine,0.0,Drainage Service Department Annual Report 2006-07 - DSD07
Hong Kong,HK,HKG,344,Rural,11,Dry latrines - Bucket latrine,0.0,Drainage Service Department Annual Report 2006-07 - DSD07
Hong Kong,HK,HKG,344,Rural,12,Dry latrines - Other,0.0,Drainage Service Department Annual Report 2006-07 - DSD07
Hong Kong,HK,HKG,344,Rural,13,Composting toilets,0.0,Drainage Service Department Annual Report 2006-07 - DSD07
Hong Kong,HK,HKG,344,Rural,14,Other improved,0.0,Drainage Service Department Annual Report 2006-07 - DSD07
Hong Kong,HK,HKG,344,Rural,15,"No facility, bush, field",0.0,Drainage Service Department Annual Report 2006-07 - DSD07
Hong Kong,HK,HKG,344,Rural,16,Other unimproved,0.0,Drainage Service Department Annual Report 2006-07 - DSD07
Hong Kong,HK,HKG,344,Rural,17,DK/missing information,0.0,Drainage Service Department Annual Report 2006-07 - DSD07
Hong Kong,HK,HKG,344,National,1,Flush and pour flush - to piped sewer system,0.93,Drainage Service Department Annual Report 2006-07 - DSD07
Hong Kong,HK,HKG,344,National,2,Flush and pour flush - to septic tank,0.0,Drainage Service Department Annual Report 2006-07 - DSD07
Hong Kong,HK,HKG,344,National,3,Flush and pour flush - to pit,0.0,Drainage Service Department Annual Report 2006-07 - DSD07
Hong Kong,HK,HKG,344,National,4,Flush and pour flush - to unknown place/ not sure/DK,0.0,Drainage Service Department Annual Report 2006-07 - DSD07
Hong Kong,HK,HKG,344,National,5,Flush and pour flush - to elsewhere,0.0,Drainage Service Department Annual Report 2006-07 - DSD07
Hong Kong,HK,HKG,344,National,6,Dry latrines - Ventilated Improved Pit latrine,0.0,Drainage Service Department Annual Report 2006-07 - DSD07
Hong Kong,HK,HKG,344,National,7,Dry latrines - Pit latrine with slab/covered latrine,0.0,Drainage Service Department Annual Report 2006-07 - DSD07
Hong Kong,HK,HKG,344,National,8,Dry latrines - Traditional latrine,0.0,Drainage Service Department Annual Report 2006-07 - DSD07
Hong Kong,HK,HKG,344,National,9,Dry latrines - Pit latrine without slab/open pit,0.0,Drainage Service Department Annual Report 2006-07 - DSD07
Hong Kong,HK,HKG,344,National,10,Dry latrines - Hanging toilet/hanging latrine,0.0,Drainage Service Department Annual Report 2006-07 - DSD07
Hong Kong,HK,HKG,344,National,11,Dry latrines - Bucket latrine,0.0,Drainage Service Department Annual Report 2006-07 - DSD07
Hong Kong,HK,HKG,344,National,12,Dry latrines - Other,0.0,Drainage Service Department Annual Report 2006-07 - DSD07
Hong Kong,HK,HKG,344,National,13,Composting toilets,0.0,Drainage Service Department Annual Report 2006-07 - DSD07
Hong Kong,HK,HKG,344,National,14,Other improved,0.0,Drainage Service Department Annual Report 2006-07 - DSD07
Hong Kong,HK,HKG,344,National,15,"No facility, bush, field",0.0,Drainage Service Department Annual Report 2006-07 - DSD07
Hong Kong,HK,HKG,344,National,16,Other unimproved,0.07,Drainage Service Department Annual Report 2006-07 - DSD07
Hong Kong,HK,HKG,344,National,17,DK/missing information,0.0,Drainage Service Department Annual Report 2006-07 - DSD07
Hong Kong,HK,HKG,344,Urban,1,Flush and pour flush - to piped sewer system,0.93,Drainage Service Department Annual Report 2007-08 - DSD08
Hong Kong,HK,HKG,344,Urban,2,Flush and pour flush - to septic tank,0.0,Drainage Service Department Annual Report 2007-08 - DSD08
Hong Kong,HK,HKG,344,Urban,3,Flush and pour flush - to pit,0.0,Drainage Service Department Annual Report 2007-08 - DSD08
Hong Kong,HK,HKG,344,Urban,4,Flush and pour flush - to unknown place/ not sure/DK,0.0,Drainage Service Department Annual Report 2007-08 - DSD08
Hong Kong,HK,HKG,344,Urban,5,Flush and pour flush - to elsewhere,0.0,Drainage Service Department Annual Report 2007-08 - DSD08
Hong Kong,HK,HKG,344,Urban,6,Dry latrines - Ventilated Improved Pit latrine,0.0,Drainage Service Department Annual Report 2007-08 - DSD08
Hong Kong,HK,HKG,344,Urban,7,Dry latrines - Pit latrine with slab/covered latrine,0.0,Drainage Service Department Annual Report 2007-08 - DSD08
Hong Kong,HK,HKG,344,Urban,8,Dry latrines - Traditional latrine,0.0,Drainage Service Department Annual Report 2007-08 - DSD08
Hong Kong,HK,HKG,344,Urban,9,Dry latrines - Pit latrine without slab/open pit,0.0,Drainage Service Department Annual Report 2007-08 - DSD08
Hong Kong,HK,HKG,344,Urban,10,Dry latrines - Hanging toilet/hanging latrine,0.0,Drainage Service Department Annual Report 2007-08 - DSD08
Hong Kong,HK,HKG,344,Urban,11,Dry latrines - Bucket latrine,0.0,Drainage Service Department Annual Report 2007-08 - DSD08
Hong Kong,HK,HKG,344,Urban,12,Dry latrines - Other,0.0,Drainage Service Department Annual Report 2007-08 - DSD08
Hong Kong,HK,HKG,344,Urban,13,Composting toilets,0.0,Drainage Service Department Annual Report 2007-08 - DSD08
Hong Kong,HK,HKG,344,Urban,14,Other improved,0.0,Drainage Service Department Annual Report 2007-08 - DSD08
Hong Kong,HK,HKG,344,Urban,15,"No facility, bush, field",0.0,Drainage Service Department Annual Report 2007-08 - DSD08
Hong Kong,HK,HKG,344,Urban,16,Other unimproved,0.07,Drainage Service Department Annual Report 2007-08 - DSD08
Hong Kong,HK,HKG,344,Urban,17,DK/missing information,0.0,Drainage Service Department Annual Report 2007-08 - DSD08
Hong Kong,HK,HKG,344,Rural,1,Flush and pour flush - to piped sewer system,0.0,Drainage Service Department Annual Report 2007-08 - DSD08
Hong Kong,HK,HKG,344,Rural,2,Flush and pour flush - to septic tank,0.0,Drainage Service Department Annual Report 2007-08 - DSD08
Hong Kong,HK,HKG,344,Rural,3,Flush and pour flush - to pit,0.0,Drainage Service Department Annual Report 2007-08 - DSD08
Hong Kong,HK,HKG,344,Rural,4,Flush and pour flush - to unknown place/ not sure/DK,0.0,Drainage Service Department Annual Report 2007-08 - DSD08
Hong Kong,HK,HKG,344,Rural,5,Flush and pour flush - to elsewhere,0.0,Drainage Service Department Annual Report 2007-08 - DSD08
Hong Kong,HK,HKG,344,Rural,6,Dry latrines - Ventilated Improved Pit latrine,0.0,Drainage Service Department Annual Report 2007-08 - DSD08
Hong Kong,HK,HKG,344,Rural,7,Dry latrines - Pit latrine with slab/covered latrine,0.0,Drainage Service Department Annual Report 2007-08 - DSD08
Hong Kong,HK,HKG,344,Rural,8,Dry latrines - Traditional latrine,0.0,Drainage Service Department Annual Report 2007-08 - DSD08
Hong Kong,HK,HKG,344,Rural,9,Dry latrines - Pit latrine without slab/open pit,0.0,Drainage Service Department Annual Report 2007-08 - DSD08
Hong Kong,HK,HKG,344,Rural,10,Dry latrines - Hanging toilet/hanging latrine,0.0,Drainage Service Department Annual Report 2007-08 - DSD08
Hong Kong,HK,HKG,344,Rural,11,Dry latrines - Bucket latrine,0.0,Drainage Service Department Annual Report 2007-08 - DSD08
Hong Kong,HK,HKG,344,Rural,12,Dry latrines - Other,0.0,Drainage Service Department Annual Report 2007-08 - DSD08
Hong Kong,HK,HKG,344,Rural,13,Composting toilets,0.0,Drainage Service Department Annual Report 2007-08 - DSD08
Hong Kong,HK,HKG,344,Rural,14,Other improved,0.0,Drainage Service Department Annual Report 2007-08 - DSD08
Hong Kong,HK,HKG,344,Rural,15,"No facility, bush, field",0.0,Drainage Service Department Annual Report 2007-08 - DSD08
Hong Kong,HK,HKG,344,Rural,16,Other unimproved,0.0,Drainage Service Department Annual Report 2007-08 - DSD08
Hong Kong,HK,HKG,344,Rural,17,DK/missing information,0.0,Drainage Service Department Annual Report 2007-08 - DSD08
Hong Kong,HK,HKG,344,National,1,Flush and pour flush - to piped sewer system,0.93,Drainage Service Department Annual Report 2007-08 - DSD08
Hong Kong,HK,HKG,344,National,2,Flush and pour flush - to septic tank,0.0,Drainage Service Department Annual Report 2007-08 - DSD08
Hong Kong,HK,HKG,344,National,3,Flush and pour flush - to pit,0.0,Drainage Service Department Annual Report 2007-08 - DSD08
Hong Kong,HK,HKG,344,National,4,Flush and pour flush - to unknown place/ not sure/DK,0.0,Drainage Service Department Annual Report 2007-08 - DSD08
Hong Kong,HK,HKG,344,National,5,Flush and pour flush - to elsewhere,0.0,Drainage Service Department Annual Report 2007-08 - DSD08
Hong Kong,HK,HKG,344,National,6,Dry latrines - Ventilated Improved Pit latrine,0.0,Drainage Service Department Annual Report 2007-08 - DSD08
Hong Kong,HK,HKG,344,National,7,Dry latrines - Pit latrine with slab/covered latrine,0.0,Drainage Service Department Annual Report 2007-08 - DSD08
Hong Kong,HK,HKG,344,National,8,Dry latrines - Traditional latrine,0.0,Drainage Service Department Annual Report 2007-08 - DSD08
Hong Kong,HK,HKG,344,National,9,Dry latrines - Pit latrine without slab/open pit,0.0,Drainage Service Department Annual Report 2007-08 - DSD08
Hong Kong,HK,HKG,344,National,10,Dry latrines - Hanging toilet/hanging latrine,0.0,Drainage Service Department Annual Report 2007-08 - DSD08
Hong Kong,HK,HKG,344,National,11,Dry latrines - Bucket latrine,0.0,Drainage Service Department Annual Report 2007-08 - DSD08
Hong Kong,HK,HKG,344,National,12,Dry latrines - Other,0.0,Drainage Service Department Annual Report 2007-08 - DSD08
Hong Kong,HK,HKG,344,National,13,Composting toilets,0.0,Drainage Service Department Annual Report 2007-08 - DSD08
Hong Kong,HK,HKG,344,National,14,Other improved,0.0,Drainage Service Department Annual Report 2007-08 - DSD08
Hong Kong,HK,HKG,344,National,15,"No facility, bush, field",0.0,Drainage Service Department Annual Report 2007-08 - DSD08
Hong Kong,HK,HKG,344,National,16,Other unimproved,0.07,Drainage Service Department Annual Report 2007-08 - DSD08
Hong Kong,HK,HKG,344,National,17,DK/missing information,0.0,Drainage Service Department Annual Report 2007-08 - DSD08
Hong Kong,HK,HKG,344,Urban,1,Flush and pour flush - to piped sewer system,0.93,Drainage Service Department Annual Report 2008-09 - DSD09
Hong Kong,HK,HKG,344,Urban,2,Flush and pour flush - to septic tank,0.0,Drainage Service Department Annual Report 2008-09 - DSD09
Hong Kong,HK,HKG,344,Urban,3,Flush and pour flush - to pit,0.0,Drainage Service Department Annual Report 2008-09 - DSD09
Hong Kong,HK,HKG,344,Urban,4,Flush and pour flush - to unknown place/ not sure/DK,0.0,Drainage Service Department Annual Report 2008-09 - DSD09
Hong Kong,HK,HKG,344,Urban,5,Flush and pour flush - to elsewhere,0.0,Drainage Service Department Annual Report 2008-09 - DSD09
Hong Kong,HK,HKG,344,Urban,6,Dry latrines - Ventilated Improved Pit latrine,0.0,Drainage Service Department Annual Report 2008-09 - DSD09
Hong Kong,HK,HKG,344,Urban,7,Dry latrines - Pit latrine with slab/covered latrine,0.0,Drainage Service Department Annual Report 2008-09 - DSD09
Hong Kong,HK,HKG,344,Urban,8,Dry latrines - Traditional latrine,0.0,Drainage Service Department Annual Report 2008-09 - DSD09
Hong Kong,HK,HKG,344,Urban,9,Dry latrines - Pit latrine without slab/open pit,0.0,Drainage Service Department Annual Report 2008-09 - DSD09
Hong Kong,HK,HKG,344,Urban,10,Dry latrines - Hanging toilet/hanging latrine,0.0,Drainage Service Department Annual Report 2008-09 - DSD09
Hong Kong,HK,HKG,344,Urban,11,Dry latrines - Bucket latrine,0.0,Drainage Service Department Annual Report 2008-09 - DSD09
Hong Kong,HK,HKG,344,Urban,12,Dry latrines - Other,0.0,Drainage Service Department Annual Report 2008-09 - DSD09
Hong Kong,HK,HKG,344,Urban,13,Composting toilets,0.0,Drainage Service Department Annual Report 2008-09 - DSD09
Hong Kong,HK,HKG,344,Urban,14,Other improved,0.0,Drainage Service Department Annual Report 2008-09 - DSD09
Hong Kong,HK,HKG,344,Urban,15,"No facility, bush, field",0.0,Drainage Service Department Annual Report 2008-09 - DSD09
Hong Kong,HK,HKG,344,Urban,16,Other unimproved,0.07,Drainage Service Department Annual Report 2008-09 - DSD09
Hong Kong,HK,HKG,344,Urban,17,DK/missing information,0.0,Drainage Service Department Annual Report 2008-09 - DSD09
Hong Kong,HK,HKG,344,Rural,1,Flush and pour flush - to piped sewer system,0.0,Drainage Service Department Annual Report 2008-09 - DSD09
Hong Kong,HK,HKG,344,Rural,2,Flush and pour flush - to septic tank,0.0,Drainage Service Department Annual Report 2008-09 - DSD09
Hong Kong,HK,HKG,344,Rural,3,Flush and pour flush - to pit,0.0,Drainage Service Department Annual Report 2008-09 - DSD09
Hong Kong,HK,HKG,344,Rural,4,Flush and pour flush - to unknown place/ not sure/DK,0.0,Drainage Service Department Annual Report 2008-09 - DSD09
Hong Kong,HK,HKG,344,Rural,5,Flush and pour flush - to elsewhere,0.0,Drainage Service Department Annual Report 2008-09 - DSD09
Hong Kong,HK,HKG,344,Rural,6,Dry latrines - Ventilated Improved Pit latrine,0.0,Drainage Service Department Annual Report 2008-09 - DSD09
Hong Kong,HK,HKG,344,Rural,7,Dry latrines - Pit latrine with slab/covered latrine,0.0,Drainage Service Department Annual Report 2008-09 - DSD09
Hong Kong,HK,HKG,344,Rural,8,Dry latrines - Traditional latrine,0.0,Drainage Service Department Annual Report 2008-09 - DSD09
Hong Kong,HK,HKG,344,Rural,9,Dry latrines - Pit latrine without slab/open pit,0.0,Drainage Service Department Annual Report 2008-09 - DSD09
Hong Kong,HK,HKG,344,Rural,10,Dry latrines - Hanging toilet/hanging latrine,0.0,Drainage Service Department Annual Report 2008-09 - DSD09
Hong Kong,HK,HKG,344,Rural,11,Dry latrines - Bucket latrine,0.0,Drainage Service Department Annual Report 2008-09 - DSD09
Hong Kong,HK,HKG,344,Rural,12,Dry latrines - Other,0.0,Drainage Service Department Annual Report 2008-09 - DSD09
Hong Kong,HK,HKG,344,Rural,13,Composting toilets,0.0,Drainage Service Department Annual Report 2008-09 - DSD09
Hong Kong,HK,HKG,344,Rural,14,Other improved,0.0,Drainage Service Department Annual Report 2008-09 - DSD09
Hong Kong,HK,HKG,344,Rural,15,"No facility, bush, field",0.0,Drainage Service Department Annual Report 2008-09 - DSD09
Hong Kong,HK,HKG,344,Rural,16,Other unimproved,0.0,Drainage Service Department Annual Report 2008-09 - DSD09
Hong Kong,HK,HKG,344,Rural,17,DK/missing information,0.0,Drainage Service Department Annual Report 2008-09 - DSD09
Hong Kong,HK,HKG,344,National,1,Flush and pour flush - to piped sewer system,0.93,Drainage Service Department Annual Report 2008-09 - DSD09
Hong Kong,HK,HKG,344,National,2,Flush and pour flush - to septic tank,0.0,Drainage Service Department Annual Report 2008-09 - DSD09
Hong Kong,HK,HKG,344,National,3,Flush and pour flush - to pit,0.0,Drainage Service Department Annual Report 2008-09 - DSD09
Hong Kong,HK,HKG,344,National,4,Flush and pour flush - to unknown place/ not sure/DK,0.0,Drainage Service Department Annual Report 2008-09 - DSD09
Hong Kong,HK,HKG,344,National,5,Flush and pour flush - to elsewhere,0.0,Drainage Service Department Annual Report 2008-09 - DSD09
Hong Kong,HK,HKG,344,National,6,Dry latrines - Ventilated Improved Pit latrine,0.0,Drainage Service Department Annual Report 2008-09 - DSD09
Hong Kong,HK,HKG,344,National,7,Dry latrines - Pit latrine with slab/covered latrine,0.0,Drainage Service Department Annual Report 2008-09 - DSD09
Hong Kong,HK,HKG,344,National,8,Dry latrines - Traditional latrine,0.0,Drainage Service Department Annual Report 2008-09 - DSD09
Hong Kong,HK,HKG,344,National,9,Dry latrines - Pit latrine without slab/open pit,0.0,Drainage Service Department Annual Report 2008-09 - DSD09
Hong Kong,HK,HKG,344,National,10,Dry latrines - Hanging toilet/hanging latrine,0.0,Drainage Service Department Annual Report 2008-09 - DSD09
Hong Kong,HK,HKG,344,National,11,Dry latrines - Bucket latrine,0.0,Drainage Service Department Annual Report 2008-09 - DSD09
Hong Kong,HK,HKG,344,National,12,Dry latrines - Other,0.0,Drainage Service Department Annual Report 2008-09 - DSD09
Hong Kong,HK,HKG,344,National,13,Composting toilets,0.0,Drainage Service Department Annual Report 2008-09 - DSD09
Hong Kong,HK,HKG,344,National,14,Other improved,0.0,Drainage Service Department Annual Report 2008-09 - DSD09
Hong Kong,HK,HKG,344,National,15,"No facility, bush, field",0.0,Drainage Service Department Annual Report 2008-09 - DSD09
Hong Kong,HK,HKG,344,National,16,Other unimproved,0.07,Drainage Service Department Annual Report 2008-09 - DSD09
Hong Kong,HK,HKG,344,National,17,DK/missing information,0.0,Drainage Service Department Annual Report 2008-09 - DSD09
Hong Kong,HK,HKG,344,Urban,1,Flush and pour flush - to piped sewer system,0.93,Drainage Service Department Annual Report 2009-10 - DSD10
Hong Kong,HK,HKG,344,Urban,2,Flush and pour flush - to septic tank,0.0,Drainage Service Department Annual Report 2009-10 - DSD10
Hong Kong,HK,HKG,344,Urban,3,Flush and pour flush - to pit,0.0,Drainage Service Department Annual Report 2009-10 - DSD10
Hong Kong,HK,HKG,344,Urban,4,Flush and pour flush - to unknown place/ not sure/DK,0.0,Drainage Service Department Annual Report 2009-10 - DSD10
Hong Kong,HK,HKG,344,Urban,5,Flush and pour flush - to elsewhere,0.0,Drainage Service Department Annual Report 2009-10 - DSD10
Hong Kong,HK,HKG,344,Urban,6,Dry latrines - Ventilated Improved Pit latrine,0.0,Drainage Service Department Annual Report 2009-10 - DSD10
Hong Kong,HK,HKG,344,Urban,7,Dry latrines - Pit latrine with slab/covered latrine,0.0,Drainage Service Department Annual Report 2009-10 - DSD10
Hong Kong,HK,HKG,344,Urban,8,Dry latrines - Traditional latrine,0.0,Drainage Service Department Annual Report 2009-10 - DSD10
Hong Kong,HK,HKG,344,Urban,9,Dry latrines - Pit latrine without slab/open pit,0.0,Drainage Service Department Annual Report 2009-10 - DSD10
Hong Kong,HK,HKG,344,Urban,10,Dry latrines - Hanging toilet/hanging latrine,0.0,Drainage Service Department Annual Report 2009-10 - DSD10
Hong Kong,HK,HKG,344,Urban,11,Dry latrines - Bucket latrine,0.0,Drainage Service Department Annual Report 2009-10 - DSD10
Hong Kong,HK,HKG,344,Urban,12,Dry latrines - Other,0.0,Drainage Service Department Annual Report 2009-10 - DSD10
Hong Kong,HK,HKG,344,Urban,13,Composting toilets,0.0,Drainage Service Department Annual Report 2009-10 - DSD10
Hong Kong,HK,HKG,344,Urban,14,Other improved,0.0,Drainage Service Department Annual Report 2009-10 - DSD10
Hong Kong,HK,HKG,344,Urban,15,"No facility, bush, field",0.0,Drainage Service Department Annual Report 2009-10 - DSD10
Hong Kong,HK,HKG,344,Urban,16,Other unimproved,0.07,Drainage Service Department Annual Report 2009-10 - DSD10
Hong Kong,HK,HKG,344,Urban,17,DK/missing information,0.0,Drainage Service Department Annual Report 2009-10 - DSD10
Hong Kong,HK,HKG,344,Rural,1,Flush and pour flush - to piped sewer system,0.0,Drainage Service Department Annual Report 2009-10 - DSD10
Hong Kong,HK,HKG,344,Rural,2,Flush and pour flush - to septic tank,0.0,Drainage Service Department Annual Report 2009-10 - DSD10
Hong Kong,HK,HKG,344,Rural,3,Flush and pour flush - to pit,0.0,Drainage Service Department Annual Report 2009-10 - DSD10
Hong Kong,HK,HKG,344,Rural,4,Flush and pour flush - to unknown place/ not sure/DK,0.0,Drainage Service Department Annual Report 2009-10 - DSD10
Hong Kong,HK,HKG,344,Rural,5,Flush and pour flush - to elsewhere,0.0,Drainage Service Department Annual Report 2009-10 - DSD10
Hong Kong,HK,HKG,344,Rural,6,Dry latrines - Ventilated Improved Pit latrine,0.0,Drainage Service Department Annual Report 2009-10 - DSD10
Hong Kong,HK,HKG,344,Rural,7,Dry latrines - Pit latrine with slab/covered latrine,0.0,Drainage Service Department Annual Report 2009-10 - DSD10
Hong Kong,HK,HKG,344,Rural,8,Dry latrines - Traditional latrine,0.0,Drainage Service Department Annual Report 2009-10 - DSD10
Hong Kong,HK,HKG,344,Rural,9,Dry latrines - Pit latrine without slab/open pit,0.0,Drainage Service Department Annual Report 2009-10 - DSD10
Hong Kong,HK,HKG,344,Rural,10,Dry latrines - Hanging toilet/hanging latrine,0.0,Drainage Service Department Annual Report 2009-10 - DSD10
Hong Kong,HK,HKG,344,Rural,11,Dry latrines - Bucket latrine,0.0,Drainage Service Department Annual Report 2009-10 - DSD10
Hong Kong,HK,HKG,344,Rural,12,Dry latrines - Other,0.0,Drainage Service Department Annual Report 2009-10 - DSD10
Hong Kong,HK,HKG,344,Rural,13,Composting toilets,0.0,Drainage Service Department Annual Report 2009-10 - DSD10
Hong Kong,HK,HKG,344,Rural,14,Other improved,0.0,Drainage Service Department Annual Report 2009-10 - DSD10
Hong Kong,HK,HKG,344,Rural,15,"No facility, bush, field",0.0,Drainage Service Department Annual Report 2009-10 - DSD10
Hong Kong,HK,HKG,344,Rural,16,Other unimproved,0.0,Drainage Service Department Annual Report 2009-10 - DSD10
Hong Kong,HK,HKG,344,Rural,17,DK/missing information,0.0,Drainage Service Department Annual Report 2009-10 - DSD10
Hong Kong,HK,HKG,344,National,1,Flush and pour flush - to piped sewer system,0.93,Drainage Service Department Annual Report 2009-10 - DSD10
Hong Kong,HK,HKG,344,National,2,Flush and pour flush - to septic tank,0.0,Drainage Service Department Annual Report 2009-10 - DSD10
Hong Kong,HK,HKG,344,National,3,Flush and pour flush - to pit,0.0,Drainage Service Department Annual Report 2009-10 - DSD10
Hong Kong,HK,HKG,344,National,4,Flush and pour flush - to unknown place/ not sure/DK,0.0,Drainage Service Department Annual Report 2009-10 - DSD10
Hong Kong,HK,HKG,344,National,5,Flush and pour flush - to elsewhere,0.0,Drainage Service Department Annual Report 2009-10 - DSD10
Hong Kong,HK,HKG,344,National,6,Dry latrines - Ventilated Improved Pit latrine,0.0,Drainage Service Department Annual Report 2009-10 - DSD10
Hong Kong,HK,HKG,344,National,7,Dry latrines - Pit latrine with slab/covered latrine,0.0,Drainage Service Department Annual Report 2009-10 - DSD10
Hong Kong,HK,HKG,344,National,8,Dry latrines - Traditional latrine,0.0,Drainage Service Department Annual Report 2009-10 - DSD10
Hong Kong,HK,HKG,344,National,9,Dry latrines - Pit latrine without slab/open pit,0.0,Drainage Service Department Annual Report 2009-10 - DSD10
Hong Kong,HK,HKG,344,National,10,Dry latrines - Hanging toilet/hanging latrine,0.0,Drainage Service Department Annual Report 2009-10 - DSD10
Hong Kong,HK,HKG,344,National,11,Dry latrines - Bucket latrine,0.0,Drainage Service Department Annual Report 2009-10 - DSD10
Hong Kong,HK,HKG,344,National,12,Dry latrines - Other,0.0,Drainage Service Department Annual Report 2009-10 - DSD10
Hong Kong,HK,HKG,344,National,13,Composting toilets,0.0,Drainage Service Department Annual Report 2009-10 - DSD10
Hong Kong,HK,HKG,344,National,14,Other improved,0.0,Drainage Service Department Annual Report 2009-10 - DSD10
Hong Kong,HK,HKG,344,National,15,"No facility, bush, field",0.0,Drainage Service Department Annual Report 2009-10 - DSD10
Hong Kong,HK,HKG,344,National,16,Other unimproved,0.07,Drainage Service Department Annual Report 2009-10 - DSD10
Hong Kong,HK,HKG,344,National,17,DK/missing information,0.0,Drainage Service Department Annual Report 2009-10 - DSD10
Hong Kong,HK,HKG,344,Urban,1,Flush and pour flush - to piped sewer system,0.93,Drainage Service Department Annual Report 2010-11 - DSD11
Hong Kong,HK,HKG,344,Urban,2,Flush and pour flush - to septic tank,0.0,Drainage Service Department Annual Report 2010-11 - DSD11
Hong Kong,HK,HKG,344,Urban,3,Flush and pour flush - to pit,0.0,Drainage Service Department Annual Report 2010-11 - DSD11
Hong Kong,HK,HKG,344,Urban,4,Flush and pour flush - to unknown place/ not sure/DK,0.0,Drainage Service Department Annual Report 2010-11 - DSD11
Hong Kong,HK,HKG,344,Urban,5,Flush and pour flush - to elsewhere,0.0,Drainage Service Department Annual Report 2010-11 - DSD11
Hong Kong,HK,HKG,344,Urban,6,Dry latrines - Ventilated Improved Pit latrine,0.0,Drainage Service Department Annual Report 2010-11 - DSD11
Hong Kong,HK,HKG,344,Urban,7,Dry latrines - Pit latrine with slab/covered latrine,0.0,Drainage Service Department Annual Report 2010-11 - DSD11
Hong Kong,HK,HKG,344,Urban,8,Dry latrines - Traditional latrine,0.0,Drainage Service Department Annual Report 2010-11 - DSD11
Hong Kong,HK,HKG,344,Urban,9,Dry latrines - Pit latrine without slab/open pit,0.0,Drainage Service Department Annual Report 2010-11 - DSD11
Hong Kong,HK,HKG,344,Urban,10,Dry latrines - Hanging toilet/hanging latrine,0.0,Drainage Service Department Annual Report 2010-11 - DSD11
Hong Kong,HK,HKG,344,Urban,11,Dry latrines - Bucket latrine,0.0,Drainage Service Department Annual Report 2010-11 - DSD11
Hong Kong,HK,HKG,344,Urban,12,Dry latrines - Other,0.0,Drainage Service Department Annual Report 2010-11 - DSD11
Hong Kong,HK,HKG,344,Urban,13,Composting toilets,0.0,Drainage Service Department Annual Report 2010-11 - DSD11
Hong Kong,HK,HKG,344,Urban,14,Other improved,0.0,Drainage Service Department Annual Report 2010-11 - DSD11
Hong Kong,HK,HKG,344,Urban,15,"No facility, bush, field",0.0,Drainage Service Department Annual Report 2010-11 - DSD11
Hong Kong,HK,HKG,344,Urban,16,Other unimproved,0.07,Drainage Service Department Annual Report 2010-11 - DSD11
Hong Kong,HK,HKG,344,Urban,17,DK/missing information,0.0,Drainage Service Department Annual Report 2010-11 - DSD11
Hong Kong,HK,HKG,344,Rural,1,Flush and pour flush - to piped sewer system,0.0,Drainage Service Department Annual Report 2010-11 - DSD11
Hong Kong,HK,HKG,344,Rural,2,Flush and pour flush - to septic tank,0.0,Drainage Service Department Annual Report 2010-11 - DSD11
Hong Kong,HK,HKG,344,Rural,3,Flush and pour flush - to pit,0.0,Drainage Service Department Annual Report 2010-11 - DSD11
Hong Kong,HK,HKG,344,Rural,4,Flush and pour flush - to unknown place/ not sure/DK,0.0,Drainage Service Department Annual Report 2010-11 - DSD11
Hong Kong,HK,HKG,344,Rural,5,Flush and pour flush - to elsewhere,0.0,Drainage Service Department Annual Report 2010-11 - DSD11
Hong Kong,HK,HKG,344,Rural,6,Dry latrines - Ventilated Improved Pit latrine,0.0,Drainage Service Department Annual Report 2010-11 - DSD11
Hong Kong,HK,HKG,344,Rural,7,Dry latrines - Pit latrine with slab/covered latrine,0.0,Drainage Service Department Annual Report 2010-11 - DSD11
Hong Kong,HK,HKG,344,Rural,8,Dry latrines - Traditional latrine,0.0,Drainage Service Department Annual Report 2010-11 - DSD11
Hong Kong,HK,HKG,344,Rural,9,Dry latrines - Pit latrine without slab/open pit,0.0,Drainage Service Department Annual Report 2010-11 - DSD11
Hong Kong,HK,HKG,344,Rural,10,Dry latrines - Hanging toilet/hanging latrine,0.0,Drainage Service Department Annual Report 2010-11 - DSD11
Hong Kong,HK,HKG,344,Rural,11,Dry latrines - Bucket latrine,0.0,Drainage Service Department Annual Report 2010-11 - DSD11
Hong Kong,HK,HKG,344,Rural,12,Dry latrines - Other,0.0,Drainage Service Department Annual Report 2010-11 - DSD11
Hong Kong,HK,HKG,344,Rural,13,Composting toilets,0.0,Drainage Service Department Annual Report 2010-11 - DSD11
Hong Kong,HK,HKG,344,Rural,14,Other improved,0.0,Drainage Service Department Annual Report 2010-11 - DSD11
Hong Kong,HK,HKG,344,Rural,15,"No facility, bush, field",0.0,Drainage Service Department Annual Report 2010-11 - DSD11
Hong Kong,HK,HKG,344,Rural,16,Other unimproved,0.0,Drainage Service Department Annual Report 2010-11 - DSD11
Hong Kong,HK,HKG,344,Rural,17,DK/missing information,0.0,Drainage Service Department Annual Report 2010-11 - DSD11
Hong Kong,HK,HKG,344,National,1,Flush and pour flush - to piped sewer system,0.93,Drainage Service Department Annual Report 2010-11 - DSD11
Hong Kong,HK,HKG,344,National,2,Flush and pour flush - to septic tank,0.0,Drainage Service Department Annual Report 2010-11 - DSD11
Hong Kong,HK,HKG,344,National,3,Flush and pour flush - to pit,0.0,Drainage Service Department Annual Report 2010-11 - DSD11
Hong Kong,HK,HKG,344,National,4,Flush and pour flush - to unknown place/ not sure/DK,0.0,Drainage Service Department Annual Report 2010-11 - DSD11
Hong Kong,HK,HKG,344,National,5,Flush and pour flush - to elsewhere,0.0,Drainage Service Department Annual Report 2010-11 - DSD11
Hong Kong,HK,HKG,344,National,6,Dry latrines - Ventilated Improved Pit latrine,0.0,Drainage Service Department Annual Report 2010-11 - DSD11
Hong Kong,HK,HKG,344,National,7,Dry latrines - Pit latrine with slab/covered latrine,0.0,Drainage Service Department Annual Report 2010-11 - DSD11
Hong Kong,HK,HKG,344,National,8,Dry latrines - Traditional latrine,0.0,Drainage Service Department Annual Report 2010-11 - DSD11
Hong Kong,HK,HKG,344,National,9,Dry latrines - Pit latrine without slab/open pit,0.0,Drainage Service Department Annual Report 2010-11 - DSD11
Hong Kong,HK,HKG,344,National,10,Dry latrines - Hanging toilet/hanging latrine,0.0,Drainage Service Department Annual Report 2010-11 - DSD11
Hong Kong,HK,HKG,344,National,11,Dry latrines - Bucket latrine,0.0,Drainage Service Department Annual Report 2010-11 - DSD11
Hong Kong,HK,HKG,344,National,12,Dry latrines - Other,0.0,Drainage Service Department Annual Report 2010-11 - DSD11
Hong Kong,HK,HKG,344,National,13,Composting toilets,0.0,Drainage Service Department Annual Report 2010-11 - DSD11
Hong Kong,HK,HKG,344,National,14,Other improved,0.0,Drainage Service Department Annual Report 2010-11 - DSD11
Hong Kong,HK,HKG,344,National,15,"No facility, bush, field",0.0,Drainage Service Department Annual Report 2010-11 - DSD11
Hong Kong,HK,HKG,344,National,16,Other unimproved,0.07,Drainage Service Department Annual Report 2010-11 - DSD11
Hong Kong,HK,HKG,344,National,17,DK/missing information,0.0,Drainage Service Department Annual Report 2010-11 - DSD11
Hong Kong,HK,HKG,344,Urban,1,Flush and pour flush - to piped sewer system,0.93,Drainage Service Department Annual Report 2011-12 - DSD12
Hong Kong,HK,HKG,344,Urban,2,Flush and pour flush - to septic tank,0.0,Drainage Service Department Annual Report 2011-12 - DSD12
Hong Kong,HK,HKG,344,Urban,3,Flush and pour flush - to pit,0.0,Drainage Service Department Annual Report 2011-12 - DSD12
Hong Kong,HK,HKG,344,Urban,4,Flush and pour flush - to unknown place/ not sure/DK,0.0,Drainage Service Department Annual Report 2011-12 - DSD12
Hong Kong,HK,HKG,344,Urban,5,Flush and pour flush - to elsewhere,0.0,Drainage Service Department Annual Report 2011-12 - DSD12
Hong Kong,HK,HKG,344,Urban,6,Dry latrines - Ventilated Improved Pit latrine,0.0,Drainage Service Department Annual Report 2011-12 - DSD12
Hong Kong,HK,HKG,344,Urban,7,Dry latrines - Pit latrine with slab/covered latrine,0.0,Drainage Service Department Annual Report 2011-12 - DSD12
Hong Kong,HK,HKG,344,Urban,8,Dry latrines - Traditional latrine,0.0,Drainage Service Department Annual Report 2011-12 - DSD12
Hong Kong,HK,HKG,344,Urban,9,Dry latrines - Pit latrine without slab/open pit,0.0,Drainage Service Department Annual Report 2011-12 - DSD12
Hong Kong,HK,HKG,344,Urban,10,Dry latrines - Hanging toilet/hanging latrine,0.0,Drainage Service Department Annual Report 2011-12 - DSD12
Hong Kong,HK,HKG,344,Urban,11,Dry latrines - Bucket latrine,0.0,Drainage Service Department Annual Report 2011-12 - DSD12
Hong Kong,HK,HKG,344,Urban,12,Dry latrines - Other,0.0,Drainage Service Department Annual Report 2011-12 - DSD12
Hong Kong,HK,HKG,344,Urban,13,Composting toilets,0.0,Drainage Service Department Annual Report 2011-12 - DSD12
Hong Kong,HK,HKG,344,Urban,14,Other improved,0.0,Drainage Service Department Annual Report 2011-12 - DSD12
Hong Kong,HK,HKG,344,Urban,15,"No facility, bush, field",0.0,Drainage Service Department Annual Report 2011-12 - DSD12
Hong Kong,HK,HKG,344,Urban,16,Other unimproved,0.07,Drainage Service Department Annual Report 2011-12 - DSD12
Hong Kong,HK,HKG,344,Urban,17,DK/missing information,0.0,Drainage Service Department Annual Report 2011-12 - DSD12
Hong Kong,HK,HKG,344,Rural,1,Flush and pour flush - to piped sewer system,0.0,Drainage Service Department Annual Report 2011-12 - DSD12
Hong Kong,HK,HKG,344,Rural,2,Flush and pour flush - to septic tank,0.0,Drainage Service Department Annual Report 2011-12 - DSD12
Hong Kong,HK,HKG,344,Rural,3,Flush and pour flush - to pit,0.0,Drainage Service Department Annual Report 2011-12 - DSD12
Hong Kong,HK,HKG,344,Rural,4,Flush and pour flush - to unknown place/ not sure/DK,0.0,Drainage Service Department Annual Report 2011-12 - DSD12
Hong Kong,HK,HKG,344,Rural,5,Flush and pour flush - to elsewhere,0.0,Drainage Service Department Annual Report 2011-12 - DSD12
Hong Kong,HK,HKG,344,Rural,6,Dry latrines - Ventilated Improved Pit latrine,0.0,Drainage Service Department Annual Report 2011-12 - DSD12
Hong Kong,HK,HKG,344,Rural,7,Dry latrines - Pit latrine with slab/covered latrine,0.0,Drainage Service Department Annual Report 2011-12 - DSD12
Hong Kong,HK,HKG,344,Rural,8,Dry latrines - Traditional latrine,0.0,Drainage Service Department Annual Report 2011-12 - DSD12
Hong Kong,HK,HKG,344,Rural,9,Dry latrines - Pit latrine without slab/open pit,0.0,Drainage Service Department Annual Report 2011-12 - DSD12
Hong Kong,HK,HKG,344,Rural,10,Dry latrines - Hanging toilet/hanging latrine,0.0,Drainage Service Department Annual Report 2011-12 - DSD12
Hong Kong,HK,HKG,344,Rural,11,Dry latrines - Bucket latrine,0.0,Drainage Service Department Annual Report 2011-12 - DSD12
Hong Kong,HK,HKG,344,Rural,12,Dry latrines - Other,0.0,Drainage Service Department Annual Report 2011-12 - DSD12
Hong Kong,HK,HKG,344,Rural,13,Composting toilets,0.0,Drainage Service Department Annual Report 2011-12 - DSD12
Hong Kong,HK,HKG,344,Rural,14,Other improved,0.0,Drainage Service Department Annual Report 2011-12 - DSD12
Hong Kong,HK,HKG,344,Rural,15,"No facility, bush, field",0.0,Drainage Service Department Annual Report 2011-12 - DSD12
Hong Kong,HK,HKG,344,Rural,16,Other unimproved,0.0,Drainage Service Department Annual Report 2011-12 - DSD12
Hong Kong,HK,HKG,344,Rural,17,DK/missing information,0.0,Drainage Service Department Annual Report 2011-12 - DSD12
Hong Kong,HK,HKG,344,National,1,Flush and pour flush - to piped sewer system,0.93,Drainage Service Department Annual Report 2011-12 - DSD12
Hong Kong,HK,HKG,344,National,2,Flush and pour flush - to septic tank,0.0,Drainage Service Department Annual Report 2011-12 - DSD12
Hong Kong,HK,HKG,344,National,3,Flush and pour flush - to pit,0.0,Drainage Service Department Annual Report 2011-12 - DSD12
Hong Kong,HK,HKG,344,National,4,Flush and pour flush - to unknown place/ not sure/DK,0.0,Drainage Service Department Annual Report 2011-12 - DSD12
Hong Kong,HK,HKG,344,National,5,Flush and pour flush - to elsewhere,0.0,Drainage Service Department Annual Report 2011-12 - DSD12
Hong Kong,HK,HKG,344,National,6,Dry latrines - Ventilated Improved Pit latrine,0.0,Drainage Service Department Annual Report 2011-12 - DSD12
Hong Kong,HK,HKG,344,National,7,Dry latrines - Pit latrine with slab/covered latrine,0.0,Drainage Service Department Annual Report 2011-12 - DSD12
Hong Kong,HK,HKG,344,National,8,Dry latrines - Traditional latrine,0.0,Drainage Service Department Annual Report 2011-12 - DSD12
Hong Kong,HK,HKG,344,National,9,Dry latrines - Pit latrine without slab/open pit,0.0,Drainage Service Department Annual Report 2011-12 - DSD12
Hong Kong,HK,HKG,344,National,10,Dry latrines - Hanging toilet/hanging latrine,0.0,Drainage Service Department Annual Report 2011-12 - DSD12
Hong Kong,HK,HKG,344,National,11,Dry latrines - Bucket latrine,0.0,Drainage Service Department Annual Report 2011-12 - DSD12
Hong Kong,HK,HKG,344,National,12,Dry latrines - Other,0.0,Drainage Service Department Annual Report 2011-12 - DSD12
Hong Kong,HK,HKG,344,National,13,Composting toilets,0.0,Drainage Service Department Annual Report 2011-12 - DSD12
Hong Kong,HK,HKG,344,National,14,Other improved,0.0,Drainage Service Department Annual Report 2011-12 - DSD12
Hong Kong,HK,HKG,344,National,15,"No facility, bush, field",0.0,Drainage Service Department Annual Report 2011-12 - DSD12
Hong Kong,HK,HKG,344,National,16,Other unimproved,0.07,Drainage Service Department Annual Report 2011-12 - DSD12
Hong Kong,HK,HKG,344,National,17,DK/missing information,0.0,Drainage Service Department Annual Report 2011-12 - DSD12
Hong Kong,HK,HKG,344,Urban,1,Flush and pour flush - to piped sewer system,0.93,Drainage Service Department Sustainability Report 2012-13 - DSD13
Hong Kong,HK,HKG,344,Urban,2,Flush and pour flush - to septic tank,0.0,Drainage Service Department Sustainability Report 2012-13 - DSD13
Hong Kong,HK,HKG,344,Urban,3,Flush and pour flush - to pit,0.0,Drainage Service Department Sustainability Report 2012-13 - DSD13
Hong Kong,HK,HKG,344,Urban,4,Flush and pour flush - to unknown place/ not sure/DK,0.0,Drainage Service Department Sustainability Report 2012-13 - DSD13
Hong Kong,HK,HKG,344,Urban,5,Flush and pour flush - to elsewhere,0.0,Drainage Service Department Sustainability Report 2012-13 - DSD13
Hong Kong,HK,HKG,344,Urban,6,Dry latrines - Ventilated Improved Pit latrine,0.0,Drainage Service Department Sustainability Report 2012-13 - DSD13
Hong Kong,HK,HKG,344,Urban,7,Dry latrines - Pit latrine with slab/covered latrine,0.0,Drainage Service Department Sustainability Report 2012-13 - DSD13
Hong Kong,HK,HKG,344,Urban,8,Dry latrines - Traditional latrine,0.0,Drainage Service Department Sustainability Report 2012-13 - DSD13
Hong Kong,HK,HKG,344,Urban,9,Dry latrines - Pit latrine without slab/open pit,0.0,Drainage Service Department Sustainability Report 2012-13 - DSD13
Hong Kong,HK,HKG,344,Urban,10,Dry latrines - Hanging toilet/hanging latrine,0.0,Drainage Service Department Sustainability Report 2012-13 - DSD13
Hong Kong,HK,HKG,344,Urban,11,Dry latrines - Bucket latrine,0.0,Drainage Service Department Sustainability Report 2012-13 - DSD13
Hong Kong,HK,HKG,344,Urban,12,Dry latrines - Other,0.0,Drainage Service Department Sustainability Report 2012-13 - DSD13
Hong Kong,HK,HKG,344,Urban,13,Composting toilets,0.0,Drainage Service Department Sustainability Report 2012-13 - DSD13
Hong Kong,HK,HKG,344,Urban,14,Other improved,0.0,Drainage Service Department Sustainability Report 2012-13 - DSD13
Hong Kong,HK,HKG,344,Urban,15,"No facility, bush, field",0.0,Drainage Service Department Sustainability Report 2012-13 - DSD13
Hong Kong,HK,HKG,344,Urban,16,Other unimproved,0.07,Drainage Service Department Sustainability Report 2012-13 - DSD13
Hong Kong,HK,HKG,344,Urban,17,DK/missing information,0.0,Drainage Service Department Sustainability Report 2012-13 - DSD13
Hong Kong,HK,HKG,344,Rural,1,Flush and pour flush - to piped sewer system,0.0,Drainage Service Department Sustainability Report 2012-13 - DSD13
Hong Kong,HK,HKG,344,Rural,2,Flush and pour flush - to septic tank,0.0,Drainage Service Department Sustainability Report 2012-13 - DSD13
Hong Kong,HK,HKG,344,Rural,3,Flush and pour flush - to pit,0.0,Drainage Service Department Sustainability Report 2012-13 - DSD13
Hong Kong,HK,HKG,344,Rural,4,Flush and pour flush - to unknown place/ not sure/DK,0.0,Drainage Service Department Sustainability Report 2012-13 - DSD13
Hong Kong,HK,HKG,344,Rural,5,Flush and pour flush - to elsewhere,0.0,Drainage Service Department Sustainability Report 2012-13 - DSD13
Hong Kong,HK,HKG,344,Rural,6,Dry latrines - Ventilated Improved Pit latrine,0.0,Drainage Service Department Sustainability Report 2012-13 - DSD13
Hong Kong,HK,HKG,344,Rural,7,Dry latrines - Pit latrine with slab/covered latrine,0.0,Drainage Service Department Sustainability Report 2012-13 - DSD13
Hong Kong,HK,HKG,344,Rural,8,Dry latrines - Traditional latrine,0.0,Drainage Service Department Sustainability Report 2012-13 - DSD13
Hong Kong,HK,HKG,344,Rural,9,Dry latrines - Pit latrine without slab/open pit,0.0,Drainage Service Department Sustainability Report 2012-13 - DSD13
Hong Kong,HK,HKG,344,Rural,10,Dry latrines - Hanging toilet/hanging latrine,0.0,Drainage Service Department Sustainability Report 2012-13 - DSD13
Hong Kong,HK,HKG,344,Rural,11,Dry latrines - Bucket latrine,0.0,Drainage Service Department Sustainability Report 2012-13 - DSD13
Hong Kong,HK,HKG,344,Rural,12,Dry latrines - Other,0.0,Drainage Service Department Sustainability Report 2012-13 - DSD13
Hong Kong,HK,HKG,344,Rural,13,Composting toilets,0.0,Drainage Service Department Sustainability Report 2012-13 - DSD13
Hong Kong,HK,HKG,344,Rural,14,Other improved,0.0,Drainage Service Department Sustainability Report 2012-13 - DSD13
Hong Kong,HK,HKG,344,Rural,15,"No facility, bush, field",0.0,Drainage Service Department Sustainability Report 2012-13 - DSD13
Hong Kong,HK,HKG,344,Rural,16,Other unimproved,0.0,Drainage Service Department Sustainability Report 2012-13 - DSD13
Hong Kong,HK,HKG,344,Rural,17,DK/missing information,0.0,Drainage Service Department Sustainability Report 2012-13 - DSD13
Hong Kong,HK,HKG,344,National,1,Flush and pour flush - to piped sewer system,0.93,Drainage Service Department Sustainability Report 2012-13 - DSD13
Hong Kong,HK,HKG,344,National,2,Flush and pour flush - to septic tank,0.0,Drainage Service Department Sustainability Report 2012-13 - DSD13
Hong Kong,HK,HKG,344,National,3,Flush and pour flush - to pit,0.0,Drainage Service Department Sustainability Report 2012-13 - DSD13
Hong Kong,HK,HKG,344,National,4,Flush and pour flush - to unknown place/ not sure/DK,0.0,Drainage Service Department Sustainability Report 2012-13 - DSD13
Hong Kong,HK,HKG,344,National,5,Flush and pour flush - to elsewhere,0.0,Drainage Service Department Sustainability Report 2012-13 - DSD13
Hong Kong,HK,HKG,344,National,6,Dry latrines - Ventilated Improved Pit latrine,0.0,Drainage Service Department Sustainability Report 2012-13 - DSD13
Hong Kong,HK,HKG,344,National,7,Dry latrines - Pit latrine with slab/covered latrine,0.0,Drainage Service Department Sustainability Report 2012-13 - DSD13
Hong Kong,HK,HKG,344,National,8,Dry latrines - Traditional latrine,0.0,Drainage Service Department Sustainability Report 2012-13 - DSD13
Hong Kong,HK,HKG,344,National,9,Dry latrines - Pit latrine without slab/open pit,0.0,Drainage Service Department Sustainability Report 2012-13 - DSD13
Hong Kong,HK,HKG,344,National,10,Dry latrines - Hanging toilet/hanging latrine,0.0,Drainage Service Department Sustainability Report 2012-13 - DSD13
Hong Kong,HK,HKG,344,National,11,Dry latrines - Bucket latrine,0.0,Drainage Service Department Sustainability Report 2012-13 - DSD13
Hong Kong,HK,HKG,344,National,12,Dry latrines - Other,0.0,Drainage Service Department Sustainability Report 2012-13 - DSD13
Hong Kong,HK,HKG,344,National,13,Composting toilets,0.0,Drainage Service Department Sustainability Report 2012-13 - DSD13
Hong Kong,HK,HKG,344,National,14,Other improved,0.0,Drainage Service Department Sustainability Report 2012-13 - DSD13
Hong Kong,HK,HKG,344,National,15,"No facility, bush, field",0.0,Drainage Service Department Sustainability Report 2012-13 - DSD13
Hong Kong,HK,HKG,344,National,16,Other unimproved,0.07,Drainage Service Department Sustainability Report 2012-13 - DSD13
Hong Kong,HK,HKG,344,National,17,DK/missing information,0.0,Drainage Service Department Sustainability Report 2012-13 - DSD13
Hong Kong,HK,HKG,344,Urban,1,Flush and pour flush - to piped sewer system,0.93,Drainage Service Department Sustainability Report 2013-14 - DSD14
Hong Kong,HK,HKG,344,Urban,2,Flush and pour flush - to septic tank,0.0,Drainage Service Department Sustainability Report 2013-14 - DSD14
Hong Kong,HK,HKG,344,Urban,3,Flush and pour flush - to pit,0.0,Drainage Service Department Sustainability Report 2013-14 - DSD14
Hong Kong,HK,HKG,344,Urban,4,Flush and pour flush - to unknown place/ not sure/DK,0.0,Drainage Service Department Sustainability Report 2013-14 - DSD14
Hong Kong,HK,HKG,344,Urban,5,Flush and pour flush - to elsewhere,0.0,Drainage Service Department Sustainability Report 2013-14 - DSD14
Hong Kong,HK,HKG,344,Urban,6,Dry latrines - Ventilated Improved Pit latrine,0.0,Drainage Service Department Sustainability Report 2013-14 - DSD14
Hong Kong,HK,HKG,344,Urban,7,Dry latrines - Pit latrine with slab/covered latrine,0.0,Drainage Service Department Sustainability Report 2013-14 - DSD14
Hong Kong,HK,HKG,344,Urban,8,Dry latrines - Traditional latrine,0.0,Drainage Service Department Sustainability Report 2013-14 - DSD14
Hong Kong,HK,HKG,344,Urban,9,Dry latrines - Pit latrine without slab/open pit,0.0,Drainage Service Department Sustainability Report 2013-14 - DSD14
Hong Kong,HK,HKG,344,Urban,10,Dry latrines - Hanging toilet/hanging latrine,0.0,Drainage Service Department Sustainability Report 2013-14 - DSD14
Hong Kong,HK,HKG,344,Urban,11,Dry latrines - Bucket latrine,0.0,Drainage Service Department Sustainability Report 2013-14 - DSD14
Hong Kong,HK,HKG,344,Urban,12,Dry latrines - Other,0.0,Drainage Service Department Sustainability Report 2013-14 - DSD14
Hong Kong,HK,HKG,344,Urban,13,Composting toilets,0.0,Drainage Service Department Sustainability Report 2013-14 - DSD14
Hong Kong,HK,HKG,344,Urban,14,Other improved,0.0,Drainage Service Department Sustainability Report 2013-14 - DSD14
Hong Kong,HK,HKG,344,Urban,15,"No facility, bush, field",0.0,Drainage Service Department Sustainability Report 2013-14 - DSD14
Hong Kong,HK,HKG,344,Urban,16,Other unimproved,0.07,Drainage Service Department Sustainability Report 2013-14 - DSD14
Hong Kong,HK,HKG,344,Urban,17,DK/missing information,0.0,Drainage Service Department Sustainability Report 2013-14 - DSD14
Hong Kong,HK,HKG,344,Rural,1,Flush and pour flush - to piped sewer system,0.0,Drainage Service Department Sustainability Report 2013-14 - DSD14
Hong Kong,HK,HKG,344,Rural,2,Flush and pour flush - to septic tank,0.0,Drainage Service Department Sustainability Report 2013-14 - DSD14
Hong Kong,HK,HKG,344,Rural,3,Flush and pour flush - to pit,0.0,Drainage Service Department Sustainability Report 2013-14 - DSD14
Hong Kong,HK,HKG,344,Rural,4,Flush and pour flush - to unknown place/ not sure/DK,0.0,Drainage Service Department Sustainability Report 2013-14 - DSD14
Hong Kong,HK,HKG,344,Rural,5,Flush and pour flush - to elsewhere,0.0,Drainage Service Department Sustainability Report 2013-14 - DSD14
Hong Kong,HK,HKG,344,Rural,6,Dry latrines - Ventilated Improved Pit latrine,0.0,Drainage Service Department Sustainability Report 2013-14 - DSD14
Hong Kong,HK,HKG,344,Rural,7,Dry latrines - Pit latrine with slab/covered latrine,0.0,Drainage Service Department Sustainability Report 2013-14 - DSD14
Hong Kong,HK,HKG,344,Rural,8,Dry latrines - Traditional latrine,0.0,Drainage Service Department Sustainability Report 2013-14 - DSD14
Hong Kong,HK,HKG,344,Rural,9,Dry latrines - Pit latrine without slab/open pit,0.0,Drainage Service Department Sustainability Report 2013-14 - DSD14
Hong Kong,HK,HKG,344,Rural,10,Dry latrines - Hanging toilet/hanging latrine,0.0,Drainage Service Department Sustainability Report 2013-14 - DSD14
Hong Kong,HK,HKG,344,Rural,11,Dry latrines - Bucket latrine,0.0,Drainage Service Department Sustainability Report 2013-14 - DSD14
Hong Kong,HK,HKG,344,Rural,12,Dry latrines - Other,0.0,Drainage Service Department Sustainability Report 2013-14 - DSD14
Hong Kong,HK,HKG,344,Rural,13,Composting toilets,0.0,Drainage Service Department Sustainability Report 2013-14 - DSD14
Hong Kong,HK,HKG,344,Rural,14,Other improved,0.0,Drainage Service Department Sustainability Report 2013-14 - DSD14
Hong Kong,HK,HKG,344,Rural,15,"No facility, bush, field",0.0,Drainage Service Department Sustainability Report 2013-14 - DSD14
Hong Kong,HK,HKG,344,Rural,16,Other unimproved,0.0,Drainage Service Department Sustainability Report 2013-14 - DSD14
Hong Kong,HK,HKG,344,Rural,17,DK/missing information,0.0,Drainage Service Department Sustainability Report 2013-14 - DSD14
Hong Kong,HK,HKG,344,National,1,Flush and pour flush - to piped sewer system,0.93,Drainage Service Department Sustainability Report 2013-14 - DSD14
Hong Kong,HK,HKG,344,National,2,Flush and pour flush - to septic tank,0.0,Drainage Service Department Sustainability Report 2013-14 - DSD14
Hong Kong,HK,HKG,344,National,3,Flush and pour flush - to pit,0.0,Drainage Service Department Sustainability Report 2013-14 - DSD14
Hong Kong,HK,HKG,344,National,4,Flush and pour flush - to unknown place/ not sure/DK,0.0,Drainage Service Department Sustainability Report 2013-14 - DSD14
Hong Kong,HK,HKG,344,National,5,Flush and pour flush - to elsewhere,0.0,Drainage Service Department Sustainability Report 2013-14 - DSD14
Hong Kong,HK,HKG,344,National,6,Dry latrines - Ventilated Improved Pit latrine,0.0,Drainage Service Department Sustainability Report 2013-14 - DSD14
Hong Kong,HK,HKG,344,National,7,Dry latrines - Pit latrine with slab/covered latrine,0.0,Drainage Service Department Sustainability Report 2013-14 - DSD14
Hong Kong,HK,HKG,344,National,8,Dry latrines - Traditional latrine,0.0,Drainage Service Department Sustainability Report 2013-14 - DSD14
Hong Kong,HK,HKG,344,National,9,Dry latrines - Pit latrine without slab/open pit,0.0,Drainage Service Department Sustainability Report 2013-14 - DSD14
Hong Kong,HK,HKG,344,National,10,Dry latrines - Hanging toilet/hanging latrine,0.0,Drainage Service Department Sustainability Report 2013-14 - DSD14
Hong Kong,HK,HKG,344,National,11,Dry latrines - Bucket latrine,0.0,Drainage Service Department Sustainability Report 2013-14 - DSD14
Hong Kong,HK,HKG,344,National,12,Dry latrines - Other,0.0,Drainage Service Department Sustainability Report 2013-14 - DSD14
Hong Kong,HK,HKG,344,National,13,Composting toilets,0.0,Drainage Service Department Sustainability Report 2013-14 - DSD14
Hong Kong,HK,HKG,344,National,14,Other improved,0.0,Drainage Service Department Sustainability Report 2013-14 - DSD14
Hong Kong,HK,HKG,344,National,15,"No facility, bush, field",0.0,Drainage Service Department Sustainability Report 2013-14 - DSD14
Hong Kong,HK,HKG,344,National,16,Other unimproved,0.07,Drainage Service Department Sustainability Report 2013-14 - DSD14
Hong Kong,HK,HKG,344,National,17,DK/missing information,0.0,Drainage Service Department Sustainability Report 2013-14 - DSD14
Hong Kong,HK,HKG,344,Urban,1,Flush and pour flush - to piped sewer system,0.935,Drainage Services Department - DSD17
Hong Kong,HK,HKG,344,Urban,2,Flush and pour flush - to septic tank,0.0,Drainage Services Department - DSD17
Hong Kong,HK,HKG,344,Urban,3,Flush and pour flush - to pit,0.0,Drainage Services Department - DSD17
Hong Kong,HK,HKG,344,Urban,4,Flush and pour flush - to unknown place/ not sure/DK,0.0,Drainage Services Department - DSD17
Hong Kong,HK,HKG,344,Urban,5,Flush and pour flush - to elsewhere,0.0,Drainage Services Department - DSD17
Hong Kong,HK,HKG,344,Urban,6,Dry latrines - Ventilated Improved Pit latrine,0.0,Drainage Services Department - DSD17
Hong Kong,HK,HKG,344,Urban,7,Dry latrines - Pit latrine with slab/covered latrine,0.0,Drainage Services Department - DSD17
Hong Kong,HK,HKG,344,Urban,8,Dry latrines - Traditional latrine,0.0,Drainage Services Department - DSD17
Hong Kong,HK,HKG,344,Urban,9,Dry latrines - Pit latrine without slab/open pit,0.0,Drainage Services Department - DSD17
Hong Kong,HK,HKG,344,Urban,10,Dry latrines - Hanging toilet/hanging latrine,0.0,Drainage Services Department - DSD17
Hong Kong,HK,HKG,344,Urban,11,Dry latrines - Bucket latrine,0.0,Drainage Services Department - DSD17
Hong Kong,HK,HKG,344,Urban,12,Dry latrines - Other,0.0,Drainage Services Department - DSD17
Hong Kong,HK,HKG,344,Urban,13,Composting toilets,0.0,Drainage Services Department - DSD17
Hong Kong,HK,HKG,344,Urban,14,Other improved,0.0,Drainage Services Department - DSD17
Hong Kong,HK,HKG,344,Urban,15,"No facility, bush, field",0.0,Drainage Services Department - DSD17
Hong Kong,HK,HKG,344,Urban,16,Other unimproved,0.065,Drainage Services Department - DSD17
Hong Kong,HK,HKG,344,Urban,17,DK/missing information,0.0,Drainage Services Department - DSD17
Hong Kong,HK,HKG,344,Rural,1,Flush and pour flush - to piped sewer system,0.0,Drainage Services Department - DSD17
Hong Kong,HK,HKG,344,Rural,2,Flush and pour flush - to septic tank,0.0,Drainage Services Department - DSD17
Hong Kong,HK,HKG,344,Rural,3,Flush and pour flush - to pit,0.0,Drainage Services Department - DSD17
Hong Kong,HK,HKG,344,Rural,4,Flush and pour flush - to unknown place/ not sure/DK,0.0,Drainage Services Department - DSD17
Hong Kong,HK,HKG,344,Rural,5,Flush and pour flush - to elsewhere,0.0,Drainage Services Department - DSD17
Hong Kong,HK,HKG,344,Rural,6,Dry latrines - Ventilated Improved Pit latrine,0.0,Drainage Services Department - DSD17
Hong Kong,HK,HKG,344,Rural,7,Dry latrines - Pit latrine with slab/covered latrine,0.0,Drainage Services Department - DSD17
Hong Kong,HK,HKG,344,Rural,8,Dry latrines - Traditional latrine,0.0,Drainage Services Department - DSD17
Hong Kong,HK,HKG,344,Rural,9,Dry latrines - Pit latrine without slab/open pit,0.0,Drainage Services Department - DSD17
Hong Kong,HK,HKG,344,Rural,10,Dry latrines - Hanging toilet/hanging latrine,0.0,Drainage Services Department - DSD17
Hong Kong,HK,HKG,344,Rural,11,Dry latrines - Bucket latrine,0.0,Drainage Services Department - DSD17
Hong Kong,HK,HKG,344,Rural,12,Dry latrines - Other,0.0,Drainage Services Department - DSD17
Hong Kong,HK,HKG,344,Rural,13,Composting toilets,0.0,Drainage Services Department - DSD17
Hong Kong,HK,HKG,344,Rural,14,Other improved,0.0,Drainage Services Department - DSD17
Hong Kong,HK,HKG,344,Rural,15,"No facility, bush, field",0.0,Drainage Services Department - DSD17
Hong Kong,HK,HKG,344,Rural,16,Other unimproved,0.0,Drainage Services Department - DSD17
Hong Kong,HK,HKG,344,Rural,17,DK/missing information,0.0,Drainage Services Department - DSD17
Hong Kong,HK,HKG,344,National,1,Flush and pour flush - to piped sewer system,0.935,Drainage Services Department - DSD17
Hong Kong,HK,HKG,344,National,2,Flush and pour flush - to septic tank,0.0,Drainage Services Department - DSD17
Hong Kong,HK,HKG,344,National,3,Flush and pour flush - to pit,0.0,Drainage Services Department - DSD17
Hong Kong,HK,HKG,344,National,4,Flush and pour flush - to unknown place/ not sure/DK,0.0,Drainage Services Department - DSD17
Hong Kong,HK,HKG,344,National,5,Flush and pour flush - to elsewhere,0.0,Drainage Services Department - DSD17
Hong Kong,HK,HKG,344,National,6,Dry latrines - Ventilated Improved Pit latrine,0.0,Drainage Services Department - DSD17
Hong Kong,HK,HKG,344,National,7,Dry latrines - Pit latrine with slab/covered latrine,0.0,Drainage Services Department - DSD17
Hong Kong,HK,HKG,344,National,8,Dry latrines - Traditional latrine,0.0,Drainage Services Department - DSD17
Hong Kong,HK,HKG,344,National,9,Dry latrines - Pit latrine without slab/open pit,0.0,Drainage Services Department - DSD17
Hong Kong,HK,HKG,344,National,10,Dry latrines - Hanging toilet/hanging latrine,0.0,Drainage Services Department - DSD17
Hong Kong,HK,HKG,344,National,11,Dry latrines - Bucket latrine,0.0,Drainage Services Department - DSD17
Hong Kong,HK,HKG,344,National,12,Dry latrines - Other,0.0,Drainage Services Department - DSD17
Hong Kong,HK,HKG,344,National,13,Composting toilets,0.0,Drainage Services Department - DSD17
Hong Kong,HK,HKG,344,National,14,Other improved,0.0,Drainage Services Department - DSD17
Hong Kong,HK,HKG,344,National,15,"No facility, bush, field",0.0,Drainage Services Department - DSD17
Hong Kong,HK,HKG,344,National,16,Other unimproved,0.065,Drainage Services Department - DSD17
Hong Kong,HK,HKG,344,National,17,DK/missing information,0.0,Drainage Services Department - DSD17
