country,alpha-2,alpha-3,numeric,context,classific_id,classification,percentage,source
Italy,IT,ITA,380,Urban,1,Flush and pour flush - to piped sewer system,0.993,Eurostat SILC database - EUSILC12
Italy,IT,ITA,380,Urban,2,Flush and pour flush - to septic tank,0.0,Eurostat SILC database - EUSILC12
Italy,IT,ITA,380,Urban,3,Flush and pour flush - to pit,0.0,Eurostat SILC database - EUSILC12
Italy,IT,ITA,380,Urban,4,Flush and pour flush - to unknown place/ not sure/DK,0.0,Eurostat SILC database - EUSILC12
Italy,IT,ITA,380,Urban,5,Flush and pour flush - to elsewhere,0.0,Eurostat SILC database - EUSILC12
Italy,IT,ITA,380,Urban,6,Dry latrines - Ventilated Improved Pit latrine,0.0,Eurostat SILC database - EUSILC12
Italy,IT,ITA,380,Urban,7,Dry latrines - Pit latrine with slab/covered latrine,0.0,Eurostat SILC database - EUSILC12
Italy,IT,ITA,380,Urban,8,Dry latrines - Traditional latrine,0.0,Eurostat SILC database - EUSILC12
Italy,IT,ITA,380,Urban,9,Dry latrines - Pit latrine without slab/open pit,0.0,Eurostat SILC database - EUSILC12
Italy,IT,ITA,380,Urban,10,Dry latrines - Hanging toilet/hanging latrine,0.0,Eurostat SILC database - EUSILC12
Italy,IT,ITA,380,Urban,11,Dry latrines - Bucket latrine,0.0,Eurostat SILC database - EUSILC12
Italy,IT,ITA,380,Urban,12,Dry latrines - Other,0.0,Eurostat SILC database - EUSILC12
Italy,IT,ITA,380,Urban,13,Composting toilets,0.0,Eurostat SILC database - EUSILC12
Italy,IT,ITA,380,Urban,14,Other improved,0.0,Eurostat SILC database - EUSILC12
Italy,IT,ITA,380,Urban,15,"No facility, bush, field",0.0,Eurostat SILC database - EUSILC12
Italy,IT,ITA,380,Urban,16,Other unimproved,0.006,Eurostat SILC database - EUSILC12
Italy,IT,ITA,380,Urban,17,DK/missing information,0.0,Eurostat SILC database - EUSILC12
Italy,IT,ITA,380,Rural,1,Flush and pour flush - to piped sewer system,0.995,Eurostat SILC database - EUSILC12
Italy,IT,ITA,380,Rural,2,Flush and pour flush - to septic tank,0.0,Eurostat SILC database - EUSILC12
Italy,IT,ITA,380,Rural,3,Flush and pour flush - to pit,0.0,Eurostat SILC database - EUSILC12
Italy,IT,ITA,380,Rural,4,Flush and pour flush - to unknown place/ not sure/DK,0.0,Eurostat SILC database - EUSILC12
Italy,IT,ITA,380,Rural,5,Flush and pour flush - to elsewhere,0.0,Eurostat SILC database - EUSILC12
Italy,IT,ITA,380,Rural,6,Dry latrines - Ventilated Improved Pit latrine,0.0,Eurostat SILC database - EUSILC12
Italy,IT,ITA,380,Rural,7,Dry latrines - Pit latrine with slab/covered latrine,0.0,Eurostat SILC database - EUSILC12
Italy,IT,ITA,380,Rural,8,Dry latrines - Traditional latrine,0.0,Eurostat SILC database - EUSILC12
Italy,IT,ITA,380,Rural,9,Dry latrines - Pit latrine without slab/open pit,0.0,Eurostat SILC database - EUSILC12
Italy,IT,ITA,380,Rural,10,Dry latrines - Hanging toilet/hanging latrine,0.0,Eurostat SILC database - EUSILC12
Italy,IT,ITA,380,Rural,11,Dry latrines - Bucket latrine,0.0,Eurostat SILC database - EUSILC12
Italy,IT,ITA,380,Rural,12,Dry latrines - Other,0.0,Eurostat SILC database - EUSILC12
Italy,IT,ITA,380,Rural,13,Composting toilets,0.0,Eurostat SILC database - EUSILC12
Italy,IT,ITA,380,Rural,14,Other improved,0.0,Eurostat SILC database - EUSILC12
Italy,IT,ITA,380,Rural,15,"No facility, bush, field",0.0,Eurostat SILC database - EUSILC12
Italy,IT,ITA,380,Rural,16,Other unimproved,0.005,Eurostat SILC database - EUSILC12
Italy,IT,ITA,380,Rural,17,DK/missing information,0.0,Eurostat SILC database - EUSILC12
Italy,IT,ITA,380,National,1,Flush and pour flush - to piped sewer system,0.994,Eurostat SILC database - EUSILC12
Italy,IT,ITA,380,National,2,Flush and pour flush - to septic tank,0.0,Eurostat SILC database - EUSILC12
Italy,IT,ITA,380,National,3,Flush and pour flush - to pit,0.0,Eurostat SILC database - EUSILC12
Italy,IT,ITA,380,National,4,Flush and pour flush - to unknown place/ not sure/DK,0.0,Eurostat SILC database - EUSILC12
Italy,IT,ITA,380,National,5,Flush and pour flush - to elsewhere,0.0,Eurostat SILC database - EUSILC12
Italy,IT,ITA,380,National,6,Dry latrines - Ventilated Improved Pit latrine,0.0,Eurostat SILC database - EUSILC12
Italy,IT,ITA,380,National,7,Dry latrines - Pit latrine with slab/covered latrine,0.0,Eurostat SILC database - EUSILC12
Italy,IT,ITA,380,National,8,Dry latrines - Traditional latrine,0.0,Eurostat SILC database - EUSILC12
Italy,IT,ITA,380,National,9,Dry latrines - Pit latrine without slab/open pit,0.0,Eurostat SILC database - EUSILC12
Italy,IT,ITA,380,National,10,Dry latrines - Hanging toilet/hanging latrine,0.0,Eurostat SILC database - EUSILC12
Italy,IT,ITA,380,National,11,Dry latrines - Bucket latrine,0.0,Eurostat SILC database - EUSILC12
Italy,IT,ITA,380,National,12,Dry latrines - Other,0.0,Eurostat SILC database - EUSILC12
Italy,IT,ITA,380,National,13,Composting toilets,0.0,Eurostat SILC database - EUSILC12
Italy,IT,ITA,380,National,14,Other improved,0.0,Eurostat SILC database - EUSILC12
Italy,IT,ITA,380,National,15,"No facility, bush, field",0.0,Eurostat SILC database - EUSILC12
Italy,IT,ITA,380,National,16,Other unimproved,0.006,Eurostat SILC database - EUSILC12
Italy,IT,ITA,380,National,17,DK/missing information,0.0,Eurostat SILC database - EUSILC12
Italy,IT,ITA,380,Urban,1,Flush and pour flush - to piped sewer system,0.94,SILC ad hoc extraction - AHSILC12
Italy,IT,ITA,380,Urban,2,Flush and pour flush - to septic tank,0.0,SILC ad hoc extraction - AHSILC12
Italy,IT,ITA,380,Urban,3,Flush and pour flush - to pit,0.0,SILC ad hoc extraction - AHSILC12
Italy,IT,ITA,380,Urban,4,Flush and pour flush - to unknown place/ not sure/DK,0.0,SILC ad hoc extraction - AHSILC12
Italy,IT,ITA,380,Urban,5,Flush and pour flush - to elsewhere,0.0,SILC ad hoc extraction - AHSILC12
Italy,IT,ITA,380,Urban,6,Dry latrines - Ventilated Improved Pit latrine,0.0,SILC ad hoc extraction - AHSILC12
Italy,IT,ITA,380,Urban,7,Dry latrines - Pit latrine with slab/covered latrine,0.0,SILC ad hoc extraction - AHSILC12
Italy,IT,ITA,380,Urban,8,Dry latrines - Traditional latrine,0.0,SILC ad hoc extraction - AHSILC12
Italy,IT,ITA,380,Urban,9,Dry latrines - Pit latrine without slab/open pit,0.0,SILC ad hoc extraction - AHSILC12
Italy,IT,ITA,380,Urban,10,Dry latrines - Hanging toilet/hanging latrine,0.0,SILC ad hoc extraction - AHSILC12
Italy,IT,ITA,380,Urban,11,Dry latrines - Bucket latrine,0.0,SILC ad hoc extraction - AHSILC12
Italy,IT,ITA,380,Urban,12,Dry latrines - Other,0.0,SILC ad hoc extraction - AHSILC12
Italy,IT,ITA,380,Urban,13,Composting toilets,0.0,SILC ad hoc extraction - AHSILC12
Italy,IT,ITA,380,Urban,14,Other improved,0.0,SILC ad hoc extraction - AHSILC12
Italy,IT,ITA,380,Urban,15,"No facility, bush, field",0.0,SILC ad hoc extraction - AHSILC12
Italy,IT,ITA,380,Urban,16,Other unimproved,0.06,SILC ad hoc extraction - AHSILC12
Italy,IT,ITA,380,Urban,17,DK/missing information,0.0,SILC ad hoc extraction - AHSILC12
Italy,IT,ITA,380,Rural,1,Flush and pour flush - to piped sewer system,0.929,SILC ad hoc extraction - AHSILC12
Italy,IT,ITA,380,Rural,2,Flush and pour flush - to septic tank,0.0,SILC ad hoc extraction - AHSILC12
Italy,IT,ITA,380,Rural,3,Flush and pour flush - to pit,0.0,SILC ad hoc extraction - AHSILC12
Italy,IT,ITA,380,Rural,4,Flush and pour flush - to unknown place/ not sure/DK,0.0,SILC ad hoc extraction - AHSILC12
Italy,IT,ITA,380,Rural,5,Flush and pour flush - to elsewhere,0.0,SILC ad hoc extraction - AHSILC12
Italy,IT,ITA,380,Rural,6,Dry latrines - Ventilated Improved Pit latrine,0.0,SILC ad hoc extraction - AHSILC12
Italy,IT,ITA,380,Rural,7,Dry latrines - Pit latrine with slab/covered latrine,0.0,SILC ad hoc extraction - AHSILC12
Italy,IT,ITA,380,Rural,8,Dry latrines - Traditional latrine,0.0,SILC ad hoc extraction - AHSILC12
Italy,IT,ITA,380,Rural,9,Dry latrines - Pit latrine without slab/open pit,0.0,SILC ad hoc extraction - AHSILC12
Italy,IT,ITA,380,Rural,10,Dry latrines - Hanging toilet/hanging latrine,0.0,SILC ad hoc extraction - AHSILC12
Italy,IT,ITA,380,Rural,11,Dry latrines - Bucket latrine,0.0,SILC ad hoc extraction - AHSILC12
Italy,IT,ITA,380,Rural,12,Dry latrines - Other,0.0,SILC ad hoc extraction - AHSILC12
Italy,IT,ITA,380,Rural,13,Composting toilets,0.0,SILC ad hoc extraction - AHSILC12
Italy,IT,ITA,380,Rural,14,Other improved,0.0,SILC ad hoc extraction - AHSILC12
Italy,IT,ITA,380,Rural,15,"No facility, bush, field",0.0,SILC ad hoc extraction - AHSILC12
Italy,IT,ITA,380,Rural,16,Other unimproved,0.071,SILC ad hoc extraction - AHSILC12
Italy,IT,ITA,380,Rural,17,DK/missing information,0.0,SILC ad hoc extraction - AHSILC12
Italy,IT,ITA,380,National,1,Flush and pour flush - to piped sewer system,0.937,SILC ad hoc extraction - AHSILC12
Italy,IT,ITA,380,National,2,Flush and pour flush - to septic tank,0.0,SILC ad hoc extraction - AHSILC12
Italy,IT,ITA,380,National,3,Flush and pour flush - to pit,0.0,SILC ad hoc extraction - AHSILC12
Italy,IT,ITA,380,National,4,Flush and pour flush - to unknown place/ not sure/DK,0.0,SILC ad hoc extraction - AHSILC12
Italy,IT,ITA,380,National,5,Flush and pour flush - to elsewhere,0.0,SILC ad hoc extraction - AHSILC12
Italy,IT,ITA,380,National,6,Dry latrines - Ventilated Improved Pit latrine,0.0,SILC ad hoc extraction - AHSILC12
Italy,IT,ITA,380,National,7,Dry latrines - Pit latrine with slab/covered latrine,0.0,SILC ad hoc extraction - AHSILC12
Italy,IT,ITA,380,National,8,Dry latrines - Traditional latrine,0.0,SILC ad hoc extraction - AHSILC12
Italy,IT,ITA,380,National,9,Dry latrines - Pit latrine without slab/open pit,0.0,SILC ad hoc extraction - AHSILC12
Italy,IT,ITA,380,National,10,Dry latrines - Hanging toilet/hanging latrine,0.0,SILC ad hoc extraction - AHSILC12
Italy,IT,ITA,380,National,11,Dry latrines - Bucket latrine,0.0,SILC ad hoc extraction - AHSILC12
Italy,IT,ITA,380,National,12,Dry latrines - Other,0.0,SILC ad hoc extraction - AHSILC12
Italy,IT,ITA,380,National,13,Composting toilets,0.0,SILC ad hoc extraction - AHSILC12
Italy,IT,ITA,380,National,14,Other improved,0.0,SILC ad hoc extraction - AHSILC12
Italy,IT,ITA,380,National,15,"No facility, bush, field",0.0,SILC ad hoc extraction - AHSILC12
Italy,IT,ITA,380,National,16,Other unimproved,0.063,SILC ad hoc extraction - AHSILC12
Italy,IT,ITA,380,National,17,DK/missing information,0.0,SILC ad hoc extraction - AHSILC12
Italy,IT,ITA,380,Urban,1,Flush and pour flush - to piped sewer system,0.988,Eurostat SILC database - EUSILC13
Italy,IT,ITA,380,Urban,2,Flush and pour flush - to septic tank,0.0,Eurostat SILC database - EUSILC13
Italy,IT,ITA,380,Urban,3,Flush and pour flush - to pit,0.0,Eurostat SILC database - EUSILC13
Italy,IT,ITA,380,Urban,4,Flush and pour flush - to unknown place/ not sure/DK,0.0,Eurostat SILC database - EUSILC13
Italy,IT,ITA,380,Urban,5,Flush and pour flush - to elsewhere,0.0,Eurostat SILC database - EUSILC13
Italy,IT,ITA,380,Urban,6,Dry latrines - Ventilated Improved Pit latrine,0.0,Eurostat SILC database - EUSILC13
Italy,IT,ITA,380,Urban,7,Dry latrines - Pit latrine with slab/covered latrine,0.0,Eurostat SILC database - EUSILC13
Italy,IT,ITA,380,Urban,8,Dry latrines - Traditional latrine,0.0,Eurostat SILC database - EUSILC13
Italy,IT,ITA,380,Urban,9,Dry latrines - Pit latrine without slab/open pit,0.0,Eurostat SILC database - EUSILC13
Italy,IT,ITA,380,Urban,10,Dry latrines - Hanging toilet/hanging latrine,0.0,Eurostat SILC database - EUSILC13
Italy,IT,ITA,380,Urban,11,Dry latrines - Bucket latrine,0.0,Eurostat SILC database - EUSILC13
Italy,IT,ITA,380,Urban,12,Dry latrines - Other,0.0,Eurostat SILC database - EUSILC13
Italy,IT,ITA,380,Urban,13,Composting toilets,0.0,Eurostat SILC database - EUSILC13
Italy,IT,ITA,380,Urban,14,Other improved,0.0,Eurostat SILC database - EUSILC13
Italy,IT,ITA,380,Urban,15,"No facility, bush, field",0.0,Eurostat SILC database - EUSILC13
Italy,IT,ITA,380,Urban,16,Other unimproved,0.0,Eurostat SILC database - EUSILC13
Italy,IT,ITA,380,Urban,17,DK/missing information,0.0,Eurostat SILC database - EUSILC13
Italy,IT,ITA,380,Rural,1,Flush and pour flush - to piped sewer system,0.985,Eurostat SILC database - EUSILC13
Italy,IT,ITA,380,Rural,2,Flush and pour flush - to septic tank,0.0,Eurostat SILC database - EUSILC13
Italy,IT,ITA,380,Rural,3,Flush and pour flush - to pit,0.0,Eurostat SILC database - EUSILC13
Italy,IT,ITA,380,Rural,4,Flush and pour flush - to unknown place/ not sure/DK,0.0,Eurostat SILC database - EUSILC13
Italy,IT,ITA,380,Rural,5,Flush and pour flush - to elsewhere,0.0,Eurostat SILC database - EUSILC13
Italy,IT,ITA,380,Rural,6,Dry latrines - Ventilated Improved Pit latrine,0.0,Eurostat SILC database - EUSILC13
Italy,IT,ITA,380,Rural,7,Dry latrines - Pit latrine with slab/covered latrine,0.0,Eurostat SILC database - EUSILC13
Italy,IT,ITA,380,Rural,8,Dry latrines - Traditional latrine,0.0,Eurostat SILC database - EUSILC13
Italy,IT,ITA,380,Rural,9,Dry latrines - Pit latrine without slab/open pit,0.0,Eurostat SILC database - EUSILC13
Italy,IT,ITA,380,Rural,10,Dry latrines - Hanging toilet/hanging latrine,0.0,Eurostat SILC database - EUSILC13
Italy,IT,ITA,380,Rural,11,Dry latrines - Bucket latrine,0.0,Eurostat SILC database - EUSILC13
Italy,IT,ITA,380,Rural,12,Dry latrines - Other,0.0,Eurostat SILC database - EUSILC13
Italy,IT,ITA,380,Rural,13,Composting toilets,0.0,Eurostat SILC database - EUSILC13
Italy,IT,ITA,380,Rural,14,Other improved,0.0,Eurostat SILC database - EUSILC13
Italy,IT,ITA,380,Rural,15,"No facility, bush, field",0.0,Eurostat SILC database - EUSILC13
Italy,IT,ITA,380,Rural,16,Other unimproved,0.0,Eurostat SILC database - EUSILC13
Italy,IT,ITA,380,Rural,17,DK/missing information,0.0,Eurostat SILC database - EUSILC13
Italy,IT,ITA,380,National,1,Flush and pour flush - to piped sewer system,0.989,Eurostat SILC database - EUSILC13
Italy,IT,ITA,380,National,2,Flush and pour flush - to septic tank,0.0,Eurostat SILC database - EUSILC13
Italy,IT,ITA,380,National,3,Flush and pour flush - to pit,0.0,Eurostat SILC database - EUSILC13
Italy,IT,ITA,380,National,4,Flush and pour flush - to unknown place/ not sure/DK,0.0,Eurostat SILC database - EUSILC13
Italy,IT,ITA,380,National,5,Flush and pour flush - to elsewhere,0.0,Eurostat SILC database - EUSILC13
Italy,IT,ITA,380,National,6,Dry latrines - Ventilated Improved Pit latrine,0.0,Eurostat SILC database - EUSILC13
Italy,IT,ITA,380,National,7,Dry latrines - Pit latrine with slab/covered latrine,0.0,Eurostat SILC database - EUSILC13
Italy,IT,ITA,380,National,8,Dry latrines - Traditional latrine,0.0,Eurostat SILC database - EUSILC13
Italy,IT,ITA,380,National,9,Dry latrines - Pit latrine without slab/open pit,0.0,Eurostat SILC database - EUSILC13
Italy,IT,ITA,380,National,10,Dry latrines - Hanging toilet/hanging latrine,0.0,Eurostat SILC database - EUSILC13
Italy,IT,ITA,380,National,11,Dry latrines - Bucket latrine,0.0,Eurostat SILC database - EUSILC13
Italy,IT,ITA,380,National,12,Dry latrines - Other,0.0,Eurostat SILC database - EUSILC13
Italy,IT,ITA,380,National,13,Composting toilets,0.0,Eurostat SILC database - EUSILC13
Italy,IT,ITA,380,National,14,Other improved,0.0,Eurostat SILC database - EUSILC13
Italy,IT,ITA,380,National,15,"No facility, bush, field",0.0,Eurostat SILC database - EUSILC13
Italy,IT,ITA,380,National,16,Other unimproved,0.0,Eurostat SILC database - EUSILC13
Italy,IT,ITA,380,National,17,DK/missing information,0.0,Eurostat SILC database - EUSILC13
Italy,IT,ITA,380,Urban,1,Flush and pour flush - to piped sewer system,0.992,Eurostat SILC database - EUSILC14
Italy,IT,ITA,380,Urban,2,Flush and pour flush - to septic tank,0.0,Eurostat SILC database - EUSILC14
Italy,IT,ITA,380,Urban,3,Flush and pour flush - to pit,0.0,Eurostat SILC database - EUSILC14
Italy,IT,ITA,380,Urban,4,Flush and pour flush - to unknown place/ not sure/DK,0.0,Eurostat SILC database - EUSILC14
Italy,IT,ITA,380,Urban,5,Flush and pour flush - to elsewhere,0.0,Eurostat SILC database - EUSILC14
Italy,IT,ITA,380,Urban,6,Dry latrines - Ventilated Improved Pit latrine,0.0,Eurostat SILC database - EUSILC14
Italy,IT,ITA,380,Urban,7,Dry latrines - Pit latrine with slab/covered latrine,0.0,Eurostat SILC database - EUSILC14
Italy,IT,ITA,380,Urban,8,Dry latrines - Traditional latrine,0.0,Eurostat SILC database - EUSILC14
Italy,IT,ITA,380,Urban,9,Dry latrines - Pit latrine without slab/open pit,0.0,Eurostat SILC database - EUSILC14
Italy,IT,ITA,380,Urban,10,Dry latrines - Hanging toilet/hanging latrine,0.0,Eurostat SILC database - EUSILC14
Italy,IT,ITA,380,Urban,11,Dry latrines - Bucket latrine,0.0,Eurostat SILC database - EUSILC14
Italy,IT,ITA,380,Urban,12,Dry latrines - Other,0.0,Eurostat SILC database - EUSILC14
Italy,IT,ITA,380,Urban,13,Composting toilets,0.0,Eurostat SILC database - EUSILC14
Italy,IT,ITA,380,Urban,14,Other improved,0.0,Eurostat SILC database - EUSILC14
Italy,IT,ITA,380,Urban,15,"No facility, bush, field",0.0,Eurostat SILC database - EUSILC14
Italy,IT,ITA,380,Urban,16,Other unimproved,0.008,Eurostat SILC database - EUSILC14
Italy,IT,ITA,380,Urban,17,DK/missing information,0.0,Eurostat SILC database - EUSILC14
Italy,IT,ITA,380,Rural,1,Flush and pour flush - to piped sewer system,0.988,Eurostat SILC database - EUSILC14
Italy,IT,ITA,380,Rural,2,Flush and pour flush - to septic tank,0.0,Eurostat SILC database - EUSILC14
Italy,IT,ITA,380,Rural,3,Flush and pour flush - to pit,0.0,Eurostat SILC database - EUSILC14
Italy,IT,ITA,380,Rural,4,Flush and pour flush - to unknown place/ not sure/DK,0.0,Eurostat SILC database - EUSILC14
Italy,IT,ITA,380,Rural,5,Flush and pour flush - to elsewhere,0.0,Eurostat SILC database - EUSILC14
Italy,IT,ITA,380,Rural,6,Dry latrines - Ventilated Improved Pit latrine,0.0,Eurostat SILC database - EUSILC14
Italy,IT,ITA,380,Rural,7,Dry latrines - Pit latrine with slab/covered latrine,0.0,Eurostat SILC database - EUSILC14
Italy,IT,ITA,380,Rural,8,Dry latrines - Traditional latrine,0.0,Eurostat SILC database - EUSILC14
Italy,IT,ITA,380,Rural,9,Dry latrines - Pit latrine without slab/open pit,0.0,Eurostat SILC database - EUSILC14
Italy,IT,ITA,380,Rural,10,Dry latrines - Hanging toilet/hanging latrine,0.0,Eurostat SILC database - EUSILC14
Italy,IT,ITA,380,Rural,11,Dry latrines - Bucket latrine,0.0,Eurostat SILC database - EUSILC14
Italy,IT,ITA,380,Rural,12,Dry latrines - Other,0.0,Eurostat SILC database - EUSILC14
Italy,IT,ITA,380,Rural,13,Composting toilets,0.0,Eurostat SILC database - EUSILC14
Italy,IT,ITA,380,Rural,14,Other improved,0.0,Eurostat SILC database - EUSILC14
Italy,IT,ITA,380,Rural,15,"No facility, bush, field",0.0,Eurostat SILC database - EUSILC14
Italy,IT,ITA,380,Rural,16,Other unimproved,0.012,Eurostat SILC database - EUSILC14
Italy,IT,ITA,380,Rural,17,DK/missing information,0.0,Eurostat SILC database - EUSILC14
Italy,IT,ITA,380,National,1,Flush and pour flush - to piped sewer system,0.992,Eurostat SILC database - EUSILC14
Italy,IT,ITA,380,National,2,Flush and pour flush - to septic tank,0.0,Eurostat SILC database - EUSILC14
Italy,IT,ITA,380,National,3,Flush and pour flush - to pit,0.0,Eurostat SILC database - EUSILC14
Italy,IT,ITA,380,National,4,Flush and pour flush - to unknown place/ not sure/DK,0.0,Eurostat SILC database - EUSILC14
Italy,IT,ITA,380,National,5,Flush and pour flush - to elsewhere,0.0,Eurostat SILC database - EUSILC14
Italy,IT,ITA,380,National,6,Dry latrines - Ventilated Improved Pit latrine,0.0,Eurostat SILC database - EUSILC14
Italy,IT,ITA,380,National,7,Dry latrines - Pit latrine with slab/covered latrine,0.0,Eurostat SILC database - EUSILC14
Italy,IT,ITA,380,National,8,Dry latrines - Traditional latrine,0.0,Eurostat SILC database - EUSILC14
Italy,IT,ITA,380,National,9,Dry latrines - Pit latrine without slab/open pit,0.0,Eurostat SILC database - EUSILC14
Italy,IT,ITA,380,National,10,Dry latrines - Hanging toilet/hanging latrine,0.0,Eurostat SILC database - EUSILC14
Italy,IT,ITA,380,National,11,Dry latrines - Bucket latrine,0.0,Eurostat SILC database - EUSILC14
Italy,IT,ITA,380,National,12,Dry latrines - Other,0.0,Eurostat SILC database - EUSILC14
Italy,IT,ITA,380,National,13,Composting toilets,0.0,Eurostat SILC database - EUSILC14
Italy,IT,ITA,380,National,14,Other improved,0.0,Eurostat SILC database - EUSILC14
Italy,IT,ITA,380,National,15,"No facility, bush, field",0.0,Eurostat SILC database - EUSILC14
Italy,IT,ITA,380,National,16,Other unimproved,0.008,Eurostat SILC database - EUSILC14
Italy,IT,ITA,380,National,17,DK/missing information,0.0,Eurostat SILC database - EUSILC14
Italy,IT,ITA,380,Urban,1,Flush and pour flush - to piped sewer system,0.993,Eurostat SILC database - EUSILC15
Italy,IT,ITA,380,Urban,2,Flush and pour flush - to septic tank,0.0,Eurostat SILC database - EUSILC15
Italy,IT,ITA,380,Urban,3,Flush and pour flush - to pit,0.0,Eurostat SILC database - EUSILC15
Italy,IT,ITA,380,Urban,4,Flush and pour flush - to unknown place/ not sure/DK,0.0,Eurostat SILC database - EUSILC15
Italy,IT,ITA,380,Urban,5,Flush and pour flush - to elsewhere,0.0,Eurostat SILC database - EUSILC15
Italy,IT,ITA,380,Urban,6,Dry latrines - Ventilated Improved Pit latrine,0.0,Eurostat SILC database - EUSILC15
Italy,IT,ITA,380,Urban,7,Dry latrines - Pit latrine with slab/covered latrine,0.0,Eurostat SILC database - EUSILC15
Italy,IT,ITA,380,Urban,8,Dry latrines - Traditional latrine,0.0,Eurostat SILC database - EUSILC15
Italy,IT,ITA,380,Urban,9,Dry latrines - Pit latrine without slab/open pit,0.0,Eurostat SILC database - EUSILC15
Italy,IT,ITA,380,Urban,10,Dry latrines - Hanging toilet/hanging latrine,0.0,Eurostat SILC database - EUSILC15
Italy,IT,ITA,380,Urban,11,Dry latrines - Bucket latrine,0.0,Eurostat SILC database - EUSILC15
Italy,IT,ITA,380,Urban,12,Dry latrines - Other,0.0,Eurostat SILC database - EUSILC15
Italy,IT,ITA,380,Urban,13,Composting toilets,0.0,Eurostat SILC database - EUSILC15
Italy,IT,ITA,380,Urban,14,Other improved,0.0,Eurostat SILC database - EUSILC15
Italy,IT,ITA,380,Urban,15,"No facility, bush, field",0.0,Eurostat SILC database - EUSILC15
Italy,IT,ITA,380,Urban,16,Other unimproved,0.007,Eurostat SILC database - EUSILC15
Italy,IT,ITA,380,Urban,17,DK/missing information,0.0,Eurostat SILC database - EUSILC15
Italy,IT,ITA,380,Rural,1,Flush and pour flush - to piped sewer system,0.992,Eurostat SILC database - EUSILC15
Italy,IT,ITA,380,Rural,2,Flush and pour flush - to septic tank,0.0,Eurostat SILC database - EUSILC15
Italy,IT,ITA,380,Rural,3,Flush and pour flush - to pit,0.0,Eurostat SILC database - EUSILC15
Italy,IT,ITA,380,Rural,4,Flush and pour flush - to unknown place/ not sure/DK,0.0,Eurostat SILC database - EUSILC15
Italy,IT,ITA,380,Rural,5,Flush and pour flush - to elsewhere,0.0,Eurostat SILC database - EUSILC15
Italy,IT,ITA,380,Rural,6,Dry latrines - Ventilated Improved Pit latrine,0.0,Eurostat SILC database - EUSILC15
Italy,IT,ITA,380,Rural,7,Dry latrines - Pit latrine with slab/covered latrine,0.0,Eurostat SILC database - EUSILC15
Italy,IT,ITA,380,Rural,8,Dry latrines - Traditional latrine,0.0,Eurostat SILC database - EUSILC15
Italy,IT,ITA,380,Rural,9,Dry latrines - Pit latrine without slab/open pit,0.0,Eurostat SILC database - EUSILC15
Italy,IT,ITA,380,Rural,10,Dry latrines - Hanging toilet/hanging latrine,0.0,Eurostat SILC database - EUSILC15
Italy,IT,ITA,380,Rural,11,Dry latrines - Bucket latrine,0.0,Eurostat SILC database - EUSILC15
Italy,IT,ITA,380,Rural,12,Dry latrines - Other,0.0,Eurostat SILC database - EUSILC15
Italy,IT,ITA,380,Rural,13,Composting toilets,0.0,Eurostat SILC database - EUSILC15
Italy,IT,ITA,380,Rural,14,Other improved,0.0,Eurostat SILC database - EUSILC15
Italy,IT,ITA,380,Rural,15,"No facility, bush, field",0.0,Eurostat SILC database - EUSILC15
Italy,IT,ITA,380,Rural,16,Other unimproved,0.008,Eurostat SILC database - EUSILC15
Italy,IT,ITA,380,Rural,17,DK/missing information,0.0,Eurostat SILC database - EUSILC15
Italy,IT,ITA,380,National,1,Flush and pour flush - to piped sewer system,0.994,Eurostat SILC database - EUSILC15
Italy,IT,ITA,380,National,2,Flush and pour flush - to septic tank,0.0,Eurostat SILC database - EUSILC15
Italy,IT,ITA,380,National,3,Flush and pour flush - to pit,0.0,Eurostat SILC database - EUSILC15
Italy,IT,ITA,380,National,4,Flush and pour flush - to unknown place/ not sure/DK,0.0,Eurostat SILC database - EUSILC15
Italy,IT,ITA,380,National,5,Flush and pour flush - to elsewhere,0.0,Eurostat SILC database - EUSILC15
Italy,IT,ITA,380,National,6,Dry latrines - Ventilated Improved Pit latrine,0.0,Eurostat SILC database - EUSILC15
Italy,IT,ITA,380,National,7,Dry latrines - Pit latrine with slab/covered latrine,0.0,Eurostat SILC database - EUSILC15
Italy,IT,ITA,380,National,8,Dry latrines - Traditional latrine,0.0,Eurostat SILC database - EUSILC15
Italy,IT,ITA,380,National,9,Dry latrines - Pit latrine without slab/open pit,0.0,Eurostat SILC database - EUSILC15
Italy,IT,ITA,380,National,10,Dry latrines - Hanging toilet/hanging latrine,0.0,Eurostat SILC database - EUSILC15
Italy,IT,ITA,380,National,11,Dry latrines - Bucket latrine,0.0,Eurostat SILC database - EUSILC15
Italy,IT,ITA,380,National,12,Dry latrines - Other,0.0,Eurostat SILC database - EUSILC15
Italy,IT,ITA,380,National,13,Composting toilets,0.0,Eurostat SILC database - EUSILC15
Italy,IT,ITA,380,National,14,Other improved,0.0,Eurostat SILC database - EUSILC15
Italy,IT,ITA,380,National,15,"No facility, bush, field",0.0,Eurostat SILC database - EUSILC15
Italy,IT,ITA,380,National,16,Other unimproved,0.006,Eurostat SILC database - EUSILC15
Italy,IT,ITA,380,National,17,DK/missing information,0.0,Eurostat SILC database - EUSILC15
