country,alpha-2,alpha-3,numeric,context,classific_id,classification,percentage,source
Lebanon,LB,LBN,422,Urban,1,Flush and pour flush - to piped sewer system,0.0,Housing living conditions survey - HCS04
Lebanon,LB,LBN,422,Urban,2,Flush and pour flush - to septic tank,0.0,Housing living conditions survey - HCS04
Lebanon,LB,LBN,422,Urban,3,Flush and pour flush - to pit,0.0,Housing living conditions survey - HCS04
Lebanon,LB,LBN,422,Urban,4,Flush and pour flush - to unknown place/ not sure/DK,0.0,Housing living conditions survey - HCS04
Lebanon,LB,LBN,422,Urban,5,Flush and pour flush - to elsewhere,0.0,Housing living conditions survey - HCS04
Lebanon,LB,LBN,422,Urban,6,Dry latrines - Ventilated Improved Pit latrine,0.0,Housing living conditions survey - HCS04
Lebanon,LB,LBN,422,Urban,7,Dry latrines - Pit latrine with slab/covered latrine,0.0,Housing living conditions survey - HCS04
Lebanon,LB,LBN,422,Urban,8,Dry latrines - Traditional latrine,0.0,Housing living conditions survey - HCS04
Lebanon,LB,LBN,422,Urban,9,Dry latrines - Pit latrine without slab/open pit,0.0,Housing living conditions survey - HCS04
Lebanon,LB,LBN,422,Urban,10,Dry latrines - Hanging toilet/hanging latrine,0.0,Housing living conditions survey - HCS04
Lebanon,LB,LBN,422,Urban,11,Dry latrines - Bucket latrine,0.0,Housing living conditions survey - HCS04
Lebanon,LB,LBN,422,Urban,12,Dry latrines - Other,0.0,Housing living conditions survey - HCS04
Lebanon,LB,LBN,422,Urban,13,Composting toilets,0.0,Housing living conditions survey - HCS04
Lebanon,LB,LBN,422,Urban,14,Other improved,0.0,Housing living conditions survey - HCS04
Lebanon,LB,LBN,422,Urban,15,"No facility, bush, field",0.0,Housing living conditions survey - HCS04
Lebanon,LB,LBN,422,Urban,16,Other unimproved,0.0,Housing living conditions survey - HCS04
Lebanon,LB,LBN,422,Urban,17,DK/missing information,0.0,Housing living conditions survey - HCS04
Lebanon,LB,LBN,422,Rural,1,Flush and pour flush - to piped sewer system,0.0,Housing living conditions survey - HCS04
Lebanon,LB,LBN,422,Rural,2,Flush and pour flush - to septic tank,0.0,Housing living conditions survey - HCS04
Lebanon,LB,LBN,422,Rural,3,Flush and pour flush - to pit,0.0,Housing living conditions survey - HCS04
Lebanon,LB,LBN,422,Rural,4,Flush and pour flush - to unknown place/ not sure/DK,0.0,Housing living conditions survey - HCS04
Lebanon,LB,LBN,422,Rural,5,Flush and pour flush - to elsewhere,0.0,Housing living conditions survey - HCS04
Lebanon,LB,LBN,422,Rural,6,Dry latrines - Ventilated Improved Pit latrine,0.0,Housing living conditions survey - HCS04
Lebanon,LB,LBN,422,Rural,7,Dry latrines - Pit latrine with slab/covered latrine,0.0,Housing living conditions survey - HCS04
Lebanon,LB,LBN,422,Rural,8,Dry latrines - Traditional latrine,0.0,Housing living conditions survey - HCS04
Lebanon,LB,LBN,422,Rural,9,Dry latrines - Pit latrine without slab/open pit,0.0,Housing living conditions survey - HCS04
Lebanon,LB,LBN,422,Rural,10,Dry latrines - Hanging toilet/hanging latrine,0.0,Housing living conditions survey - HCS04
Lebanon,LB,LBN,422,Rural,11,Dry latrines - Bucket latrine,0.0,Housing living conditions survey - HCS04
Lebanon,LB,LBN,422,Rural,12,Dry latrines - Other,0.0,Housing living conditions survey - HCS04
Lebanon,LB,LBN,422,Rural,13,Composting toilets,0.0,Housing living conditions survey - HCS04
Lebanon,LB,LBN,422,Rural,14,Other improved,0.0,Housing living conditions survey - HCS04
Lebanon,LB,LBN,422,Rural,15,"No facility, bush, field",0.0,Housing living conditions survey - HCS04
Lebanon,LB,LBN,422,Rural,16,Other unimproved,0.0,Housing living conditions survey - HCS04
Lebanon,LB,LBN,422,Rural,17,DK/missing information,0.0,Housing living conditions survey - HCS04
Lebanon,LB,LBN,422,National,1,Flush and pour flush - to piped sewer system,0.674,Housing living conditions survey - HCS04
Lebanon,LB,LBN,422,National,2,Flush and pour flush - to septic tank,0.0,Housing living conditions survey - HCS04
Lebanon,LB,LBN,422,National,3,Flush and pour flush - to pit,0.0,Housing living conditions survey - HCS04
Lebanon,LB,LBN,422,National,4,Flush and pour flush - to unknown place/ not sure/DK,0.0,Housing living conditions survey - HCS04
Lebanon,LB,LBN,422,National,5,Flush and pour flush - to elsewhere,0.018,Housing living conditions survey - HCS04
Lebanon,LB,LBN,422,National,6,Dry latrines - Ventilated Improved Pit latrine,0.0,Housing living conditions survey - HCS04
Lebanon,LB,LBN,422,National,7,Dry latrines - Pit latrine with slab/covered latrine,0.0,Housing living conditions survey - HCS04
Lebanon,LB,LBN,422,National,8,Dry latrines - Traditional latrine,0.295,Housing living conditions survey - HCS04
Lebanon,LB,LBN,422,National,9,Dry latrines - Pit latrine without slab/open pit,0.0,Housing living conditions survey - HCS04
Lebanon,LB,LBN,422,National,10,Dry latrines - Hanging toilet/hanging latrine,0.0,Housing living conditions survey - HCS04
Lebanon,LB,LBN,422,National,11,Dry latrines - Bucket latrine,0.0,Housing living conditions survey - HCS04
Lebanon,LB,LBN,422,National,12,Dry latrines - Other,0.0,Housing living conditions survey - HCS04
Lebanon,LB,LBN,422,National,13,Composting toilets,0.0,Housing living conditions survey - HCS04
Lebanon,LB,LBN,422,National,14,Other improved,0.0,Housing living conditions survey - HCS04
Lebanon,LB,LBN,422,National,15,"No facility, bush, field",0.001,Housing living conditions survey - HCS04
Lebanon,LB,LBN,422,National,16,Other unimproved,0.001,Housing living conditions survey - HCS04
Lebanon,LB,LBN,422,National,17,DK/missing information,0.0,Housing living conditions survey - HCS04
Lebanon,LB,LBN,422,Urban,1,Flush and pour flush - to piped sewer system,0.0,Household living conditions survey - HCS07
Lebanon,LB,LBN,422,Urban,2,Flush and pour flush - to septic tank,0.0,Household living conditions survey - HCS07
Lebanon,LB,LBN,422,Urban,3,Flush and pour flush - to pit,0.0,Household living conditions survey - HCS07
Lebanon,LB,LBN,422,Urban,4,Flush and pour flush - to unknown place/ not sure/DK,0.0,Household living conditions survey - HCS07
Lebanon,LB,LBN,422,Urban,5,Flush and pour flush - to elsewhere,0.0,Household living conditions survey - HCS07
Lebanon,LB,LBN,422,Urban,6,Dry latrines - Ventilated Improved Pit latrine,0.0,Household living conditions survey - HCS07
Lebanon,LB,LBN,422,Urban,7,Dry latrines - Pit latrine with slab/covered latrine,0.0,Household living conditions survey - HCS07
Lebanon,LB,LBN,422,Urban,8,Dry latrines - Traditional latrine,0.0,Household living conditions survey - HCS07
Lebanon,LB,LBN,422,Urban,9,Dry latrines - Pit latrine without slab/open pit,0.0,Household living conditions survey - HCS07
Lebanon,LB,LBN,422,Urban,10,Dry latrines - Hanging toilet/hanging latrine,0.0,Household living conditions survey - HCS07
Lebanon,LB,LBN,422,Urban,11,Dry latrines - Bucket latrine,0.0,Household living conditions survey - HCS07
Lebanon,LB,LBN,422,Urban,12,Dry latrines - Other,0.0,Household living conditions survey - HCS07
Lebanon,LB,LBN,422,Urban,13,Composting toilets,0.0,Household living conditions survey - HCS07
Lebanon,LB,LBN,422,Urban,14,Other improved,0.0,Household living conditions survey - HCS07
Lebanon,LB,LBN,422,Urban,15,"No facility, bush, field",0.0,Household living conditions survey - HCS07
Lebanon,LB,LBN,422,Urban,16,Other unimproved,0.0,Household living conditions survey - HCS07
Lebanon,LB,LBN,422,Urban,17,DK/missing information,0.0,Household living conditions survey - HCS07
Lebanon,LB,LBN,422,Rural,1,Flush and pour flush - to piped sewer system,0.0,Household living conditions survey - HCS07
Lebanon,LB,LBN,422,Rural,2,Flush and pour flush - to septic tank,0.0,Household living conditions survey - HCS07
Lebanon,LB,LBN,422,Rural,3,Flush and pour flush - to pit,0.0,Household living conditions survey - HCS07
Lebanon,LB,LBN,422,Rural,4,Flush and pour flush - to unknown place/ not sure/DK,0.0,Household living conditions survey - HCS07
Lebanon,LB,LBN,422,Rural,5,Flush and pour flush - to elsewhere,0.0,Household living conditions survey - HCS07
Lebanon,LB,LBN,422,Rural,6,Dry latrines - Ventilated Improved Pit latrine,0.0,Household living conditions survey - HCS07
Lebanon,LB,LBN,422,Rural,7,Dry latrines - Pit latrine with slab/covered latrine,0.0,Household living conditions survey - HCS07
Lebanon,LB,LBN,422,Rural,8,Dry latrines - Traditional latrine,0.0,Household living conditions survey - HCS07
Lebanon,LB,LBN,422,Rural,9,Dry latrines - Pit latrine without slab/open pit,0.0,Household living conditions survey - HCS07
Lebanon,LB,LBN,422,Rural,10,Dry latrines - Hanging toilet/hanging latrine,0.0,Household living conditions survey - HCS07
Lebanon,LB,LBN,422,Rural,11,Dry latrines - Bucket latrine,0.0,Household living conditions survey - HCS07
Lebanon,LB,LBN,422,Rural,12,Dry latrines - Other,0.0,Household living conditions survey - HCS07
Lebanon,LB,LBN,422,Rural,13,Composting toilets,0.0,Household living conditions survey - HCS07
Lebanon,LB,LBN,422,Rural,14,Other improved,0.0,Household living conditions survey - HCS07
Lebanon,LB,LBN,422,Rural,15,"No facility, bush, field",0.0,Household living conditions survey - HCS07
Lebanon,LB,LBN,422,Rural,16,Other unimproved,0.0,Household living conditions survey - HCS07
Lebanon,LB,LBN,422,Rural,17,DK/missing information,0.0,Household living conditions survey - HCS07
Lebanon,LB,LBN,422,National,1,Flush and pour flush - to piped sewer system,0.657,Household living conditions survey - HCS07
Lebanon,LB,LBN,422,National,2,Flush and pour flush - to septic tank,0.0,Household living conditions survey - HCS07
Lebanon,LB,LBN,422,National,3,Flush and pour flush - to pit,0.0,Household living conditions survey - HCS07
Lebanon,LB,LBN,422,National,4,Flush and pour flush - to unknown place/ not sure/DK,0.0,Household living conditions survey - HCS07
Lebanon,LB,LBN,422,National,5,Flush and pour flush - to elsewhere,0.021,Household living conditions survey - HCS07
Lebanon,LB,LBN,422,National,6,Dry latrines - Ventilated Improved Pit latrine,0.0,Household living conditions survey - HCS07
Lebanon,LB,LBN,422,National,7,Dry latrines - Pit latrine with slab/covered latrine,0.0,Household living conditions survey - HCS07
Lebanon,LB,LBN,422,National,8,Dry latrines - Traditional latrine,0.321,Household living conditions survey - HCS07
Lebanon,LB,LBN,422,National,9,Dry latrines - Pit latrine without slab/open pit,0.0,Household living conditions survey - HCS07
Lebanon,LB,LBN,422,National,10,Dry latrines - Hanging toilet/hanging latrine,0.0,Household living conditions survey - HCS07
Lebanon,LB,LBN,422,National,11,Dry latrines - Bucket latrine,0.0,Household living conditions survey - HCS07
Lebanon,LB,LBN,422,National,12,Dry latrines - Other,0.0,Household living conditions survey - HCS07
Lebanon,LB,LBN,422,National,13,Composting toilets,0.0,Household living conditions survey - HCS07
Lebanon,LB,LBN,422,National,14,Other improved,0.0,Household living conditions survey - HCS07
Lebanon,LB,LBN,422,National,15,"No facility, bush, field",0.0,Household living conditions survey - HCS07
Lebanon,LB,LBN,422,National,16,Other unimproved,0.001,Household living conditions survey - HCS07
Lebanon,LB,LBN,422,National,17,DK/missing information,0.0,Household living conditions survey - HCS07
Lebanon,LB,LBN,422,Urban,1,Flush and pour flush - to piped sewer system,0.0,Multiple indicator cluster survey - MICS09
Lebanon,LB,LBN,422,Urban,2,Flush and pour flush - to septic tank,0.0,Multiple indicator cluster survey - MICS09
Lebanon,LB,LBN,422,Urban,3,Flush and pour flush - to pit,0.0,Multiple indicator cluster survey - MICS09
Lebanon,LB,LBN,422,Urban,4,Flush and pour flush - to unknown place/ not sure/DK,0.0,Multiple indicator cluster survey - MICS09
Lebanon,LB,LBN,422,Urban,5,Flush and pour flush - to elsewhere,0.0,Multiple indicator cluster survey - MICS09
Lebanon,LB,LBN,422,Urban,6,Dry latrines - Ventilated Improved Pit latrine,0.0,Multiple indicator cluster survey - MICS09
Lebanon,LB,LBN,422,Urban,7,Dry latrines - Pit latrine with slab/covered latrine,0.0,Multiple indicator cluster survey - MICS09
Lebanon,LB,LBN,422,Urban,8,Dry latrines - Traditional latrine,0.0,Multiple indicator cluster survey - MICS09
Lebanon,LB,LBN,422,Urban,9,Dry latrines - Pit latrine without slab/open pit,0.0,Multiple indicator cluster survey - MICS09
Lebanon,LB,LBN,422,Urban,10,Dry latrines - Hanging toilet/hanging latrine,0.0,Multiple indicator cluster survey - MICS09
Lebanon,LB,LBN,422,Urban,11,Dry latrines - Bucket latrine,0.0,Multiple indicator cluster survey - MICS09
Lebanon,LB,LBN,422,Urban,12,Dry latrines - Other,0.0,Multiple indicator cluster survey - MICS09
Lebanon,LB,LBN,422,Urban,13,Composting toilets,0.0,Multiple indicator cluster survey - MICS09
Lebanon,LB,LBN,422,Urban,14,Other improved,0.0,Multiple indicator cluster survey - MICS09
Lebanon,LB,LBN,422,Urban,15,"No facility, bush, field",0.0,Multiple indicator cluster survey - MICS09
Lebanon,LB,LBN,422,Urban,16,Other unimproved,0.0,Multiple indicator cluster survey - MICS09
Lebanon,LB,LBN,422,Urban,17,DK/missing information,0.0,Multiple indicator cluster survey - MICS09
Lebanon,LB,LBN,422,Rural,1,Flush and pour flush - to piped sewer system,0.0,Multiple indicator cluster survey - MICS09
Lebanon,LB,LBN,422,Rural,2,Flush and pour flush - to septic tank,0.0,Multiple indicator cluster survey - MICS09
Lebanon,LB,LBN,422,Rural,3,Flush and pour flush - to pit,0.0,Multiple indicator cluster survey - MICS09
Lebanon,LB,LBN,422,Rural,4,Flush and pour flush - to unknown place/ not sure/DK,0.0,Multiple indicator cluster survey - MICS09
Lebanon,LB,LBN,422,Rural,5,Flush and pour flush - to elsewhere,0.0,Multiple indicator cluster survey - MICS09
Lebanon,LB,LBN,422,Rural,6,Dry latrines - Ventilated Improved Pit latrine,0.0,Multiple indicator cluster survey - MICS09
Lebanon,LB,LBN,422,Rural,7,Dry latrines - Pit latrine with slab/covered latrine,0.0,Multiple indicator cluster survey - MICS09
Lebanon,LB,LBN,422,Rural,8,Dry latrines - Traditional latrine,0.0,Multiple indicator cluster survey - MICS09
Lebanon,LB,LBN,422,Rural,9,Dry latrines - Pit latrine without slab/open pit,0.0,Multiple indicator cluster survey - MICS09
Lebanon,LB,LBN,422,Rural,10,Dry latrines - Hanging toilet/hanging latrine,0.0,Multiple indicator cluster survey - MICS09
Lebanon,LB,LBN,422,Rural,11,Dry latrines - Bucket latrine,0.0,Multiple indicator cluster survey - MICS09
Lebanon,LB,LBN,422,Rural,12,Dry latrines - Other,0.0,Multiple indicator cluster survey - MICS09
Lebanon,LB,LBN,422,Rural,13,Composting toilets,0.0,Multiple indicator cluster survey - MICS09
Lebanon,LB,LBN,422,Rural,14,Other improved,0.0,Multiple indicator cluster survey - MICS09
Lebanon,LB,LBN,422,Rural,15,"No facility, bush, field",0.0,Multiple indicator cluster survey - MICS09
Lebanon,LB,LBN,422,Rural,16,Other unimproved,0.0,Multiple indicator cluster survey - MICS09
Lebanon,LB,LBN,422,Rural,17,DK/missing information,0.0,Multiple indicator cluster survey - MICS09
Lebanon,LB,LBN,422,National,1,Flush and pour flush - to piped sewer system,0.669,Multiple indicator cluster survey - MICS09
Lebanon,LB,LBN,422,National,2,Flush and pour flush - to septic tank,0.0,Multiple indicator cluster survey - MICS09
Lebanon,LB,LBN,422,National,3,Flush and pour flush - to pit,0.0,Multiple indicator cluster survey - MICS09
Lebanon,LB,LBN,422,National,4,Flush and pour flush - to unknown place/ not sure/DK,0.0,Multiple indicator cluster survey - MICS09
Lebanon,LB,LBN,422,National,5,Flush and pour flush - to elsewhere,0.0,Multiple indicator cluster survey - MICS09
Lebanon,LB,LBN,422,National,6,Dry latrines - Ventilated Improved Pit latrine,0.0,Multiple indicator cluster survey - MICS09
Lebanon,LB,LBN,422,National,7,Dry latrines - Pit latrine with slab/covered latrine,0.0,Multiple indicator cluster survey - MICS09
Lebanon,LB,LBN,422,National,8,Dry latrines - Traditional latrine,0.282,Multiple indicator cluster survey - MICS09
Lebanon,LB,LBN,422,National,9,Dry latrines - Pit latrine without slab/open pit,0.0,Multiple indicator cluster survey - MICS09
Lebanon,LB,LBN,422,National,10,Dry latrines - Hanging toilet/hanging latrine,0.0,Multiple indicator cluster survey - MICS09
Lebanon,LB,LBN,422,National,11,Dry latrines - Bucket latrine,0.0,Multiple indicator cluster survey - MICS09
Lebanon,LB,LBN,422,National,12,Dry latrines - Other,0.0,Multiple indicator cluster survey - MICS09
Lebanon,LB,LBN,422,National,13,Composting toilets,0.0,Multiple indicator cluster survey - MICS09
Lebanon,LB,LBN,422,National,14,Other improved,0.0,Multiple indicator cluster survey - MICS09
Lebanon,LB,LBN,422,National,15,"No facility, bush, field",0.002,Multiple indicator cluster survey - MICS09
Lebanon,LB,LBN,422,National,16,Other unimproved,0.0,Multiple indicator cluster survey - MICS09
Lebanon,LB,LBN,422,National,17,DK/missing information,0.0,Multiple indicator cluster survey - MICS09
Lebanon,LB,LBN,422,Urban,1,Flush and pour flush - to piped sewer system,0.0,LHS Lebanon Household Survey 2016 - LHS16
Lebanon,LB,LBN,422,Urban,2,Flush and pour flush - to septic tank,0.0,LHS Lebanon Household Survey 2016 - LHS16
Lebanon,LB,LBN,422,Urban,3,Flush and pour flush - to pit,0.0,LHS Lebanon Household Survey 2016 - LHS16
Lebanon,LB,LBN,422,Urban,4,Flush and pour flush - to unknown place/ not sure/DK,0.0,LHS Lebanon Household Survey 2016 - LHS16
Lebanon,LB,LBN,422,Urban,5,Flush and pour flush - to elsewhere,0.0,LHS Lebanon Household Survey 2016 - LHS16
Lebanon,LB,LBN,422,Urban,6,Dry latrines - Ventilated Improved Pit latrine,0.0,LHS Lebanon Household Survey 2016 - LHS16
Lebanon,LB,LBN,422,Urban,7,Dry latrines - Pit latrine with slab/covered latrine,0.0,LHS Lebanon Household Survey 2016 - LHS16
Lebanon,LB,LBN,422,Urban,8,Dry latrines - Traditional latrine,0.0,LHS Lebanon Household Survey 2016 - LHS16
Lebanon,LB,LBN,422,Urban,9,Dry latrines - Pit latrine without slab/open pit,0.0,LHS Lebanon Household Survey 2016 - LHS16
Lebanon,LB,LBN,422,Urban,10,Dry latrines - Hanging toilet/hanging latrine,0.0,LHS Lebanon Household Survey 2016 - LHS16
Lebanon,LB,LBN,422,Urban,11,Dry latrines - Bucket latrine,0.0,LHS Lebanon Household Survey 2016 - LHS16
Lebanon,LB,LBN,422,Urban,12,Dry latrines - Other,0.0,LHS Lebanon Household Survey 2016 - LHS16
Lebanon,LB,LBN,422,Urban,13,Composting toilets,0.0,LHS Lebanon Household Survey 2016 - LHS16
Lebanon,LB,LBN,422,Urban,14,Other improved,0.0,LHS Lebanon Household Survey 2016 - LHS16
Lebanon,LB,LBN,422,Urban,15,"No facility, bush, field",0.0,LHS Lebanon Household Survey 2016 - LHS16
Lebanon,LB,LBN,422,Urban,16,Other unimproved,0.0,LHS Lebanon Household Survey 2016 - LHS16
Lebanon,LB,LBN,422,Urban,17,DK/missing information,0.0,LHS Lebanon Household Survey 2016 - LHS16
Lebanon,LB,LBN,422,Rural,1,Flush and pour flush - to piped sewer system,0.0,LHS Lebanon Household Survey 2016 - LHS16
Lebanon,LB,LBN,422,Rural,2,Flush and pour flush - to septic tank,0.0,LHS Lebanon Household Survey 2016 - LHS16
Lebanon,LB,LBN,422,Rural,3,Flush and pour flush - to pit,0.0,LHS Lebanon Household Survey 2016 - LHS16
Lebanon,LB,LBN,422,Rural,4,Flush and pour flush - to unknown place/ not sure/DK,0.0,LHS Lebanon Household Survey 2016 - LHS16
Lebanon,LB,LBN,422,Rural,5,Flush and pour flush - to elsewhere,0.0,LHS Lebanon Household Survey 2016 - LHS16
Lebanon,LB,LBN,422,Rural,6,Dry latrines - Ventilated Improved Pit latrine,0.0,LHS Lebanon Household Survey 2016 - LHS16
Lebanon,LB,LBN,422,Rural,7,Dry latrines - Pit latrine with slab/covered latrine,0.0,LHS Lebanon Household Survey 2016 - LHS16
Lebanon,LB,LBN,422,Rural,8,Dry latrines - Traditional latrine,0.0,LHS Lebanon Household Survey 2016 - LHS16
Lebanon,LB,LBN,422,Rural,9,Dry latrines - Pit latrine without slab/open pit,0.0,LHS Lebanon Household Survey 2016 - LHS16
Lebanon,LB,LBN,422,Rural,10,Dry latrines - Hanging toilet/hanging latrine,0.0,LHS Lebanon Household Survey 2016 - LHS16
Lebanon,LB,LBN,422,Rural,11,Dry latrines - Bucket latrine,0.0,LHS Lebanon Household Survey 2016 - LHS16
Lebanon,LB,LBN,422,Rural,12,Dry latrines - Other,0.0,LHS Lebanon Household Survey 2016 - LHS16
Lebanon,LB,LBN,422,Rural,13,Composting toilets,0.0,LHS Lebanon Household Survey 2016 - LHS16
Lebanon,LB,LBN,422,Rural,14,Other improved,0.0,LHS Lebanon Household Survey 2016 - LHS16
Lebanon,LB,LBN,422,Rural,15,"No facility, bush, field",0.0,LHS Lebanon Household Survey 2016 - LHS16
Lebanon,LB,LBN,422,Rural,16,Other unimproved,0.0,LHS Lebanon Household Survey 2016 - LHS16
Lebanon,LB,LBN,422,Rural,17,DK/missing information,0.0,LHS Lebanon Household Survey 2016 - LHS16
Lebanon,LB,LBN,422,National,1,Flush and pour flush - to piped sewer system,0.824,LHS Lebanon Household Survey 2016 - LHS16
Lebanon,LB,LBN,422,National,2,Flush and pour flush - to septic tank,0.007,LHS Lebanon Household Survey 2016 - LHS16
Lebanon,LB,LBN,422,National,3,Flush and pour flush - to pit,0.165,LHS Lebanon Household Survey 2016 - LHS16
Lebanon,LB,LBN,422,National,4,Flush and pour flush - to unknown place/ not sure/DK,0.0,LHS Lebanon Household Survey 2016 - LHS16
Lebanon,LB,LBN,422,National,5,Flush and pour flush - to elsewhere,0.001,LHS Lebanon Household Survey 2016 - LHS16
Lebanon,LB,LBN,422,National,6,Dry latrines - Ventilated Improved Pit latrine,0.001,LHS Lebanon Household Survey 2016 - LHS16
Lebanon,LB,LBN,422,National,7,Dry latrines - Pit latrine with slab/covered latrine,0.0,LHS Lebanon Household Survey 2016 - LHS16
Lebanon,LB,LBN,422,National,8,Dry latrines - Traditional latrine,0.0,LHS Lebanon Household Survey 2016 - LHS16
Lebanon,LB,LBN,422,National,9,Dry latrines - Pit latrine without slab/open pit,0.0,LHS Lebanon Household Survey 2016 - LHS16
Lebanon,LB,LBN,422,National,10,Dry latrines - Hanging toilet/hanging latrine,0.0,LHS Lebanon Household Survey 2016 - LHS16
Lebanon,LB,LBN,422,National,11,Dry latrines - Bucket latrine,0.001,LHS Lebanon Household Survey 2016 - LHS16
Lebanon,LB,LBN,422,National,12,Dry latrines - Other,0.0,LHS Lebanon Household Survey 2016 - LHS16
Lebanon,LB,LBN,422,National,13,Composting toilets,0.0,LHS Lebanon Household Survey 2016 - LHS16
Lebanon,LB,LBN,422,National,14,Other improved,0.0,LHS Lebanon Household Survey 2016 - LHS16
Lebanon,LB,LBN,422,National,15,"No facility, bush, field",0.0,LHS Lebanon Household Survey 2016 - LHS16
Lebanon,LB,LBN,422,National,16,Other unimproved,0.0,LHS Lebanon Household Survey 2016 - LHS16
Lebanon,LB,LBN,422,National,17,DK/missing information,0.0,LHS Lebanon Household Survey 2016 - LHS16
