country,alpha-2,alpha-3,numeric,context,classific_id,classification,percentage,source
Liechtenstein,LI,LIE,438,Urban,1,Flush and pour flush - to piped sewer system,0.0,CENSUS 2011 - CEN11
Liechtenstein,LI,LIE,438,Urban,2,Flush and pour flush - to septic tank,0.0,CENSUS 2011 - CEN11
Liechtenstein,LI,LIE,438,Urban,3,Flush and pour flush - to pit,0.0,CENSUS 2011 - CEN11
Liechtenstein,LI,LIE,438,Urban,4,Flush and pour flush - to unknown place/ not sure/DK,0.0,CENSUS 2011 - CEN11
Liechtenstein,LI,LIE,438,Urban,5,Flush and pour flush - to elsewhere,0.0,CENSUS 2011 - CEN11
Liechtenstein,LI,LIE,438,Urban,6,Dry latrines - Ventilated Improved Pit latrine,0.0,CENSUS 2011 - CEN11
Liechtenstein,LI,LIE,438,Urban,7,Dry latrines - Pit latrine with slab/covered latrine,0.0,CENSUS 2011 - CEN11
Liechtenstein,LI,LIE,438,Urban,8,Dry latrines - Traditional latrine,0.0,CENSUS 2011 - CEN11
Liechtenstein,LI,LIE,438,Urban,9,Dry latrines - Pit latrine without slab/open pit,0.0,CENSUS 2011 - CEN11
Liechtenstein,LI,LIE,438,Urban,10,Dry latrines - Hanging toilet/hanging latrine,0.0,CENSUS 2011 - CEN11
Liechtenstein,LI,LIE,438,Urban,11,Dry latrines - Bucket latrine,0.0,CENSUS 2011 - CEN11
Liechtenstein,LI,LIE,438,Urban,12,Dry latrines - Other,0.0,CENSUS 2011 - CEN11
Liechtenstein,LI,LIE,438,Urban,13,Composting toilets,0.0,CENSUS 2011 - CEN11
Liechtenstein,LI,LIE,438,Urban,14,Other improved,0.0,CENSUS 2011 - CEN11
Liechtenstein,LI,LIE,438,Urban,15,"No facility, bush, field",0.0,CENSUS 2011 - CEN11
Liechtenstein,LI,LIE,438,Urban,16,Other unimproved,0.0,CENSUS 2011 - CEN11
Liechtenstein,LI,LIE,438,Urban,17,DK/missing information,0.0,CENSUS 2011 - CEN11
Liechtenstein,LI,LIE,438,Rural,1,Flush and pour flush - to piped sewer system,0.0,CENSUS 2011 - CEN11
Liechtenstein,LI,LIE,438,Rural,2,Flush and pour flush - to septic tank,0.0,CENSUS 2011 - CEN11
Liechtenstein,LI,LIE,438,Rural,3,Flush and pour flush - to pit,0.0,CENSUS 2011 - CEN11
Liechtenstein,LI,LIE,438,Rural,4,Flush and pour flush - to unknown place/ not sure/DK,0.0,CENSUS 2011 - CEN11
Liechtenstein,LI,LIE,438,Rural,5,Flush and pour flush - to elsewhere,0.0,CENSUS 2011 - CEN11
Liechtenstein,LI,LIE,438,Rural,6,Dry latrines - Ventilated Improved Pit latrine,0.0,CENSUS 2011 - CEN11
Liechtenstein,LI,LIE,438,Rural,7,Dry latrines - Pit latrine with slab/covered latrine,0.0,CENSUS 2011 - CEN11
Liechtenstein,LI,LIE,438,Rural,8,Dry latrines - Traditional latrine,0.0,CENSUS 2011 - CEN11
Liechtenstein,LI,LIE,438,Rural,9,Dry latrines - Pit latrine without slab/open pit,0.0,CENSUS 2011 - CEN11
Liechtenstein,LI,LIE,438,Rural,10,Dry latrines - Hanging toilet/hanging latrine,0.0,CENSUS 2011 - CEN11
Liechtenstein,LI,LIE,438,Rural,11,Dry latrines - Bucket latrine,0.0,CENSUS 2011 - CEN11
Liechtenstein,LI,LIE,438,Rural,12,Dry latrines - Other,0.0,CENSUS 2011 - CEN11
Liechtenstein,LI,LIE,438,Rural,13,Composting toilets,0.0,CENSUS 2011 - CEN11
Liechtenstein,LI,LIE,438,Rural,14,Other improved,0.0,CENSUS 2011 - CEN11
Liechtenstein,LI,LIE,438,Rural,15,"No facility, bush, field",0.0,CENSUS 2011 - CEN11
Liechtenstein,LI,LIE,438,Rural,16,Other unimproved,0.0,CENSUS 2011 - CEN11
Liechtenstein,LI,LIE,438,Rural,17,DK/missing information,0.0,CENSUS 2011 - CEN11
Liechtenstein,LI,LIE,438,National,1,Flush and pour flush - to piped sewer system,0.0,CENSUS 2011 - CEN11
Liechtenstein,LI,LIE,438,National,2,Flush and pour flush - to septic tank,0.0,CENSUS 2011 - CEN11
Liechtenstein,LI,LIE,438,National,3,Flush and pour flush - to pit,0.0,CENSUS 2011 - CEN11
Liechtenstein,LI,LIE,438,National,4,Flush and pour flush - to unknown place/ not sure/DK,0.0,CENSUS 2011 - CEN11
Liechtenstein,LI,LIE,438,National,5,Flush and pour flush - to elsewhere,0.0,CENSUS 2011 - CEN11
Liechtenstein,LI,LIE,438,National,6,Dry latrines - Ventilated Improved Pit latrine,0.0,CENSUS 2011 - CEN11
Liechtenstein,LI,LIE,438,National,7,Dry latrines - Pit latrine with slab/covered latrine,0.0,CENSUS 2011 - CEN11
Liechtenstein,LI,LIE,438,National,8,Dry latrines - Traditional latrine,0.0,CENSUS 2011 - CEN11
Liechtenstein,LI,LIE,438,National,9,Dry latrines - Pit latrine without slab/open pit,0.0,CENSUS 2011 - CEN11
Liechtenstein,LI,LIE,438,National,10,Dry latrines - Hanging toilet/hanging latrine,0.0,CENSUS 2011 - CEN11
Liechtenstein,LI,LIE,438,National,11,Dry latrines - Bucket latrine,0.0,CENSUS 2011 - CEN11
Liechtenstein,LI,LIE,438,National,12,Dry latrines - Other,0.0,CENSUS 2011 - CEN11
Liechtenstein,LI,LIE,438,National,13,Composting toilets,0.0,CENSUS 2011 - CEN11
Liechtenstein,LI,LIE,438,National,14,Other improved,0.0,CENSUS 2011 - CEN11
Liechtenstein,LI,LIE,438,National,15,"No facility, bush, field",0.0,CENSUS 2011 - CEN11
Liechtenstein,LI,LIE,438,National,16,Other unimproved,0.0,CENSUS 2011 - CEN11
Liechtenstein,LI,LIE,438,National,17,DK/missing information,0.0,CENSUS 2011 - CEN11
Liechtenstein,LI,LIE,438,Urban,1,Flush and pour flush - to piped sewer system,0.0,Office of envronment (Amt für Umwelt) - OE15
Liechtenstein,LI,LIE,438,Urban,2,Flush and pour flush - to septic tank,0.0,Office of envronment (Amt für Umwelt) - OE15
Liechtenstein,LI,LIE,438,Urban,3,Flush and pour flush - to pit,0.0,Office of envronment (Amt für Umwelt) - OE15
Liechtenstein,LI,LIE,438,Urban,4,Flush and pour flush - to unknown place/ not sure/DK,0.0,Office of envronment (Amt für Umwelt) - OE15
Liechtenstein,LI,LIE,438,Urban,5,Flush and pour flush - to elsewhere,0.0,Office of envronment (Amt für Umwelt) - OE15
Liechtenstein,LI,LIE,438,Urban,6,Dry latrines - Ventilated Improved Pit latrine,0.0,Office of envronment (Amt für Umwelt) - OE15
Liechtenstein,LI,LIE,438,Urban,7,Dry latrines - Pit latrine with slab/covered latrine,0.0,Office of envronment (Amt für Umwelt) - OE15
Liechtenstein,LI,LIE,438,Urban,8,Dry latrines - Traditional latrine,0.0,Office of envronment (Amt für Umwelt) - OE15
Liechtenstein,LI,LIE,438,Urban,9,Dry latrines - Pit latrine without slab/open pit,0.0,Office of envronment (Amt für Umwelt) - OE15
Liechtenstein,LI,LIE,438,Urban,10,Dry latrines - Hanging toilet/hanging latrine,0.0,Office of envronment (Amt für Umwelt) - OE15
Liechtenstein,LI,LIE,438,Urban,11,Dry latrines - Bucket latrine,0.0,Office of envronment (Amt für Umwelt) - OE15
Liechtenstein,LI,LIE,438,Urban,12,Dry latrines - Other,0.0,Office of envronment (Amt für Umwelt) - OE15
Liechtenstein,LI,LIE,438,Urban,13,Composting toilets,0.0,Office of envronment (Amt für Umwelt) - OE15
Liechtenstein,LI,LIE,438,Urban,14,Other improved,0.0,Office of envronment (Amt für Umwelt) - OE15
Liechtenstein,LI,LIE,438,Urban,15,"No facility, bush, field",0.0,Office of envronment (Amt für Umwelt) - OE15
Liechtenstein,LI,LIE,438,Urban,16,Other unimproved,0.0,Office of envronment (Amt für Umwelt) - OE15
Liechtenstein,LI,LIE,438,Urban,17,DK/missing information,0.0,Office of envronment (Amt für Umwelt) - OE15
Liechtenstein,LI,LIE,438,Rural,1,Flush and pour flush - to piped sewer system,0.0,Office of envronment (Amt für Umwelt) - OE15
Liechtenstein,LI,LIE,438,Rural,2,Flush and pour flush - to septic tank,0.0,Office of envronment (Amt für Umwelt) - OE15
Liechtenstein,LI,LIE,438,Rural,3,Flush and pour flush - to pit,0.0,Office of envronment (Amt für Umwelt) - OE15
Liechtenstein,LI,LIE,438,Rural,4,Flush and pour flush - to unknown place/ not sure/DK,0.0,Office of envronment (Amt für Umwelt) - OE15
Liechtenstein,LI,LIE,438,Rural,5,Flush and pour flush - to elsewhere,0.0,Office of envronment (Amt für Umwelt) - OE15
Liechtenstein,LI,LIE,438,Rural,6,Dry latrines - Ventilated Improved Pit latrine,0.0,Office of envronment (Amt für Umwelt) - OE15
Liechtenstein,LI,LIE,438,Rural,7,Dry latrines - Pit latrine with slab/covered latrine,0.0,Office of envronment (Amt für Umwelt) - OE15
Liechtenstein,LI,LIE,438,Rural,8,Dry latrines - Traditional latrine,0.0,Office of envronment (Amt für Umwelt) - OE15
Liechtenstein,LI,LIE,438,Rural,9,Dry latrines - Pit latrine without slab/open pit,0.0,Office of envronment (Amt für Umwelt) - OE15
Liechtenstein,LI,LIE,438,Rural,10,Dry latrines - Hanging toilet/hanging latrine,0.0,Office of envronment (Amt für Umwelt) - OE15
Liechtenstein,LI,LIE,438,Rural,11,Dry latrines - Bucket latrine,0.0,Office of envronment (Amt für Umwelt) - OE15
Liechtenstein,LI,LIE,438,Rural,12,Dry latrines - Other,0.0,Office of envronment (Amt für Umwelt) - OE15
Liechtenstein,LI,LIE,438,Rural,13,Composting toilets,0.0,Office of envronment (Amt für Umwelt) - OE15
Liechtenstein,LI,LIE,438,Rural,14,Other improved,0.0,Office of envronment (Amt für Umwelt) - OE15
Liechtenstein,LI,LIE,438,Rural,15,"No facility, bush, field",0.0,Office of envronment (Amt für Umwelt) - OE15
Liechtenstein,LI,LIE,438,Rural,16,Other unimproved,0.0,Office of envronment (Amt für Umwelt) - OE15
Liechtenstein,LI,LIE,438,Rural,17,DK/missing information,0.0,Office of envronment (Amt für Umwelt) - OE15
Liechtenstein,LI,LIE,438,National,1,Flush and pour flush - to piped sewer system,0.987,Office of envronment (Amt für Umwelt) - OE15
Liechtenstein,LI,LIE,438,National,2,Flush and pour flush - to septic tank,0.012,Office of envronment (Amt für Umwelt) - OE15
Liechtenstein,LI,LIE,438,National,3,Flush and pour flush - to pit,0.0,Office of envronment (Amt für Umwelt) - OE15
Liechtenstein,LI,LIE,438,National,4,Flush and pour flush - to unknown place/ not sure/DK,0.0,Office of envronment (Amt für Umwelt) - OE15
Liechtenstein,LI,LIE,438,National,5,Flush and pour flush - to elsewhere,0.0,Office of envronment (Amt für Umwelt) - OE15
Liechtenstein,LI,LIE,438,National,6,Dry latrines - Ventilated Improved Pit latrine,0.0,Office of envronment (Amt für Umwelt) - OE15
Liechtenstein,LI,LIE,438,National,7,Dry latrines - Pit latrine with slab/covered latrine,0.0,Office of envronment (Amt für Umwelt) - OE15
Liechtenstein,LI,LIE,438,National,8,Dry latrines - Traditional latrine,0.0,Office of envronment (Amt für Umwelt) - OE15
Liechtenstein,LI,LIE,438,National,9,Dry latrines - Pit latrine without slab/open pit,0.0,Office of envronment (Amt für Umwelt) - OE15
Liechtenstein,LI,LIE,438,National,10,Dry latrines - Hanging toilet/hanging latrine,0.0,Office of envronment (Amt für Umwelt) - OE15
Liechtenstein,LI,LIE,438,National,11,Dry latrines - Bucket latrine,0.0,Office of envronment (Amt für Umwelt) - OE15
Liechtenstein,LI,LIE,438,National,12,Dry latrines - Other,0.0,Office of envronment (Amt für Umwelt) - OE15
Liechtenstein,LI,LIE,438,National,13,Composting toilets,0.0,Office of envronment (Amt für Umwelt) - OE15
Liechtenstein,LI,LIE,438,National,14,Other improved,0.0,Office of envronment (Amt für Umwelt) - OE15
Liechtenstein,LI,LIE,438,National,15,"No facility, bush, field",0.0,Office of envronment (Amt für Umwelt) - OE15
Liechtenstein,LI,LIE,438,National,16,Other unimproved,0.001,Office of envronment (Amt für Umwelt) - OE15
Liechtenstein,LI,LIE,438,National,17,DK/missing information,0.0,Office of envronment (Amt für Umwelt) - OE15
