country,alpha-2,alpha-3,numeric,context,classific_id,classification,percentage,source
Madagascar,MG,MDG,450,Urban,1,Flush and pour flush - to piped sewer system,0.01,Multiple Indicator Cluster Survey - MICS00
Madagascar,MG,MDG,450,Urban,2,Flush and pour flush - to septic tank,0.08,Multiple Indicator Cluster Survey - MICS00
Madagascar,MG,MDG,450,Urban,3,Flush and pour flush - to pit,0.0,Multiple Indicator Cluster Survey - MICS00
Madagascar,MG,MDG,450,Urban,4,Flush and pour flush - to unknown place/ not sure/DK,0.0,Multiple Indicator Cluster Survey - MICS00
Madagascar,MG,MDG,450,Urban,5,Flush and pour flush - to elsewhere,0.0,Multiple Indicator Cluster Survey - MICS00
Madagascar,MG,MDG,450,Urban,6,Dry latrines - Ventilated Improved Pit latrine,0.008,Multiple Indicator Cluster Survey - MICS00
Madagascar,MG,MDG,450,Urban,7,Dry latrines - Pit latrine with slab/covered latrine,0.013,Multiple Indicator Cluster Survey - MICS00
Madagascar,MG,MDG,450,Urban,8,Dry latrines - Traditional latrine,0.13,Multiple Indicator Cluster Survey - MICS00
Madagascar,MG,MDG,450,Urban,9,Dry latrines - Pit latrine without slab/open pit,0.588,Multiple Indicator Cluster Survey - MICS00
Madagascar,MG,MDG,450,Urban,10,Dry latrines - Hanging toilet/hanging latrine,0.0,Multiple Indicator Cluster Survey - MICS00
Madagascar,MG,MDG,450,Urban,11,Dry latrines - Bucket latrine,0.0,Multiple Indicator Cluster Survey - MICS00
Madagascar,MG,MDG,450,Urban,12,Dry latrines - Other,0.0,Multiple Indicator Cluster Survey - MICS00
Madagascar,MG,MDG,450,Urban,13,Composting toilets,0.0,Multiple Indicator Cluster Survey - MICS00
Madagascar,MG,MDG,450,Urban,14,Other improved,0.0,Multiple Indicator Cluster Survey - MICS00
Madagascar,MG,MDG,450,Urban,15,"No facility, bush, field",0.172,Multiple Indicator Cluster Survey - MICS00
Madagascar,MG,MDG,450,Urban,16,Other unimproved,0.0,Multiple Indicator Cluster Survey - MICS00
Madagascar,MG,MDG,450,Urban,17,DK/missing information,0.0,Multiple Indicator Cluster Survey - MICS00
Madagascar,MG,MDG,450,Rural,1,Flush and pour flush - to piped sewer system,0.001,Multiple Indicator Cluster Survey - MICS00
Madagascar,MG,MDG,450,Rural,2,Flush and pour flush - to septic tank,0.005,Multiple Indicator Cluster Survey - MICS00
Madagascar,MG,MDG,450,Rural,3,Flush and pour flush - to pit,0.0,Multiple Indicator Cluster Survey - MICS00
Madagascar,MG,MDG,450,Rural,4,Flush and pour flush - to unknown place/ not sure/DK,0.0,Multiple Indicator Cluster Survey - MICS00
Madagascar,MG,MDG,450,Rural,5,Flush and pour flush - to elsewhere,0.0,Multiple Indicator Cluster Survey - MICS00
Madagascar,MG,MDG,450,Rural,6,Dry latrines - Ventilated Improved Pit latrine,0.0,Multiple Indicator Cluster Survey - MICS00
Madagascar,MG,MDG,450,Rural,7,Dry latrines - Pit latrine with slab/covered latrine,0.0,Multiple Indicator Cluster Survey - MICS00
Madagascar,MG,MDG,450,Rural,8,Dry latrines - Traditional latrine,0.016,Multiple Indicator Cluster Survey - MICS00
Madagascar,MG,MDG,450,Rural,9,Dry latrines - Pit latrine without slab/open pit,0.501,Multiple Indicator Cluster Survey - MICS00
Madagascar,MG,MDG,450,Rural,10,Dry latrines - Hanging toilet/hanging latrine,0.0,Multiple Indicator Cluster Survey - MICS00
Madagascar,MG,MDG,450,Rural,11,Dry latrines - Bucket latrine,0.0,Multiple Indicator Cluster Survey - MICS00
Madagascar,MG,MDG,450,Rural,12,Dry latrines - Other,0.0,Multiple Indicator Cluster Survey - MICS00
Madagascar,MG,MDG,450,Rural,13,Composting toilets,0.0,Multiple Indicator Cluster Survey - MICS00
Madagascar,MG,MDG,450,Rural,14,Other improved,0.0,Multiple Indicator Cluster Survey - MICS00
Madagascar,MG,MDG,450,Rural,15,"No facility, bush, field",0.476,Multiple Indicator Cluster Survey - MICS00
Madagascar,MG,MDG,450,Rural,16,Other unimproved,0.0,Multiple Indicator Cluster Survey - MICS00
Madagascar,MG,MDG,450,Rural,17,DK/missing information,0.0,Multiple Indicator Cluster Survey - MICS00
Madagascar,MG,MDG,450,National,1,Flush and pour flush - to piped sewer system,0.003,Multiple Indicator Cluster Survey - MICS00
Madagascar,MG,MDG,450,National,2,Flush and pour flush - to septic tank,0.022,Multiple Indicator Cluster Survey - MICS00
Madagascar,MG,MDG,450,National,3,Flush and pour flush - to pit,0.0,Multiple Indicator Cluster Survey - MICS00
Madagascar,MG,MDG,450,National,4,Flush and pour flush - to unknown place/ not sure/DK,0.0,Multiple Indicator Cluster Survey - MICS00
Madagascar,MG,MDG,450,National,5,Flush and pour flush - to elsewhere,0.0,Multiple Indicator Cluster Survey - MICS00
Madagascar,MG,MDG,450,National,6,Dry latrines - Ventilated Improved Pit latrine,0.002,Multiple Indicator Cluster Survey - MICS00
Madagascar,MG,MDG,450,National,7,Dry latrines - Pit latrine with slab/covered latrine,0.003,Multiple Indicator Cluster Survey - MICS00
Madagascar,MG,MDG,450,National,8,Dry latrines - Traditional latrine,0.041,Multiple Indicator Cluster Survey - MICS00
Madagascar,MG,MDG,450,National,9,Dry latrines - Pit latrine without slab/open pit,0.52,Multiple Indicator Cluster Survey - MICS00
Madagascar,MG,MDG,450,National,10,Dry latrines - Hanging toilet/hanging latrine,0.0,Multiple Indicator Cluster Survey - MICS00
Madagascar,MG,MDG,450,National,11,Dry latrines - Bucket latrine,0.0,Multiple Indicator Cluster Survey - MICS00
Madagascar,MG,MDG,450,National,12,Dry latrines - Other,0.0,Multiple Indicator Cluster Survey - MICS00
Madagascar,MG,MDG,450,National,13,Composting toilets,0.0,Multiple Indicator Cluster Survey - MICS00
Madagascar,MG,MDG,450,National,14,Other improved,0.0,Multiple Indicator Cluster Survey - MICS00
Madagascar,MG,MDG,450,National,15,"No facility, bush, field",0.409,Multiple Indicator Cluster Survey - MICS00
Madagascar,MG,MDG,450,National,16,Other unimproved,0.0,Multiple Indicator Cluster Survey - MICS00
Madagascar,MG,MDG,450,National,17,DK/missing information,0.0,Multiple Indicator Cluster Survey - MICS00
Madagascar,MG,MDG,450,Urban,1,Flush and pour flush - to piped sewer system,0.0,Enquête Prioritaire  - EP02
Madagascar,MG,MDG,450,Urban,2,Flush and pour flush - to septic tank,0.0,Enquête Prioritaire  - EP02
Madagascar,MG,MDG,450,Urban,3,Flush and pour flush - to pit,0.0,Enquête Prioritaire  - EP02
Madagascar,MG,MDG,450,Urban,4,Flush and pour flush - to unknown place/ not sure/DK,0.0,Enquête Prioritaire  - EP02
Madagascar,MG,MDG,450,Urban,5,Flush and pour flush - to elsewhere,0.0,Enquête Prioritaire  - EP02
Madagascar,MG,MDG,450,Urban,6,Dry latrines - Ventilated Improved Pit latrine,0.0,Enquête Prioritaire  - EP02
Madagascar,MG,MDG,450,Urban,7,Dry latrines - Pit latrine with slab/covered latrine,0.0,Enquête Prioritaire  - EP02
Madagascar,MG,MDG,450,Urban,8,Dry latrines - Traditional latrine,0.626,Enquête Prioritaire  - EP02
Madagascar,MG,MDG,450,Urban,9,Dry latrines - Pit latrine without slab/open pit,0.0,Enquête Prioritaire  - EP02
Madagascar,MG,MDG,450,Urban,10,Dry latrines - Hanging toilet/hanging latrine,0.0,Enquête Prioritaire  - EP02
Madagascar,MG,MDG,450,Urban,11,Dry latrines - Bucket latrine,0.0,Enquête Prioritaire  - EP02
Madagascar,MG,MDG,450,Urban,12,Dry latrines - Other,0.094,Enquête Prioritaire  - EP02
Madagascar,MG,MDG,450,Urban,13,Composting toilets,0.0,Enquête Prioritaire  - EP02
Madagascar,MG,MDG,450,Urban,14,Other improved,0.0,Enquête Prioritaire  - EP02
Madagascar,MG,MDG,450,Urban,15,"No facility, bush, field",0.142,Enquête Prioritaire  - EP02
Madagascar,MG,MDG,450,Urban,16,Other unimproved,0.056,Enquête Prioritaire  - EP02
Madagascar,MG,MDG,450,Urban,17,DK/missing information,0.0,Enquête Prioritaire  - EP02
Madagascar,MG,MDG,450,Rural,1,Flush and pour flush - to piped sewer system,0.0,Enquête Prioritaire  - EP02
Madagascar,MG,MDG,450,Rural,2,Flush and pour flush - to septic tank,0.0,Enquête Prioritaire  - EP02
Madagascar,MG,MDG,450,Rural,3,Flush and pour flush - to pit,0.0,Enquête Prioritaire  - EP02
Madagascar,MG,MDG,450,Rural,4,Flush and pour flush - to unknown place/ not sure/DK,0.0,Enquête Prioritaire  - EP02
Madagascar,MG,MDG,450,Rural,5,Flush and pour flush - to elsewhere,0.0,Enquête Prioritaire  - EP02
Madagascar,MG,MDG,450,Rural,6,Dry latrines - Ventilated Improved Pit latrine,0.0,Enquête Prioritaire  - EP02
Madagascar,MG,MDG,450,Rural,7,Dry latrines - Pit latrine with slab/covered latrine,0.0,Enquête Prioritaire  - EP02
Madagascar,MG,MDG,450,Rural,8,Dry latrines - Traditional latrine,0.478,Enquête Prioritaire  - EP02
Madagascar,MG,MDG,450,Rural,9,Dry latrines - Pit latrine without slab/open pit,0.0,Enquête Prioritaire  - EP02
Madagascar,MG,MDG,450,Rural,10,Dry latrines - Hanging toilet/hanging latrine,0.0,Enquête Prioritaire  - EP02
Madagascar,MG,MDG,450,Rural,11,Dry latrines - Bucket latrine,0.0,Enquête Prioritaire  - EP02
Madagascar,MG,MDG,450,Rural,12,Dry latrines - Other,0.065,Enquête Prioritaire  - EP02
Madagascar,MG,MDG,450,Rural,13,Composting toilets,0.0,Enquête Prioritaire  - EP02
Madagascar,MG,MDG,450,Rural,14,Other improved,0.0,Enquête Prioritaire  - EP02
Madagascar,MG,MDG,450,Rural,15,"No facility, bush, field",0.375,Enquête Prioritaire  - EP02
Madagascar,MG,MDG,450,Rural,16,Other unimproved,0.066,Enquête Prioritaire  - EP02
Madagascar,MG,MDG,450,Rural,17,DK/missing information,0.0,Enquête Prioritaire  - EP02
Madagascar,MG,MDG,450,National,1,Flush and pour flush - to piped sewer system,0.0,Enquête Prioritaire  - EP02
Madagascar,MG,MDG,450,National,2,Flush and pour flush - to septic tank,0.0,Enquête Prioritaire  - EP02
Madagascar,MG,MDG,450,National,3,Flush and pour flush - to pit,0.0,Enquête Prioritaire  - EP02
Madagascar,MG,MDG,450,National,4,Flush and pour flush - to unknown place/ not sure/DK,0.0,Enquête Prioritaire  - EP02
Madagascar,MG,MDG,450,National,5,Flush and pour flush - to elsewhere,0.0,Enquête Prioritaire  - EP02
Madagascar,MG,MDG,450,National,6,Dry latrines - Ventilated Improved Pit latrine,0.0,Enquête Prioritaire  - EP02
Madagascar,MG,MDG,450,National,7,Dry latrines - Pit latrine with slab/covered latrine,0.0,Enquête Prioritaire  - EP02
Madagascar,MG,MDG,450,National,8,Dry latrines - Traditional latrine,0.514,Enquête Prioritaire  - EP02
Madagascar,MG,MDG,450,National,9,Dry latrines - Pit latrine without slab/open pit,0.0,Enquête Prioritaire  - EP02
Madagascar,MG,MDG,450,National,10,Dry latrines - Hanging toilet/hanging latrine,0.0,Enquête Prioritaire  - EP02
Madagascar,MG,MDG,450,National,11,Dry latrines - Bucket latrine,0.0,Enquête Prioritaire  - EP02
Madagascar,MG,MDG,450,National,12,Dry latrines - Other,0.071,Enquête Prioritaire  - EP02
Madagascar,MG,MDG,450,National,13,Composting toilets,0.0,Enquête Prioritaire  - EP02
Madagascar,MG,MDG,450,National,14,Other improved,0.0,Enquête Prioritaire  - EP02
Madagascar,MG,MDG,450,National,15,"No facility, bush, field",0.319,Enquête Prioritaire  - EP02
Madagascar,MG,MDG,450,National,16,Other unimproved,0.063,Enquête Prioritaire  - EP02
Madagascar,MG,MDG,450,National,17,DK/missing information,0.0,Enquête Prioritaire  - EP02
Madagascar,MG,MDG,450,Urban,1,Flush and pour flush - to piped sewer system,0.0,Enquête Prioritaire  - EP04
Madagascar,MG,MDG,450,Urban,2,Flush and pour flush - to septic tank,0.025,Enquête Prioritaire  - EP04
Madagascar,MG,MDG,450,Urban,3,Flush and pour flush - to pit,0.014,Enquête Prioritaire  - EP04
Madagascar,MG,MDG,450,Urban,4,Flush and pour flush - to unknown place/ not sure/DK,0.0,Enquête Prioritaire  - EP04
Madagascar,MG,MDG,450,Urban,5,Flush and pour flush - to elsewhere,0.0,Enquête Prioritaire  - EP04
Madagascar,MG,MDG,450,Urban,6,Dry latrines - Ventilated Improved Pit latrine,0.0,Enquête Prioritaire  - EP04
Madagascar,MG,MDG,450,Urban,7,Dry latrines - Pit latrine with slab/covered latrine,0.062,Enquête Prioritaire  - EP04
Madagascar,MG,MDG,450,Urban,8,Dry latrines - Traditional latrine,0.586,Enquête Prioritaire  - EP04
Madagascar,MG,MDG,450,Urban,9,Dry latrines - Pit latrine without slab/open pit,0.033,Enquête Prioritaire  - EP04
Madagascar,MG,MDG,450,Urban,10,Dry latrines - Hanging toilet/hanging latrine,0.0,Enquête Prioritaire  - EP04
Madagascar,MG,MDG,450,Urban,11,Dry latrines - Bucket latrine,0.0,Enquête Prioritaire  - EP04
Madagascar,MG,MDG,450,Urban,12,Dry latrines - Other,0.044,Enquête Prioritaire  - EP04
Madagascar,MG,MDG,450,Urban,13,Composting toilets,0.0,Enquête Prioritaire  - EP04
Madagascar,MG,MDG,450,Urban,14,Other improved,0.0,Enquête Prioritaire  - EP04
Madagascar,MG,MDG,450,Urban,15,"No facility, bush, field",0.189,Enquête Prioritaire  - EP04
Madagascar,MG,MDG,450,Urban,16,Other unimproved,0.003,Enquête Prioritaire  - EP04
Madagascar,MG,MDG,450,Urban,17,DK/missing information,0.0,Enquête Prioritaire  - EP04
Madagascar,MG,MDG,450,Rural,1,Flush and pour flush - to piped sewer system,0.0,Enquête Prioritaire  - EP04
Madagascar,MG,MDG,450,Rural,2,Flush and pour flush - to septic tank,0.006,Enquête Prioritaire  - EP04
Madagascar,MG,MDG,450,Rural,3,Flush and pour flush - to pit,0.005,Enquête Prioritaire  - EP04
Madagascar,MG,MDG,450,Rural,4,Flush and pour flush - to unknown place/ not sure/DK,0.0,Enquête Prioritaire  - EP04
Madagascar,MG,MDG,450,Rural,5,Flush and pour flush - to elsewhere,0.0,Enquête Prioritaire  - EP04
Madagascar,MG,MDG,450,Rural,6,Dry latrines - Ventilated Improved Pit latrine,0.0,Enquête Prioritaire  - EP04
Madagascar,MG,MDG,450,Rural,7,Dry latrines - Pit latrine with slab/covered latrine,0.017,Enquête Prioritaire  - EP04
Madagascar,MG,MDG,450,Rural,8,Dry latrines - Traditional latrine,0.407,Enquête Prioritaire  - EP04
Madagascar,MG,MDG,450,Rural,9,Dry latrines - Pit latrine without slab/open pit,0.054,Enquête Prioritaire  - EP04
Madagascar,MG,MDG,450,Rural,10,Dry latrines - Hanging toilet/hanging latrine,0.0,Enquête Prioritaire  - EP04
Madagascar,MG,MDG,450,Rural,11,Dry latrines - Bucket latrine,0.0,Enquête Prioritaire  - EP04
Madagascar,MG,MDG,450,Rural,12,Dry latrines - Other,0.042,Enquête Prioritaire  - EP04
Madagascar,MG,MDG,450,Rural,13,Composting toilets,0.0,Enquête Prioritaire  - EP04
Madagascar,MG,MDG,450,Rural,14,Other improved,0.0,Enquête Prioritaire  - EP04
Madagascar,MG,MDG,450,Rural,15,"No facility, bush, field",0.462,Enquête Prioritaire  - EP04
Madagascar,MG,MDG,450,Rural,16,Other unimproved,0.0,Enquête Prioritaire  - EP04
Madagascar,MG,MDG,450,Rural,17,DK/missing information,0.0,Enquête Prioritaire  - EP04
Madagascar,MG,MDG,450,National,1,Flush and pour flush - to piped sewer system,0.0,Enquête Prioritaire  - EP04
Madagascar,MG,MDG,450,National,2,Flush and pour flush - to septic tank,0.011,Enquête Prioritaire  - EP04
Madagascar,MG,MDG,450,National,3,Flush and pour flush - to pit,0.006,Enquête Prioritaire  - EP04
Madagascar,MG,MDG,450,National,4,Flush and pour flush - to unknown place/ not sure/DK,0.0,Enquête Prioritaire  - EP04
Madagascar,MG,MDG,450,National,5,Flush and pour flush - to elsewhere,0.0,Enquête Prioritaire  - EP04
Madagascar,MG,MDG,450,National,6,Dry latrines - Ventilated Improved Pit latrine,0.0,Enquête Prioritaire  - EP04
Madagascar,MG,MDG,450,National,7,Dry latrines - Pit latrine with slab/covered latrine,0.026,Enquête Prioritaire  - EP04
Madagascar,MG,MDG,450,National,8,Dry latrines - Traditional latrine,0.447,Enquête Prioritaire  - EP04
Madagascar,MG,MDG,450,National,9,Dry latrines - Pit latrine without slab/open pit,0.05,Enquête Prioritaire  - EP04
Madagascar,MG,MDG,450,National,10,Dry latrines - Hanging toilet/hanging latrine,0.0,Enquête Prioritaire  - EP04
Madagascar,MG,MDG,450,National,11,Dry latrines - Bucket latrine,0.0,Enquête Prioritaire  - EP04
Madagascar,MG,MDG,450,National,12,Dry latrines - Other,0.043,Enquête Prioritaire  - EP04
Madagascar,MG,MDG,450,National,13,Composting toilets,0.0,Enquête Prioritaire  - EP04
Madagascar,MG,MDG,450,National,14,Other improved,0.0,Enquête Prioritaire  - EP04
Madagascar,MG,MDG,450,National,15,"No facility, bush, field",0.401,Enquête Prioritaire  - EP04
Madagascar,MG,MDG,450,National,16,Other unimproved,0.001,Enquête Prioritaire  - EP04
Madagascar,MG,MDG,450,National,17,DK/missing information,0.0,Enquête Prioritaire  - EP04
Madagascar,MG,MDG,450,Urban,1,Flush and pour flush - to piped sewer system,0.0,Demographic and Household Survey - DHS04
Madagascar,MG,MDG,450,Urban,2,Flush and pour flush - to septic tank,0.074,Demographic and Household Survey - DHS04
Madagascar,MG,MDG,450,Urban,3,Flush and pour flush - to pit,0.0,Demographic and Household Survey - DHS04
Madagascar,MG,MDG,450,Urban,4,Flush and pour flush - to unknown place/ not sure/DK,0.0,Demographic and Household Survey - DHS04
Madagascar,MG,MDG,450,Urban,5,Flush and pour flush - to elsewhere,0.0,Demographic and Household Survey - DHS04
Madagascar,MG,MDG,450,Urban,6,Dry latrines - Ventilated Improved Pit latrine,0.03,Demographic and Household Survey - DHS04
Madagascar,MG,MDG,450,Urban,7,Dry latrines - Pit latrine with slab/covered latrine,0.0,Demographic and Household Survey - DHS04
Madagascar,MG,MDG,450,Urban,8,Dry latrines - Traditional latrine,0.636,Demographic and Household Survey - DHS04
Madagascar,MG,MDG,450,Urban,9,Dry latrines - Pit latrine without slab/open pit,0.069,Demographic and Household Survey - DHS04
Madagascar,MG,MDG,450,Urban,10,Dry latrines - Hanging toilet/hanging latrine,0.0,Demographic and Household Survey - DHS04
Madagascar,MG,MDG,450,Urban,11,Dry latrines - Bucket latrine,0.0,Demographic and Household Survey - DHS04
Madagascar,MG,MDG,450,Urban,12,Dry latrines - Other,0.0,Demographic and Household Survey - DHS04
Madagascar,MG,MDG,450,Urban,13,Composting toilets,0.0,Demographic and Household Survey - DHS04
Madagascar,MG,MDG,450,Urban,14,Other improved,0.0,Demographic and Household Survey - DHS04
Madagascar,MG,MDG,450,Urban,15,"No facility, bush, field",0.191,Demographic and Household Survey - DHS04
Madagascar,MG,MDG,450,Urban,16,Other unimproved,0.0,Demographic and Household Survey - DHS04
Madagascar,MG,MDG,450,Urban,17,DK/missing information,0.0,Demographic and Household Survey - DHS04
Madagascar,MG,MDG,450,Rural,1,Flush and pour flush - to piped sewer system,0.0,Demographic and Household Survey - DHS04
Madagascar,MG,MDG,450,Rural,2,Flush and pour flush - to septic tank,0.007,Demographic and Household Survey - DHS04
Madagascar,MG,MDG,450,Rural,3,Flush and pour flush - to pit,0.0,Demographic and Household Survey - DHS04
Madagascar,MG,MDG,450,Rural,4,Flush and pour flush - to unknown place/ not sure/DK,0.0,Demographic and Household Survey - DHS04
Madagascar,MG,MDG,450,Rural,5,Flush and pour flush - to elsewhere,0.0,Demographic and Household Survey - DHS04
Madagascar,MG,MDG,450,Rural,6,Dry latrines - Ventilated Improved Pit latrine,0.002,Demographic and Household Survey - DHS04
Madagascar,MG,MDG,450,Rural,7,Dry latrines - Pit latrine with slab/covered latrine,0.0,Demographic and Household Survey - DHS04
Madagascar,MG,MDG,450,Rural,8,Dry latrines - Traditional latrine,0.452,Demographic and Household Survey - DHS04
Madagascar,MG,MDG,450,Rural,9,Dry latrines - Pit latrine without slab/open pit,0.015,Demographic and Household Survey - DHS04
Madagascar,MG,MDG,450,Rural,10,Dry latrines - Hanging toilet/hanging latrine,0.0,Demographic and Household Survey - DHS04
Madagascar,MG,MDG,450,Rural,11,Dry latrines - Bucket latrine,0.0,Demographic and Household Survey - DHS04
Madagascar,MG,MDG,450,Rural,12,Dry latrines - Other,0.0,Demographic and Household Survey - DHS04
Madagascar,MG,MDG,450,Rural,13,Composting toilets,0.0,Demographic and Household Survey - DHS04
Madagascar,MG,MDG,450,Rural,14,Other improved,0.0,Demographic and Household Survey - DHS04
Madagascar,MG,MDG,450,Rural,15,"No facility, bush, field",0.525,Demographic and Household Survey - DHS04
Madagascar,MG,MDG,450,Rural,16,Other unimproved,0.0,Demographic and Household Survey - DHS04
Madagascar,MG,MDG,450,Rural,17,DK/missing information,0.0,Demographic and Household Survey - DHS04
Madagascar,MG,MDG,450,National,1,Flush and pour flush - to piped sewer system,0.0,Demographic and Household Survey - DHS04
Madagascar,MG,MDG,450,National,2,Flush and pour flush - to septic tank,0.022,Demographic and Household Survey - DHS04
Madagascar,MG,MDG,450,National,3,Flush and pour flush - to pit,0.0,Demographic and Household Survey - DHS04
Madagascar,MG,MDG,450,National,4,Flush and pour flush - to unknown place/ not sure/DK,0.0,Demographic and Household Survey - DHS04
Madagascar,MG,MDG,450,National,5,Flush and pour flush - to elsewhere,0.0,Demographic and Household Survey - DHS04
Madagascar,MG,MDG,450,National,6,Dry latrines - Ventilated Improved Pit latrine,0.008,Demographic and Household Survey - DHS04
Madagascar,MG,MDG,450,National,7,Dry latrines - Pit latrine with slab/covered latrine,0.0,Demographic and Household Survey - DHS04
Madagascar,MG,MDG,450,National,8,Dry latrines - Traditional latrine,0.494,Demographic and Household Survey - DHS04
Madagascar,MG,MDG,450,National,9,Dry latrines - Pit latrine without slab/open pit,0.027,Demographic and Household Survey - DHS04
Madagascar,MG,MDG,450,National,10,Dry latrines - Hanging toilet/hanging latrine,0.0,Demographic and Household Survey - DHS04
Madagascar,MG,MDG,450,National,11,Dry latrines - Bucket latrine,0.0,Demographic and Household Survey - DHS04
Madagascar,MG,MDG,450,National,12,Dry latrines - Other,0.0,Demographic and Household Survey - DHS04
Madagascar,MG,MDG,450,National,13,Composting toilets,0.0,Demographic and Household Survey - DHS04
Madagascar,MG,MDG,450,National,14,Other improved,0.0,Demographic and Household Survey - DHS04
Madagascar,MG,MDG,450,National,15,"No facility, bush, field",0.449,Demographic and Household Survey - DHS04
Madagascar,MG,MDG,450,National,16,Other unimproved,0.0,Demographic and Household Survey - DHS04
Madagascar,MG,MDG,450,National,17,DK/missing information,0.0,Demographic and Household Survey - DHS04
Madagascar,MG,MDG,450,Urban,1,Flush and pour flush - to piped sewer system,0.0,Enquête Prioritaire  - EP05
Madagascar,MG,MDG,450,Urban,2,Flush and pour flush - to septic tank,0.0,Enquête Prioritaire  - EP05
Madagascar,MG,MDG,450,Urban,3,Flush and pour flush - to pit,0.0,Enquête Prioritaire  - EP05
Madagascar,MG,MDG,450,Urban,4,Flush and pour flush - to unknown place/ not sure/DK,0.0,Enquête Prioritaire  - EP05
Madagascar,MG,MDG,450,Urban,5,Flush and pour flush - to elsewhere,0.0,Enquête Prioritaire  - EP05
Madagascar,MG,MDG,450,Urban,6,Dry latrines - Ventilated Improved Pit latrine,0.0,Enquête Prioritaire  - EP05
Madagascar,MG,MDG,450,Urban,7,Dry latrines - Pit latrine with slab/covered latrine,0.0,Enquête Prioritaire  - EP05
Madagascar,MG,MDG,450,Urban,8,Dry latrines - Traditional latrine,0.518,Enquête Prioritaire  - EP05
Madagascar,MG,MDG,450,Urban,9,Dry latrines - Pit latrine without slab/open pit,0.0,Enquête Prioritaire  - EP05
Madagascar,MG,MDG,450,Urban,10,Dry latrines - Hanging toilet/hanging latrine,0.0,Enquête Prioritaire  - EP05
Madagascar,MG,MDG,450,Urban,11,Dry latrines - Bucket latrine,0.0,Enquête Prioritaire  - EP05
Madagascar,MG,MDG,450,Urban,12,Dry latrines - Other,0.059,Enquête Prioritaire  - EP05
Madagascar,MG,MDG,450,Urban,13,Composting toilets,0.0,Enquête Prioritaire  - EP05
Madagascar,MG,MDG,450,Urban,14,Other improved,0.0,Enquête Prioritaire  - EP05
Madagascar,MG,MDG,450,Urban,15,"No facility, bush, field",0.24,Enquête Prioritaire  - EP05
Madagascar,MG,MDG,450,Urban,16,Other unimproved,0.028,Enquête Prioritaire  - EP05
Madagascar,MG,MDG,450,Urban,17,DK/missing information,0.0,Enquête Prioritaire  - EP05
Madagascar,MG,MDG,450,Rural,1,Flush and pour flush - to piped sewer system,0.0,Enquête Prioritaire  - EP05
Madagascar,MG,MDG,450,Rural,2,Flush and pour flush - to septic tank,0.0,Enquête Prioritaire  - EP05
Madagascar,MG,MDG,450,Rural,3,Flush and pour flush - to pit,0.0,Enquête Prioritaire  - EP05
Madagascar,MG,MDG,450,Rural,4,Flush and pour flush - to unknown place/ not sure/DK,0.0,Enquête Prioritaire  - EP05
Madagascar,MG,MDG,450,Rural,5,Flush and pour flush - to elsewhere,0.0,Enquête Prioritaire  - EP05
Madagascar,MG,MDG,450,Rural,6,Dry latrines - Ventilated Improved Pit latrine,0.0,Enquête Prioritaire  - EP05
Madagascar,MG,MDG,450,Rural,7,Dry latrines - Pit latrine with slab/covered latrine,0.0,Enquête Prioritaire  - EP05
Madagascar,MG,MDG,450,Rural,8,Dry latrines - Traditional latrine,0.45,Enquête Prioritaire  - EP05
Madagascar,MG,MDG,450,Rural,9,Dry latrines - Pit latrine without slab/open pit,0.0,Enquête Prioritaire  - EP05
Madagascar,MG,MDG,450,Rural,10,Dry latrines - Hanging toilet/hanging latrine,0.0,Enquête Prioritaire  - EP05
Madagascar,MG,MDG,450,Rural,11,Dry latrines - Bucket latrine,0.0,Enquête Prioritaire  - EP05
Madagascar,MG,MDG,450,Rural,12,Dry latrines - Other,0.021,Enquête Prioritaire  - EP05
Madagascar,MG,MDG,450,Rural,13,Composting toilets,0.0,Enquête Prioritaire  - EP05
Madagascar,MG,MDG,450,Rural,14,Other improved,0.0,Enquête Prioritaire  - EP05
Madagascar,MG,MDG,450,Rural,15,"No facility, bush, field",0.462,Enquête Prioritaire  - EP05
Madagascar,MG,MDG,450,Rural,16,Other unimproved,0.047,Enquête Prioritaire  - EP05
Madagascar,MG,MDG,450,Rural,17,DK/missing information,0.0,Enquête Prioritaire  - EP05
Madagascar,MG,MDG,450,National,1,Flush and pour flush - to piped sewer system,0.0,Enquête Prioritaire  - EP05
Madagascar,MG,MDG,450,National,2,Flush and pour flush - to septic tank,0.0,Enquête Prioritaire  - EP05
Madagascar,MG,MDG,450,National,3,Flush and pour flush - to pit,0.0,Enquête Prioritaire  - EP05
Madagascar,MG,MDG,450,National,4,Flush and pour flush - to unknown place/ not sure/DK,0.0,Enquête Prioritaire  - EP05
Madagascar,MG,MDG,450,National,5,Flush and pour flush - to elsewhere,0.0,Enquête Prioritaire  - EP05
Madagascar,MG,MDG,450,National,6,Dry latrines - Ventilated Improved Pit latrine,0.0,Enquête Prioritaire  - EP05
Madagascar,MG,MDG,450,National,7,Dry latrines - Pit latrine with slab/covered latrine,0.0,Enquête Prioritaire  - EP05
Madagascar,MG,MDG,450,National,8,Dry latrines - Traditional latrine,0.465,Enquête Prioritaire  - EP05
Madagascar,MG,MDG,450,National,9,Dry latrines - Pit latrine without slab/open pit,0.0,Enquête Prioritaire  - EP05
Madagascar,MG,MDG,450,National,10,Dry latrines - Hanging toilet/hanging latrine,0.0,Enquête Prioritaire  - EP05
Madagascar,MG,MDG,450,National,11,Dry latrines - Bucket latrine,0.0,Enquête Prioritaire  - EP05
Madagascar,MG,MDG,450,National,12,Dry latrines - Other,0.029,Enquête Prioritaire  - EP05
Madagascar,MG,MDG,450,National,13,Composting toilets,0.0,Enquête Prioritaire  - EP05
Madagascar,MG,MDG,450,National,14,Other improved,0.0,Enquête Prioritaire  - EP05
Madagascar,MG,MDG,450,National,15,"No facility, bush, field",0.414,Enquête Prioritaire  - EP05
Madagascar,MG,MDG,450,National,16,Other unimproved,0.042,Enquête Prioritaire  - EP05
Madagascar,MG,MDG,450,National,17,DK/missing information,0.0,Enquête Prioritaire  - EP05
Madagascar,MG,MDG,450,Urban,1,Flush and pour flush - to piped sewer system,0.005,Demographic and Health Survey 2008-2009 - DHS09
Madagascar,MG,MDG,450,Urban,2,Flush and pour flush - to septic tank,0.136,Demographic and Health Survey 2008-2009 - DHS09
Madagascar,MG,MDG,450,Urban,3,Flush and pour flush - to pit,0.017,Demographic and Health Survey 2008-2009 - DHS09
Madagascar,MG,MDG,450,Urban,4,Flush and pour flush - to unknown place/ not sure/DK,0.0,Demographic and Health Survey 2008-2009 - DHS09
Madagascar,MG,MDG,450,Urban,5,Flush and pour flush - to elsewhere,0.0,Demographic and Health Survey 2008-2009 - DHS09
Madagascar,MG,MDG,450,Urban,6,Dry latrines - Ventilated Improved Pit latrine,0.013,Demographic and Health Survey 2008-2009 - DHS09
Madagascar,MG,MDG,450,Urban,7,Dry latrines - Pit latrine with slab/covered latrine,0.069,Demographic and Health Survey 2008-2009 - DHS09
Madagascar,MG,MDG,450,Urban,8,Dry latrines - Traditional latrine,0.6,Demographic and Health Survey 2008-2009 - DHS09
Madagascar,MG,MDG,450,Urban,9,Dry latrines - Pit latrine without slab/open pit,0.0,Demographic and Health Survey 2008-2009 - DHS09
Madagascar,MG,MDG,450,Urban,10,Dry latrines - Hanging toilet/hanging latrine,0.001,Demographic and Health Survey 2008-2009 - DHS09
Madagascar,MG,MDG,450,Urban,11,Dry latrines - Bucket latrine,0.053,Demographic and Health Survey 2008-2009 - DHS09
Madagascar,MG,MDG,450,Urban,12,Dry latrines - Other,0.0,Demographic and Health Survey 2008-2009 - DHS09
Madagascar,MG,MDG,450,Urban,13,Composting toilets,0.0,Demographic and Health Survey 2008-2009 - DHS09
Madagascar,MG,MDG,450,Urban,14,Other improved,0.0,Demographic and Health Survey 2008-2009 - DHS09
Madagascar,MG,MDG,450,Urban,15,"No facility, bush, field",0.106,Demographic and Health Survey 2008-2009 - DHS09
Madagascar,MG,MDG,450,Urban,16,Other unimproved,0.0,Demographic and Health Survey 2008-2009 - DHS09
Madagascar,MG,MDG,450,Urban,17,DK/missing information,0.0,Demographic and Health Survey 2008-2009 - DHS09
Madagascar,MG,MDG,450,Rural,1,Flush and pour flush - to piped sewer system,0.0,Demographic and Health Survey 2008-2009 - DHS09
Madagascar,MG,MDG,450,Rural,2,Flush and pour flush - to septic tank,0.009,Demographic and Health Survey 2008-2009 - DHS09
Madagascar,MG,MDG,450,Rural,3,Flush and pour flush - to pit,0.006,Demographic and Health Survey 2008-2009 - DHS09
Madagascar,MG,MDG,450,Rural,4,Flush and pour flush - to unknown place/ not sure/DK,0.0,Demographic and Health Survey 2008-2009 - DHS09
Madagascar,MG,MDG,450,Rural,5,Flush and pour flush - to elsewhere,0.0,Demographic and Health Survey 2008-2009 - DHS09
Madagascar,MG,MDG,450,Rural,6,Dry latrines - Ventilated Improved Pit latrine,0.0,Demographic and Health Survey 2008-2009 - DHS09
Madagascar,MG,MDG,450,Rural,7,Dry latrines - Pit latrine with slab/covered latrine,0.009,Demographic and Health Survey 2008-2009 - DHS09
Madagascar,MG,MDG,450,Rural,8,Dry latrines - Traditional latrine,0.481,Demographic and Health Survey 2008-2009 - DHS09
Madagascar,MG,MDG,450,Rural,9,Dry latrines - Pit latrine without slab/open pit,0.0,Demographic and Health Survey 2008-2009 - DHS09
Madagascar,MG,MDG,450,Rural,10,Dry latrines - Hanging toilet/hanging latrine,0.0,Demographic and Health Survey 2008-2009 - DHS09
Madagascar,MG,MDG,450,Rural,11,Dry latrines - Bucket latrine,0.0,Demographic and Health Survey 2008-2009 - DHS09
Madagascar,MG,MDG,450,Rural,12,Dry latrines - Other,0.0,Demographic and Health Survey 2008-2009 - DHS09
Madagascar,MG,MDG,450,Rural,13,Composting toilets,0.0,Demographic and Health Survey 2008-2009 - DHS09
Madagascar,MG,MDG,450,Rural,14,Other improved,0.0,Demographic and Health Survey 2008-2009 - DHS09
Madagascar,MG,MDG,450,Rural,15,"No facility, bush, field",0.491,Demographic and Health Survey 2008-2009 - DHS09
Madagascar,MG,MDG,450,Rural,16,Other unimproved,0.0,Demographic and Health Survey 2008-2009 - DHS09
Madagascar,MG,MDG,450,Rural,17,DK/missing information,0.001,Demographic and Health Survey 2008-2009 - DHS09
Madagascar,MG,MDG,450,National,1,Flush and pour flush - to piped sewer system,0.001,Demographic and Health Survey 2008-2009 - DHS09
Madagascar,MG,MDG,450,National,2,Flush and pour flush - to septic tank,0.027,Demographic and Health Survey 2008-2009 - DHS09
Madagascar,MG,MDG,450,National,3,Flush and pour flush - to pit,0.008,Demographic and Health Survey 2008-2009 - DHS09
Madagascar,MG,MDG,450,National,4,Flush and pour flush - to unknown place/ not sure/DK,0.0,Demographic and Health Survey 2008-2009 - DHS09
Madagascar,MG,MDG,450,National,5,Flush and pour flush - to elsewhere,0.0,Demographic and Health Survey 2008-2009 - DHS09
Madagascar,MG,MDG,450,National,6,Dry latrines - Ventilated Improved Pit latrine,0.002,Demographic and Health Survey 2008-2009 - DHS09
Madagascar,MG,MDG,450,National,7,Dry latrines - Pit latrine with slab/covered latrine,0.018,Demographic and Health Survey 2008-2009 - DHS09
Madagascar,MG,MDG,450,National,8,Dry latrines - Traditional latrine,0.498,Demographic and Health Survey 2008-2009 - DHS09
Madagascar,MG,MDG,450,National,9,Dry latrines - Pit latrine without slab/open pit,0.0,Demographic and Health Survey 2008-2009 - DHS09
Madagascar,MG,MDG,450,National,10,Dry latrines - Hanging toilet/hanging latrine,0.0,Demographic and Health Survey 2008-2009 - DHS09
Madagascar,MG,MDG,450,National,11,Dry latrines - Bucket latrine,0.007,Demographic and Health Survey 2008-2009 - DHS09
Madagascar,MG,MDG,450,National,12,Dry latrines - Other,0.0,Demographic and Health Survey 2008-2009 - DHS09
Madagascar,MG,MDG,450,National,13,Composting toilets,0.0,Demographic and Health Survey 2008-2009 - DHS09
Madagascar,MG,MDG,450,National,14,Other improved,0.0,Demographic and Health Survey 2008-2009 - DHS09
Madagascar,MG,MDG,450,National,15,"No facility, bush, field",0.437,Demographic and Health Survey 2008-2009 - DHS09
Madagascar,MG,MDG,450,National,16,Other unimproved,0.0,Demographic and Health Survey 2008-2009 - DHS09
Madagascar,MG,MDG,450,National,17,DK/missing information,0.001,Demographic and Health Survey 2008-2009 - DHS09
Madagascar,MG,MDG,450,Urban,1,Flush and pour flush - to piped sewer system,0.105,Enquêtes Périodiques auprès des Ménages (EPM) - EPM10
Madagascar,MG,MDG,450,Urban,2,Flush and pour flush - to septic tank,0.0,Enquêtes Périodiques auprès des Ménages (EPM) - EPM10
Madagascar,MG,MDG,450,Urban,3,Flush and pour flush - to pit,0.0,Enquêtes Périodiques auprès des Ménages (EPM) - EPM10
Madagascar,MG,MDG,450,Urban,4,Flush and pour flush - to unknown place/ not sure/DK,0.0,Enquêtes Périodiques auprès des Ménages (EPM) - EPM10
Madagascar,MG,MDG,450,Urban,5,Flush and pour flush - to elsewhere,0.0,Enquêtes Périodiques auprès des Ménages (EPM) - EPM10
Madagascar,MG,MDG,450,Urban,6,Dry latrines - Ventilated Improved Pit latrine,0.0,Enquêtes Périodiques auprès des Ménages (EPM) - EPM10
Madagascar,MG,MDG,450,Urban,7,Dry latrines - Pit latrine with slab/covered latrine,0.05,Enquêtes Périodiques auprès des Ménages (EPM) - EPM10
Madagascar,MG,MDG,450,Urban,8,Dry latrines - Traditional latrine,0.423,Enquêtes Périodiques auprès des Ménages (EPM) - EPM10
Madagascar,MG,MDG,450,Urban,9,Dry latrines - Pit latrine without slab/open pit,0.109,Enquêtes Périodiques auprès des Ménages (EPM) - EPM10
Madagascar,MG,MDG,450,Urban,10,Dry latrines - Hanging toilet/hanging latrine,0.0,Enquêtes Périodiques auprès des Ménages (EPM) - EPM10
Madagascar,MG,MDG,450,Urban,11,Dry latrines - Bucket latrine,0.0,Enquêtes Périodiques auprès des Ménages (EPM) - EPM10
Madagascar,MG,MDG,450,Urban,12,Dry latrines - Other,0.0,Enquêtes Périodiques auprès des Ménages (EPM) - EPM10
Madagascar,MG,MDG,450,Urban,13,Composting toilets,0.0,Enquêtes Périodiques auprès des Ménages (EPM) - EPM10
Madagascar,MG,MDG,450,Urban,14,Other improved,0.0,Enquêtes Périodiques auprès des Ménages (EPM) - EPM10
Madagascar,MG,MDG,450,Urban,15,"No facility, bush, field",0.307,Enquêtes Périodiques auprès des Ménages (EPM) - EPM10
Madagascar,MG,MDG,450,Urban,16,Other unimproved,0.006,Enquêtes Périodiques auprès des Ménages (EPM) - EPM10
Madagascar,MG,MDG,450,Urban,17,DK/missing information,0.0,Enquêtes Périodiques auprès des Ménages (EPM) - EPM10
Madagascar,MG,MDG,450,Rural,1,Flush and pour flush - to piped sewer system,0.036,Enquêtes Périodiques auprès des Ménages (EPM) - EPM10
Madagascar,MG,MDG,450,Rural,2,Flush and pour flush - to septic tank,0.0,Enquêtes Périodiques auprès des Ménages (EPM) - EPM10
Madagascar,MG,MDG,450,Rural,3,Flush and pour flush - to pit,0.0,Enquêtes Périodiques auprès des Ménages (EPM) - EPM10
Madagascar,MG,MDG,450,Rural,4,Flush and pour flush - to unknown place/ not sure/DK,0.0,Enquêtes Périodiques auprès des Ménages (EPM) - EPM10
Madagascar,MG,MDG,450,Rural,5,Flush and pour flush - to elsewhere,0.0,Enquêtes Périodiques auprès des Ménages (EPM) - EPM10
Madagascar,MG,MDG,450,Rural,6,Dry latrines - Ventilated Improved Pit latrine,0.0,Enquêtes Périodiques auprès des Ménages (EPM) - EPM10
Madagascar,MG,MDG,450,Rural,7,Dry latrines - Pit latrine with slab/covered latrine,0.008,Enquêtes Périodiques auprès des Ménages (EPM) - EPM10
Madagascar,MG,MDG,450,Rural,8,Dry latrines - Traditional latrine,0.308,Enquêtes Périodiques auprès des Ménages (EPM) - EPM10
Madagascar,MG,MDG,450,Rural,9,Dry latrines - Pit latrine without slab/open pit,0.061,Enquêtes Périodiques auprès des Ménages (EPM) - EPM10
Madagascar,MG,MDG,450,Rural,10,Dry latrines - Hanging toilet/hanging latrine,0.0,Enquêtes Périodiques auprès des Ménages (EPM) - EPM10
Madagascar,MG,MDG,450,Rural,11,Dry latrines - Bucket latrine,0.0,Enquêtes Périodiques auprès des Ménages (EPM) - EPM10
Madagascar,MG,MDG,450,Rural,12,Dry latrines - Other,0.0,Enquêtes Périodiques auprès des Ménages (EPM) - EPM10
Madagascar,MG,MDG,450,Rural,13,Composting toilets,0.0,Enquêtes Périodiques auprès des Ménages (EPM) - EPM10
Madagascar,MG,MDG,450,Rural,14,Other improved,0.0,Enquêtes Périodiques auprès des Ménages (EPM) - EPM10
Madagascar,MG,MDG,450,Rural,15,"No facility, bush, field",0.585,Enquêtes Périodiques auprès des Ménages (EPM) - EPM10
Madagascar,MG,MDG,450,Rural,16,Other unimproved,0.002,Enquêtes Périodiques auprès des Ménages (EPM) - EPM10
Madagascar,MG,MDG,450,Rural,17,DK/missing information,0.0,Enquêtes Périodiques auprès des Ménages (EPM) - EPM10
Madagascar,MG,MDG,450,National,1,Flush and pour flush - to piped sewer system,0.0,Enquêtes Périodiques auprès des Ménages (EPM) - EPM10
Madagascar,MG,MDG,450,National,2,Flush and pour flush - to septic tank,0.0,Enquêtes Périodiques auprès des Ménages (EPM) - EPM10
Madagascar,MG,MDG,450,National,3,Flush and pour flush - to pit,0.0,Enquêtes Périodiques auprès des Ménages (EPM) - EPM10
Madagascar,MG,MDG,450,National,4,Flush and pour flush - to unknown place/ not sure/DK,0.0,Enquêtes Périodiques auprès des Ménages (EPM) - EPM10
Madagascar,MG,MDG,450,National,5,Flush and pour flush - to elsewhere,0.0,Enquêtes Périodiques auprès des Ménages (EPM) - EPM10
Madagascar,MG,MDG,450,National,6,Dry latrines - Ventilated Improved Pit latrine,0.0,Enquêtes Périodiques auprès des Ménages (EPM) - EPM10
Madagascar,MG,MDG,450,National,7,Dry latrines - Pit latrine with slab/covered latrine,0.0,Enquêtes Périodiques auprès des Ménages (EPM) - EPM10
Madagascar,MG,MDG,450,National,8,Dry latrines - Traditional latrine,0.0,Enquêtes Périodiques auprès des Ménages (EPM) - EPM10
Madagascar,MG,MDG,450,National,9,Dry latrines - Pit latrine without slab/open pit,0.0,Enquêtes Périodiques auprès des Ménages (EPM) - EPM10
Madagascar,MG,MDG,450,National,10,Dry latrines - Hanging toilet/hanging latrine,0.0,Enquêtes Périodiques auprès des Ménages (EPM) - EPM10
Madagascar,MG,MDG,450,National,11,Dry latrines - Bucket latrine,0.0,Enquêtes Périodiques auprès des Ménages (EPM) - EPM10
Madagascar,MG,MDG,450,National,12,Dry latrines - Other,0.0,Enquêtes Périodiques auprès des Ménages (EPM) - EPM10
Madagascar,MG,MDG,450,National,13,Composting toilets,0.0,Enquêtes Périodiques auprès des Ménages (EPM) - EPM10
Madagascar,MG,MDG,450,National,14,Other improved,0.0,Enquêtes Périodiques auprès des Ménages (EPM) - EPM10
Madagascar,MG,MDG,450,National,15,"No facility, bush, field",0.0,Enquêtes Périodiques auprès des Ménages (EPM) - EPM10
Madagascar,MG,MDG,450,National,16,Other unimproved,0.0,Enquêtes Périodiques auprès des Ménages (EPM) - EPM10
Madagascar,MG,MDG,450,National,17,DK/missing information,0.0,Enquêtes Périodiques auprès des Ménages (EPM) - EPM10
Madagascar,MG,MDG,450,Urban,1,Flush and pour flush - to piped sewer system,0.001,Malaria Indicator Survey - MIS11
Madagascar,MG,MDG,450,Urban,2,Flush and pour flush - to septic tank,0.14,Malaria Indicator Survey - MIS11
Madagascar,MG,MDG,450,Urban,3,Flush and pour flush - to pit,0.026,Malaria Indicator Survey - MIS11
Madagascar,MG,MDG,450,Urban,4,Flush and pour flush - to unknown place/ not sure/DK,0.0,Malaria Indicator Survey - MIS11
Madagascar,MG,MDG,450,Urban,5,Flush and pour flush - to elsewhere,0.0,Malaria Indicator Survey - MIS11
Madagascar,MG,MDG,450,Urban,6,Dry latrines - Ventilated Improved Pit latrine,0.003,Malaria Indicator Survey - MIS11
Madagascar,MG,MDG,450,Urban,7,Dry latrines - Pit latrine with slab/covered latrine,0.039,Malaria Indicator Survey - MIS11
Madagascar,MG,MDG,450,Urban,8,Dry latrines - Traditional latrine,0.0,Malaria Indicator Survey - MIS11
Madagascar,MG,MDG,450,Urban,9,Dry latrines - Pit latrine without slab/open pit,0.39,Malaria Indicator Survey - MIS11
Madagascar,MG,MDG,450,Urban,10,Dry latrines - Hanging toilet/hanging latrine,0.003,Malaria Indicator Survey - MIS11
Madagascar,MG,MDG,450,Urban,11,Dry latrines - Bucket latrine,0.058,Malaria Indicator Survey - MIS11
Madagascar,MG,MDG,450,Urban,12,Dry latrines - Other,0.0,Malaria Indicator Survey - MIS11
Madagascar,MG,MDG,450,Urban,13,Composting toilets,0.0,Malaria Indicator Survey - MIS11
Madagascar,MG,MDG,450,Urban,14,Other improved,0.139,Malaria Indicator Survey - MIS11
Madagascar,MG,MDG,450,Urban,15,"No facility, bush, field",0.201,Malaria Indicator Survey - MIS11
Madagascar,MG,MDG,450,Urban,16,Other unimproved,0.0,Malaria Indicator Survey - MIS11
Madagascar,MG,MDG,450,Urban,17,DK/missing information,0.0,Malaria Indicator Survey - MIS11
Madagascar,MG,MDG,450,Rural,1,Flush and pour flush - to piped sewer system,0.0,Malaria Indicator Survey - MIS11
Madagascar,MG,MDG,450,Rural,2,Flush and pour flush - to septic tank,0.008,Malaria Indicator Survey - MIS11
Madagascar,MG,MDG,450,Rural,3,Flush and pour flush - to pit,0.013,Malaria Indicator Survey - MIS11
Madagascar,MG,MDG,450,Rural,4,Flush and pour flush - to unknown place/ not sure/DK,0.0,Malaria Indicator Survey - MIS11
Madagascar,MG,MDG,450,Rural,5,Flush and pour flush - to elsewhere,0.0,Malaria Indicator Survey - MIS11
Madagascar,MG,MDG,450,Rural,6,Dry latrines - Ventilated Improved Pit latrine,0.001,Malaria Indicator Survey - MIS11
Madagascar,MG,MDG,450,Rural,7,Dry latrines - Pit latrine with slab/covered latrine,0.006,Malaria Indicator Survey - MIS11
Madagascar,MG,MDG,450,Rural,8,Dry latrines - Traditional latrine,0.0,Malaria Indicator Survey - MIS11
Madagascar,MG,MDG,450,Rural,9,Dry latrines - Pit latrine without slab/open pit,0.298,Malaria Indicator Survey - MIS11
Madagascar,MG,MDG,450,Rural,10,Dry latrines - Hanging toilet/hanging latrine,0.001,Malaria Indicator Survey - MIS11
Madagascar,MG,MDG,450,Rural,11,Dry latrines - Bucket latrine,0.002,Malaria Indicator Survey - MIS11
Madagascar,MG,MDG,450,Rural,12,Dry latrines - Other,0.0,Malaria Indicator Survey - MIS11
Madagascar,MG,MDG,450,Rural,13,Composting toilets,0.001,Malaria Indicator Survey - MIS11
Madagascar,MG,MDG,450,Rural,14,Other improved,0.056,Malaria Indicator Survey - MIS11
Madagascar,MG,MDG,450,Rural,15,"No facility, bush, field",0.613,Malaria Indicator Survey - MIS11
Madagascar,MG,MDG,450,Rural,16,Other unimproved,0.0,Malaria Indicator Survey - MIS11
Madagascar,MG,MDG,450,Rural,17,DK/missing information,0.0,Malaria Indicator Survey - MIS11
Madagascar,MG,MDG,450,National,1,Flush and pour flush - to piped sewer system,0.0,Malaria Indicator Survey - MIS11
Madagascar,MG,MDG,450,National,2,Flush and pour flush - to septic tank,0.02,Malaria Indicator Survey - MIS11
Madagascar,MG,MDG,450,National,3,Flush and pour flush - to pit,0.014,Malaria Indicator Survey - MIS11
Madagascar,MG,MDG,450,National,4,Flush and pour flush - to unknown place/ not sure/DK,0.0,Malaria Indicator Survey - MIS11
Madagascar,MG,MDG,450,National,5,Flush and pour flush - to elsewhere,0.0,Malaria Indicator Survey - MIS11
Madagascar,MG,MDG,450,National,6,Dry latrines - Ventilated Improved Pit latrine,0.001,Malaria Indicator Survey - MIS11
Madagascar,MG,MDG,450,National,7,Dry latrines - Pit latrine with slab/covered latrine,0.009,Malaria Indicator Survey - MIS11
Madagascar,MG,MDG,450,National,8,Dry latrines - Traditional latrine,0.0,Malaria Indicator Survey - MIS11
Madagascar,MG,MDG,450,National,9,Dry latrines - Pit latrine without slab/open pit,0.307,Malaria Indicator Survey - MIS11
Madagascar,MG,MDG,450,National,10,Dry latrines - Hanging toilet/hanging latrine,0.002,Malaria Indicator Survey - MIS11
Madagascar,MG,MDG,450,National,11,Dry latrines - Bucket latrine,0.007,Malaria Indicator Survey - MIS11
Madagascar,MG,MDG,450,National,12,Dry latrines - Other,0.0,Malaria Indicator Survey - MIS11
Madagascar,MG,MDG,450,National,13,Composting toilets,0.001,Malaria Indicator Survey - MIS11
Madagascar,MG,MDG,450,National,14,Other improved,0.064,Malaria Indicator Survey - MIS11
Madagascar,MG,MDG,450,National,15,"No facility, bush, field",0.575,Malaria Indicator Survey - MIS11
Madagascar,MG,MDG,450,National,16,Other unimproved,0.0,Malaria Indicator Survey - MIS11
Madagascar,MG,MDG,450,National,17,DK/missing information,0.0,Malaria Indicator Survey - MIS11
Madagascar,MG,MDG,450,Urban,1,Flush and pour flush - to piped sewer system,0.013,Enquête sur les Indicateurs du Paludisme (EIPM) 2013 - EIPM-AIS13
Madagascar,MG,MDG,450,Urban,2,Flush and pour flush - to septic tank,0.09,Enquête sur les Indicateurs du Paludisme (EIPM) 2013 - EIPM-AIS13
Madagascar,MG,MDG,450,Urban,3,Flush and pour flush - to pit,0.005,Enquête sur les Indicateurs du Paludisme (EIPM) 2013 - EIPM-AIS13
Madagascar,MG,MDG,450,Urban,4,Flush and pour flush - to unknown place/ not sure/DK,0.002,Enquête sur les Indicateurs du Paludisme (EIPM) 2013 - EIPM-AIS13
Madagascar,MG,MDG,450,Urban,5,Flush and pour flush - to elsewhere,0.004,Enquête sur les Indicateurs du Paludisme (EIPM) 2013 - EIPM-AIS13
Madagascar,MG,MDG,450,Urban,6,Dry latrines - Ventilated Improved Pit latrine,0.005,Enquête sur les Indicateurs du Paludisme (EIPM) 2013 - EIPM-AIS13
Madagascar,MG,MDG,450,Urban,7,Dry latrines - Pit latrine with slab/covered latrine,0.122,Enquête sur les Indicateurs du Paludisme (EIPM) 2013 - EIPM-AIS13
Madagascar,MG,MDG,450,Urban,8,Dry latrines - Traditional latrine,0.0,Enquête sur les Indicateurs du Paludisme (EIPM) 2013 - EIPM-AIS13
Madagascar,MG,MDG,450,Urban,9,Dry latrines - Pit latrine without slab/open pit,0.373,Enquête sur les Indicateurs du Paludisme (EIPM) 2013 - EIPM-AIS13
Madagascar,MG,MDG,450,Urban,10,Dry latrines - Hanging toilet/hanging latrine,0.006,Enquête sur les Indicateurs du Paludisme (EIPM) 2013 - EIPM-AIS13
Madagascar,MG,MDG,450,Urban,11,Dry latrines - Bucket latrine,0.013,Enquête sur les Indicateurs du Paludisme (EIPM) 2013 - EIPM-AIS13
Madagascar,MG,MDG,450,Urban,12,Dry latrines - Other,0.0,Enquête sur les Indicateurs du Paludisme (EIPM) 2013 - EIPM-AIS13
Madagascar,MG,MDG,450,Urban,13,Composting toilets,0.001,Enquête sur les Indicateurs du Paludisme (EIPM) 2013 - EIPM-AIS13
Madagascar,MG,MDG,450,Urban,14,Other improved,0.112,Enquête sur les Indicateurs du Paludisme (EIPM) 2013 - EIPM-AIS13
Madagascar,MG,MDG,450,Urban,15,"No facility, bush, field",0.251,Enquête sur les Indicateurs du Paludisme (EIPM) 2013 - EIPM-AIS13
Madagascar,MG,MDG,450,Urban,16,Other unimproved,0.003,Enquête sur les Indicateurs du Paludisme (EIPM) 2013 - EIPM-AIS13
Madagascar,MG,MDG,450,Urban,17,DK/missing information,0.0,Enquête sur les Indicateurs du Paludisme (EIPM) 2013 - EIPM-AIS13
Madagascar,MG,MDG,450,Rural,1,Flush and pour flush - to piped sewer system,0.0,Enquête sur les Indicateurs du Paludisme (EIPM) 2013 - EIPM-AIS13
Madagascar,MG,MDG,450,Rural,2,Flush and pour flush - to septic tank,0.008,Enquête sur les Indicateurs du Paludisme (EIPM) 2013 - EIPM-AIS13
Madagascar,MG,MDG,450,Rural,3,Flush and pour flush - to pit,0.001,Enquête sur les Indicateurs du Paludisme (EIPM) 2013 - EIPM-AIS13
Madagascar,MG,MDG,450,Rural,4,Flush and pour flush - to unknown place/ not sure/DK,0.0,Enquête sur les Indicateurs du Paludisme (EIPM) 2013 - EIPM-AIS13
Madagascar,MG,MDG,450,Rural,5,Flush and pour flush - to elsewhere,0.0,Enquête sur les Indicateurs du Paludisme (EIPM) 2013 - EIPM-AIS13
Madagascar,MG,MDG,450,Rural,6,Dry latrines - Ventilated Improved Pit latrine,0.002,Enquête sur les Indicateurs du Paludisme (EIPM) 2013 - EIPM-AIS13
Madagascar,MG,MDG,450,Rural,7,Dry latrines - Pit latrine with slab/covered latrine,0.022,Enquête sur les Indicateurs du Paludisme (EIPM) 2013 - EIPM-AIS13
Madagascar,MG,MDG,450,Rural,8,Dry latrines - Traditional latrine,0.0,Enquête sur les Indicateurs du Paludisme (EIPM) 2013 - EIPM-AIS13
Madagascar,MG,MDG,450,Rural,9,Dry latrines - Pit latrine without slab/open pit,0.287,Enquête sur les Indicateurs du Paludisme (EIPM) 2013 - EIPM-AIS13
Madagascar,MG,MDG,450,Rural,10,Dry latrines - Hanging toilet/hanging latrine,0.002,Enquête sur les Indicateurs du Paludisme (EIPM) 2013 - EIPM-AIS13
Madagascar,MG,MDG,450,Rural,11,Dry latrines - Bucket latrine,0.0,Enquête sur les Indicateurs du Paludisme (EIPM) 2013 - EIPM-AIS13
Madagascar,MG,MDG,450,Rural,12,Dry latrines - Other,0.0,Enquête sur les Indicateurs du Paludisme (EIPM) 2013 - EIPM-AIS13
Madagascar,MG,MDG,450,Rural,13,Composting toilets,0.0,Enquête sur les Indicateurs du Paludisme (EIPM) 2013 - EIPM-AIS13
Madagascar,MG,MDG,450,Rural,14,Other improved,0.072,Enquête sur les Indicateurs du Paludisme (EIPM) 2013 - EIPM-AIS13
Madagascar,MG,MDG,450,Rural,15,"No facility, bush, field",0.605,Enquête sur les Indicateurs du Paludisme (EIPM) 2013 - EIPM-AIS13
Madagascar,MG,MDG,450,Rural,16,Other unimproved,0.0,Enquête sur les Indicateurs du Paludisme (EIPM) 2013 - EIPM-AIS13
Madagascar,MG,MDG,450,Rural,17,DK/missing information,0.0,Enquête sur les Indicateurs du Paludisme (EIPM) 2013 - EIPM-AIS13
Madagascar,MG,MDG,450,National,1,Flush and pour flush - to piped sewer system,0.001,Enquête sur les Indicateurs du Paludisme (EIPM) 2013 - EIPM-AIS13
Madagascar,MG,MDG,450,National,2,Flush and pour flush - to septic tank,0.015,Enquête sur les Indicateurs du Paludisme (EIPM) 2013 - EIPM-AIS13
Madagascar,MG,MDG,450,National,3,Flush and pour flush - to pit,0.001,Enquête sur les Indicateurs du Paludisme (EIPM) 2013 - EIPM-AIS13
Madagascar,MG,MDG,450,National,4,Flush and pour flush - to unknown place/ not sure/DK,0.0,Enquête sur les Indicateurs du Paludisme (EIPM) 2013 - EIPM-AIS13
Madagascar,MG,MDG,450,National,5,Flush and pour flush - to elsewhere,0.001,Enquête sur les Indicateurs du Paludisme (EIPM) 2013 - EIPM-AIS13
Madagascar,MG,MDG,450,National,6,Dry latrines - Ventilated Improved Pit latrine,0.002,Enquête sur les Indicateurs du Paludisme (EIPM) 2013 - EIPM-AIS13
Madagascar,MG,MDG,450,National,7,Dry latrines - Pit latrine with slab/covered latrine,0.03,Enquête sur les Indicateurs du Paludisme (EIPM) 2013 - EIPM-AIS13
Madagascar,MG,MDG,450,National,8,Dry latrines - Traditional latrine,0.0,Enquête sur les Indicateurs du Paludisme (EIPM) 2013 - EIPM-AIS13
Madagascar,MG,MDG,450,National,9,Dry latrines - Pit latrine without slab/open pit,0.294,Enquête sur les Indicateurs du Paludisme (EIPM) 2013 - EIPM-AIS13
Madagascar,MG,MDG,450,National,10,Dry latrines - Hanging toilet/hanging latrine,0.002,Enquête sur les Indicateurs du Paludisme (EIPM) 2013 - EIPM-AIS13
Madagascar,MG,MDG,450,National,11,Dry latrines - Bucket latrine,0.001,Enquête sur les Indicateurs du Paludisme (EIPM) 2013 - EIPM-AIS13
Madagascar,MG,MDG,450,National,12,Dry latrines - Other,0.0,Enquête sur les Indicateurs du Paludisme (EIPM) 2013 - EIPM-AIS13
Madagascar,MG,MDG,450,National,13,Composting toilets,0.0,Enquête sur les Indicateurs du Paludisme (EIPM) 2013 - EIPM-AIS13
Madagascar,MG,MDG,450,National,14,Other improved,0.076,Enquête sur les Indicateurs du Paludisme (EIPM) 2013 - EIPM-AIS13
Madagascar,MG,MDG,450,National,15,"No facility, bush, field",0.576,Enquête sur les Indicateurs du Paludisme (EIPM) 2013 - EIPM-AIS13
Madagascar,MG,MDG,450,National,16,Other unimproved,0.0,Enquête sur les Indicateurs du Paludisme (EIPM) 2013 - EIPM-AIS13
Madagascar,MG,MDG,450,National,17,DK/missing information,0.0,Enquête sur les Indicateurs du Paludisme (EIPM) 2013 - EIPM-AIS13
Madagascar,MG,MDG,450,Urban,1,Flush and pour flush - to piped sewer system,0.009,"Enquête Nationale pour le Suivi des indicateurs des Objectifs du
Millénaire pour le Développement, 2012-2013 - ENSOMD13"
Madagascar,MG,MDG,450,Urban,2,Flush and pour flush - to septic tank,0.111,"Enquête Nationale pour le Suivi des indicateurs des Objectifs du
Millénaire pour le Développement, 2012-2013 - ENSOMD13"
Madagascar,MG,MDG,450,Urban,3,Flush and pour flush - to pit,0.025,"Enquête Nationale pour le Suivi des indicateurs des Objectifs du
Millénaire pour le Développement, 2012-2013 - ENSOMD13"
Madagascar,MG,MDG,450,Urban,4,Flush and pour flush - to unknown place/ not sure/DK,0.001,"Enquête Nationale pour le Suivi des indicateurs des Objectifs du
Millénaire pour le Développement, 2012-2013 - ENSOMD13"
Madagascar,MG,MDG,450,Urban,5,Flush and pour flush - to elsewhere,0.001,"Enquête Nationale pour le Suivi des indicateurs des Objectifs du
Millénaire pour le Développement, 2012-2013 - ENSOMD13"
Madagascar,MG,MDG,450,Urban,6,Dry latrines - Ventilated Improved Pit latrine,0.006,"Enquête Nationale pour le Suivi des indicateurs des Objectifs du
Millénaire pour le Développement, 2012-2013 - ENSOMD13"
Madagascar,MG,MDG,450,Urban,7,Dry latrines - Pit latrine with slab/covered latrine,0.094,"Enquête Nationale pour le Suivi des indicateurs des Objectifs du
Millénaire pour le Développement, 2012-2013 - ENSOMD13"
Madagascar,MG,MDG,450,Urban,8,Dry latrines - Traditional latrine,0.0,"Enquête Nationale pour le Suivi des indicateurs des Objectifs du
Millénaire pour le Développement, 2012-2013 - ENSOMD13"
Madagascar,MG,MDG,450,Urban,9,Dry latrines - Pit latrine without slab/open pit,0.44,"Enquête Nationale pour le Suivi des indicateurs des Objectifs du
Millénaire pour le Développement, 2012-2013 - ENSOMD13"
Madagascar,MG,MDG,450,Urban,10,Dry latrines - Hanging toilet/hanging latrine,0.021,"Enquête Nationale pour le Suivi des indicateurs des Objectifs du
Millénaire pour le Développement, 2012-2013 - ENSOMD13"
Madagascar,MG,MDG,450,Urban,11,Dry latrines - Bucket latrine,0.002,"Enquête Nationale pour le Suivi des indicateurs des Objectifs du
Millénaire pour le Développement, 2012-2013 - ENSOMD13"
Madagascar,MG,MDG,450,Urban,12,Dry latrines - Other,0.0,"Enquête Nationale pour le Suivi des indicateurs des Objectifs du
Millénaire pour le Développement, 2012-2013 - ENSOMD13"
Madagascar,MG,MDG,450,Urban,13,Composting toilets,0.007,"Enquête Nationale pour le Suivi des indicateurs des Objectifs du
Millénaire pour le Développement, 2012-2013 - ENSOMD13"
Madagascar,MG,MDG,450,Urban,14,Other improved,0.183,"Enquête Nationale pour le Suivi des indicateurs des Objectifs du
Millénaire pour le Développement, 2012-2013 - ENSOMD13"
Madagascar,MG,MDG,450,Urban,15,"No facility, bush, field",0.096,"Enquête Nationale pour le Suivi des indicateurs des Objectifs du
Millénaire pour le Développement, 2012-2013 - ENSOMD13"
Madagascar,MG,MDG,450,Urban,16,Other unimproved,0.004,"Enquête Nationale pour le Suivi des indicateurs des Objectifs du
Millénaire pour le Développement, 2012-2013 - ENSOMD13"
Madagascar,MG,MDG,450,Urban,17,DK/missing information,0.0,"Enquête Nationale pour le Suivi des indicateurs des Objectifs du
Millénaire pour le Développement, 2012-2013 - ENSOMD13"
Madagascar,MG,MDG,450,Rural,1,Flush and pour flush - to piped sewer system,0.001,"Enquête Nationale pour le Suivi des indicateurs des Objectifs du
Millénaire pour le Développement, 2012-2013 - ENSOMD13"
Madagascar,MG,MDG,450,Rural,2,Flush and pour flush - to septic tank,0.01,"Enquête Nationale pour le Suivi des indicateurs des Objectifs du
Millénaire pour le Développement, 2012-2013 - ENSOMD13"
Madagascar,MG,MDG,450,Rural,3,Flush and pour flush - to pit,0.004,"Enquête Nationale pour le Suivi des indicateurs des Objectifs du
Millénaire pour le Développement, 2012-2013 - ENSOMD13"
Madagascar,MG,MDG,450,Rural,4,Flush and pour flush - to unknown place/ not sure/DK,0.0,"Enquête Nationale pour le Suivi des indicateurs des Objectifs du
Millénaire pour le Développement, 2012-2013 - ENSOMD13"
Madagascar,MG,MDG,450,Rural,5,Flush and pour flush - to elsewhere,0.0,"Enquête Nationale pour le Suivi des indicateurs des Objectifs du
Millénaire pour le Développement, 2012-2013 - ENSOMD13"
Madagascar,MG,MDG,450,Rural,6,Dry latrines - Ventilated Improved Pit latrine,0.002,"Enquête Nationale pour le Suivi des indicateurs des Objectifs du
Millénaire pour le Développement, 2012-2013 - ENSOMD13"
Madagascar,MG,MDG,450,Rural,7,Dry latrines - Pit latrine with slab/covered latrine,0.018,"Enquête Nationale pour le Suivi des indicateurs des Objectifs du
Millénaire pour le Développement, 2012-2013 - ENSOMD13"
Madagascar,MG,MDG,450,Rural,8,Dry latrines - Traditional latrine,0.0,"Enquête Nationale pour le Suivi des indicateurs des Objectifs du
Millénaire pour le Développement, 2012-2013 - ENSOMD13"
Madagascar,MG,MDG,450,Rural,9,Dry latrines - Pit latrine without slab/open pit,0.272,"Enquête Nationale pour le Suivi des indicateurs des Objectifs du
Millénaire pour le Développement, 2012-2013 - ENSOMD13"
Madagascar,MG,MDG,450,Rural,10,Dry latrines - Hanging toilet/hanging latrine,0.006,"Enquête Nationale pour le Suivi des indicateurs des Objectifs du
Millénaire pour le Développement, 2012-2013 - ENSOMD13"
Madagascar,MG,MDG,450,Rural,11,Dry latrines - Bucket latrine,0.0,"Enquête Nationale pour le Suivi des indicateurs des Objectifs du
Millénaire pour le Développement, 2012-2013 - ENSOMD13"
Madagascar,MG,MDG,450,Rural,12,Dry latrines - Other,0.0,"Enquête Nationale pour le Suivi des indicateurs des Objectifs du
Millénaire pour le Développement, 2012-2013 - ENSOMD13"
Madagascar,MG,MDG,450,Rural,13,Composting toilets,0.002,"Enquête Nationale pour le Suivi des indicateurs des Objectifs du
Millénaire pour le Développement, 2012-2013 - ENSOMD13"
Madagascar,MG,MDG,450,Rural,14,Other improved,0.12,"Enquête Nationale pour le Suivi des indicateurs des Objectifs du
Millénaire pour le Développement, 2012-2013 - ENSOMD13"
Madagascar,MG,MDG,450,Rural,15,"No facility, bush, field",0.564,"Enquête Nationale pour le Suivi des indicateurs des Objectifs du
Millénaire pour le Développement, 2012-2013 - ENSOMD13"
Madagascar,MG,MDG,450,Rural,16,Other unimproved,0.001,"Enquête Nationale pour le Suivi des indicateurs des Objectifs du
Millénaire pour le Développement, 2012-2013 - ENSOMD13"
Madagascar,MG,MDG,450,Rural,17,DK/missing information,0.0,"Enquête Nationale pour le Suivi des indicateurs des Objectifs du
Millénaire pour le Développement, 2012-2013 - ENSOMD13"
Madagascar,MG,MDG,450,National,1,Flush and pour flush - to piped sewer system,0.003,"Enquête Nationale pour le Suivi des indicateurs des Objectifs du
Millénaire pour le Développement, 2012-2013 - ENSOMD13"
Madagascar,MG,MDG,450,National,2,Flush and pour flush - to septic tank,0.027,"Enquête Nationale pour le Suivi des indicateurs des Objectifs du
Millénaire pour le Développement, 2012-2013 - ENSOMD13"
Madagascar,MG,MDG,450,National,3,Flush and pour flush - to pit,0.007,"Enquête Nationale pour le Suivi des indicateurs des Objectifs du
Millénaire pour le Développement, 2012-2013 - ENSOMD13"
Madagascar,MG,MDG,450,National,4,Flush and pour flush - to unknown place/ not sure/DK,0.0,"Enquête Nationale pour le Suivi des indicateurs des Objectifs du
Millénaire pour le Développement, 2012-2013 - ENSOMD13"
Madagascar,MG,MDG,450,National,5,Flush and pour flush - to elsewhere,0.0,"Enquête Nationale pour le Suivi des indicateurs des Objectifs du
Millénaire pour le Développement, 2012-2013 - ENSOMD13"
Madagascar,MG,MDG,450,National,6,Dry latrines - Ventilated Improved Pit latrine,0.003,"Enquête Nationale pour le Suivi des indicateurs des Objectifs du
Millénaire pour le Développement, 2012-2013 - ENSOMD13"
Madagascar,MG,MDG,450,National,7,Dry latrines - Pit latrine with slab/covered latrine,0.031,"Enquête Nationale pour le Suivi des indicateurs des Objectifs du
Millénaire pour le Développement, 2012-2013 - ENSOMD13"
Madagascar,MG,MDG,450,National,8,Dry latrines - Traditional latrine,0.0,"Enquête Nationale pour le Suivi des indicateurs des Objectifs du
Millénaire pour le Développement, 2012-2013 - ENSOMD13"
Madagascar,MG,MDG,450,National,9,Dry latrines - Pit latrine without slab/open pit,0.3,"Enquête Nationale pour le Suivi des indicateurs des Objectifs du
Millénaire pour le Développement, 2012-2013 - ENSOMD13"
Madagascar,MG,MDG,450,National,10,Dry latrines - Hanging toilet/hanging latrine,0.008,"Enquête Nationale pour le Suivi des indicateurs des Objectifs du
Millénaire pour le Développement, 2012-2013 - ENSOMD13"
Madagascar,MG,MDG,450,National,11,Dry latrines - Bucket latrine,0.001,"Enquête Nationale pour le Suivi des indicateurs des Objectifs du
Millénaire pour le Développement, 2012-2013 - ENSOMD13"
Madagascar,MG,MDG,450,National,12,Dry latrines - Other,0.0,"Enquête Nationale pour le Suivi des indicateurs des Objectifs du
Millénaire pour le Développement, 2012-2013 - ENSOMD13"
Madagascar,MG,MDG,450,National,13,Composting toilets,0.003,"Enquête Nationale pour le Suivi des indicateurs des Objectifs du
Millénaire pour le Développement, 2012-2013 - ENSOMD13"
Madagascar,MG,MDG,450,National,14,Other improved,0.13,"Enquête Nationale pour le Suivi des indicateurs des Objectifs du
Millénaire pour le Développement, 2012-2013 - ENSOMD13"
Madagascar,MG,MDG,450,National,15,"No facility, bush, field",0.486,"Enquête Nationale pour le Suivi des indicateurs des Objectifs du
Millénaire pour le Développement, 2012-2013 - ENSOMD13"
Madagascar,MG,MDG,450,National,16,Other unimproved,0.002,"Enquête Nationale pour le Suivi des indicateurs des Objectifs du
Millénaire pour le Développement, 2012-2013 - ENSOMD13"
Madagascar,MG,MDG,450,National,17,DK/missing information,0.0,"Enquête Nationale pour le Suivi des indicateurs des Objectifs du
Millénaire pour le Développement, 2012-2013 - ENSOMD13"
Madagascar,MG,MDG,450,Urban,1,Flush and pour flush - to piped sewer system,0.008,Malaria Indicator Survey - MIS16
Madagascar,MG,MDG,450,Urban,2,Flush and pour flush - to septic tank,0.142,Malaria Indicator Survey - MIS16
Madagascar,MG,MDG,450,Urban,3,Flush and pour flush - to pit,0.005,Malaria Indicator Survey - MIS16
Madagascar,MG,MDG,450,Urban,4,Flush and pour flush - to unknown place/ not sure/DK,0.001,Malaria Indicator Survey - MIS16
Madagascar,MG,MDG,450,Urban,5,Flush and pour flush - to elsewhere,0.001,Malaria Indicator Survey - MIS16
Madagascar,MG,MDG,450,Urban,6,Dry latrines - Ventilated Improved Pit latrine,0.018,Malaria Indicator Survey - MIS16
Madagascar,MG,MDG,450,Urban,7,Dry latrines - Pit latrine with slab/covered latrine,0.13,Malaria Indicator Survey - MIS16
Madagascar,MG,MDG,450,Urban,8,Dry latrines - Traditional latrine,0.0,Malaria Indicator Survey - MIS16
Madagascar,MG,MDG,450,Urban,9,Dry latrines - Pit latrine without slab/open pit,0.466,Malaria Indicator Survey - MIS16
Madagascar,MG,MDG,450,Urban,10,Dry latrines - Hanging toilet/hanging latrine,0.01,Malaria Indicator Survey - MIS16
Madagascar,MG,MDG,450,Urban,11,Dry latrines - Bucket latrine,0.006,Malaria Indicator Survey - MIS16
Madagascar,MG,MDG,450,Urban,12,Dry latrines - Other,0.0,Malaria Indicator Survey - MIS16
Madagascar,MG,MDG,450,Urban,13,Composting toilets,0.018,Malaria Indicator Survey - MIS16
Madagascar,MG,MDG,450,Urban,14,Other improved,0.0,Malaria Indicator Survey - MIS16
Madagascar,MG,MDG,450,Urban,15,"No facility, bush, field",0.197,Malaria Indicator Survey - MIS16
Madagascar,MG,MDG,450,Urban,16,Other unimproved,0.0,Malaria Indicator Survey - MIS16
Madagascar,MG,MDG,450,Urban,17,DK/missing information,0.0,Malaria Indicator Survey - MIS16
Madagascar,MG,MDG,450,Rural,1,Flush and pour flush - to piped sewer system,0.005,Malaria Indicator Survey - MIS16
Madagascar,MG,MDG,450,Rural,2,Flush and pour flush - to septic tank,0.011,Malaria Indicator Survey - MIS16
Madagascar,MG,MDG,450,Rural,3,Flush and pour flush - to pit,0.008,Malaria Indicator Survey - MIS16
Madagascar,MG,MDG,450,Rural,4,Flush and pour flush - to unknown place/ not sure/DK,0.001,Malaria Indicator Survey - MIS16
Madagascar,MG,MDG,450,Rural,5,Flush and pour flush - to elsewhere,0.001,Malaria Indicator Survey - MIS16
Madagascar,MG,MDG,450,Rural,6,Dry latrines - Ventilated Improved Pit latrine,0.008,Malaria Indicator Survey - MIS16
Madagascar,MG,MDG,450,Rural,7,Dry latrines - Pit latrine with slab/covered latrine,0.083,Malaria Indicator Survey - MIS16
Madagascar,MG,MDG,450,Rural,8,Dry latrines - Traditional latrine,0.0,Malaria Indicator Survey - MIS16
Madagascar,MG,MDG,450,Rural,9,Dry latrines - Pit latrine without slab/open pit,0.437,Malaria Indicator Survey - MIS16
Madagascar,MG,MDG,450,Rural,10,Dry latrines - Hanging toilet/hanging latrine,0.019,Malaria Indicator Survey - MIS16
Madagascar,MG,MDG,450,Rural,11,Dry latrines - Bucket latrine,0.001,Malaria Indicator Survey - MIS16
Madagascar,MG,MDG,450,Rural,12,Dry latrines - Other,0.0,Malaria Indicator Survey - MIS16
Madagascar,MG,MDG,450,Rural,13,Composting toilets,0.01,Malaria Indicator Survey - MIS16
Madagascar,MG,MDG,450,Rural,14,Other improved,0.0,Malaria Indicator Survey - MIS16
Madagascar,MG,MDG,450,Rural,15,"No facility, bush, field",0.416,Malaria Indicator Survey - MIS16
Madagascar,MG,MDG,450,Rural,16,Other unimproved,0.0,Malaria Indicator Survey - MIS16
Madagascar,MG,MDG,450,Rural,17,DK/missing information,0.0,Malaria Indicator Survey - MIS16
Madagascar,MG,MDG,450,National,1,Flush and pour flush - to piped sewer system,0.005,Malaria Indicator Survey - MIS16
Madagascar,MG,MDG,450,National,2,Flush and pour flush - to septic tank,0.025,Malaria Indicator Survey - MIS16
Madagascar,MG,MDG,450,National,3,Flush and pour flush - to pit,0.008,Malaria Indicator Survey - MIS16
Madagascar,MG,MDG,450,National,4,Flush and pour flush - to unknown place/ not sure/DK,0.001,Malaria Indicator Survey - MIS16
Madagascar,MG,MDG,450,National,5,Flush and pour flush - to elsewhere,0.001,Malaria Indicator Survey - MIS16
Madagascar,MG,MDG,450,National,6,Dry latrines - Ventilated Improved Pit latrine,0.009,Malaria Indicator Survey - MIS16
Madagascar,MG,MDG,450,National,7,Dry latrines - Pit latrine with slab/covered latrine,0.088,Malaria Indicator Survey - MIS16
Madagascar,MG,MDG,450,National,8,Dry latrines - Traditional latrine,0.0,Malaria Indicator Survey - MIS16
Madagascar,MG,MDG,450,National,9,Dry latrines - Pit latrine without slab/open pit,0.44,Malaria Indicator Survey - MIS16
Madagascar,MG,MDG,450,National,10,Dry latrines - Hanging toilet/hanging latrine,0.018,Malaria Indicator Survey - MIS16
Madagascar,MG,MDG,450,National,11,Dry latrines - Bucket latrine,0.002,Malaria Indicator Survey - MIS16
Madagascar,MG,MDG,450,National,12,Dry latrines - Other,0.0,Malaria Indicator Survey - MIS16
Madagascar,MG,MDG,450,National,13,Composting toilets,0.011,Malaria Indicator Survey - MIS16
Madagascar,MG,MDG,450,National,14,Other improved,0.0,Malaria Indicator Survey - MIS16
Madagascar,MG,MDG,450,National,15,"No facility, bush, field",0.393,Malaria Indicator Survey - MIS16
Madagascar,MG,MDG,450,National,16,Other unimproved,0.0,Malaria Indicator Survey - MIS16
Madagascar,MG,MDG,450,National,17,DK/missing information,0.0,Malaria Indicator Survey - MIS16
Madagascar,MG,MDG,450,Urban,1,Flush and pour flush - to piped sewer system,0.0,Enquête auprès des Ménages - EM01
Madagascar,MG,MDG,450,Urban,2,Flush and pour flush - to septic tank,0.0,Enquête auprès des Ménages - EM01
Madagascar,MG,MDG,450,Urban,3,Flush and pour flush - to pit,0.0,Enquête auprès des Ménages - EM01
Madagascar,MG,MDG,450,Urban,4,Flush and pour flush - to unknown place/ not sure/DK,0.0,Enquête auprès des Ménages - EM01
Madagascar,MG,MDG,450,Urban,5,Flush and pour flush - to elsewhere,0.0,Enquête auprès des Ménages - EM01
Madagascar,MG,MDG,450,Urban,6,Dry latrines - Ventilated Improved Pit latrine,0.0,Enquête auprès des Ménages - EM01
Madagascar,MG,MDG,450,Urban,7,Dry latrines - Pit latrine with slab/covered latrine,0.0,Enquête auprès des Ménages - EM01
Madagascar,MG,MDG,450,Urban,8,Dry latrines - Traditional latrine,0.553,Enquête auprès des Ménages - EM01
Madagascar,MG,MDG,450,Urban,9,Dry latrines - Pit latrine without slab/open pit,0.0,Enquête auprès des Ménages - EM01
Madagascar,MG,MDG,450,Urban,10,Dry latrines - Hanging toilet/hanging latrine,0.0,Enquête auprès des Ménages - EM01
Madagascar,MG,MDG,450,Urban,11,Dry latrines - Bucket latrine,0.0,Enquête auprès des Ménages - EM01
Madagascar,MG,MDG,450,Urban,12,Dry latrines - Other,0.071,Enquête auprès des Ménages - EM01
Madagascar,MG,MDG,450,Urban,13,Composting toilets,0.0,Enquête auprès des Ménages - EM01
Madagascar,MG,MDG,450,Urban,14,Other improved,0.0,Enquête auprès des Ménages - EM01
Madagascar,MG,MDG,450,Urban,15,"No facility, bush, field",0.115,Enquête auprès des Ménages - EM01
Madagascar,MG,MDG,450,Urban,16,Other unimproved,0.107,Enquête auprès des Ménages - EM01
Madagascar,MG,MDG,450,Urban,17,DK/missing information,0.089,Enquête auprès des Ménages - EM01
Madagascar,MG,MDG,450,Rural,1,Flush and pour flush - to piped sewer system,0.0,Enquête auprès des Ménages - EM01
Madagascar,MG,MDG,450,Rural,2,Flush and pour flush - to septic tank,0.0,Enquête auprès des Ménages - EM01
Madagascar,MG,MDG,450,Rural,3,Flush and pour flush - to pit,0.0,Enquête auprès des Ménages - EM01
Madagascar,MG,MDG,450,Rural,4,Flush and pour flush - to unknown place/ not sure/DK,0.0,Enquête auprès des Ménages - EM01
Madagascar,MG,MDG,450,Rural,5,Flush and pour flush - to elsewhere,0.0,Enquête auprès des Ménages - EM01
Madagascar,MG,MDG,450,Rural,6,Dry latrines - Ventilated Improved Pit latrine,0.0,Enquête auprès des Ménages - EM01
Madagascar,MG,MDG,450,Rural,7,Dry latrines - Pit latrine with slab/covered latrine,0.0,Enquête auprès des Ménages - EM01
Madagascar,MG,MDG,450,Rural,8,Dry latrines - Traditional latrine,0.427,Enquête auprès des Ménages - EM01
Madagascar,MG,MDG,450,Rural,9,Dry latrines - Pit latrine without slab/open pit,0.0,Enquête auprès des Ménages - EM01
Madagascar,MG,MDG,450,Rural,10,Dry latrines - Hanging toilet/hanging latrine,0.0,Enquête auprès des Ménages - EM01
Madagascar,MG,MDG,450,Rural,11,Dry latrines - Bucket latrine,0.0,Enquête auprès des Ménages - EM01
Madagascar,MG,MDG,450,Rural,12,Dry latrines - Other,0.069,Enquête auprès des Ménages - EM01
Madagascar,MG,MDG,450,Rural,13,Composting toilets,0.0,Enquête auprès des Ménages - EM01
Madagascar,MG,MDG,450,Rural,14,Other improved,0.0,Enquête auprès des Ménages - EM01
Madagascar,MG,MDG,450,Rural,15,"No facility, bush, field",0.259,Enquête auprès des Ménages - EM01
Madagascar,MG,MDG,450,Rural,16,Other unimproved,0.166,Enquête auprès des Ménages - EM01
Madagascar,MG,MDG,450,Rural,17,DK/missing information,0.066,Enquête auprès des Ménages - EM01
Madagascar,MG,MDG,450,National,1,Flush and pour flush - to piped sewer system,0.0,Enquête auprès des Ménages - EM01
Madagascar,MG,MDG,450,National,2,Flush and pour flush - to septic tank,0.0,Enquête auprès des Ménages - EM01
Madagascar,MG,MDG,450,National,3,Flush and pour flush - to pit,0.0,Enquête auprès des Ménages - EM01
Madagascar,MG,MDG,450,National,4,Flush and pour flush - to unknown place/ not sure/DK,0.0,Enquête auprès des Ménages - EM01
Madagascar,MG,MDG,450,National,5,Flush and pour flush - to elsewhere,0.0,Enquête auprès des Ménages - EM01
Madagascar,MG,MDG,450,National,6,Dry latrines - Ventilated Improved Pit latrine,0.0,Enquête auprès des Ménages - EM01
Madagascar,MG,MDG,450,National,7,Dry latrines - Pit latrine with slab/covered latrine,0.0,Enquête auprès des Ménages - EM01
Madagascar,MG,MDG,450,National,8,Dry latrines - Traditional latrine,0.0,Enquête auprès des Ménages - EM01
Madagascar,MG,MDG,450,National,9,Dry latrines - Pit latrine without slab/open pit,0.0,Enquête auprès des Ménages - EM01
Madagascar,MG,MDG,450,National,10,Dry latrines - Hanging toilet/hanging latrine,0.0,Enquête auprès des Ménages - EM01
Madagascar,MG,MDG,450,National,11,Dry latrines - Bucket latrine,0.0,Enquête auprès des Ménages - EM01
Madagascar,MG,MDG,450,National,12,Dry latrines - Other,0.0,Enquête auprès des Ménages - EM01
Madagascar,MG,MDG,450,National,13,Composting toilets,0.0,Enquête auprès des Ménages - EM01
Madagascar,MG,MDG,450,National,14,Other improved,0.0,Enquête auprès des Ménages - EM01
Madagascar,MG,MDG,450,National,15,"No facility, bush, field",0.0,Enquête auprès des Ménages - EM01
Madagascar,MG,MDG,450,National,16,Other unimproved,0.0,Enquête auprès des Ménages - EM01
Madagascar,MG,MDG,450,National,17,DK/missing information,0.0,Enquête auprès des Ménages - EM01
Madagascar,MG,MDG,450,Urban,1,Flush and pour flush - to piped sewer system,0.0,Enquête Prioritaire  - EP01
Madagascar,MG,MDG,450,Urban,2,Flush and pour flush - to septic tank,0.0,Enquête Prioritaire  - EP01
Madagascar,MG,MDG,450,Urban,3,Flush and pour flush - to pit,0.0,Enquête Prioritaire  - EP01
Madagascar,MG,MDG,450,Urban,4,Flush and pour flush - to unknown place/ not sure/DK,0.0,Enquête Prioritaire  - EP01
Madagascar,MG,MDG,450,Urban,5,Flush and pour flush - to elsewhere,0.0,Enquête Prioritaire  - EP01
Madagascar,MG,MDG,450,Urban,6,Dry latrines - Ventilated Improved Pit latrine,0.0,Enquête Prioritaire  - EP01
Madagascar,MG,MDG,450,Urban,7,Dry latrines - Pit latrine with slab/covered latrine,0.0,Enquête Prioritaire  - EP01
Madagascar,MG,MDG,450,Urban,8,Dry latrines - Traditional latrine,0.612,Enquête Prioritaire  - EP01
Madagascar,MG,MDG,450,Urban,9,Dry latrines - Pit latrine without slab/open pit,0.0,Enquête Prioritaire  - EP01
Madagascar,MG,MDG,450,Urban,10,Dry latrines - Hanging toilet/hanging latrine,0.0,Enquête Prioritaire  - EP01
Madagascar,MG,MDG,450,Urban,11,Dry latrines - Bucket latrine,0.0,Enquête Prioritaire  - EP01
Madagascar,MG,MDG,450,Urban,12,Dry latrines - Other,0.077,Enquête Prioritaire  - EP01
Madagascar,MG,MDG,450,Urban,13,Composting toilets,0.0,Enquête Prioritaire  - EP01
Madagascar,MG,MDG,450,Urban,14,Other improved,0.0,Enquête Prioritaire  - EP01
Madagascar,MG,MDG,450,Urban,15,"No facility, bush, field",0.181,Enquête Prioritaire  - EP01
Madagascar,MG,MDG,450,Urban,16,Other unimproved,0.055,Enquête Prioritaire  - EP01
Madagascar,MG,MDG,450,Urban,17,DK/missing information,0.0,Enquête Prioritaire  - EP01
Madagascar,MG,MDG,450,Rural,1,Flush and pour flush - to piped sewer system,0.0,Enquête Prioritaire  - EP01
Madagascar,MG,MDG,450,Rural,2,Flush and pour flush - to septic tank,0.0,Enquête Prioritaire  - EP01
Madagascar,MG,MDG,450,Rural,3,Flush and pour flush - to pit,0.0,Enquête Prioritaire  - EP01
Madagascar,MG,MDG,450,Rural,4,Flush and pour flush - to unknown place/ not sure/DK,0.0,Enquête Prioritaire  - EP01
Madagascar,MG,MDG,450,Rural,5,Flush and pour flush - to elsewhere,0.0,Enquête Prioritaire  - EP01
Madagascar,MG,MDG,450,Rural,6,Dry latrines - Ventilated Improved Pit latrine,0.0,Enquête Prioritaire  - EP01
Madagascar,MG,MDG,450,Rural,7,Dry latrines - Pit latrine with slab/covered latrine,0.0,Enquête Prioritaire  - EP01
Madagascar,MG,MDG,450,Rural,8,Dry latrines - Traditional latrine,0.463,Enquête Prioritaire  - EP01
Madagascar,MG,MDG,450,Rural,9,Dry latrines - Pit latrine without slab/open pit,0.0,Enquête Prioritaire  - EP01
Madagascar,MG,MDG,450,Rural,10,Dry latrines - Hanging toilet/hanging latrine,0.0,Enquête Prioritaire  - EP01
Madagascar,MG,MDG,450,Rural,11,Dry latrines - Bucket latrine,0.0,Enquête Prioritaire  - EP01
Madagascar,MG,MDG,450,Rural,12,Dry latrines - Other,0.091,Enquête Prioritaire  - EP01
Madagascar,MG,MDG,450,Rural,13,Composting toilets,0.0,Enquête Prioritaire  - EP01
Madagascar,MG,MDG,450,Rural,14,Other improved,0.0,Enquête Prioritaire  - EP01
Madagascar,MG,MDG,450,Rural,15,"No facility, bush, field",0.281,Enquête Prioritaire  - EP01
Madagascar,MG,MDG,450,Rural,16,Other unimproved,0.15,Enquête Prioritaire  - EP01
Madagascar,MG,MDG,450,Rural,17,DK/missing information,0.0,Enquête Prioritaire  - EP01
Madagascar,MG,MDG,450,National,1,Flush and pour flush - to piped sewer system,0.0,Enquête Prioritaire  - EP01
Madagascar,MG,MDG,450,National,2,Flush and pour flush - to septic tank,0.0,Enquête Prioritaire  - EP01
Madagascar,MG,MDG,450,National,3,Flush and pour flush - to pit,0.0,Enquête Prioritaire  - EP01
Madagascar,MG,MDG,450,National,4,Flush and pour flush - to unknown place/ not sure/DK,0.0,Enquête Prioritaire  - EP01
Madagascar,MG,MDG,450,National,5,Flush and pour flush - to elsewhere,0.0,Enquête Prioritaire  - EP01
Madagascar,MG,MDG,450,National,6,Dry latrines - Ventilated Improved Pit latrine,0.0,Enquête Prioritaire  - EP01
Madagascar,MG,MDG,450,National,7,Dry latrines - Pit latrine with slab/covered latrine,0.0,Enquête Prioritaire  - EP01
Madagascar,MG,MDG,450,National,8,Dry latrines - Traditional latrine,0.493,Enquête Prioritaire  - EP01
Madagascar,MG,MDG,450,National,9,Dry latrines - Pit latrine without slab/open pit,0.0,Enquête Prioritaire  - EP01
Madagascar,MG,MDG,450,National,10,Dry latrines - Hanging toilet/hanging latrine,0.0,Enquête Prioritaire  - EP01
Madagascar,MG,MDG,450,National,11,Dry latrines - Bucket latrine,0.0,Enquête Prioritaire  - EP01
Madagascar,MG,MDG,450,National,12,Dry latrines - Other,0.075,Enquête Prioritaire  - EP01
Madagascar,MG,MDG,450,National,13,Composting toilets,0.0,Enquête Prioritaire  - EP01
Madagascar,MG,MDG,450,National,14,Other improved,0.0,Enquête Prioritaire  - EP01
Madagascar,MG,MDG,450,National,15,"No facility, bush, field",0.242,Enquête Prioritaire  - EP01
Madagascar,MG,MDG,450,National,16,Other unimproved,0.162,Enquête Prioritaire  - EP01
Madagascar,MG,MDG,450,National,17,DK/missing information,0.0,Enquête Prioritaire  - EP01
