country,alpha-2,alpha-3,numeric,context,classific_id,classification,percentage,source
Mozambique,MZ,MOZ,508,Urban,1,Flush and pour flush - to piped sewer system,0.053,"Questionário de Indicadores Básicos de Bem-estar, 2000-2001 - QUIBB01"
Mozambique,MZ,MOZ,508,Urban,2,Flush and pour flush - to septic tank,0.054,"Questionário de Indicadores Básicos de Bem-estar, 2000-2001 - QUIBB01"
Mozambique,MZ,MOZ,508,Urban,3,Flush and pour flush - to pit,0.0,"Questionário de Indicadores Básicos de Bem-estar, 2000-2001 - QUIBB01"
Mozambique,MZ,MOZ,508,Urban,4,Flush and pour flush - to unknown place/ not sure/DK,0.0,"Questionário de Indicadores Básicos de Bem-estar, 2000-2001 - QUIBB01"
Mozambique,MZ,MOZ,508,Urban,5,Flush and pour flush - to elsewhere,0.0,"Questionário de Indicadores Básicos de Bem-estar, 2000-2001 - QUIBB01"
Mozambique,MZ,MOZ,508,Urban,6,Dry latrines - Ventilated Improved Pit latrine,0.207,"Questionário de Indicadores Básicos de Bem-estar, 2000-2001 - QUIBB01"
Mozambique,MZ,MOZ,508,Urban,7,Dry latrines - Pit latrine with slab/covered latrine,0.0,"Questionário de Indicadores Básicos de Bem-estar, 2000-2001 - QUIBB01"
Mozambique,MZ,MOZ,508,Urban,8,Dry latrines - Traditional latrine,0.433,"Questionário de Indicadores Básicos de Bem-estar, 2000-2001 - QUIBB01"
Mozambique,MZ,MOZ,508,Urban,9,Dry latrines - Pit latrine without slab/open pit,0.0,"Questionário de Indicadores Básicos de Bem-estar, 2000-2001 - QUIBB01"
Mozambique,MZ,MOZ,508,Urban,10,Dry latrines - Hanging toilet/hanging latrine,0.0,"Questionário de Indicadores Básicos de Bem-estar, 2000-2001 - QUIBB01"
Mozambique,MZ,MOZ,508,Urban,11,Dry latrines - Bucket latrine,0.0,"Questionário de Indicadores Básicos de Bem-estar, 2000-2001 - QUIBB01"
Mozambique,MZ,MOZ,508,Urban,12,Dry latrines - Other,0.0,"Questionário de Indicadores Básicos de Bem-estar, 2000-2001 - QUIBB01"
Mozambique,MZ,MOZ,508,Urban,13,Composting toilets,0.0,"Questionário de Indicadores Básicos de Bem-estar, 2000-2001 - QUIBB01"
Mozambique,MZ,MOZ,508,Urban,14,Other improved,0.0,"Questionário de Indicadores Básicos de Bem-estar, 2000-2001 - QUIBB01"
Mozambique,MZ,MOZ,508,Urban,15,"No facility, bush, field",0.213,"Questionário de Indicadores Básicos de Bem-estar, 2000-2001 - QUIBB01"
Mozambique,MZ,MOZ,508,Urban,16,Other unimproved,0.04,"Questionário de Indicadores Básicos de Bem-estar, 2000-2001 - QUIBB01"
Mozambique,MZ,MOZ,508,Urban,17,DK/missing information,0.0,"Questionário de Indicadores Básicos de Bem-estar, 2000-2001 - QUIBB01"
Mozambique,MZ,MOZ,508,Rural,1,Flush and pour flush - to piped sewer system,0.001,"Questionário de Indicadores Básicos de Bem-estar, 2000-2001 - QUIBB01"
Mozambique,MZ,MOZ,508,Rural,2,Flush and pour flush - to septic tank,0.002,"Questionário de Indicadores Básicos de Bem-estar, 2000-2001 - QUIBB01"
Mozambique,MZ,MOZ,508,Rural,3,Flush and pour flush - to pit,0.0,"Questionário de Indicadores Básicos de Bem-estar, 2000-2001 - QUIBB01"
Mozambique,MZ,MOZ,508,Rural,4,Flush and pour flush - to unknown place/ not sure/DK,0.0,"Questionário de Indicadores Básicos de Bem-estar, 2000-2001 - QUIBB01"
Mozambique,MZ,MOZ,508,Rural,5,Flush and pour flush - to elsewhere,0.0,"Questionário de Indicadores Básicos de Bem-estar, 2000-2001 - QUIBB01"
Mozambique,MZ,MOZ,508,Rural,6,Dry latrines - Ventilated Improved Pit latrine,0.014,"Questionário de Indicadores Básicos de Bem-estar, 2000-2001 - QUIBB01"
Mozambique,MZ,MOZ,508,Rural,7,Dry latrines - Pit latrine with slab/covered latrine,0.0,"Questionário de Indicadores Básicos de Bem-estar, 2000-2001 - QUIBB01"
Mozambique,MZ,MOZ,508,Rural,8,Dry latrines - Traditional latrine,0.27,"Questionário de Indicadores Básicos de Bem-estar, 2000-2001 - QUIBB01"
Mozambique,MZ,MOZ,508,Rural,9,Dry latrines - Pit latrine without slab/open pit,0.0,"Questionário de Indicadores Básicos de Bem-estar, 2000-2001 - QUIBB01"
Mozambique,MZ,MOZ,508,Rural,10,Dry latrines - Hanging toilet/hanging latrine,0.0,"Questionário de Indicadores Básicos de Bem-estar, 2000-2001 - QUIBB01"
Mozambique,MZ,MOZ,508,Rural,11,Dry latrines - Bucket latrine,0.0,"Questionário de Indicadores Básicos de Bem-estar, 2000-2001 - QUIBB01"
Mozambique,MZ,MOZ,508,Rural,12,Dry latrines - Other,0.0,"Questionário de Indicadores Básicos de Bem-estar, 2000-2001 - QUIBB01"
Mozambique,MZ,MOZ,508,Rural,13,Composting toilets,0.0,"Questionário de Indicadores Básicos de Bem-estar, 2000-2001 - QUIBB01"
Mozambique,MZ,MOZ,508,Rural,14,Other improved,0.0,"Questionário de Indicadores Básicos de Bem-estar, 2000-2001 - QUIBB01"
Mozambique,MZ,MOZ,508,Rural,15,"No facility, bush, field",0.709,"Questionário de Indicadores Básicos de Bem-estar, 2000-2001 - QUIBB01"
Mozambique,MZ,MOZ,508,Rural,16,Other unimproved,0.004,"Questionário de Indicadores Básicos de Bem-estar, 2000-2001 - QUIBB01"
Mozambique,MZ,MOZ,508,Rural,17,DK/missing information,0.0,"Questionário de Indicadores Básicos de Bem-estar, 2000-2001 - QUIBB01"
Mozambique,MZ,MOZ,508,National,1,Flush and pour flush - to piped sewer system,0.0,"Questionário de Indicadores Básicos de Bem-estar, 2000-2001 - QUIBB01"
Mozambique,MZ,MOZ,508,National,2,Flush and pour flush - to septic tank,0.0,"Questionário de Indicadores Básicos de Bem-estar, 2000-2001 - QUIBB01"
Mozambique,MZ,MOZ,508,National,3,Flush and pour flush - to pit,0.0,"Questionário de Indicadores Básicos de Bem-estar, 2000-2001 - QUIBB01"
Mozambique,MZ,MOZ,508,National,4,Flush and pour flush - to unknown place/ not sure/DK,0.0,"Questionário de Indicadores Básicos de Bem-estar, 2000-2001 - QUIBB01"
Mozambique,MZ,MOZ,508,National,5,Flush and pour flush - to elsewhere,0.0,"Questionário de Indicadores Básicos de Bem-estar, 2000-2001 - QUIBB01"
Mozambique,MZ,MOZ,508,National,6,Dry latrines - Ventilated Improved Pit latrine,0.0,"Questionário de Indicadores Básicos de Bem-estar, 2000-2001 - QUIBB01"
Mozambique,MZ,MOZ,508,National,7,Dry latrines - Pit latrine with slab/covered latrine,0.0,"Questionário de Indicadores Básicos de Bem-estar, 2000-2001 - QUIBB01"
Mozambique,MZ,MOZ,508,National,8,Dry latrines - Traditional latrine,0.0,"Questionário de Indicadores Básicos de Bem-estar, 2000-2001 - QUIBB01"
Mozambique,MZ,MOZ,508,National,9,Dry latrines - Pit latrine without slab/open pit,0.0,"Questionário de Indicadores Básicos de Bem-estar, 2000-2001 - QUIBB01"
Mozambique,MZ,MOZ,508,National,10,Dry latrines - Hanging toilet/hanging latrine,0.0,"Questionário de Indicadores Básicos de Bem-estar, 2000-2001 - QUIBB01"
Mozambique,MZ,MOZ,508,National,11,Dry latrines - Bucket latrine,0.0,"Questionário de Indicadores Básicos de Bem-estar, 2000-2001 - QUIBB01"
Mozambique,MZ,MOZ,508,National,12,Dry latrines - Other,0.0,"Questionário de Indicadores Básicos de Bem-estar, 2000-2001 - QUIBB01"
Mozambique,MZ,MOZ,508,National,13,Composting toilets,0.0,"Questionário de Indicadores Básicos de Bem-estar, 2000-2001 - QUIBB01"
Mozambique,MZ,MOZ,508,National,14,Other improved,0.0,"Questionário de Indicadores Básicos de Bem-estar, 2000-2001 - QUIBB01"
Mozambique,MZ,MOZ,508,National,15,"No facility, bush, field",0.0,"Questionário de Indicadores Básicos de Bem-estar, 2000-2001 - QUIBB01"
Mozambique,MZ,MOZ,508,National,16,Other unimproved,0.0,"Questionário de Indicadores Básicos de Bem-estar, 2000-2001 - QUIBB01"
Mozambique,MZ,MOZ,508,National,17,DK/missing information,0.0,"Questionário de Indicadores Básicos de Bem-estar, 2000-2001 - QUIBB01"
Mozambique,MZ,MOZ,508,Urban,1,Flush and pour flush - to piped sewer system,0.046,"Inquerito dos agregados familiares, 2002-2003 - IAF03"
Mozambique,MZ,MOZ,508,Urban,2,Flush and pour flush - to septic tank,0.074,"Inquerito dos agregados familiares, 2002-2003 - IAF03"
Mozambique,MZ,MOZ,508,Urban,3,Flush and pour flush - to pit,0.0,"Inquerito dos agregados familiares, 2002-2003 - IAF03"
Mozambique,MZ,MOZ,508,Urban,4,Flush and pour flush - to unknown place/ not sure/DK,0.0,"Inquerito dos agregados familiares, 2002-2003 - IAF03"
Mozambique,MZ,MOZ,508,Urban,5,Flush and pour flush - to elsewhere,0.0,"Inquerito dos agregados familiares, 2002-2003 - IAF03"
Mozambique,MZ,MOZ,508,Urban,6,Dry latrines - Ventilated Improved Pit latrine,0.206,"Inquerito dos agregados familiares, 2002-2003 - IAF03"
Mozambique,MZ,MOZ,508,Urban,7,Dry latrines - Pit latrine with slab/covered latrine,0.0,"Inquerito dos agregados familiares, 2002-2003 - IAF03"
Mozambique,MZ,MOZ,508,Urban,8,Dry latrines - Traditional latrine,0.391,"Inquerito dos agregados familiares, 2002-2003 - IAF03"
Mozambique,MZ,MOZ,508,Urban,9,Dry latrines - Pit latrine without slab/open pit,0.0,"Inquerito dos agregados familiares, 2002-2003 - IAF03"
Mozambique,MZ,MOZ,508,Urban,10,Dry latrines - Hanging toilet/hanging latrine,0.0,"Inquerito dos agregados familiares, 2002-2003 - IAF03"
Mozambique,MZ,MOZ,508,Urban,11,Dry latrines - Bucket latrine,0.0,"Inquerito dos agregados familiares, 2002-2003 - IAF03"
Mozambique,MZ,MOZ,508,Urban,12,Dry latrines - Other,0.0,"Inquerito dos agregados familiares, 2002-2003 - IAF03"
Mozambique,MZ,MOZ,508,Urban,13,Composting toilets,0.0,"Inquerito dos agregados familiares, 2002-2003 - IAF03"
Mozambique,MZ,MOZ,508,Urban,14,Other improved,0.0,"Inquerito dos agregados familiares, 2002-2003 - IAF03"
Mozambique,MZ,MOZ,508,Urban,15,"No facility, bush, field",0.273,"Inquerito dos agregados familiares, 2002-2003 - IAF03"
Mozambique,MZ,MOZ,508,Urban,16,Other unimproved,0.01,"Inquerito dos agregados familiares, 2002-2003 - IAF03"
Mozambique,MZ,MOZ,508,Urban,17,DK/missing information,0.0,"Inquerito dos agregados familiares, 2002-2003 - IAF03"
Mozambique,MZ,MOZ,508,Rural,1,Flush and pour flush - to piped sewer system,0.001,"Inquerito dos agregados familiares, 2002-2003 - IAF03"
Mozambique,MZ,MOZ,508,Rural,2,Flush and pour flush - to septic tank,0.002,"Inquerito dos agregados familiares, 2002-2003 - IAF03"
Mozambique,MZ,MOZ,508,Rural,3,Flush and pour flush - to pit,0.0,"Inquerito dos agregados familiares, 2002-2003 - IAF03"
Mozambique,MZ,MOZ,508,Rural,4,Flush and pour flush - to unknown place/ not sure/DK,0.0,"Inquerito dos agregados familiares, 2002-2003 - IAF03"
Mozambique,MZ,MOZ,508,Rural,5,Flush and pour flush - to elsewhere,0.0,"Inquerito dos agregados familiares, 2002-2003 - IAF03"
Mozambique,MZ,MOZ,508,Rural,6,Dry latrines - Ventilated Improved Pit latrine,0.018,"Inquerito dos agregados familiares, 2002-2003 - IAF03"
Mozambique,MZ,MOZ,508,Rural,7,Dry latrines - Pit latrine with slab/covered latrine,0.0,"Inquerito dos agregados familiares, 2002-2003 - IAF03"
Mozambique,MZ,MOZ,508,Rural,8,Dry latrines - Traditional latrine,0.312,"Inquerito dos agregados familiares, 2002-2003 - IAF03"
Mozambique,MZ,MOZ,508,Rural,9,Dry latrines - Pit latrine without slab/open pit,0.0,"Inquerito dos agregados familiares, 2002-2003 - IAF03"
Mozambique,MZ,MOZ,508,Rural,10,Dry latrines - Hanging toilet/hanging latrine,0.0,"Inquerito dos agregados familiares, 2002-2003 - IAF03"
Mozambique,MZ,MOZ,508,Rural,11,Dry latrines - Bucket latrine,0.0,"Inquerito dos agregados familiares, 2002-2003 - IAF03"
Mozambique,MZ,MOZ,508,Rural,12,Dry latrines - Other,0.0,"Inquerito dos agregados familiares, 2002-2003 - IAF03"
Mozambique,MZ,MOZ,508,Rural,13,Composting toilets,0.0,"Inquerito dos agregados familiares, 2002-2003 - IAF03"
Mozambique,MZ,MOZ,508,Rural,14,Other improved,0.0,"Inquerito dos agregados familiares, 2002-2003 - IAF03"
Mozambique,MZ,MOZ,508,Rural,15,"No facility, bush, field",0.663,"Inquerito dos agregados familiares, 2002-2003 - IAF03"
Mozambique,MZ,MOZ,508,Rural,16,Other unimproved,0.003,"Inquerito dos agregados familiares, 2002-2003 - IAF03"
Mozambique,MZ,MOZ,508,Rural,17,DK/missing information,0.0,"Inquerito dos agregados familiares, 2002-2003 - IAF03"
Mozambique,MZ,MOZ,508,National,1,Flush and pour flush - to piped sewer system,0.014,"Inquerito dos agregados familiares, 2002-2003 - IAF03"
Mozambique,MZ,MOZ,508,National,2,Flush and pour flush - to septic tank,0.024,"Inquerito dos agregados familiares, 2002-2003 - IAF03"
Mozambique,MZ,MOZ,508,National,3,Flush and pour flush - to pit,0.0,"Inquerito dos agregados familiares, 2002-2003 - IAF03"
Mozambique,MZ,MOZ,508,National,4,Flush and pour flush - to unknown place/ not sure/DK,0.0,"Inquerito dos agregados familiares, 2002-2003 - IAF03"
Mozambique,MZ,MOZ,508,National,5,Flush and pour flush - to elsewhere,0.0,"Inquerito dos agregados familiares, 2002-2003 - IAF03"
Mozambique,MZ,MOZ,508,National,6,Dry latrines - Ventilated Improved Pit latrine,0.074,"Inquerito dos agregados familiares, 2002-2003 - IAF03"
Mozambique,MZ,MOZ,508,National,7,Dry latrines - Pit latrine with slab/covered latrine,0.0,"Inquerito dos agregados familiares, 2002-2003 - IAF03"
Mozambique,MZ,MOZ,508,National,8,Dry latrines - Traditional latrine,0.336,"Inquerito dos agregados familiares, 2002-2003 - IAF03"
Mozambique,MZ,MOZ,508,National,9,Dry latrines - Pit latrine without slab/open pit,0.0,"Inquerito dos agregados familiares, 2002-2003 - IAF03"
Mozambique,MZ,MOZ,508,National,10,Dry latrines - Hanging toilet/hanging latrine,0.0,"Inquerito dos agregados familiares, 2002-2003 - IAF03"
Mozambique,MZ,MOZ,508,National,11,Dry latrines - Bucket latrine,0.0,"Inquerito dos agregados familiares, 2002-2003 - IAF03"
Mozambique,MZ,MOZ,508,National,12,Dry latrines - Other,0.0,"Inquerito dos agregados familiares, 2002-2003 - IAF03"
Mozambique,MZ,MOZ,508,National,13,Composting toilets,0.0,"Inquerito dos agregados familiares, 2002-2003 - IAF03"
Mozambique,MZ,MOZ,508,National,14,Other improved,0.0,"Inquerito dos agregados familiares, 2002-2003 - IAF03"
Mozambique,MZ,MOZ,508,National,15,"No facility, bush, field",0.547,"Inquerito dos agregados familiares, 2002-2003 - IAF03"
Mozambique,MZ,MOZ,508,National,16,Other unimproved,0.005,"Inquerito dos agregados familiares, 2002-2003 - IAF03"
Mozambique,MZ,MOZ,508,National,17,DK/missing information,0.0,"Inquerito dos agregados familiares, 2002-2003 - IAF03"
Mozambique,MZ,MOZ,508,Urban,1,Flush and pour flush - to piped sewer system,0.0,Demographic and Health Survey - DHS03
Mozambique,MZ,MOZ,508,Urban,2,Flush and pour flush - to septic tank,0.0,Demographic and Health Survey - DHS03
Mozambique,MZ,MOZ,508,Urban,3,Flush and pour flush - to pit,0.0,Demographic and Health Survey - DHS03
Mozambique,MZ,MOZ,508,Urban,4,Flush and pour flush - to unknown place/ not sure/DK,0.0,Demographic and Health Survey - DHS03
Mozambique,MZ,MOZ,508,Urban,5,Flush and pour flush - to elsewhere,0.0,Demographic and Health Survey - DHS03
Mozambique,MZ,MOZ,508,Urban,6,Dry latrines - Ventilated Improved Pit latrine,0.0,Demographic and Health Survey - DHS03
Mozambique,MZ,MOZ,508,Urban,7,Dry latrines - Pit latrine with slab/covered latrine,0.0,Demographic and Health Survey - DHS03
Mozambique,MZ,MOZ,508,Urban,8,Dry latrines - Traditional latrine,0.0,Demographic and Health Survey - DHS03
Mozambique,MZ,MOZ,508,Urban,9,Dry latrines - Pit latrine without slab/open pit,0.0,Demographic and Health Survey - DHS03
Mozambique,MZ,MOZ,508,Urban,10,Dry latrines - Hanging toilet/hanging latrine,0.0,Demographic and Health Survey - DHS03
Mozambique,MZ,MOZ,508,Urban,11,Dry latrines - Bucket latrine,0.0,Demographic and Health Survey - DHS03
Mozambique,MZ,MOZ,508,Urban,12,Dry latrines - Other,0.0,Demographic and Health Survey - DHS03
Mozambique,MZ,MOZ,508,Urban,13,Composting toilets,0.0,Demographic and Health Survey - DHS03
Mozambique,MZ,MOZ,508,Urban,14,Other improved,0.0,Demographic and Health Survey - DHS03
Mozambique,MZ,MOZ,508,Urban,15,"No facility, bush, field",0.216,Demographic and Health Survey - DHS03
Mozambique,MZ,MOZ,508,Urban,16,Other unimproved,0.054,Demographic and Health Survey - DHS03
Mozambique,MZ,MOZ,508,Urban,17,DK/missing information,0.0,Demographic and Health Survey - DHS03
Mozambique,MZ,MOZ,508,Rural,1,Flush and pour flush - to piped sewer system,0.0,Demographic and Health Survey - DHS03
Mozambique,MZ,MOZ,508,Rural,2,Flush and pour flush - to septic tank,0.0,Demographic and Health Survey - DHS03
Mozambique,MZ,MOZ,508,Rural,3,Flush and pour flush - to pit,0.0,Demographic and Health Survey - DHS03
Mozambique,MZ,MOZ,508,Rural,4,Flush and pour flush - to unknown place/ not sure/DK,0.0,Demographic and Health Survey - DHS03
Mozambique,MZ,MOZ,508,Rural,5,Flush and pour flush - to elsewhere,0.0,Demographic and Health Survey - DHS03
Mozambique,MZ,MOZ,508,Rural,6,Dry latrines - Ventilated Improved Pit latrine,0.0,Demographic and Health Survey - DHS03
Mozambique,MZ,MOZ,508,Rural,7,Dry latrines - Pit latrine with slab/covered latrine,0.0,Demographic and Health Survey - DHS03
Mozambique,MZ,MOZ,508,Rural,8,Dry latrines - Traditional latrine,0.0,Demographic and Health Survey - DHS03
Mozambique,MZ,MOZ,508,Rural,9,Dry latrines - Pit latrine without slab/open pit,0.0,Demographic and Health Survey - DHS03
Mozambique,MZ,MOZ,508,Rural,10,Dry latrines - Hanging toilet/hanging latrine,0.0,Demographic and Health Survey - DHS03
Mozambique,MZ,MOZ,508,Rural,11,Dry latrines - Bucket latrine,0.0,Demographic and Health Survey - DHS03
Mozambique,MZ,MOZ,508,Rural,12,Dry latrines - Other,0.0,Demographic and Health Survey - DHS03
Mozambique,MZ,MOZ,508,Rural,13,Composting toilets,0.0,Demographic and Health Survey - DHS03
Mozambique,MZ,MOZ,508,Rural,14,Other improved,0.0,Demographic and Health Survey - DHS03
Mozambique,MZ,MOZ,508,Rural,15,"No facility, bush, field",0.63,Demographic and Health Survey - DHS03
Mozambique,MZ,MOZ,508,Rural,16,Other unimproved,0.008,Demographic and Health Survey - DHS03
Mozambique,MZ,MOZ,508,Rural,17,DK/missing information,0.0,Demographic and Health Survey - DHS03
Mozambique,MZ,MOZ,508,National,1,Flush and pour flush - to piped sewer system,0.0,Demographic and Health Survey - DHS03
Mozambique,MZ,MOZ,508,National,2,Flush and pour flush - to septic tank,0.0,Demographic and Health Survey - DHS03
Mozambique,MZ,MOZ,508,National,3,Flush and pour flush - to pit,0.0,Demographic and Health Survey - DHS03
Mozambique,MZ,MOZ,508,National,4,Flush and pour flush - to unknown place/ not sure/DK,0.0,Demographic and Health Survey - DHS03
Mozambique,MZ,MOZ,508,National,5,Flush and pour flush - to elsewhere,0.0,Demographic and Health Survey - DHS03
Mozambique,MZ,MOZ,508,National,6,Dry latrines - Ventilated Improved Pit latrine,0.0,Demographic and Health Survey - DHS03
Mozambique,MZ,MOZ,508,National,7,Dry latrines - Pit latrine with slab/covered latrine,0.0,Demographic and Health Survey - DHS03
Mozambique,MZ,MOZ,508,National,8,Dry latrines - Traditional latrine,0.0,Demographic and Health Survey - DHS03
Mozambique,MZ,MOZ,508,National,9,Dry latrines - Pit latrine without slab/open pit,0.0,Demographic and Health Survey - DHS03
Mozambique,MZ,MOZ,508,National,10,Dry latrines - Hanging toilet/hanging latrine,0.0,Demographic and Health Survey - DHS03
Mozambique,MZ,MOZ,508,National,11,Dry latrines - Bucket latrine,0.0,Demographic and Health Survey - DHS03
Mozambique,MZ,MOZ,508,National,12,Dry latrines - Other,0.0,Demographic and Health Survey - DHS03
Mozambique,MZ,MOZ,508,National,13,Composting toilets,0.0,Demographic and Health Survey - DHS03
Mozambique,MZ,MOZ,508,National,14,Other improved,0.0,Demographic and Health Survey - DHS03
Mozambique,MZ,MOZ,508,National,15,"No facility, bush, field",0.0,Demographic and Health Survey - DHS03
Mozambique,MZ,MOZ,508,National,16,Other unimproved,0.0,Demographic and Health Survey - DHS03
Mozambique,MZ,MOZ,508,National,17,DK/missing information,0.0,Demographic and Health Survey - DHS03
Mozambique,MZ,MOZ,508,Urban,1,Flush and pour flush - to piped sewer system,0.054,Inquérito Integrado à Força de Trabalho 2004-2005 - IFTRAB05
Mozambique,MZ,MOZ,508,Urban,2,Flush and pour flush - to septic tank,0.102,Inquérito Integrado à Força de Trabalho 2004-2005 - IFTRAB05
Mozambique,MZ,MOZ,508,Urban,3,Flush and pour flush - to pit,0.0,Inquérito Integrado à Força de Trabalho 2004-2005 - IFTRAB05
Mozambique,MZ,MOZ,508,Urban,4,Flush and pour flush - to unknown place/ not sure/DK,0.0,Inquérito Integrado à Força de Trabalho 2004-2005 - IFTRAB05
Mozambique,MZ,MOZ,508,Urban,5,Flush and pour flush - to elsewhere,0.0,Inquérito Integrado à Força de Trabalho 2004-2005 - IFTRAB05
Mozambique,MZ,MOZ,508,Urban,6,Dry latrines - Ventilated Improved Pit latrine,0.184,Inquérito Integrado à Força de Trabalho 2004-2005 - IFTRAB05
Mozambique,MZ,MOZ,508,Urban,7,Dry latrines - Pit latrine with slab/covered latrine,0.0,Inquérito Integrado à Força de Trabalho 2004-2005 - IFTRAB05
Mozambique,MZ,MOZ,508,Urban,8,Dry latrines - Traditional latrine,0.438,Inquérito Integrado à Força de Trabalho 2004-2005 - IFTRAB05
Mozambique,MZ,MOZ,508,Urban,9,Dry latrines - Pit latrine without slab/open pit,0.0,Inquérito Integrado à Força de Trabalho 2004-2005 - IFTRAB05
Mozambique,MZ,MOZ,508,Urban,10,Dry latrines - Hanging toilet/hanging latrine,0.0,Inquérito Integrado à Força de Trabalho 2004-2005 - IFTRAB05
Mozambique,MZ,MOZ,508,Urban,11,Dry latrines - Bucket latrine,0.0,Inquérito Integrado à Força de Trabalho 2004-2005 - IFTRAB05
Mozambique,MZ,MOZ,508,Urban,12,Dry latrines - Other,0.0,Inquérito Integrado à Força de Trabalho 2004-2005 - IFTRAB05
Mozambique,MZ,MOZ,508,Urban,13,Composting toilets,0.0,Inquérito Integrado à Força de Trabalho 2004-2005 - IFTRAB05
Mozambique,MZ,MOZ,508,Urban,14,Other improved,0.0,Inquérito Integrado à Força de Trabalho 2004-2005 - IFTRAB05
Mozambique,MZ,MOZ,508,Urban,15,"No facility, bush, field",0.166,Inquérito Integrado à Força de Trabalho 2004-2005 - IFTRAB05
Mozambique,MZ,MOZ,508,Urban,16,Other unimproved,0.056,Inquérito Integrado à Força de Trabalho 2004-2005 - IFTRAB05
Mozambique,MZ,MOZ,508,Urban,17,DK/missing information,0.0,Inquérito Integrado à Força de Trabalho 2004-2005 - IFTRAB05
Mozambique,MZ,MOZ,508,Rural,1,Flush and pour flush - to piped sewer system,0.0,Inquérito Integrado à Força de Trabalho 2004-2005 - IFTRAB05
Mozambique,MZ,MOZ,508,Rural,2,Flush and pour flush - to septic tank,0.003,Inquérito Integrado à Força de Trabalho 2004-2005 - IFTRAB05
Mozambique,MZ,MOZ,508,Rural,3,Flush and pour flush - to pit,0.0,Inquérito Integrado à Força de Trabalho 2004-2005 - IFTRAB05
Mozambique,MZ,MOZ,508,Rural,4,Flush and pour flush - to unknown place/ not sure/DK,0.0,Inquérito Integrado à Força de Trabalho 2004-2005 - IFTRAB05
Mozambique,MZ,MOZ,508,Rural,5,Flush and pour flush - to elsewhere,0.0,Inquérito Integrado à Força de Trabalho 2004-2005 - IFTRAB05
Mozambique,MZ,MOZ,508,Rural,6,Dry latrines - Ventilated Improved Pit latrine,0.021,Inquérito Integrado à Força de Trabalho 2004-2005 - IFTRAB05
Mozambique,MZ,MOZ,508,Rural,7,Dry latrines - Pit latrine with slab/covered latrine,0.0,Inquérito Integrado à Força de Trabalho 2004-2005 - IFTRAB05
Mozambique,MZ,MOZ,508,Rural,8,Dry latrines - Traditional latrine,0.299,Inquérito Integrado à Força de Trabalho 2004-2005 - IFTRAB05
Mozambique,MZ,MOZ,508,Rural,9,Dry latrines - Pit latrine without slab/open pit,0.0,Inquérito Integrado à Força de Trabalho 2004-2005 - IFTRAB05
Mozambique,MZ,MOZ,508,Rural,10,Dry latrines - Hanging toilet/hanging latrine,0.0,Inquérito Integrado à Força de Trabalho 2004-2005 - IFTRAB05
Mozambique,MZ,MOZ,508,Rural,11,Dry latrines - Bucket latrine,0.0,Inquérito Integrado à Força de Trabalho 2004-2005 - IFTRAB05
Mozambique,MZ,MOZ,508,Rural,12,Dry latrines - Other,0.0,Inquérito Integrado à Força de Trabalho 2004-2005 - IFTRAB05
Mozambique,MZ,MOZ,508,Rural,13,Composting toilets,0.0,Inquérito Integrado à Força de Trabalho 2004-2005 - IFTRAB05
Mozambique,MZ,MOZ,508,Rural,14,Other improved,0.0,Inquérito Integrado à Força de Trabalho 2004-2005 - IFTRAB05
Mozambique,MZ,MOZ,508,Rural,15,"No facility, bush, field",0.664,Inquérito Integrado à Força de Trabalho 2004-2005 - IFTRAB05
Mozambique,MZ,MOZ,508,Rural,16,Other unimproved,0.013,Inquérito Integrado à Força de Trabalho 2004-2005 - IFTRAB05
Mozambique,MZ,MOZ,508,Rural,17,DK/missing information,0.0,Inquérito Integrado à Força de Trabalho 2004-2005 - IFTRAB05
Mozambique,MZ,MOZ,508,National,1,Flush and pour flush - to piped sewer system,0.016,Inquérito Integrado à Força de Trabalho 2004-2005 - IFTRAB05
Mozambique,MZ,MOZ,508,National,2,Flush and pour flush - to septic tank,0.032,Inquérito Integrado à Força de Trabalho 2004-2005 - IFTRAB05
Mozambique,MZ,MOZ,508,National,3,Flush and pour flush - to pit,0.0,Inquérito Integrado à Força de Trabalho 2004-2005 - IFTRAB05
Mozambique,MZ,MOZ,508,National,4,Flush and pour flush - to unknown place/ not sure/DK,0.0,Inquérito Integrado à Força de Trabalho 2004-2005 - IFTRAB05
Mozambique,MZ,MOZ,508,National,5,Flush and pour flush - to elsewhere,0.0,Inquérito Integrado à Força de Trabalho 2004-2005 - IFTRAB05
Mozambique,MZ,MOZ,508,National,6,Dry latrines - Ventilated Improved Pit latrine,0.069,Inquérito Integrado à Força de Trabalho 2004-2005 - IFTRAB05
Mozambique,MZ,MOZ,508,National,7,Dry latrines - Pit latrine with slab/covered latrine,0.0,Inquérito Integrado à Força de Trabalho 2004-2005 - IFTRAB05
Mozambique,MZ,MOZ,508,National,8,Dry latrines - Traditional latrine,0.34,Inquérito Integrado à Força de Trabalho 2004-2005 - IFTRAB05
Mozambique,MZ,MOZ,508,National,9,Dry latrines - Pit latrine without slab/open pit,0.0,Inquérito Integrado à Força de Trabalho 2004-2005 - IFTRAB05
Mozambique,MZ,MOZ,508,National,10,Dry latrines - Hanging toilet/hanging latrine,0.0,Inquérito Integrado à Força de Trabalho 2004-2005 - IFTRAB05
Mozambique,MZ,MOZ,508,National,11,Dry latrines - Bucket latrine,0.0,Inquérito Integrado à Força de Trabalho 2004-2005 - IFTRAB05
Mozambique,MZ,MOZ,508,National,12,Dry latrines - Other,0.0,Inquérito Integrado à Força de Trabalho 2004-2005 - IFTRAB05
Mozambique,MZ,MOZ,508,National,13,Composting toilets,0.0,Inquérito Integrado à Força de Trabalho 2004-2005 - IFTRAB05
Mozambique,MZ,MOZ,508,National,14,Other improved,0.0,Inquérito Integrado à Força de Trabalho 2004-2005 - IFTRAB05
Mozambique,MZ,MOZ,508,National,15,"No facility, bush, field",0.517,Inquérito Integrado à Força de Trabalho 2004-2005 - IFTRAB05
Mozambique,MZ,MOZ,508,National,16,Other unimproved,0.026,Inquérito Integrado à Força de Trabalho 2004-2005 - IFTRAB05
Mozambique,MZ,MOZ,508,National,17,DK/missing information,0.0,Inquérito Integrado à Força de Trabalho 2004-2005 - IFTRAB05
Mozambique,MZ,MOZ,508,Urban,1,Flush and pour flush - to piped sewer system,0.0,Census - CEN07
Mozambique,MZ,MOZ,508,Urban,2,Flush and pour flush - to septic tank,0.12,Census - CEN07
Mozambique,MZ,MOZ,508,Urban,3,Flush and pour flush - to pit,0.0,Census - CEN07
Mozambique,MZ,MOZ,508,Urban,4,Flush and pour flush - to unknown place/ not sure/DK,0.0,Census - CEN07
Mozambique,MZ,MOZ,508,Urban,5,Flush and pour flush - to elsewhere,0.0,Census - CEN07
Mozambique,MZ,MOZ,508,Urban,6,Dry latrines - Ventilated Improved Pit latrine,0.221,Census - CEN07
Mozambique,MZ,MOZ,508,Urban,7,Dry latrines - Pit latrine with slab/covered latrine,0.121,Census - CEN07
Mozambique,MZ,MOZ,508,Urban,8,Dry latrines - Traditional latrine,0.0,Census - CEN07
Mozambique,MZ,MOZ,508,Urban,9,Dry latrines - Pit latrine without slab/open pit,0.339,Census - CEN07
Mozambique,MZ,MOZ,508,Urban,10,Dry latrines - Hanging toilet/hanging latrine,0.0,Census - CEN07
Mozambique,MZ,MOZ,508,Urban,11,Dry latrines - Bucket latrine,0.0,Census - CEN07
Mozambique,MZ,MOZ,508,Urban,12,Dry latrines - Other,0.0,Census - CEN07
Mozambique,MZ,MOZ,508,Urban,13,Composting toilets,0.0,Census - CEN07
Mozambique,MZ,MOZ,508,Urban,14,Other improved,0.0,Census - CEN07
Mozambique,MZ,MOZ,508,Urban,15,"No facility, bush, field",0.199,Census - CEN07
Mozambique,MZ,MOZ,508,Urban,16,Other unimproved,0.0,Census - CEN07
Mozambique,MZ,MOZ,508,Urban,17,DK/missing information,0.0,Census - CEN07
Mozambique,MZ,MOZ,508,Rural,1,Flush and pour flush - to piped sewer system,0.0,Census - CEN07
Mozambique,MZ,MOZ,508,Rural,2,Flush and pour flush - to septic tank,0.003,Census - CEN07
Mozambique,MZ,MOZ,508,Rural,3,Flush and pour flush - to pit,0.0,Census - CEN07
Mozambique,MZ,MOZ,508,Rural,4,Flush and pour flush - to unknown place/ not sure/DK,0.0,Census - CEN07
Mozambique,MZ,MOZ,508,Rural,5,Flush and pour flush - to elsewhere,0.0,Census - CEN07
Mozambique,MZ,MOZ,508,Rural,6,Dry latrines - Ventilated Improved Pit latrine,0.015,Census - CEN07
Mozambique,MZ,MOZ,508,Rural,7,Dry latrines - Pit latrine with slab/covered latrine,0.04,Census - CEN07
Mozambique,MZ,MOZ,508,Rural,8,Dry latrines - Traditional latrine,0.0,Census - CEN07
Mozambique,MZ,MOZ,508,Rural,9,Dry latrines - Pit latrine without slab/open pit,0.306,Census - CEN07
Mozambique,MZ,MOZ,508,Rural,10,Dry latrines - Hanging toilet/hanging latrine,0.0,Census - CEN07
Mozambique,MZ,MOZ,508,Rural,11,Dry latrines - Bucket latrine,0.0,Census - CEN07
Mozambique,MZ,MOZ,508,Rural,12,Dry latrines - Other,0.0,Census - CEN07
Mozambique,MZ,MOZ,508,Rural,13,Composting toilets,0.0,Census - CEN07
Mozambique,MZ,MOZ,508,Rural,14,Other improved,0.0,Census - CEN07
Mozambique,MZ,MOZ,508,Rural,15,"No facility, bush, field",0.636,Census - CEN07
Mozambique,MZ,MOZ,508,Rural,16,Other unimproved,0.0,Census - CEN07
Mozambique,MZ,MOZ,508,Rural,17,DK/missing information,0.0,Census - CEN07
Mozambique,MZ,MOZ,508,National,1,Flush and pour flush - to piped sewer system,0.0,Census - CEN07
Mozambique,MZ,MOZ,508,National,2,Flush and pour flush - to septic tank,0.039,Census - CEN07
Mozambique,MZ,MOZ,508,National,3,Flush and pour flush - to pit,0.0,Census - CEN07
Mozambique,MZ,MOZ,508,National,4,Flush and pour flush - to unknown place/ not sure/DK,0.0,Census - CEN07
Mozambique,MZ,MOZ,508,National,5,Flush and pour flush - to elsewhere,0.0,Census - CEN07
Mozambique,MZ,MOZ,508,National,6,Dry latrines - Ventilated Improved Pit latrine,0.078,Census - CEN07
Mozambique,MZ,MOZ,508,National,7,Dry latrines - Pit latrine with slab/covered latrine,0.065,Census - CEN07
Mozambique,MZ,MOZ,508,National,8,Dry latrines - Traditional latrine,0.0,Census - CEN07
Mozambique,MZ,MOZ,508,National,9,Dry latrines - Pit latrine without slab/open pit,0.316,Census - CEN07
Mozambique,MZ,MOZ,508,National,10,Dry latrines - Hanging toilet/hanging latrine,0.0,Census - CEN07
Mozambique,MZ,MOZ,508,National,11,Dry latrines - Bucket latrine,0.0,Census - CEN07
Mozambique,MZ,MOZ,508,National,12,Dry latrines - Other,0.0,Census - CEN07
Mozambique,MZ,MOZ,508,National,13,Composting toilets,0.0,Census - CEN07
Mozambique,MZ,MOZ,508,National,14,Other improved,0.0,Census - CEN07
Mozambique,MZ,MOZ,508,National,15,"No facility, bush, field",0.503,Census - CEN07
Mozambique,MZ,MOZ,508,National,16,Other unimproved,0.0,Census - CEN07
Mozambique,MZ,MOZ,508,National,17,DK/missing information,0.0,Census - CEN07
Mozambique,MZ,MOZ,508,Urban,1,Flush and pour flush - to piped sewer system,0.0,Multiple Indicator Cluster Survey - MICS08
Mozambique,MZ,MOZ,508,Urban,2,Flush and pour flush - to septic tank,0.0,Multiple Indicator Cluster Survey - MICS08
Mozambique,MZ,MOZ,508,Urban,3,Flush and pour flush - to pit,0.0,Multiple Indicator Cluster Survey - MICS08
Mozambique,MZ,MOZ,508,Urban,4,Flush and pour flush - to unknown place/ not sure/DK,0.0,Multiple Indicator Cluster Survey - MICS08
Mozambique,MZ,MOZ,508,Urban,5,Flush and pour flush - to elsewhere,0.0,Multiple Indicator Cluster Survey - MICS08
Mozambique,MZ,MOZ,508,Urban,6,Dry latrines - Ventilated Improved Pit latrine,0.179,Multiple Indicator Cluster Survey - MICS08
Mozambique,MZ,MOZ,508,Urban,7,Dry latrines - Pit latrine with slab/covered latrine,0.149,Multiple Indicator Cluster Survey - MICS08
Mozambique,MZ,MOZ,508,Urban,8,Dry latrines - Traditional latrine,0.0,Multiple Indicator Cluster Survey - MICS08
Mozambique,MZ,MOZ,508,Urban,9,Dry latrines - Pit latrine without slab/open pit,0.379,Multiple Indicator Cluster Survey - MICS08
Mozambique,MZ,MOZ,508,Urban,10,Dry latrines - Hanging toilet/hanging latrine,0.0,Multiple Indicator Cluster Survey - MICS08
Mozambique,MZ,MOZ,508,Urban,11,Dry latrines - Bucket latrine,0.0,Multiple Indicator Cluster Survey - MICS08
Mozambique,MZ,MOZ,508,Urban,12,Dry latrines - Other,0.0,Multiple Indicator Cluster Survey - MICS08
Mozambique,MZ,MOZ,508,Urban,13,Composting toilets,0.0,Multiple Indicator Cluster Survey - MICS08
Mozambique,MZ,MOZ,508,Urban,14,Other improved,0.0,Multiple Indicator Cluster Survey - MICS08
Mozambique,MZ,MOZ,508,Urban,15,"No facility, bush, field",0.119,Multiple Indicator Cluster Survey - MICS08
Mozambique,MZ,MOZ,508,Urban,16,Other unimproved,0.026,Multiple Indicator Cluster Survey - MICS08
Mozambique,MZ,MOZ,508,Urban,17,DK/missing information,0.005,Multiple Indicator Cluster Survey - MICS08
Mozambique,MZ,MOZ,508,Rural,1,Flush and pour flush - to piped sewer system,0.0,Multiple Indicator Cluster Survey - MICS08
Mozambique,MZ,MOZ,508,Rural,2,Flush and pour flush - to septic tank,0.0,Multiple Indicator Cluster Survey - MICS08
Mozambique,MZ,MOZ,508,Rural,3,Flush and pour flush - to pit,0.0,Multiple Indicator Cluster Survey - MICS08
Mozambique,MZ,MOZ,508,Rural,4,Flush and pour flush - to unknown place/ not sure/DK,0.0,Multiple Indicator Cluster Survey - MICS08
Mozambique,MZ,MOZ,508,Rural,5,Flush and pour flush - to elsewhere,0.0,Multiple Indicator Cluster Survey - MICS08
Mozambique,MZ,MOZ,508,Rural,6,Dry latrines - Ventilated Improved Pit latrine,0.014,Multiple Indicator Cluster Survey - MICS08
Mozambique,MZ,MOZ,508,Rural,7,Dry latrines - Pit latrine with slab/covered latrine,0.04,Multiple Indicator Cluster Survey - MICS08
Mozambique,MZ,MOZ,508,Rural,8,Dry latrines - Traditional latrine,0.0,Multiple Indicator Cluster Survey - MICS08
Mozambique,MZ,MOZ,508,Rural,9,Dry latrines - Pit latrine without slab/open pit,0.385,Multiple Indicator Cluster Survey - MICS08
Mozambique,MZ,MOZ,508,Rural,10,Dry latrines - Hanging toilet/hanging latrine,0.0,Multiple Indicator Cluster Survey - MICS08
Mozambique,MZ,MOZ,508,Rural,11,Dry latrines - Bucket latrine,0.0,Multiple Indicator Cluster Survey - MICS08
Mozambique,MZ,MOZ,508,Rural,12,Dry latrines - Other,0.0,Multiple Indicator Cluster Survey - MICS08
Mozambique,MZ,MOZ,508,Rural,13,Composting toilets,0.0,Multiple Indicator Cluster Survey - MICS08
Mozambique,MZ,MOZ,508,Rural,14,Other improved,0.0,Multiple Indicator Cluster Survey - MICS08
Mozambique,MZ,MOZ,508,Rural,15,"No facility, bush, field",0.541,Multiple Indicator Cluster Survey - MICS08
Mozambique,MZ,MOZ,508,Rural,16,Other unimproved,0.009,Multiple Indicator Cluster Survey - MICS08
Mozambique,MZ,MOZ,508,Rural,17,DK/missing information,0.006,Multiple Indicator Cluster Survey - MICS08
Mozambique,MZ,MOZ,508,National,1,Flush and pour flush - to piped sewer system,0.0,Multiple Indicator Cluster Survey - MICS08
Mozambique,MZ,MOZ,508,National,2,Flush and pour flush - to septic tank,0.0,Multiple Indicator Cluster Survey - MICS08
Mozambique,MZ,MOZ,508,National,3,Flush and pour flush - to pit,0.0,Multiple Indicator Cluster Survey - MICS08
Mozambique,MZ,MOZ,508,National,4,Flush and pour flush - to unknown place/ not sure/DK,0.0,Multiple Indicator Cluster Survey - MICS08
Mozambique,MZ,MOZ,508,National,5,Flush and pour flush - to elsewhere,0.0,Multiple Indicator Cluster Survey - MICS08
Mozambique,MZ,MOZ,508,National,6,Dry latrines - Ventilated Improved Pit latrine,0.0,Multiple Indicator Cluster Survey - MICS08
Mozambique,MZ,MOZ,508,National,7,Dry latrines - Pit latrine with slab/covered latrine,0.0,Multiple Indicator Cluster Survey - MICS08
Mozambique,MZ,MOZ,508,National,8,Dry latrines - Traditional latrine,0.0,Multiple Indicator Cluster Survey - MICS08
Mozambique,MZ,MOZ,508,National,9,Dry latrines - Pit latrine without slab/open pit,0.0,Multiple Indicator Cluster Survey - MICS08
Mozambique,MZ,MOZ,508,National,10,Dry latrines - Hanging toilet/hanging latrine,0.0,Multiple Indicator Cluster Survey - MICS08
Mozambique,MZ,MOZ,508,National,11,Dry latrines - Bucket latrine,0.0,Multiple Indicator Cluster Survey - MICS08
Mozambique,MZ,MOZ,508,National,12,Dry latrines - Other,0.0,Multiple Indicator Cluster Survey - MICS08
Mozambique,MZ,MOZ,508,National,13,Composting toilets,0.0,Multiple Indicator Cluster Survey - MICS08
Mozambique,MZ,MOZ,508,National,14,Other improved,0.0,Multiple Indicator Cluster Survey - MICS08
Mozambique,MZ,MOZ,508,National,15,"No facility, bush, field",0.0,Multiple Indicator Cluster Survey - MICS08
Mozambique,MZ,MOZ,508,National,16,Other unimproved,0.0,Multiple Indicator Cluster Survey - MICS08
Mozambique,MZ,MOZ,508,National,17,DK/missing information,0.0,Multiple Indicator Cluster Survey - MICS08
Mozambique,MZ,MOZ,508,Urban,1,Flush and pour flush - to piped sewer system,0.0,Inquérito ao Orçamento Familiar 2008/9 - IOF09
Mozambique,MZ,MOZ,508,Urban,2,Flush and pour flush - to septic tank,0.132,Inquérito ao Orçamento Familiar 2008/9 - IOF09
Mozambique,MZ,MOZ,508,Urban,3,Flush and pour flush - to pit,0.0,Inquérito ao Orçamento Familiar 2008/9 - IOF09
Mozambique,MZ,MOZ,508,Urban,4,Flush and pour flush - to unknown place/ not sure/DK,0.0,Inquérito ao Orçamento Familiar 2008/9 - IOF09
Mozambique,MZ,MOZ,508,Urban,5,Flush and pour flush - to elsewhere,0.0,Inquérito ao Orçamento Familiar 2008/9 - IOF09
Mozambique,MZ,MOZ,508,Urban,6,Dry latrines - Ventilated Improved Pit latrine,0.0,Inquérito ao Orçamento Familiar 2008/9 - IOF09
Mozambique,MZ,MOZ,508,Urban,7,Dry latrines - Pit latrine with slab/covered latrine,0.284,Inquérito ao Orçamento Familiar 2008/9 - IOF09
Mozambique,MZ,MOZ,508,Urban,8,Dry latrines - Traditional latrine,0.0,Inquérito ao Orçamento Familiar 2008/9 - IOF09
Mozambique,MZ,MOZ,508,Urban,9,Dry latrines - Pit latrine without slab/open pit,0.36,Inquérito ao Orçamento Familiar 2008/9 - IOF09
Mozambique,MZ,MOZ,508,Urban,10,Dry latrines - Hanging toilet/hanging latrine,0.0,Inquérito ao Orçamento Familiar 2008/9 - IOF09
Mozambique,MZ,MOZ,508,Urban,11,Dry latrines - Bucket latrine,0.0,Inquérito ao Orçamento Familiar 2008/9 - IOF09
Mozambique,MZ,MOZ,508,Urban,12,Dry latrines - Other,0.0,Inquérito ao Orçamento Familiar 2008/9 - IOF09
Mozambique,MZ,MOZ,508,Urban,13,Composting toilets,0.0,Inquérito ao Orçamento Familiar 2008/9 - IOF09
Mozambique,MZ,MOZ,508,Urban,14,Other improved,0.0,Inquérito ao Orçamento Familiar 2008/9 - IOF09
Mozambique,MZ,MOZ,508,Urban,15,"No facility, bush, field",0.223,Inquérito ao Orçamento Familiar 2008/9 - IOF09
Mozambique,MZ,MOZ,508,Urban,16,Other unimproved,0.001,Inquérito ao Orçamento Familiar 2008/9 - IOF09
Mozambique,MZ,MOZ,508,Urban,17,DK/missing information,0.0,Inquérito ao Orçamento Familiar 2008/9 - IOF09
Mozambique,MZ,MOZ,508,Rural,1,Flush and pour flush - to piped sewer system,0.0,Inquérito ao Orçamento Familiar 2008/9 - IOF09
Mozambique,MZ,MOZ,508,Rural,2,Flush and pour flush - to septic tank,0.003,Inquérito ao Orçamento Familiar 2008/9 - IOF09
Mozambique,MZ,MOZ,508,Rural,3,Flush and pour flush - to pit,0.0,Inquérito ao Orçamento Familiar 2008/9 - IOF09
Mozambique,MZ,MOZ,508,Rural,4,Flush and pour flush - to unknown place/ not sure/DK,0.0,Inquérito ao Orçamento Familiar 2008/9 - IOF09
Mozambique,MZ,MOZ,508,Rural,5,Flush and pour flush - to elsewhere,0.0,Inquérito ao Orçamento Familiar 2008/9 - IOF09
Mozambique,MZ,MOZ,508,Rural,6,Dry latrines - Ventilated Improved Pit latrine,0.0,Inquérito ao Orçamento Familiar 2008/9 - IOF09
Mozambique,MZ,MOZ,508,Rural,7,Dry latrines - Pit latrine with slab/covered latrine,0.052,Inquérito ao Orçamento Familiar 2008/9 - IOF09
Mozambique,MZ,MOZ,508,Rural,8,Dry latrines - Traditional latrine,0.0,Inquérito ao Orçamento Familiar 2008/9 - IOF09
Mozambique,MZ,MOZ,508,Rural,9,Dry latrines - Pit latrine without slab/open pit,0.343,Inquérito ao Orçamento Familiar 2008/9 - IOF09
Mozambique,MZ,MOZ,508,Rural,10,Dry latrines - Hanging toilet/hanging latrine,0.0,Inquérito ao Orçamento Familiar 2008/9 - IOF09
Mozambique,MZ,MOZ,508,Rural,11,Dry latrines - Bucket latrine,0.0,Inquérito ao Orçamento Familiar 2008/9 - IOF09
Mozambique,MZ,MOZ,508,Rural,12,Dry latrines - Other,0.0,Inquérito ao Orçamento Familiar 2008/9 - IOF09
Mozambique,MZ,MOZ,508,Rural,13,Composting toilets,0.0,Inquérito ao Orçamento Familiar 2008/9 - IOF09
Mozambique,MZ,MOZ,508,Rural,14,Other improved,0.0,Inquérito ao Orçamento Familiar 2008/9 - IOF09
Mozambique,MZ,MOZ,508,Rural,15,"No facility, bush, field",0.602,Inquérito ao Orçamento Familiar 2008/9 - IOF09
Mozambique,MZ,MOZ,508,Rural,16,Other unimproved,0.001,Inquérito ao Orçamento Familiar 2008/9 - IOF09
Mozambique,MZ,MOZ,508,Rural,17,DK/missing information,0.0,Inquérito ao Orçamento Familiar 2008/9 - IOF09
Mozambique,MZ,MOZ,508,National,1,Flush and pour flush - to piped sewer system,0.0,Inquérito ao Orçamento Familiar 2008/9 - IOF09
Mozambique,MZ,MOZ,508,National,2,Flush and pour flush - to septic tank,0.041,Inquérito ao Orçamento Familiar 2008/9 - IOF09
Mozambique,MZ,MOZ,508,National,3,Flush and pour flush - to pit,0.0,Inquérito ao Orçamento Familiar 2008/9 - IOF09
Mozambique,MZ,MOZ,508,National,4,Flush and pour flush - to unknown place/ not sure/DK,0.0,Inquérito ao Orçamento Familiar 2008/9 - IOF09
Mozambique,MZ,MOZ,508,National,5,Flush and pour flush - to elsewhere,0.0,Inquérito ao Orçamento Familiar 2008/9 - IOF09
Mozambique,MZ,MOZ,508,National,6,Dry latrines - Ventilated Improved Pit latrine,0.0,Inquérito ao Orçamento Familiar 2008/9 - IOF09
Mozambique,MZ,MOZ,508,National,7,Dry latrines - Pit latrine with slab/covered latrine,0.119,Inquérito ao Orçamento Familiar 2008/9 - IOF09
Mozambique,MZ,MOZ,508,National,8,Dry latrines - Traditional latrine,0.0,Inquérito ao Orçamento Familiar 2008/9 - IOF09
Mozambique,MZ,MOZ,508,National,9,Dry latrines - Pit latrine without slab/open pit,0.348,Inquérito ao Orçamento Familiar 2008/9 - IOF09
Mozambique,MZ,MOZ,508,National,10,Dry latrines - Hanging toilet/hanging latrine,0.0,Inquérito ao Orçamento Familiar 2008/9 - IOF09
Mozambique,MZ,MOZ,508,National,11,Dry latrines - Bucket latrine,0.0,Inquérito ao Orçamento Familiar 2008/9 - IOF09
Mozambique,MZ,MOZ,508,National,12,Dry latrines - Other,0.0,Inquérito ao Orçamento Familiar 2008/9 - IOF09
Mozambique,MZ,MOZ,508,National,13,Composting toilets,0.0,Inquérito ao Orçamento Familiar 2008/9 - IOF09
Mozambique,MZ,MOZ,508,National,14,Other improved,0.0,Inquérito ao Orçamento Familiar 2008/9 - IOF09
Mozambique,MZ,MOZ,508,National,15,"No facility, bush, field",0.492,Inquérito ao Orçamento Familiar 2008/9 - IOF09
Mozambique,MZ,MOZ,508,National,16,Other unimproved,0.001,Inquérito ao Orçamento Familiar 2008/9 - IOF09
Mozambique,MZ,MOZ,508,National,17,DK/missing information,0.0,Inquérito ao Orçamento Familiar 2008/9 - IOF09
Mozambique,MZ,MOZ,508,Urban,1,Flush and pour flush - to piped sewer system,0.046,MEASURE DHS - AIDS Indicators Survey (AIS) - AIS09
Mozambique,MZ,MOZ,508,Urban,2,Flush and pour flush - to septic tank,0.095,MEASURE DHS - AIDS Indicators Survey (AIS) - AIS09
Mozambique,MZ,MOZ,508,Urban,3,Flush and pour flush - to pit,0.106,MEASURE DHS - AIDS Indicators Survey (AIS) - AIS09
Mozambique,MZ,MOZ,508,Urban,4,Flush and pour flush - to unknown place/ not sure/DK,0.003,MEASURE DHS - AIDS Indicators Survey (AIS) - AIS09
Mozambique,MZ,MOZ,508,Urban,5,Flush and pour flush - to elsewhere,0.007,MEASURE DHS - AIDS Indicators Survey (AIS) - AIS09
Mozambique,MZ,MOZ,508,Urban,6,Dry latrines - Ventilated Improved Pit latrine,0.09,MEASURE DHS - AIDS Indicators Survey (AIS) - AIS09
Mozambique,MZ,MOZ,508,Urban,7,Dry latrines - Pit latrine with slab/covered latrine,0.179,MEASURE DHS - AIDS Indicators Survey (AIS) - AIS09
Mozambique,MZ,MOZ,508,Urban,8,Dry latrines - Traditional latrine,0.0,MEASURE DHS - AIDS Indicators Survey (AIS) - AIS09
Mozambique,MZ,MOZ,508,Urban,9,Dry latrines - Pit latrine without slab/open pit,0.284,MEASURE DHS - AIDS Indicators Survey (AIS) - AIS09
Mozambique,MZ,MOZ,508,Urban,10,Dry latrines - Hanging toilet/hanging latrine,0.002,MEASURE DHS - AIDS Indicators Survey (AIS) - AIS09
Mozambique,MZ,MOZ,508,Urban,11,Dry latrines - Bucket latrine,0.001,MEASURE DHS - AIDS Indicators Survey (AIS) - AIS09
Mozambique,MZ,MOZ,508,Urban,12,Dry latrines - Other,0.0,MEASURE DHS - AIDS Indicators Survey (AIS) - AIS09
Mozambique,MZ,MOZ,508,Urban,13,Composting toilets,0.001,MEASURE DHS - AIDS Indicators Survey (AIS) - AIS09
Mozambique,MZ,MOZ,508,Urban,14,Other improved,0.0,MEASURE DHS - AIDS Indicators Survey (AIS) - AIS09
Mozambique,MZ,MOZ,508,Urban,15,"No facility, bush, field",0.175,MEASURE DHS - AIDS Indicators Survey (AIS) - AIS09
Mozambique,MZ,MOZ,508,Urban,16,Other unimproved,0.011,MEASURE DHS - AIDS Indicators Survey (AIS) - AIS09
Mozambique,MZ,MOZ,508,Urban,17,DK/missing information,0.0,MEASURE DHS - AIDS Indicators Survey (AIS) - AIS09
Mozambique,MZ,MOZ,508,Rural,1,Flush and pour flush - to piped sewer system,0.001,MEASURE DHS - AIDS Indicators Survey (AIS) - AIS09
Mozambique,MZ,MOZ,508,Rural,2,Flush and pour flush - to septic tank,0.002,MEASURE DHS - AIDS Indicators Survey (AIS) - AIS09
Mozambique,MZ,MOZ,508,Rural,3,Flush and pour flush - to pit,0.062,MEASURE DHS - AIDS Indicators Survey (AIS) - AIS09
Mozambique,MZ,MOZ,508,Rural,4,Flush and pour flush - to unknown place/ not sure/DK,0.002,MEASURE DHS - AIDS Indicators Survey (AIS) - AIS09
Mozambique,MZ,MOZ,508,Rural,5,Flush and pour flush - to elsewhere,0.005,MEASURE DHS - AIDS Indicators Survey (AIS) - AIS09
Mozambique,MZ,MOZ,508,Rural,6,Dry latrines - Ventilated Improved Pit latrine,0.016,MEASURE DHS - AIDS Indicators Survey (AIS) - AIS09
Mozambique,MZ,MOZ,508,Rural,7,Dry latrines - Pit latrine with slab/covered latrine,0.129,MEASURE DHS - AIDS Indicators Survey (AIS) - AIS09
Mozambique,MZ,MOZ,508,Rural,8,Dry latrines - Traditional latrine,0.0,MEASURE DHS - AIDS Indicators Survey (AIS) - AIS09
Mozambique,MZ,MOZ,508,Rural,9,Dry latrines - Pit latrine without slab/open pit,0.24,MEASURE DHS - AIDS Indicators Survey (AIS) - AIS09
Mozambique,MZ,MOZ,508,Rural,10,Dry latrines - Hanging toilet/hanging latrine,0.005,MEASURE DHS - AIDS Indicators Survey (AIS) - AIS09
Mozambique,MZ,MOZ,508,Rural,11,Dry latrines - Bucket latrine,0.0,MEASURE DHS - AIDS Indicators Survey (AIS) - AIS09
Mozambique,MZ,MOZ,508,Rural,12,Dry latrines - Other,0.0,MEASURE DHS - AIDS Indicators Survey (AIS) - AIS09
Mozambique,MZ,MOZ,508,Rural,13,Composting toilets,0.0,MEASURE DHS - AIDS Indicators Survey (AIS) - AIS09
Mozambique,MZ,MOZ,508,Rural,14,Other improved,0.0,MEASURE DHS - AIDS Indicators Survey (AIS) - AIS09
Mozambique,MZ,MOZ,508,Rural,15,"No facility, bush, field",0.526,MEASURE DHS - AIDS Indicators Survey (AIS) - AIS09
Mozambique,MZ,MOZ,508,Rural,16,Other unimproved,0.012,MEASURE DHS - AIDS Indicators Survey (AIS) - AIS09
Mozambique,MZ,MOZ,508,Rural,17,DK/missing information,0.0,MEASURE DHS - AIDS Indicators Survey (AIS) - AIS09
Mozambique,MZ,MOZ,508,National,1,Flush and pour flush - to piped sewer system,0.014,MEASURE DHS - AIDS Indicators Survey (AIS) - AIS09
Mozambique,MZ,MOZ,508,National,2,Flush and pour flush - to septic tank,0.029,MEASURE DHS - AIDS Indicators Survey (AIS) - AIS09
Mozambique,MZ,MOZ,508,National,3,Flush and pour flush - to pit,0.074,MEASURE DHS - AIDS Indicators Survey (AIS) - AIS09
Mozambique,MZ,MOZ,508,National,4,Flush and pour flush - to unknown place/ not sure/DK,0.002,MEASURE DHS - AIDS Indicators Survey (AIS) - AIS09
Mozambique,MZ,MOZ,508,National,5,Flush and pour flush - to elsewhere,0.006,MEASURE DHS - AIDS Indicators Survey (AIS) - AIS09
Mozambique,MZ,MOZ,508,National,6,Dry latrines - Ventilated Improved Pit latrine,0.037,MEASURE DHS - AIDS Indicators Survey (AIS) - AIS09
Mozambique,MZ,MOZ,508,National,7,Dry latrines - Pit latrine with slab/covered latrine,0.143,MEASURE DHS - AIDS Indicators Survey (AIS) - AIS09
Mozambique,MZ,MOZ,508,National,8,Dry latrines - Traditional latrine,0.0,MEASURE DHS - AIDS Indicators Survey (AIS) - AIS09
Mozambique,MZ,MOZ,508,National,9,Dry latrines - Pit latrine without slab/open pit,0.253,MEASURE DHS - AIDS Indicators Survey (AIS) - AIS09
Mozambique,MZ,MOZ,508,National,10,Dry latrines - Hanging toilet/hanging latrine,0.004,MEASURE DHS - AIDS Indicators Survey (AIS) - AIS09
Mozambique,MZ,MOZ,508,National,11,Dry latrines - Bucket latrine,0.0,MEASURE DHS - AIDS Indicators Survey (AIS) - AIS09
Mozambique,MZ,MOZ,508,National,12,Dry latrines - Other,0.0,MEASURE DHS - AIDS Indicators Survey (AIS) - AIS09
Mozambique,MZ,MOZ,508,National,13,Composting toilets,0.0,MEASURE DHS - AIDS Indicators Survey (AIS) - AIS09
Mozambique,MZ,MOZ,508,National,14,Other improved,0.0,MEASURE DHS - AIDS Indicators Survey (AIS) - AIS09
Mozambique,MZ,MOZ,508,National,15,"No facility, bush, field",0.425,MEASURE DHS - AIDS Indicators Survey (AIS) - AIS09
Mozambique,MZ,MOZ,508,National,16,Other unimproved,0.011,MEASURE DHS - AIDS Indicators Survey (AIS) - AIS09
Mozambique,MZ,MOZ,508,National,17,DK/missing information,0.0,MEASURE DHS - AIDS Indicators Survey (AIS) - AIS09
Mozambique,MZ,MOZ,508,Urban,1,Flush and pour flush - to piped sewer system,0.0,Inquérito Demográfico e de Saúde - DHS11
Mozambique,MZ,MOZ,508,Urban,2,Flush and pour flush - to septic tank,0.0,Inquérito Demográfico e de Saúde - DHS11
Mozambique,MZ,MOZ,508,Urban,3,Flush and pour flush - to pit,0.0,Inquérito Demográfico e de Saúde - DHS11
Mozambique,MZ,MOZ,508,Urban,4,Flush and pour flush - to unknown place/ not sure/DK,0.0,Inquérito Demográfico e de Saúde - DHS11
Mozambique,MZ,MOZ,508,Urban,5,Flush and pour flush - to elsewhere,0.0,Inquérito Demográfico e de Saúde - DHS11
Mozambique,MZ,MOZ,508,Urban,6,Dry latrines - Ventilated Improved Pit latrine,0.225,Inquérito Demográfico e de Saúde - DHS11
Mozambique,MZ,MOZ,508,Urban,7,Dry latrines - Pit latrine with slab/covered latrine,0.159,Inquérito Demográfico e de Saúde - DHS11
Mozambique,MZ,MOZ,508,Urban,8,Dry latrines - Traditional latrine,0.0,Inquérito Demográfico e de Saúde - DHS11
Mozambique,MZ,MOZ,508,Urban,9,Dry latrines - Pit latrine without slab/open pit,0.29,Inquérito Demográfico e de Saúde - DHS11
Mozambique,MZ,MOZ,508,Urban,10,Dry latrines - Hanging toilet/hanging latrine,0.0,Inquérito Demográfico e de Saúde - DHS11
Mozambique,MZ,MOZ,508,Urban,11,Dry latrines - Bucket latrine,0.0,Inquérito Demográfico e de Saúde - DHS11
Mozambique,MZ,MOZ,508,Urban,12,Dry latrines - Other,0.0,Inquérito Demográfico e de Saúde - DHS11
Mozambique,MZ,MOZ,508,Urban,13,Composting toilets,0.0,Inquérito Demográfico e de Saúde - DHS11
Mozambique,MZ,MOZ,508,Urban,14,Other improved,0.0,Inquérito Demográfico e de Saúde - DHS11
Mozambique,MZ,MOZ,508,Urban,15,"No facility, bush, field",0.139,Inquérito Demográfico e de Saúde - DHS11
Mozambique,MZ,MOZ,508,Urban,16,Other unimproved,0.0,Inquérito Demográfico e de Saúde - DHS11
Mozambique,MZ,MOZ,508,Urban,17,DK/missing information,0.0,Inquérito Demográfico e de Saúde - DHS11
Mozambique,MZ,MOZ,508,Rural,1,Flush and pour flush - to piped sewer system,0.0,Inquérito Demográfico e de Saúde - DHS11
Mozambique,MZ,MOZ,508,Rural,2,Flush and pour flush - to septic tank,0.0,Inquérito Demográfico e de Saúde - DHS11
Mozambique,MZ,MOZ,508,Rural,3,Flush and pour flush - to pit,0.0,Inquérito Demográfico e de Saúde - DHS11
Mozambique,MZ,MOZ,508,Rural,4,Flush and pour flush - to unknown place/ not sure/DK,0.0,Inquérito Demográfico e de Saúde - DHS11
Mozambique,MZ,MOZ,508,Rural,5,Flush and pour flush - to elsewhere,0.0,Inquérito Demográfico e de Saúde - DHS11
Mozambique,MZ,MOZ,508,Rural,6,Dry latrines - Ventilated Improved Pit latrine,0.026,Inquérito Demográfico e de Saúde - DHS11
Mozambique,MZ,MOZ,508,Rural,7,Dry latrines - Pit latrine with slab/covered latrine,0.113,Inquérito Demográfico e de Saúde - DHS11
Mozambique,MZ,MOZ,508,Rural,8,Dry latrines - Traditional latrine,0.0,Inquérito Demográfico e de Saúde - DHS11
Mozambique,MZ,MOZ,508,Rural,9,Dry latrines - Pit latrine without slab/open pit,0.346,Inquérito Demográfico e de Saúde - DHS11
Mozambique,MZ,MOZ,508,Rural,10,Dry latrines - Hanging toilet/hanging latrine,0.0,Inquérito Demográfico e de Saúde - DHS11
Mozambique,MZ,MOZ,508,Rural,11,Dry latrines - Bucket latrine,0.0,Inquérito Demográfico e de Saúde - DHS11
Mozambique,MZ,MOZ,508,Rural,12,Dry latrines - Other,0.0,Inquérito Demográfico e de Saúde - DHS11
Mozambique,MZ,MOZ,508,Rural,13,Composting toilets,0.0,Inquérito Demográfico e de Saúde - DHS11
Mozambique,MZ,MOZ,508,Rural,14,Other improved,0.0,Inquérito Demográfico e de Saúde - DHS11
Mozambique,MZ,MOZ,508,Rural,15,"No facility, bush, field",0.51,Inquérito Demográfico e de Saúde - DHS11
Mozambique,MZ,MOZ,508,Rural,16,Other unimproved,0.0,Inquérito Demográfico e de Saúde - DHS11
Mozambique,MZ,MOZ,508,Rural,17,DK/missing information,0.0,Inquérito Demográfico e de Saúde - DHS11
Mozambique,MZ,MOZ,508,National,1,Flush and pour flush - to piped sewer system,0.0,Inquérito Demográfico e de Saúde - DHS11
Mozambique,MZ,MOZ,508,National,2,Flush and pour flush - to septic tank,0.0,Inquérito Demográfico e de Saúde - DHS11
Mozambique,MZ,MOZ,508,National,3,Flush and pour flush - to pit,0.0,Inquérito Demográfico e de Saúde - DHS11
Mozambique,MZ,MOZ,508,National,4,Flush and pour flush - to unknown place/ not sure/DK,0.0,Inquérito Demográfico e de Saúde - DHS11
Mozambique,MZ,MOZ,508,National,5,Flush and pour flush - to elsewhere,0.0,Inquérito Demográfico e de Saúde - DHS11
Mozambique,MZ,MOZ,508,National,6,Dry latrines - Ventilated Improved Pit latrine,0.089,Inquérito Demográfico e de Saúde - DHS11
Mozambique,MZ,MOZ,508,National,7,Dry latrines - Pit latrine with slab/covered latrine,0.128,Inquérito Demográfico e de Saúde - DHS11
Mozambique,MZ,MOZ,508,National,8,Dry latrines - Traditional latrine,0.0,Inquérito Demográfico e de Saúde - DHS11
Mozambique,MZ,MOZ,508,National,9,Dry latrines - Pit latrine without slab/open pit,0.329,Inquérito Demográfico e de Saúde - DHS11
Mozambique,MZ,MOZ,508,National,10,Dry latrines - Hanging toilet/hanging latrine,0.0,Inquérito Demográfico e de Saúde - DHS11
Mozambique,MZ,MOZ,508,National,11,Dry latrines - Bucket latrine,0.0,Inquérito Demográfico e de Saúde - DHS11
Mozambique,MZ,MOZ,508,National,12,Dry latrines - Other,0.0,Inquérito Demográfico e de Saúde - DHS11
Mozambique,MZ,MOZ,508,National,13,Composting toilets,0.0,Inquérito Demográfico e de Saúde - DHS11
Mozambique,MZ,MOZ,508,National,14,Other improved,0.0,Inquérito Demográfico e de Saúde - DHS11
Mozambique,MZ,MOZ,508,National,15,"No facility, bush, field",0.393,Inquérito Demográfico e de Saúde - DHS11
Mozambique,MZ,MOZ,508,National,16,Other unimproved,0.0,Inquérito Demográfico e de Saúde - DHS11
Mozambique,MZ,MOZ,508,National,17,DK/missing information,0.0,Inquérito Demográfico e de Saúde - DHS11
Mozambique,MZ,MOZ,508,Urban,1,Flush and pour flush - to piped sewer system,0.0,"Inquérito ao Orçamento Familiar, 2014-2015 - IOF15"
Mozambique,MZ,MOZ,508,Urban,2,Flush and pour flush - to septic tank,0.188,"Inquérito ao Orçamento Familiar, 2014-2015 - IOF15"
Mozambique,MZ,MOZ,508,Urban,3,Flush and pour flush - to pit,0.0,"Inquérito ao Orçamento Familiar, 2014-2015 - IOF15"
Mozambique,MZ,MOZ,508,Urban,4,Flush and pour flush - to unknown place/ not sure/DK,0.0,"Inquérito ao Orçamento Familiar, 2014-2015 - IOF15"
Mozambique,MZ,MOZ,508,Urban,5,Flush and pour flush - to elsewhere,0.0,"Inquérito ao Orçamento Familiar, 2014-2015 - IOF15"
Mozambique,MZ,MOZ,508,Urban,6,Dry latrines - Ventilated Improved Pit latrine,0.0,"Inquérito ao Orçamento Familiar, 2014-2015 - IOF15"
Mozambique,MZ,MOZ,508,Urban,7,Dry latrines - Pit latrine with slab/covered latrine,0.39,"Inquérito ao Orçamento Familiar, 2014-2015 - IOF15"
Mozambique,MZ,MOZ,508,Urban,8,Dry latrines - Traditional latrine,0.0,"Inquérito ao Orçamento Familiar, 2014-2015 - IOF15"
Mozambique,MZ,MOZ,508,Urban,9,Dry latrines - Pit latrine without slab/open pit,0.295,"Inquérito ao Orçamento Familiar, 2014-2015 - IOF15"
Mozambique,MZ,MOZ,508,Urban,10,Dry latrines - Hanging toilet/hanging latrine,0.0,"Inquérito ao Orçamento Familiar, 2014-2015 - IOF15"
Mozambique,MZ,MOZ,508,Urban,11,Dry latrines - Bucket latrine,0.0,"Inquérito ao Orçamento Familiar, 2014-2015 - IOF15"
Mozambique,MZ,MOZ,508,Urban,12,Dry latrines - Other,0.0,"Inquérito ao Orçamento Familiar, 2014-2015 - IOF15"
Mozambique,MZ,MOZ,508,Urban,13,Composting toilets,0.0,"Inquérito ao Orçamento Familiar, 2014-2015 - IOF15"
Mozambique,MZ,MOZ,508,Urban,14,Other improved,0.0,"Inquérito ao Orçamento Familiar, 2014-2015 - IOF15"
Mozambique,MZ,MOZ,508,Urban,15,"No facility, bush, field",0.127,"Inquérito ao Orçamento Familiar, 2014-2015 - IOF15"
Mozambique,MZ,MOZ,508,Urban,16,Other unimproved,0.0,"Inquérito ao Orçamento Familiar, 2014-2015 - IOF15"
Mozambique,MZ,MOZ,508,Urban,17,DK/missing information,0.0,"Inquérito ao Orçamento Familiar, 2014-2015 - IOF15"
Mozambique,MZ,MOZ,508,Rural,1,Flush and pour flush - to piped sewer system,0.0,"Inquérito ao Orçamento Familiar, 2014-2015 - IOF15"
Mozambique,MZ,MOZ,508,Rural,2,Flush and pour flush - to septic tank,0.007,"Inquérito ao Orçamento Familiar, 2014-2015 - IOF15"
Mozambique,MZ,MOZ,508,Rural,3,Flush and pour flush - to pit,0.0,"Inquérito ao Orçamento Familiar, 2014-2015 - IOF15"
Mozambique,MZ,MOZ,508,Rural,4,Flush and pour flush - to unknown place/ not sure/DK,0.0,"Inquérito ao Orçamento Familiar, 2014-2015 - IOF15"
Mozambique,MZ,MOZ,508,Rural,5,Flush and pour flush - to elsewhere,0.0,"Inquérito ao Orçamento Familiar, 2014-2015 - IOF15"
Mozambique,MZ,MOZ,508,Rural,6,Dry latrines - Ventilated Improved Pit latrine,0.0,"Inquérito ao Orçamento Familiar, 2014-2015 - IOF15"
Mozambique,MZ,MOZ,508,Rural,7,Dry latrines - Pit latrine with slab/covered latrine,0.125,"Inquérito ao Orçamento Familiar, 2014-2015 - IOF15"
Mozambique,MZ,MOZ,508,Rural,8,Dry latrines - Traditional latrine,0.0,"Inquérito ao Orçamento Familiar, 2014-2015 - IOF15"
Mozambique,MZ,MOZ,508,Rural,9,Dry latrines - Pit latrine without slab/open pit,0.382,"Inquérito ao Orçamento Familiar, 2014-2015 - IOF15"
Mozambique,MZ,MOZ,508,Rural,10,Dry latrines - Hanging toilet/hanging latrine,0.0,"Inquérito ao Orçamento Familiar, 2014-2015 - IOF15"
Mozambique,MZ,MOZ,508,Rural,11,Dry latrines - Bucket latrine,0.0,"Inquérito ao Orçamento Familiar, 2014-2015 - IOF15"
Mozambique,MZ,MOZ,508,Rural,12,Dry latrines - Other,0.0,"Inquérito ao Orçamento Familiar, 2014-2015 - IOF15"
Mozambique,MZ,MOZ,508,Rural,13,Composting toilets,0.0,"Inquérito ao Orçamento Familiar, 2014-2015 - IOF15"
Mozambique,MZ,MOZ,508,Rural,14,Other improved,0.0,"Inquérito ao Orçamento Familiar, 2014-2015 - IOF15"
Mozambique,MZ,MOZ,508,Rural,15,"No facility, bush, field",0.485,"Inquérito ao Orçamento Familiar, 2014-2015 - IOF15"
Mozambique,MZ,MOZ,508,Rural,16,Other unimproved,0.0,"Inquérito ao Orçamento Familiar, 2014-2015 - IOF15"
Mozambique,MZ,MOZ,508,Rural,17,DK/missing information,0.0,"Inquérito ao Orçamento Familiar, 2014-2015 - IOF15"
Mozambique,MZ,MOZ,508,National,1,Flush and pour flush - to piped sewer system,0.0,"Inquérito ao Orçamento Familiar, 2014-2015 - IOF15"
Mozambique,MZ,MOZ,508,National,2,Flush and pour flush - to septic tank,0.063,"Inquérito ao Orçamento Familiar, 2014-2015 - IOF15"
Mozambique,MZ,MOZ,508,National,3,Flush and pour flush - to pit,0.0,"Inquérito ao Orçamento Familiar, 2014-2015 - IOF15"
Mozambique,MZ,MOZ,508,National,4,Flush and pour flush - to unknown place/ not sure/DK,0.0,"Inquérito ao Orçamento Familiar, 2014-2015 - IOF15"
Mozambique,MZ,MOZ,508,National,5,Flush and pour flush - to elsewhere,0.0,"Inquérito ao Orçamento Familiar, 2014-2015 - IOF15"
Mozambique,MZ,MOZ,508,National,6,Dry latrines - Ventilated Improved Pit latrine,0.0,"Inquérito ao Orçamento Familiar, 2014-2015 - IOF15"
Mozambique,MZ,MOZ,508,National,7,Dry latrines - Pit latrine with slab/covered latrine,0.206,"Inquérito ao Orçamento Familiar, 2014-2015 - IOF15"
Mozambique,MZ,MOZ,508,National,8,Dry latrines - Traditional latrine,0.0,"Inquérito ao Orçamento Familiar, 2014-2015 - IOF15"
Mozambique,MZ,MOZ,508,National,9,Dry latrines - Pit latrine without slab/open pit,0.355,"Inquérito ao Orçamento Familiar, 2014-2015 - IOF15"
Mozambique,MZ,MOZ,508,National,10,Dry latrines - Hanging toilet/hanging latrine,0.0,"Inquérito ao Orçamento Familiar, 2014-2015 - IOF15"
Mozambique,MZ,MOZ,508,National,11,Dry latrines - Bucket latrine,0.0,"Inquérito ao Orçamento Familiar, 2014-2015 - IOF15"
Mozambique,MZ,MOZ,508,National,12,Dry latrines - Other,0.0,"Inquérito ao Orçamento Familiar, 2014-2015 - IOF15"
Mozambique,MZ,MOZ,508,National,13,Composting toilets,0.0,"Inquérito ao Orçamento Familiar, 2014-2015 - IOF15"
Mozambique,MZ,MOZ,508,National,14,Other improved,0.0,"Inquérito ao Orçamento Familiar, 2014-2015 - IOF15"
Mozambique,MZ,MOZ,508,National,15,"No facility, bush, field",0.375,"Inquérito ao Orçamento Familiar, 2014-2015 - IOF15"
Mozambique,MZ,MOZ,508,National,16,Other unimproved,0.0,"Inquérito ao Orçamento Familiar, 2014-2015 - IOF15"
Mozambique,MZ,MOZ,508,National,17,DK/missing information,0.0,"Inquérito ao Orçamento Familiar, 2014-2015 - IOF15"
Mozambique,MZ,MOZ,508,Urban,1,Flush and pour flush - to piped sewer system,0.0,"Inquérito de Indicadores de Imunização, Malária e HIV/SIDA em Moçambique - AIS15"
Mozambique,MZ,MOZ,508,Urban,2,Flush and pour flush - to septic tank,0.0,"Inquérito de Indicadores de Imunização, Malária e HIV/SIDA em Moçambique - AIS15"
Mozambique,MZ,MOZ,508,Urban,3,Flush and pour flush - to pit,0.0,"Inquérito de Indicadores de Imunização, Malária e HIV/SIDA em Moçambique - AIS15"
Mozambique,MZ,MOZ,508,Urban,4,Flush and pour flush - to unknown place/ not sure/DK,0.0,"Inquérito de Indicadores de Imunização, Malária e HIV/SIDA em Moçambique - AIS15"
Mozambique,MZ,MOZ,508,Urban,5,Flush and pour flush - to elsewhere,0.0,"Inquérito de Indicadores de Imunização, Malária e HIV/SIDA em Moçambique - AIS15"
Mozambique,MZ,MOZ,508,Urban,6,Dry latrines - Ventilated Improved Pit latrine,0.0,"Inquérito de Indicadores de Imunização, Malária e HIV/SIDA em Moçambique - AIS15"
Mozambique,MZ,MOZ,508,Urban,7,Dry latrines - Pit latrine with slab/covered latrine,0.213,"Inquérito de Indicadores de Imunização, Malária e HIV/SIDA em Moçambique - AIS15"
Mozambique,MZ,MOZ,508,Urban,8,Dry latrines - Traditional latrine,0.159,"Inquérito de Indicadores de Imunização, Malária e HIV/SIDA em Moçambique - AIS15"
Mozambique,MZ,MOZ,508,Urban,9,Dry latrines - Pit latrine without slab/open pit,0.311,"Inquérito de Indicadores de Imunização, Malária e HIV/SIDA em Moçambique - AIS15"
Mozambique,MZ,MOZ,508,Urban,10,Dry latrines - Hanging toilet/hanging latrine,0.0,"Inquérito de Indicadores de Imunização, Malária e HIV/SIDA em Moçambique - AIS15"
Mozambique,MZ,MOZ,508,Urban,11,Dry latrines - Bucket latrine,0.0,"Inquérito de Indicadores de Imunização, Malária e HIV/SIDA em Moçambique - AIS15"
Mozambique,MZ,MOZ,508,Urban,12,Dry latrines - Other,0.0,"Inquérito de Indicadores de Imunização, Malária e HIV/SIDA em Moçambique - AIS15"
Mozambique,MZ,MOZ,508,Urban,13,Composting toilets,0.0,"Inquérito de Indicadores de Imunização, Malária e HIV/SIDA em Moçambique - AIS15"
Mozambique,MZ,MOZ,508,Urban,14,Other improved,0.143,"Inquérito de Indicadores de Imunização, Malária e HIV/SIDA em Moçambique - AIS15"
Mozambique,MZ,MOZ,508,Urban,15,"No facility, bush, field",0.056,"Inquérito de Indicadores de Imunização, Malária e HIV/SIDA em Moçambique - AIS15"
Mozambique,MZ,MOZ,508,Urban,16,Other unimproved,0.003,"Inquérito de Indicadores de Imunização, Malária e HIV/SIDA em Moçambique - AIS15"
Mozambique,MZ,MOZ,508,Urban,17,DK/missing information,0.0,"Inquérito de Indicadores de Imunização, Malária e HIV/SIDA em Moçambique - AIS15"
Mozambique,MZ,MOZ,508,Rural,1,Flush and pour flush - to piped sewer system,0.0,"Inquérito de Indicadores de Imunização, Malária e HIV/SIDA em Moçambique - AIS15"
Mozambique,MZ,MOZ,508,Rural,2,Flush and pour flush - to septic tank,0.0,"Inquérito de Indicadores de Imunização, Malária e HIV/SIDA em Moçambique - AIS15"
Mozambique,MZ,MOZ,508,Rural,3,Flush and pour flush - to pit,0.0,"Inquérito de Indicadores de Imunização, Malária e HIV/SIDA em Moçambique - AIS15"
Mozambique,MZ,MOZ,508,Rural,4,Flush and pour flush - to unknown place/ not sure/DK,0.0,"Inquérito de Indicadores de Imunização, Malária e HIV/SIDA em Moçambique - AIS15"
Mozambique,MZ,MOZ,508,Rural,5,Flush and pour flush - to elsewhere,0.0,"Inquérito de Indicadores de Imunização, Malária e HIV/SIDA em Moçambique - AIS15"
Mozambique,MZ,MOZ,508,Rural,6,Dry latrines - Ventilated Improved Pit latrine,0.0,"Inquérito de Indicadores de Imunização, Malária e HIV/SIDA em Moçambique - AIS15"
Mozambique,MZ,MOZ,508,Rural,7,Dry latrines - Pit latrine with slab/covered latrine,0.034,"Inquérito de Indicadores de Imunização, Malária e HIV/SIDA em Moçambique - AIS15"
Mozambique,MZ,MOZ,508,Rural,8,Dry latrines - Traditional latrine,0.155,"Inquérito de Indicadores de Imunização, Malária e HIV/SIDA em Moçambique - AIS15"
Mozambique,MZ,MOZ,508,Rural,9,Dry latrines - Pit latrine without slab/open pit,0.426,"Inquérito de Indicadores de Imunização, Malária e HIV/SIDA em Moçambique - AIS15"
Mozambique,MZ,MOZ,508,Rural,10,Dry latrines - Hanging toilet/hanging latrine,0.0,"Inquérito de Indicadores de Imunização, Malária e HIV/SIDA em Moçambique - AIS15"
Mozambique,MZ,MOZ,508,Rural,11,Dry latrines - Bucket latrine,0.0,"Inquérito de Indicadores de Imunização, Malária e HIV/SIDA em Moçambique - AIS15"
Mozambique,MZ,MOZ,508,Rural,12,Dry latrines - Other,0.0,"Inquérito de Indicadores de Imunização, Malária e HIV/SIDA em Moçambique - AIS15"
Mozambique,MZ,MOZ,508,Rural,13,Composting toilets,0.0,"Inquérito de Indicadores de Imunização, Malária e HIV/SIDA em Moçambique - AIS15"
Mozambique,MZ,MOZ,508,Rural,14,Other improved,0.016,"Inquérito de Indicadores de Imunização, Malária e HIV/SIDA em Moçambique - AIS15"
Mozambique,MZ,MOZ,508,Rural,15,"No facility, bush, field",0.363,"Inquérito de Indicadores de Imunização, Malária e HIV/SIDA em Moçambique - AIS15"
Mozambique,MZ,MOZ,508,Rural,16,Other unimproved,0.003,"Inquérito de Indicadores de Imunização, Malária e HIV/SIDA em Moçambique - AIS15"
Mozambique,MZ,MOZ,508,Rural,17,DK/missing information,0.0,"Inquérito de Indicadores de Imunização, Malária e HIV/SIDA em Moçambique - AIS15"
Mozambique,MZ,MOZ,508,National,1,Flush and pour flush - to piped sewer system,0.0,"Inquérito de Indicadores de Imunização, Malária e HIV/SIDA em Moçambique - AIS15"
Mozambique,MZ,MOZ,508,National,2,Flush and pour flush - to septic tank,0.0,"Inquérito de Indicadores de Imunização, Malária e HIV/SIDA em Moçambique - AIS15"
Mozambique,MZ,MOZ,508,National,3,Flush and pour flush - to pit,0.0,"Inquérito de Indicadores de Imunização, Malária e HIV/SIDA em Moçambique - AIS15"
Mozambique,MZ,MOZ,508,National,4,Flush and pour flush - to unknown place/ not sure/DK,0.0,"Inquérito de Indicadores de Imunização, Malária e HIV/SIDA em Moçambique - AIS15"
Mozambique,MZ,MOZ,508,National,5,Flush and pour flush - to elsewhere,0.0,"Inquérito de Indicadores de Imunização, Malária e HIV/SIDA em Moçambique - AIS15"
Mozambique,MZ,MOZ,508,National,6,Dry latrines - Ventilated Improved Pit latrine,0.0,"Inquérito de Indicadores de Imunização, Malária e HIV/SIDA em Moçambique - AIS15"
Mozambique,MZ,MOZ,508,National,7,Dry latrines - Pit latrine with slab/covered latrine,0.091,"Inquérito de Indicadores de Imunização, Malária e HIV/SIDA em Moçambique - AIS15"
Mozambique,MZ,MOZ,508,National,8,Dry latrines - Traditional latrine,0.157,"Inquérito de Indicadores de Imunização, Malária e HIV/SIDA em Moçambique - AIS15"
Mozambique,MZ,MOZ,508,National,9,Dry latrines - Pit latrine without slab/open pit,0.389,"Inquérito de Indicadores de Imunização, Malária e HIV/SIDA em Moçambique - AIS15"
Mozambique,MZ,MOZ,508,National,10,Dry latrines - Hanging toilet/hanging latrine,0.0,"Inquérito de Indicadores de Imunização, Malária e HIV/SIDA em Moçambique - AIS15"
Mozambique,MZ,MOZ,508,National,11,Dry latrines - Bucket latrine,0.0,"Inquérito de Indicadores de Imunização, Malária e HIV/SIDA em Moçambique - AIS15"
Mozambique,MZ,MOZ,508,National,12,Dry latrines - Other,0.0,"Inquérito de Indicadores de Imunização, Malária e HIV/SIDA em Moçambique - AIS15"
Mozambique,MZ,MOZ,508,National,13,Composting toilets,0.0,"Inquérito de Indicadores de Imunização, Malária e HIV/SIDA em Moçambique - AIS15"
Mozambique,MZ,MOZ,508,National,14,Other improved,0.057,"Inquérito de Indicadores de Imunização, Malária e HIV/SIDA em Moçambique - AIS15"
Mozambique,MZ,MOZ,508,National,15,"No facility, bush, field",0.265,"Inquérito de Indicadores de Imunização, Malária e HIV/SIDA em Moçambique - AIS15"
Mozambique,MZ,MOZ,508,National,16,Other unimproved,0.003,"Inquérito de Indicadores de Imunização, Malária e HIV/SIDA em Moçambique - AIS15"
Mozambique,MZ,MOZ,508,National,17,DK/missing information,0.0,"Inquérito de Indicadores de Imunização, Malária e HIV/SIDA em Moçambique - AIS15"
Mozambique,MZ,MOZ,508,Urban,1,Flush and pour flush - to piped sewer system,0.0,Inquerito de base PRONASAR - PRONASAR11
Mozambique,MZ,MOZ,508,Urban,2,Flush and pour flush - to septic tank,0.0,Inquerito de base PRONASAR - PRONASAR11
Mozambique,MZ,MOZ,508,Urban,3,Flush and pour flush - to pit,0.0,Inquerito de base PRONASAR - PRONASAR11
Mozambique,MZ,MOZ,508,Urban,4,Flush and pour flush - to unknown place/ not sure/DK,0.0,Inquerito de base PRONASAR - PRONASAR11
Mozambique,MZ,MOZ,508,Urban,5,Flush and pour flush - to elsewhere,0.0,Inquerito de base PRONASAR - PRONASAR11
Mozambique,MZ,MOZ,508,Urban,6,Dry latrines - Ventilated Improved Pit latrine,0.0,Inquerito de base PRONASAR - PRONASAR11
Mozambique,MZ,MOZ,508,Urban,7,Dry latrines - Pit latrine with slab/covered latrine,0.0,Inquerito de base PRONASAR - PRONASAR11
Mozambique,MZ,MOZ,508,Urban,8,Dry latrines - Traditional latrine,0.0,Inquerito de base PRONASAR - PRONASAR11
Mozambique,MZ,MOZ,508,Urban,9,Dry latrines - Pit latrine without slab/open pit,0.0,Inquerito de base PRONASAR - PRONASAR11
Mozambique,MZ,MOZ,508,Urban,10,Dry latrines - Hanging toilet/hanging latrine,0.0,Inquerito de base PRONASAR - PRONASAR11
Mozambique,MZ,MOZ,508,Urban,11,Dry latrines - Bucket latrine,0.0,Inquerito de base PRONASAR - PRONASAR11
Mozambique,MZ,MOZ,508,Urban,12,Dry latrines - Other,0.0,Inquerito de base PRONASAR - PRONASAR11
Mozambique,MZ,MOZ,508,Urban,13,Composting toilets,0.0,Inquerito de base PRONASAR - PRONASAR11
Mozambique,MZ,MOZ,508,Urban,14,Other improved,0.0,Inquerito de base PRONASAR - PRONASAR11
Mozambique,MZ,MOZ,508,Urban,15,"No facility, bush, field",0.0,Inquerito de base PRONASAR - PRONASAR11
Mozambique,MZ,MOZ,508,Urban,16,Other unimproved,0.0,Inquerito de base PRONASAR - PRONASAR11
Mozambique,MZ,MOZ,508,Urban,17,DK/missing information,0.0,Inquerito de base PRONASAR - PRONASAR11
Mozambique,MZ,MOZ,508,Rural,1,Flush and pour flush - to piped sewer system,0.0,Inquerito de base PRONASAR - PRONASAR11
Mozambique,MZ,MOZ,508,Rural,2,Flush and pour flush - to septic tank,0.001,Inquerito de base PRONASAR - PRONASAR11
Mozambique,MZ,MOZ,508,Rural,3,Flush and pour flush - to pit,0.006,Inquerito de base PRONASAR - PRONASAR11
Mozambique,MZ,MOZ,508,Rural,4,Flush and pour flush - to unknown place/ not sure/DK,0.0,Inquerito de base PRONASAR - PRONASAR11
Mozambique,MZ,MOZ,508,Rural,5,Flush and pour flush - to elsewhere,0.0,Inquerito de base PRONASAR - PRONASAR11
Mozambique,MZ,MOZ,508,Rural,6,Dry latrines - Ventilated Improved Pit latrine,0.004,Inquerito de base PRONASAR - PRONASAR11
Mozambique,MZ,MOZ,508,Rural,7,Dry latrines - Pit latrine with slab/covered latrine,0.054,Inquerito de base PRONASAR - PRONASAR11
Mozambique,MZ,MOZ,508,Rural,8,Dry latrines - Traditional latrine,0.056,Inquerito de base PRONASAR - PRONASAR11
Mozambique,MZ,MOZ,508,Rural,9,Dry latrines - Pit latrine without slab/open pit,0.43,Inquerito de base PRONASAR - PRONASAR11
Mozambique,MZ,MOZ,508,Rural,10,Dry latrines - Hanging toilet/hanging latrine,0.0,Inquerito de base PRONASAR - PRONASAR11
Mozambique,MZ,MOZ,508,Rural,11,Dry latrines - Bucket latrine,0.0,Inquerito de base PRONASAR - PRONASAR11
Mozambique,MZ,MOZ,508,Rural,12,Dry latrines - Other,0.0,Inquerito de base PRONASAR - PRONASAR11
Mozambique,MZ,MOZ,508,Rural,13,Composting toilets,0.004,Inquerito de base PRONASAR - PRONASAR11
Mozambique,MZ,MOZ,508,Rural,14,Other improved,0.0,Inquerito de base PRONASAR - PRONASAR11
Mozambique,MZ,MOZ,508,Rural,15,"No facility, bush, field",0.446,Inquerito de base PRONASAR - PRONASAR11
Mozambique,MZ,MOZ,508,Rural,16,Other unimproved,0.0,Inquerito de base PRONASAR - PRONASAR11
Mozambique,MZ,MOZ,508,Rural,17,DK/missing information,0.0,Inquerito de base PRONASAR - PRONASAR11
Mozambique,MZ,MOZ,508,National,1,Flush and pour flush - to piped sewer system,0.0,Inquerito de base PRONASAR - PRONASAR11
Mozambique,MZ,MOZ,508,National,2,Flush and pour flush - to septic tank,0.0,Inquerito de base PRONASAR - PRONASAR11
Mozambique,MZ,MOZ,508,National,3,Flush and pour flush - to pit,0.0,Inquerito de base PRONASAR - PRONASAR11
Mozambique,MZ,MOZ,508,National,4,Flush and pour flush - to unknown place/ not sure/DK,0.0,Inquerito de base PRONASAR - PRONASAR11
Mozambique,MZ,MOZ,508,National,5,Flush and pour flush - to elsewhere,0.0,Inquerito de base PRONASAR - PRONASAR11
Mozambique,MZ,MOZ,508,National,6,Dry latrines - Ventilated Improved Pit latrine,0.0,Inquerito de base PRONASAR - PRONASAR11
Mozambique,MZ,MOZ,508,National,7,Dry latrines - Pit latrine with slab/covered latrine,0.0,Inquerito de base PRONASAR - PRONASAR11
Mozambique,MZ,MOZ,508,National,8,Dry latrines - Traditional latrine,0.0,Inquerito de base PRONASAR - PRONASAR11
Mozambique,MZ,MOZ,508,National,9,Dry latrines - Pit latrine without slab/open pit,0.0,Inquerito de base PRONASAR - PRONASAR11
Mozambique,MZ,MOZ,508,National,10,Dry latrines - Hanging toilet/hanging latrine,0.0,Inquerito de base PRONASAR - PRONASAR11
Mozambique,MZ,MOZ,508,National,11,Dry latrines - Bucket latrine,0.0,Inquerito de base PRONASAR - PRONASAR11
Mozambique,MZ,MOZ,508,National,12,Dry latrines - Other,0.0,Inquerito de base PRONASAR - PRONASAR11
Mozambique,MZ,MOZ,508,National,13,Composting toilets,0.0,Inquerito de base PRONASAR - PRONASAR11
Mozambique,MZ,MOZ,508,National,14,Other improved,0.0,Inquerito de base PRONASAR - PRONASAR11
Mozambique,MZ,MOZ,508,National,15,"No facility, bush, field",0.0,Inquerito de base PRONASAR - PRONASAR11
Mozambique,MZ,MOZ,508,National,16,Other unimproved,0.0,Inquerito de base PRONASAR - PRONASAR11
Mozambique,MZ,MOZ,508,National,17,DK/missing information,0.0,Inquerito de base PRONASAR - PRONASAR11
