country,alpha-2,alpha-3,numeric,context,classific_id,classification,percentage,source
Oman,OM,OMN,512,Urban,1,Flush and pour flush - to piped sewer system,0.0,"General Census of Population, Housing & Establishments - CEN03"
Oman,OM,OMN,512,Urban,2,Flush and pour flush - to septic tank,0.0,"General Census of Population, Housing & Establishments - CEN03"
Oman,OM,OMN,512,Urban,3,Flush and pour flush - to pit,0.0,"General Census of Population, Housing & Establishments - CEN03"
Oman,OM,OMN,512,Urban,4,Flush and pour flush - to unknown place/ not sure/DK,0.0,"General Census of Population, Housing & Establishments - CEN03"
Oman,OM,OMN,512,Urban,5,Flush and pour flush - to elsewhere,0.0,"General Census of Population, Housing & Establishments - CEN03"
Oman,OM,OMN,512,Urban,6,Dry latrines - Ventilated Improved Pit latrine,0.0,"General Census of Population, Housing & Establishments - CEN03"
Oman,OM,OMN,512,Urban,7,Dry latrines - Pit latrine with slab/covered latrine,0.0,"General Census of Population, Housing & Establishments - CEN03"
Oman,OM,OMN,512,Urban,8,Dry latrines - Traditional latrine,0.0,"General Census of Population, Housing & Establishments - CEN03"
Oman,OM,OMN,512,Urban,9,Dry latrines - Pit latrine without slab/open pit,0.0,"General Census of Population, Housing & Establishments - CEN03"
Oman,OM,OMN,512,Urban,10,Dry latrines - Hanging toilet/hanging latrine,0.0,"General Census of Population, Housing & Establishments - CEN03"
Oman,OM,OMN,512,Urban,11,Dry latrines - Bucket latrine,0.0,"General Census of Population, Housing & Establishments - CEN03"
Oman,OM,OMN,512,Urban,12,Dry latrines - Other,0.0,"General Census of Population, Housing & Establishments - CEN03"
Oman,OM,OMN,512,Urban,13,Composting toilets,0.0,"General Census of Population, Housing & Establishments - CEN03"
Oman,OM,OMN,512,Urban,14,Other improved,0.0,"General Census of Population, Housing & Establishments - CEN03"
Oman,OM,OMN,512,Urban,15,"No facility, bush, field",0.07,"General Census of Population, Housing & Establishments - CEN03"
Oman,OM,OMN,512,Urban,16,Other unimproved,0.0,"General Census of Population, Housing & Establishments - CEN03"
Oman,OM,OMN,512,Urban,17,DK/missing information,0.0,"General Census of Population, Housing & Establishments - CEN03"
Oman,OM,OMN,512,Rural,1,Flush and pour flush - to piped sewer system,0.0,"General Census of Population, Housing & Establishments - CEN03"
Oman,OM,OMN,512,Rural,2,Flush and pour flush - to septic tank,0.0,"General Census of Population, Housing & Establishments - CEN03"
Oman,OM,OMN,512,Rural,3,Flush and pour flush - to pit,0.0,"General Census of Population, Housing & Establishments - CEN03"
Oman,OM,OMN,512,Rural,4,Flush and pour flush - to unknown place/ not sure/DK,0.0,"General Census of Population, Housing & Establishments - CEN03"
Oman,OM,OMN,512,Rural,5,Flush and pour flush - to elsewhere,0.0,"General Census of Population, Housing & Establishments - CEN03"
Oman,OM,OMN,512,Rural,6,Dry latrines - Ventilated Improved Pit latrine,0.0,"General Census of Population, Housing & Establishments - CEN03"
Oman,OM,OMN,512,Rural,7,Dry latrines - Pit latrine with slab/covered latrine,0.0,"General Census of Population, Housing & Establishments - CEN03"
Oman,OM,OMN,512,Rural,8,Dry latrines - Traditional latrine,0.0,"General Census of Population, Housing & Establishments - CEN03"
Oman,OM,OMN,512,Rural,9,Dry latrines - Pit latrine without slab/open pit,0.0,"General Census of Population, Housing & Establishments - CEN03"
Oman,OM,OMN,512,Rural,10,Dry latrines - Hanging toilet/hanging latrine,0.0,"General Census of Population, Housing & Establishments - CEN03"
Oman,OM,OMN,512,Rural,11,Dry latrines - Bucket latrine,0.0,"General Census of Population, Housing & Establishments - CEN03"
Oman,OM,OMN,512,Rural,12,Dry latrines - Other,0.0,"General Census of Population, Housing & Establishments - CEN03"
Oman,OM,OMN,512,Rural,13,Composting toilets,0.0,"General Census of Population, Housing & Establishments - CEN03"
Oman,OM,OMN,512,Rural,14,Other improved,0.0,"General Census of Population, Housing & Establishments - CEN03"
Oman,OM,OMN,512,Rural,15,"No facility, bush, field",0.21,"General Census of Population, Housing & Establishments - CEN03"
Oman,OM,OMN,512,Rural,16,Other unimproved,0.0,"General Census of Population, Housing & Establishments - CEN03"
Oman,OM,OMN,512,Rural,17,DK/missing information,0.0,"General Census of Population, Housing & Establishments - CEN03"
Oman,OM,OMN,512,National,1,Flush and pour flush - to piped sewer system,0.0,"General Census of Population, Housing & Establishments - CEN03"
Oman,OM,OMN,512,National,2,Flush and pour flush - to septic tank,0.0,"General Census of Population, Housing & Establishments - CEN03"
Oman,OM,OMN,512,National,3,Flush and pour flush - to pit,0.0,"General Census of Population, Housing & Establishments - CEN03"
Oman,OM,OMN,512,National,4,Flush and pour flush - to unknown place/ not sure/DK,0.0,"General Census of Population, Housing & Establishments - CEN03"
Oman,OM,OMN,512,National,5,Flush and pour flush - to elsewhere,0.0,"General Census of Population, Housing & Establishments - CEN03"
Oman,OM,OMN,512,National,6,Dry latrines - Ventilated Improved Pit latrine,0.0,"General Census of Population, Housing & Establishments - CEN03"
Oman,OM,OMN,512,National,7,Dry latrines - Pit latrine with slab/covered latrine,0.0,"General Census of Population, Housing & Establishments - CEN03"
Oman,OM,OMN,512,National,8,Dry latrines - Traditional latrine,0.0,"General Census of Population, Housing & Establishments - CEN03"
Oman,OM,OMN,512,National,9,Dry latrines - Pit latrine without slab/open pit,0.0,"General Census of Population, Housing & Establishments - CEN03"
Oman,OM,OMN,512,National,10,Dry latrines - Hanging toilet/hanging latrine,0.0,"General Census of Population, Housing & Establishments - CEN03"
Oman,OM,OMN,512,National,11,Dry latrines - Bucket latrine,0.0,"General Census of Population, Housing & Establishments - CEN03"
Oman,OM,OMN,512,National,12,Dry latrines - Other,0.0,"General Census of Population, Housing & Establishments - CEN03"
Oman,OM,OMN,512,National,13,Composting toilets,0.0,"General Census of Population, Housing & Establishments - CEN03"
Oman,OM,OMN,512,National,14,Other improved,0.0,"General Census of Population, Housing & Establishments - CEN03"
Oman,OM,OMN,512,National,15,"No facility, bush, field",0.0,"General Census of Population, Housing & Establishments - CEN03"
Oman,OM,OMN,512,National,16,Other unimproved,0.0,"General Census of Population, Housing & Establishments - CEN03"
Oman,OM,OMN,512,National,17,DK/missing information,0.0,"General Census of Population, Housing & Establishments - CEN03"
Oman,OM,OMN,512,Urban,1,Flush and pour flush - to piped sewer system,0.0,Household Income and Expenditure Survey - HIES07
Oman,OM,OMN,512,Urban,2,Flush and pour flush - to septic tank,0.0,Household Income and Expenditure Survey - HIES07
Oman,OM,OMN,512,Urban,3,Flush and pour flush - to pit,0.0,Household Income and Expenditure Survey - HIES07
Oman,OM,OMN,512,Urban,4,Flush and pour flush - to unknown place/ not sure/DK,0.461,Household Income and Expenditure Survey - HIES07
Oman,OM,OMN,512,Urban,5,Flush and pour flush - to elsewhere,0.0,Household Income and Expenditure Survey - HIES07
Oman,OM,OMN,512,Urban,6,Dry latrines - Ventilated Improved Pit latrine,0.0,Household Income and Expenditure Survey - HIES07
Oman,OM,OMN,512,Urban,7,Dry latrines - Pit latrine with slab/covered latrine,0.0,Household Income and Expenditure Survey - HIES07
Oman,OM,OMN,512,Urban,8,Dry latrines - Traditional latrine,0.0,Household Income and Expenditure Survey - HIES07
Oman,OM,OMN,512,Urban,9,Dry latrines - Pit latrine without slab/open pit,0.0,Household Income and Expenditure Survey - HIES07
Oman,OM,OMN,512,Urban,10,Dry latrines - Hanging toilet/hanging latrine,0.0,Household Income and Expenditure Survey - HIES07
Oman,OM,OMN,512,Urban,11,Dry latrines - Bucket latrine,0.0,Household Income and Expenditure Survey - HIES07
Oman,OM,OMN,512,Urban,12,Dry latrines - Other,0.0,Household Income and Expenditure Survey - HIES07
Oman,OM,OMN,512,Urban,13,Composting toilets,0.0,Household Income and Expenditure Survey - HIES07
Oman,OM,OMN,512,Urban,14,Other improved,0.0,Household Income and Expenditure Survey - HIES07
Oman,OM,OMN,512,Urban,15,"No facility, bush, field",0.005,Household Income and Expenditure Survey - HIES07
Oman,OM,OMN,512,Urban,16,Other unimproved,0.0,Household Income and Expenditure Survey - HIES07
Oman,OM,OMN,512,Urban,17,DK/missing information,0.0,Household Income and Expenditure Survey - HIES07
Oman,OM,OMN,512,Rural,1,Flush and pour flush - to piped sewer system,0.0,Household Income and Expenditure Survey - HIES07
Oman,OM,OMN,512,Rural,2,Flush and pour flush - to septic tank,0.0,Household Income and Expenditure Survey - HIES07
Oman,OM,OMN,512,Rural,3,Flush and pour flush - to pit,0.0,Household Income and Expenditure Survey - HIES07
Oman,OM,OMN,512,Rural,4,Flush and pour flush - to unknown place/ not sure/DK,0.721,Household Income and Expenditure Survey - HIES07
Oman,OM,OMN,512,Rural,5,Flush and pour flush - to elsewhere,0.0,Household Income and Expenditure Survey - HIES07
Oman,OM,OMN,512,Rural,6,Dry latrines - Ventilated Improved Pit latrine,0.0,Household Income and Expenditure Survey - HIES07
Oman,OM,OMN,512,Rural,7,Dry latrines - Pit latrine with slab/covered latrine,0.0,Household Income and Expenditure Survey - HIES07
Oman,OM,OMN,512,Rural,8,Dry latrines - Traditional latrine,0.0,Household Income and Expenditure Survey - HIES07
Oman,OM,OMN,512,Rural,9,Dry latrines - Pit latrine without slab/open pit,0.0,Household Income and Expenditure Survey - HIES07
Oman,OM,OMN,512,Rural,10,Dry latrines - Hanging toilet/hanging latrine,0.0,Household Income and Expenditure Survey - HIES07
Oman,OM,OMN,512,Rural,11,Dry latrines - Bucket latrine,0.0,Household Income and Expenditure Survey - HIES07
Oman,OM,OMN,512,Rural,12,Dry latrines - Other,0.0,Household Income and Expenditure Survey - HIES07
Oman,OM,OMN,512,Rural,13,Composting toilets,0.0,Household Income and Expenditure Survey - HIES07
Oman,OM,OMN,512,Rural,14,Other improved,0.0,Household Income and Expenditure Survey - HIES07
Oman,OM,OMN,512,Rural,15,"No facility, bush, field",0.104,Household Income and Expenditure Survey - HIES07
Oman,OM,OMN,512,Rural,16,Other unimproved,0.0,Household Income and Expenditure Survey - HIES07
Oman,OM,OMN,512,Rural,17,DK/missing information,0.0,Household Income and Expenditure Survey - HIES07
Oman,OM,OMN,512,National,1,Flush and pour flush - to piped sewer system,0.0,Household Income and Expenditure Survey - HIES07
Oman,OM,OMN,512,National,2,Flush and pour flush - to septic tank,0.0,Household Income and Expenditure Survey - HIES07
Oman,OM,OMN,512,National,3,Flush and pour flush - to pit,0.0,Household Income and Expenditure Survey - HIES07
Oman,OM,OMN,512,National,4,Flush and pour flush - to unknown place/ not sure/DK,0.528,Household Income and Expenditure Survey - HIES07
Oman,OM,OMN,512,National,5,Flush and pour flush - to elsewhere,0.0,Household Income and Expenditure Survey - HIES07
Oman,OM,OMN,512,National,6,Dry latrines - Ventilated Improved Pit latrine,0.0,Household Income and Expenditure Survey - HIES07
Oman,OM,OMN,512,National,7,Dry latrines - Pit latrine with slab/covered latrine,0.0,Household Income and Expenditure Survey - HIES07
Oman,OM,OMN,512,National,8,Dry latrines - Traditional latrine,0.0,Household Income and Expenditure Survey - HIES07
Oman,OM,OMN,512,National,9,Dry latrines - Pit latrine without slab/open pit,0.0,Household Income and Expenditure Survey - HIES07
Oman,OM,OMN,512,National,10,Dry latrines - Hanging toilet/hanging latrine,0.0,Household Income and Expenditure Survey - HIES07
Oman,OM,OMN,512,National,11,Dry latrines - Bucket latrine,0.0,Household Income and Expenditure Survey - HIES07
Oman,OM,OMN,512,National,12,Dry latrines - Other,0.0,Household Income and Expenditure Survey - HIES07
Oman,OM,OMN,512,National,13,Composting toilets,0.0,Household Income and Expenditure Survey - HIES07
Oman,OM,OMN,512,National,14,Other improved,0.0,Household Income and Expenditure Survey - HIES07
Oman,OM,OMN,512,National,15,"No facility, bush, field",0.03,Household Income and Expenditure Survey - HIES07
Oman,OM,OMN,512,National,16,Other unimproved,0.0,Household Income and Expenditure Survey - HIES07
Oman,OM,OMN,512,National,17,DK/missing information,0.0,Household Income and Expenditure Survey - HIES07
Oman,OM,OMN,512,Urban,1,Flush and pour flush - to piped sewer system,0.126,Multiple Indicator Cluster Survey - MICS14
Oman,OM,OMN,512,Urban,2,Flush and pour flush - to septic tank,0.843,Multiple Indicator Cluster Survey - MICS14
Oman,OM,OMN,512,Urban,3,Flush and pour flush - to pit,0.021,Multiple Indicator Cluster Survey - MICS14
Oman,OM,OMN,512,Urban,4,Flush and pour flush - to unknown place/ not sure/DK,0.001,Multiple Indicator Cluster Survey - MICS14
Oman,OM,OMN,512,Urban,5,Flush and pour flush - to elsewhere,0.0,Multiple Indicator Cluster Survey - MICS14
Oman,OM,OMN,512,Urban,6,Dry latrines - Ventilated Improved Pit latrine,0.002,Multiple Indicator Cluster Survey - MICS14
Oman,OM,OMN,512,Urban,7,Dry latrines - Pit latrine with slab/covered latrine,0.007,Multiple Indicator Cluster Survey - MICS14
Oman,OM,OMN,512,Urban,8,Dry latrines - Traditional latrine,0.0,Multiple Indicator Cluster Survey - MICS14
Oman,OM,OMN,512,Urban,9,Dry latrines - Pit latrine without slab/open pit,0.0,Multiple Indicator Cluster Survey - MICS14
Oman,OM,OMN,512,Urban,10,Dry latrines - Hanging toilet/hanging latrine,0.0,Multiple Indicator Cluster Survey - MICS14
Oman,OM,OMN,512,Urban,11,Dry latrines - Bucket latrine,0.0,Multiple Indicator Cluster Survey - MICS14
Oman,OM,OMN,512,Urban,12,Dry latrines - Other,0.0,Multiple Indicator Cluster Survey - MICS14
Oman,OM,OMN,512,Urban,13,Composting toilets,0.0,Multiple Indicator Cluster Survey - MICS14
Oman,OM,OMN,512,Urban,14,Other improved,0.0,Multiple Indicator Cluster Survey - MICS14
Oman,OM,OMN,512,Urban,15,"No facility, bush, field",0.001,Multiple Indicator Cluster Survey - MICS14
Oman,OM,OMN,512,Urban,16,Other unimproved,0.0,Multiple Indicator Cluster Survey - MICS14
Oman,OM,OMN,512,Urban,17,DK/missing information,0.0,Multiple Indicator Cluster Survey - MICS14
Oman,OM,OMN,512,Rural,1,Flush and pour flush - to piped sewer system,0.015,Multiple Indicator Cluster Survey - MICS14
Oman,OM,OMN,512,Rural,2,Flush and pour flush - to septic tank,0.888,Multiple Indicator Cluster Survey - MICS14
Oman,OM,OMN,512,Rural,3,Flush and pour flush - to pit,0.022,Multiple Indicator Cluster Survey - MICS14
Oman,OM,OMN,512,Rural,4,Flush and pour flush - to unknown place/ not sure/DK,0.0,Multiple Indicator Cluster Survey - MICS14
Oman,OM,OMN,512,Rural,5,Flush and pour flush - to elsewhere,0.0,Multiple Indicator Cluster Survey - MICS14
Oman,OM,OMN,512,Rural,6,Dry latrines - Ventilated Improved Pit latrine,0.002,Multiple Indicator Cluster Survey - MICS14
Oman,OM,OMN,512,Rural,7,Dry latrines - Pit latrine with slab/covered latrine,0.064,Multiple Indicator Cluster Survey - MICS14
Oman,OM,OMN,512,Rural,8,Dry latrines - Traditional latrine,0.0,Multiple Indicator Cluster Survey - MICS14
Oman,OM,OMN,512,Rural,9,Dry latrines - Pit latrine without slab/open pit,0.0,Multiple Indicator Cluster Survey - MICS14
Oman,OM,OMN,512,Rural,10,Dry latrines - Hanging toilet/hanging latrine,0.0,Multiple Indicator Cluster Survey - MICS14
Oman,OM,OMN,512,Rural,11,Dry latrines - Bucket latrine,0.0,Multiple Indicator Cluster Survey - MICS14
Oman,OM,OMN,512,Rural,12,Dry latrines - Other,0.0,Multiple Indicator Cluster Survey - MICS14
Oman,OM,OMN,512,Rural,13,Composting toilets,0.0,Multiple Indicator Cluster Survey - MICS14
Oman,OM,OMN,512,Rural,14,Other improved,0.0,Multiple Indicator Cluster Survey - MICS14
Oman,OM,OMN,512,Rural,15,"No facility, bush, field",0.008,Multiple Indicator Cluster Survey - MICS14
Oman,OM,OMN,512,Rural,16,Other unimproved,0.0,Multiple Indicator Cluster Survey - MICS14
Oman,OM,OMN,512,Rural,17,DK/missing information,0.0,Multiple Indicator Cluster Survey - MICS14
Oman,OM,OMN,512,National,1,Flush and pour flush - to piped sewer system,0.097,Multiple Indicator Cluster Survey - MICS14
Oman,OM,OMN,512,National,2,Flush and pour flush - to septic tank,0.855,Multiple Indicator Cluster Survey - MICS14
Oman,OM,OMN,512,National,3,Flush and pour flush - to pit,0.021,Multiple Indicator Cluster Survey - MICS14
Oman,OM,OMN,512,National,4,Flush and pour flush - to unknown place/ not sure/DK,0.001,Multiple Indicator Cluster Survey - MICS14
Oman,OM,OMN,512,National,5,Flush and pour flush - to elsewhere,0.0,Multiple Indicator Cluster Survey - MICS14
Oman,OM,OMN,512,National,6,Dry latrines - Ventilated Improved Pit latrine,0.002,Multiple Indicator Cluster Survey - MICS14
Oman,OM,OMN,512,National,7,Dry latrines - Pit latrine with slab/covered latrine,0.022,Multiple Indicator Cluster Survey - MICS14
Oman,OM,OMN,512,National,8,Dry latrines - Traditional latrine,0.0,Multiple Indicator Cluster Survey - MICS14
Oman,OM,OMN,512,National,9,Dry latrines - Pit latrine without slab/open pit,0.0,Multiple Indicator Cluster Survey - MICS14
Oman,OM,OMN,512,National,10,Dry latrines - Hanging toilet/hanging latrine,0.0,Multiple Indicator Cluster Survey - MICS14
Oman,OM,OMN,512,National,11,Dry latrines - Bucket latrine,0.0,Multiple Indicator Cluster Survey - MICS14
Oman,OM,OMN,512,National,12,Dry latrines - Other,0.0,Multiple Indicator Cluster Survey - MICS14
Oman,OM,OMN,512,National,13,Composting toilets,0.0,Multiple Indicator Cluster Survey - MICS14
Oman,OM,OMN,512,National,14,Other improved,0.0,Multiple Indicator Cluster Survey - MICS14
Oman,OM,OMN,512,National,15,"No facility, bush, field",0.003,Multiple Indicator Cluster Survey - MICS14
Oman,OM,OMN,512,National,16,Other unimproved,0.0,Multiple Indicator Cluster Survey - MICS14
Oman,OM,OMN,512,National,17,DK/missing information,0.0,Multiple Indicator Cluster Survey - MICS14
