country,alpha-2,alpha-3,numeric,context,classific_id,classification,percentage,source
Qatar,QA,QAT,634,Urban,1,Flush and pour flush - to piped sewer system,0.0,Sustainable Development Indicators in the State of Qatar - SDI08
Qatar,QA,QAT,634,Urban,2,Flush and pour flush - to septic tank,0.0,Sustainable Development Indicators in the State of Qatar - SDI08
Qatar,QA,QAT,634,Urban,3,Flush and pour flush - to pit,0.0,Sustainable Development Indicators in the State of Qatar - SDI08
Qatar,QA,QAT,634,Urban,4,Flush and pour flush - to unknown place/ not sure/DK,0.0,Sustainable Development Indicators in the State of Qatar - SDI08
Qatar,QA,QAT,634,Urban,5,Flush and pour flush - to elsewhere,0.0,Sustainable Development Indicators in the State of Qatar - SDI08
Qatar,QA,QAT,634,Urban,6,Dry latrines - Ventilated Improved Pit latrine,0.0,Sustainable Development Indicators in the State of Qatar - SDI08
Qatar,QA,QAT,634,Urban,7,Dry latrines - Pit latrine with slab/covered latrine,0.0,Sustainable Development Indicators in the State of Qatar - SDI08
Qatar,QA,QAT,634,Urban,8,Dry latrines - Traditional latrine,0.0,Sustainable Development Indicators in the State of Qatar - SDI08
Qatar,QA,QAT,634,Urban,9,Dry latrines - Pit latrine without slab/open pit,0.0,Sustainable Development Indicators in the State of Qatar - SDI08
Qatar,QA,QAT,634,Urban,10,Dry latrines - Hanging toilet/hanging latrine,0.0,Sustainable Development Indicators in the State of Qatar - SDI08
Qatar,QA,QAT,634,Urban,11,Dry latrines - Bucket latrine,0.0,Sustainable Development Indicators in the State of Qatar - SDI08
Qatar,QA,QAT,634,Urban,12,Dry latrines - Other,0.0,Sustainable Development Indicators in the State of Qatar - SDI08
Qatar,QA,QAT,634,Urban,13,Composting toilets,0.0,Sustainable Development Indicators in the State of Qatar - SDI08
Qatar,QA,QAT,634,Urban,14,Other improved,0.0,Sustainable Development Indicators in the State of Qatar - SDI08
Qatar,QA,QAT,634,Urban,15,"No facility, bush, field",0.0,Sustainable Development Indicators in the State of Qatar - SDI08
Qatar,QA,QAT,634,Urban,16,Other unimproved,0.0,Sustainable Development Indicators in the State of Qatar - SDI08
Qatar,QA,QAT,634,Urban,17,DK/missing information,0.0,Sustainable Development Indicators in the State of Qatar - SDI08
Qatar,QA,QAT,634,Rural,1,Flush and pour flush - to piped sewer system,0.0,Sustainable Development Indicators in the State of Qatar - SDI08
Qatar,QA,QAT,634,Rural,2,Flush and pour flush - to septic tank,0.0,Sustainable Development Indicators in the State of Qatar - SDI08
Qatar,QA,QAT,634,Rural,3,Flush and pour flush - to pit,0.0,Sustainable Development Indicators in the State of Qatar - SDI08
Qatar,QA,QAT,634,Rural,4,Flush and pour flush - to unknown place/ not sure/DK,0.0,Sustainable Development Indicators in the State of Qatar - SDI08
Qatar,QA,QAT,634,Rural,5,Flush and pour flush - to elsewhere,0.0,Sustainable Development Indicators in the State of Qatar - SDI08
Qatar,QA,QAT,634,Rural,6,Dry latrines - Ventilated Improved Pit latrine,0.0,Sustainable Development Indicators in the State of Qatar - SDI08
Qatar,QA,QAT,634,Rural,7,Dry latrines - Pit latrine with slab/covered latrine,0.0,Sustainable Development Indicators in the State of Qatar - SDI08
Qatar,QA,QAT,634,Rural,8,Dry latrines - Traditional latrine,0.0,Sustainable Development Indicators in the State of Qatar - SDI08
Qatar,QA,QAT,634,Rural,9,Dry latrines - Pit latrine without slab/open pit,0.0,Sustainable Development Indicators in the State of Qatar - SDI08
Qatar,QA,QAT,634,Rural,10,Dry latrines - Hanging toilet/hanging latrine,0.0,Sustainable Development Indicators in the State of Qatar - SDI08
Qatar,QA,QAT,634,Rural,11,Dry latrines - Bucket latrine,0.0,Sustainable Development Indicators in the State of Qatar - SDI08
Qatar,QA,QAT,634,Rural,12,Dry latrines - Other,0.0,Sustainable Development Indicators in the State of Qatar - SDI08
Qatar,QA,QAT,634,Rural,13,Composting toilets,0.0,Sustainable Development Indicators in the State of Qatar - SDI08
Qatar,QA,QAT,634,Rural,14,Other improved,0.0,Sustainable Development Indicators in the State of Qatar - SDI08
Qatar,QA,QAT,634,Rural,15,"No facility, bush, field",0.0,Sustainable Development Indicators in the State of Qatar - SDI08
Qatar,QA,QAT,634,Rural,16,Other unimproved,0.0,Sustainable Development Indicators in the State of Qatar - SDI08
Qatar,QA,QAT,634,Rural,17,DK/missing information,0.0,Sustainable Development Indicators in the State of Qatar - SDI08
Qatar,QA,QAT,634,National,1,Flush and pour flush - to piped sewer system,0.0,Sustainable Development Indicators in the State of Qatar - SDI08
Qatar,QA,QAT,634,National,2,Flush and pour flush - to septic tank,0.0,Sustainable Development Indicators in the State of Qatar - SDI08
Qatar,QA,QAT,634,National,3,Flush and pour flush - to pit,0.0,Sustainable Development Indicators in the State of Qatar - SDI08
Qatar,QA,QAT,634,National,4,Flush and pour flush - to unknown place/ not sure/DK,0.0,Sustainable Development Indicators in the State of Qatar - SDI08
Qatar,QA,QAT,634,National,5,Flush and pour flush - to elsewhere,0.0,Sustainable Development Indicators in the State of Qatar - SDI08
Qatar,QA,QAT,634,National,6,Dry latrines - Ventilated Improved Pit latrine,0.0,Sustainable Development Indicators in the State of Qatar - SDI08
Qatar,QA,QAT,634,National,7,Dry latrines - Pit latrine with slab/covered latrine,0.0,Sustainable Development Indicators in the State of Qatar - SDI08
Qatar,QA,QAT,634,National,8,Dry latrines - Traditional latrine,0.0,Sustainable Development Indicators in the State of Qatar - SDI08
Qatar,QA,QAT,634,National,9,Dry latrines - Pit latrine without slab/open pit,0.0,Sustainable Development Indicators in the State of Qatar - SDI08
Qatar,QA,QAT,634,National,10,Dry latrines - Hanging toilet/hanging latrine,0.0,Sustainable Development Indicators in the State of Qatar - SDI08
Qatar,QA,QAT,634,National,11,Dry latrines - Bucket latrine,0.0,Sustainable Development Indicators in the State of Qatar - SDI08
Qatar,QA,QAT,634,National,12,Dry latrines - Other,0.0,Sustainable Development Indicators in the State of Qatar - SDI08
Qatar,QA,QAT,634,National,13,Composting toilets,0.0,Sustainable Development Indicators in the State of Qatar - SDI08
Qatar,QA,QAT,634,National,14,Other improved,1.0,Sustainable Development Indicators in the State of Qatar - SDI08
Qatar,QA,QAT,634,National,15,"No facility, bush, field",0.0,Sustainable Development Indicators in the State of Qatar - SDI08
Qatar,QA,QAT,634,National,16,Other unimproved,0.0,Sustainable Development Indicators in the State of Qatar - SDI08
Qatar,QA,QAT,634,National,17,DK/missing information,0.0,Sustainable Development Indicators in the State of Qatar - SDI08
Qatar,QA,QAT,634,Urban,1,Flush and pour flush - to piped sewer system,0.0,Sustainable Development Indicators in the State of Qatar - SDI09
Qatar,QA,QAT,634,Urban,2,Flush and pour flush - to septic tank,0.0,Sustainable Development Indicators in the State of Qatar - SDI09
Qatar,QA,QAT,634,Urban,3,Flush and pour flush - to pit,0.0,Sustainable Development Indicators in the State of Qatar - SDI09
Qatar,QA,QAT,634,Urban,4,Flush and pour flush - to unknown place/ not sure/DK,0.0,Sustainable Development Indicators in the State of Qatar - SDI09
Qatar,QA,QAT,634,Urban,5,Flush and pour flush - to elsewhere,0.0,Sustainable Development Indicators in the State of Qatar - SDI09
Qatar,QA,QAT,634,Urban,6,Dry latrines - Ventilated Improved Pit latrine,0.0,Sustainable Development Indicators in the State of Qatar - SDI09
Qatar,QA,QAT,634,Urban,7,Dry latrines - Pit latrine with slab/covered latrine,0.0,Sustainable Development Indicators in the State of Qatar - SDI09
Qatar,QA,QAT,634,Urban,8,Dry latrines - Traditional latrine,0.0,Sustainable Development Indicators in the State of Qatar - SDI09
Qatar,QA,QAT,634,Urban,9,Dry latrines - Pit latrine without slab/open pit,0.0,Sustainable Development Indicators in the State of Qatar - SDI09
Qatar,QA,QAT,634,Urban,10,Dry latrines - Hanging toilet/hanging latrine,0.0,Sustainable Development Indicators in the State of Qatar - SDI09
Qatar,QA,QAT,634,Urban,11,Dry latrines - Bucket latrine,0.0,Sustainable Development Indicators in the State of Qatar - SDI09
Qatar,QA,QAT,634,Urban,12,Dry latrines - Other,0.0,Sustainable Development Indicators in the State of Qatar - SDI09
Qatar,QA,QAT,634,Urban,13,Composting toilets,0.0,Sustainable Development Indicators in the State of Qatar - SDI09
Qatar,QA,QAT,634,Urban,14,Other improved,0.0,Sustainable Development Indicators in the State of Qatar - SDI09
Qatar,QA,QAT,634,Urban,15,"No facility, bush, field",0.0,Sustainable Development Indicators in the State of Qatar - SDI09
Qatar,QA,QAT,634,Urban,16,Other unimproved,0.0,Sustainable Development Indicators in the State of Qatar - SDI09
Qatar,QA,QAT,634,Urban,17,DK/missing information,0.0,Sustainable Development Indicators in the State of Qatar - SDI09
Qatar,QA,QAT,634,Rural,1,Flush and pour flush - to piped sewer system,0.0,Sustainable Development Indicators in the State of Qatar - SDI09
Qatar,QA,QAT,634,Rural,2,Flush and pour flush - to septic tank,0.0,Sustainable Development Indicators in the State of Qatar - SDI09
Qatar,QA,QAT,634,Rural,3,Flush and pour flush - to pit,0.0,Sustainable Development Indicators in the State of Qatar - SDI09
Qatar,QA,QAT,634,Rural,4,Flush and pour flush - to unknown place/ not sure/DK,0.0,Sustainable Development Indicators in the State of Qatar - SDI09
Qatar,QA,QAT,634,Rural,5,Flush and pour flush - to elsewhere,0.0,Sustainable Development Indicators in the State of Qatar - SDI09
Qatar,QA,QAT,634,Rural,6,Dry latrines - Ventilated Improved Pit latrine,0.0,Sustainable Development Indicators in the State of Qatar - SDI09
Qatar,QA,QAT,634,Rural,7,Dry latrines - Pit latrine with slab/covered latrine,0.0,Sustainable Development Indicators in the State of Qatar - SDI09
Qatar,QA,QAT,634,Rural,8,Dry latrines - Traditional latrine,0.0,Sustainable Development Indicators in the State of Qatar - SDI09
Qatar,QA,QAT,634,Rural,9,Dry latrines - Pit latrine without slab/open pit,0.0,Sustainable Development Indicators in the State of Qatar - SDI09
Qatar,QA,QAT,634,Rural,10,Dry latrines - Hanging toilet/hanging latrine,0.0,Sustainable Development Indicators in the State of Qatar - SDI09
Qatar,QA,QAT,634,Rural,11,Dry latrines - Bucket latrine,0.0,Sustainable Development Indicators in the State of Qatar - SDI09
Qatar,QA,QAT,634,Rural,12,Dry latrines - Other,0.0,Sustainable Development Indicators in the State of Qatar - SDI09
Qatar,QA,QAT,634,Rural,13,Composting toilets,0.0,Sustainable Development Indicators in the State of Qatar - SDI09
Qatar,QA,QAT,634,Rural,14,Other improved,0.0,Sustainable Development Indicators in the State of Qatar - SDI09
Qatar,QA,QAT,634,Rural,15,"No facility, bush, field",0.0,Sustainable Development Indicators in the State of Qatar - SDI09
Qatar,QA,QAT,634,Rural,16,Other unimproved,0.0,Sustainable Development Indicators in the State of Qatar - SDI09
Qatar,QA,QAT,634,Rural,17,DK/missing information,0.0,Sustainable Development Indicators in the State of Qatar - SDI09
Qatar,QA,QAT,634,National,1,Flush and pour flush - to piped sewer system,0.0,Sustainable Development Indicators in the State of Qatar - SDI09
Qatar,QA,QAT,634,National,2,Flush and pour flush - to septic tank,0.0,Sustainable Development Indicators in the State of Qatar - SDI09
Qatar,QA,QAT,634,National,3,Flush and pour flush - to pit,0.0,Sustainable Development Indicators in the State of Qatar - SDI09
Qatar,QA,QAT,634,National,4,Flush and pour flush - to unknown place/ not sure/DK,0.0,Sustainable Development Indicators in the State of Qatar - SDI09
Qatar,QA,QAT,634,National,5,Flush and pour flush - to elsewhere,0.0,Sustainable Development Indicators in the State of Qatar - SDI09
Qatar,QA,QAT,634,National,6,Dry latrines - Ventilated Improved Pit latrine,0.0,Sustainable Development Indicators in the State of Qatar - SDI09
Qatar,QA,QAT,634,National,7,Dry latrines - Pit latrine with slab/covered latrine,0.0,Sustainable Development Indicators in the State of Qatar - SDI09
Qatar,QA,QAT,634,National,8,Dry latrines - Traditional latrine,0.0,Sustainable Development Indicators in the State of Qatar - SDI09
Qatar,QA,QAT,634,National,9,Dry latrines - Pit latrine without slab/open pit,0.0,Sustainable Development Indicators in the State of Qatar - SDI09
Qatar,QA,QAT,634,National,10,Dry latrines - Hanging toilet/hanging latrine,0.0,Sustainable Development Indicators in the State of Qatar - SDI09
Qatar,QA,QAT,634,National,11,Dry latrines - Bucket latrine,0.0,Sustainable Development Indicators in the State of Qatar - SDI09
Qatar,QA,QAT,634,National,12,Dry latrines - Other,0.0,Sustainable Development Indicators in the State of Qatar - SDI09
Qatar,QA,QAT,634,National,13,Composting toilets,0.0,Sustainable Development Indicators in the State of Qatar - SDI09
Qatar,QA,QAT,634,National,14,Other improved,1.0,Sustainable Development Indicators in the State of Qatar - SDI09
Qatar,QA,QAT,634,National,15,"No facility, bush, field",0.0,Sustainable Development Indicators in the State of Qatar - SDI09
Qatar,QA,QAT,634,National,16,Other unimproved,0.0,Sustainable Development Indicators in the State of Qatar - SDI09
Qatar,QA,QAT,634,National,17,DK/missing information,0.0,Sustainable Development Indicators in the State of Qatar - SDI09
Qatar,QA,QAT,634,Urban,1,Flush and pour flush - to piped sewer system,0.0,Sustainable Development Indicators in the State of Qatar - SDI10
Qatar,QA,QAT,634,Urban,2,Flush and pour flush - to septic tank,0.0,Sustainable Development Indicators in the State of Qatar - SDI10
Qatar,QA,QAT,634,Urban,3,Flush and pour flush - to pit,0.0,Sustainable Development Indicators in the State of Qatar - SDI10
Qatar,QA,QAT,634,Urban,4,Flush and pour flush - to unknown place/ not sure/DK,0.0,Sustainable Development Indicators in the State of Qatar - SDI10
Qatar,QA,QAT,634,Urban,5,Flush and pour flush - to elsewhere,0.0,Sustainable Development Indicators in the State of Qatar - SDI10
Qatar,QA,QAT,634,Urban,6,Dry latrines - Ventilated Improved Pit latrine,0.0,Sustainable Development Indicators in the State of Qatar - SDI10
Qatar,QA,QAT,634,Urban,7,Dry latrines - Pit latrine with slab/covered latrine,0.0,Sustainable Development Indicators in the State of Qatar - SDI10
Qatar,QA,QAT,634,Urban,8,Dry latrines - Traditional latrine,0.0,Sustainable Development Indicators in the State of Qatar - SDI10
Qatar,QA,QAT,634,Urban,9,Dry latrines - Pit latrine without slab/open pit,0.0,Sustainable Development Indicators in the State of Qatar - SDI10
Qatar,QA,QAT,634,Urban,10,Dry latrines - Hanging toilet/hanging latrine,0.0,Sustainable Development Indicators in the State of Qatar - SDI10
Qatar,QA,QAT,634,Urban,11,Dry latrines - Bucket latrine,0.0,Sustainable Development Indicators in the State of Qatar - SDI10
Qatar,QA,QAT,634,Urban,12,Dry latrines - Other,0.0,Sustainable Development Indicators in the State of Qatar - SDI10
Qatar,QA,QAT,634,Urban,13,Composting toilets,0.0,Sustainable Development Indicators in the State of Qatar - SDI10
Qatar,QA,QAT,634,Urban,14,Other improved,0.0,Sustainable Development Indicators in the State of Qatar - SDI10
Qatar,QA,QAT,634,Urban,15,"No facility, bush, field",0.0,Sustainable Development Indicators in the State of Qatar - SDI10
Qatar,QA,QAT,634,Urban,16,Other unimproved,0.0,Sustainable Development Indicators in the State of Qatar - SDI10
Qatar,QA,QAT,634,Urban,17,DK/missing information,0.0,Sustainable Development Indicators in the State of Qatar - SDI10
Qatar,QA,QAT,634,Rural,1,Flush and pour flush - to piped sewer system,0.0,Sustainable Development Indicators in the State of Qatar - SDI10
Qatar,QA,QAT,634,Rural,2,Flush and pour flush - to septic tank,0.0,Sustainable Development Indicators in the State of Qatar - SDI10
Qatar,QA,QAT,634,Rural,3,Flush and pour flush - to pit,0.0,Sustainable Development Indicators in the State of Qatar - SDI10
Qatar,QA,QAT,634,Rural,4,Flush and pour flush - to unknown place/ not sure/DK,0.0,Sustainable Development Indicators in the State of Qatar - SDI10
Qatar,QA,QAT,634,Rural,5,Flush and pour flush - to elsewhere,0.0,Sustainable Development Indicators in the State of Qatar - SDI10
Qatar,QA,QAT,634,Rural,6,Dry latrines - Ventilated Improved Pit latrine,0.0,Sustainable Development Indicators in the State of Qatar - SDI10
Qatar,QA,QAT,634,Rural,7,Dry latrines - Pit latrine with slab/covered latrine,0.0,Sustainable Development Indicators in the State of Qatar - SDI10
Qatar,QA,QAT,634,Rural,8,Dry latrines - Traditional latrine,0.0,Sustainable Development Indicators in the State of Qatar - SDI10
Qatar,QA,QAT,634,Rural,9,Dry latrines - Pit latrine without slab/open pit,0.0,Sustainable Development Indicators in the State of Qatar - SDI10
Qatar,QA,QAT,634,Rural,10,Dry latrines - Hanging toilet/hanging latrine,0.0,Sustainable Development Indicators in the State of Qatar - SDI10
Qatar,QA,QAT,634,Rural,11,Dry latrines - Bucket latrine,0.0,Sustainable Development Indicators in the State of Qatar - SDI10
Qatar,QA,QAT,634,Rural,12,Dry latrines - Other,0.0,Sustainable Development Indicators in the State of Qatar - SDI10
Qatar,QA,QAT,634,Rural,13,Composting toilets,0.0,Sustainable Development Indicators in the State of Qatar - SDI10
Qatar,QA,QAT,634,Rural,14,Other improved,0.0,Sustainable Development Indicators in the State of Qatar - SDI10
Qatar,QA,QAT,634,Rural,15,"No facility, bush, field",0.0,Sustainable Development Indicators in the State of Qatar - SDI10
Qatar,QA,QAT,634,Rural,16,Other unimproved,0.0,Sustainable Development Indicators in the State of Qatar - SDI10
Qatar,QA,QAT,634,Rural,17,DK/missing information,0.0,Sustainable Development Indicators in the State of Qatar - SDI10
Qatar,QA,QAT,634,National,1,Flush and pour flush - to piped sewer system,0.0,Sustainable Development Indicators in the State of Qatar - SDI10
Qatar,QA,QAT,634,National,2,Flush and pour flush - to septic tank,0.0,Sustainable Development Indicators in the State of Qatar - SDI10
Qatar,QA,QAT,634,National,3,Flush and pour flush - to pit,0.0,Sustainable Development Indicators in the State of Qatar - SDI10
Qatar,QA,QAT,634,National,4,Flush and pour flush - to unknown place/ not sure/DK,0.0,Sustainable Development Indicators in the State of Qatar - SDI10
Qatar,QA,QAT,634,National,5,Flush and pour flush - to elsewhere,0.0,Sustainable Development Indicators in the State of Qatar - SDI10
Qatar,QA,QAT,634,National,6,Dry latrines - Ventilated Improved Pit latrine,0.0,Sustainable Development Indicators in the State of Qatar - SDI10
Qatar,QA,QAT,634,National,7,Dry latrines - Pit latrine with slab/covered latrine,0.0,Sustainable Development Indicators in the State of Qatar - SDI10
Qatar,QA,QAT,634,National,8,Dry latrines - Traditional latrine,0.0,Sustainable Development Indicators in the State of Qatar - SDI10
Qatar,QA,QAT,634,National,9,Dry latrines - Pit latrine without slab/open pit,0.0,Sustainable Development Indicators in the State of Qatar - SDI10
Qatar,QA,QAT,634,National,10,Dry latrines - Hanging toilet/hanging latrine,0.0,Sustainable Development Indicators in the State of Qatar - SDI10
Qatar,QA,QAT,634,National,11,Dry latrines - Bucket latrine,0.0,Sustainable Development Indicators in the State of Qatar - SDI10
Qatar,QA,QAT,634,National,12,Dry latrines - Other,0.0,Sustainable Development Indicators in the State of Qatar - SDI10
Qatar,QA,QAT,634,National,13,Composting toilets,0.0,Sustainable Development Indicators in the State of Qatar - SDI10
Qatar,QA,QAT,634,National,14,Other improved,1.0,Sustainable Development Indicators in the State of Qatar - SDI10
Qatar,QA,QAT,634,National,15,"No facility, bush, field",0.0,Sustainable Development Indicators in the State of Qatar - SDI10
Qatar,QA,QAT,634,National,16,Other unimproved,0.0,Sustainable Development Indicators in the State of Qatar - SDI10
Qatar,QA,QAT,634,National,17,DK/missing information,0.0,Sustainable Development Indicators in the State of Qatar - SDI10
Qatar,QA,QAT,634,Urban,1,Flush and pour flush - to piped sewer system,0.0,Census - CEN10
Qatar,QA,QAT,634,Urban,2,Flush and pour flush - to septic tank,0.0,Census - CEN10
Qatar,QA,QAT,634,Urban,3,Flush and pour flush - to pit,0.0,Census - CEN10
Qatar,QA,QAT,634,Urban,4,Flush and pour flush - to unknown place/ not sure/DK,0.0,Census - CEN10
Qatar,QA,QAT,634,Urban,5,Flush and pour flush - to elsewhere,0.0,Census - CEN10
Qatar,QA,QAT,634,Urban,6,Dry latrines - Ventilated Improved Pit latrine,0.0,Census - CEN10
Qatar,QA,QAT,634,Urban,7,Dry latrines - Pit latrine with slab/covered latrine,0.0,Census - CEN10
Qatar,QA,QAT,634,Urban,8,Dry latrines - Traditional latrine,0.0,Census - CEN10
Qatar,QA,QAT,634,Urban,9,Dry latrines - Pit latrine without slab/open pit,0.0,Census - CEN10
Qatar,QA,QAT,634,Urban,10,Dry latrines - Hanging toilet/hanging latrine,0.0,Census - CEN10
Qatar,QA,QAT,634,Urban,11,Dry latrines - Bucket latrine,0.0,Census - CEN10
Qatar,QA,QAT,634,Urban,12,Dry latrines - Other,0.0,Census - CEN10
Qatar,QA,QAT,634,Urban,13,Composting toilets,0.0,Census - CEN10
Qatar,QA,QAT,634,Urban,14,Other improved,0.0,Census - CEN10
Qatar,QA,QAT,634,Urban,15,"No facility, bush, field",0.0,Census - CEN10
Qatar,QA,QAT,634,Urban,16,Other unimproved,0.0,Census - CEN10
Qatar,QA,QAT,634,Urban,17,DK/missing information,0.0,Census - CEN10
Qatar,QA,QAT,634,Rural,1,Flush and pour flush - to piped sewer system,0.0,Census - CEN10
Qatar,QA,QAT,634,Rural,2,Flush and pour flush - to septic tank,0.0,Census - CEN10
Qatar,QA,QAT,634,Rural,3,Flush and pour flush - to pit,0.0,Census - CEN10
Qatar,QA,QAT,634,Rural,4,Flush and pour flush - to unknown place/ not sure/DK,0.0,Census - CEN10
Qatar,QA,QAT,634,Rural,5,Flush and pour flush - to elsewhere,0.0,Census - CEN10
Qatar,QA,QAT,634,Rural,6,Dry latrines - Ventilated Improved Pit latrine,0.0,Census - CEN10
Qatar,QA,QAT,634,Rural,7,Dry latrines - Pit latrine with slab/covered latrine,0.0,Census - CEN10
Qatar,QA,QAT,634,Rural,8,Dry latrines - Traditional latrine,0.0,Census - CEN10
Qatar,QA,QAT,634,Rural,9,Dry latrines - Pit latrine without slab/open pit,0.0,Census - CEN10
Qatar,QA,QAT,634,Rural,10,Dry latrines - Hanging toilet/hanging latrine,0.0,Census - CEN10
Qatar,QA,QAT,634,Rural,11,Dry latrines - Bucket latrine,0.0,Census - CEN10
Qatar,QA,QAT,634,Rural,12,Dry latrines - Other,0.0,Census - CEN10
Qatar,QA,QAT,634,Rural,13,Composting toilets,0.0,Census - CEN10
Qatar,QA,QAT,634,Rural,14,Other improved,0.0,Census - CEN10
Qatar,QA,QAT,634,Rural,15,"No facility, bush, field",0.0,Census - CEN10
Qatar,QA,QAT,634,Rural,16,Other unimproved,0.0,Census - CEN10
Qatar,QA,QAT,634,Rural,17,DK/missing information,0.0,Census - CEN10
Qatar,QA,QAT,634,National,1,Flush and pour flush - to piped sewer system,0.769,Census - CEN10
Qatar,QA,QAT,634,National,2,Flush and pour flush - to septic tank,0.231,Census - CEN10
Qatar,QA,QAT,634,National,3,Flush and pour flush - to pit,0.0,Census - CEN10
Qatar,QA,QAT,634,National,4,Flush and pour flush - to unknown place/ not sure/DK,0.0,Census - CEN10
Qatar,QA,QAT,634,National,5,Flush and pour flush - to elsewhere,0.0,Census - CEN10
Qatar,QA,QAT,634,National,6,Dry latrines - Ventilated Improved Pit latrine,0.0,Census - CEN10
Qatar,QA,QAT,634,National,7,Dry latrines - Pit latrine with slab/covered latrine,0.0,Census - CEN10
Qatar,QA,QAT,634,National,8,Dry latrines - Traditional latrine,0.0,Census - CEN10
Qatar,QA,QAT,634,National,9,Dry latrines - Pit latrine without slab/open pit,0.0,Census - CEN10
Qatar,QA,QAT,634,National,10,Dry latrines - Hanging toilet/hanging latrine,0.0,Census - CEN10
Qatar,QA,QAT,634,National,11,Dry latrines - Bucket latrine,0.0,Census - CEN10
Qatar,QA,QAT,634,National,12,Dry latrines - Other,0.0,Census - CEN10
Qatar,QA,QAT,634,National,13,Composting toilets,0.0,Census - CEN10
Qatar,QA,QAT,634,National,14,Other improved,0.0,Census - CEN10
Qatar,QA,QAT,634,National,15,"No facility, bush, field",0.0,Census - CEN10
Qatar,QA,QAT,634,National,16,Other unimproved,0.0,Census - CEN10
Qatar,QA,QAT,634,National,17,DK/missing information,0.0,Census - CEN10
Qatar,QA,QAT,634,Urban,1,Flush and pour flush - to piped sewer system,0.0,Sustainable Development Indicators in the State of Qatar - SDI11
Qatar,QA,QAT,634,Urban,2,Flush and pour flush - to septic tank,0.0,Sustainable Development Indicators in the State of Qatar - SDI11
Qatar,QA,QAT,634,Urban,3,Flush and pour flush - to pit,0.0,Sustainable Development Indicators in the State of Qatar - SDI11
Qatar,QA,QAT,634,Urban,4,Flush and pour flush - to unknown place/ not sure/DK,0.0,Sustainable Development Indicators in the State of Qatar - SDI11
Qatar,QA,QAT,634,Urban,5,Flush and pour flush - to elsewhere,0.0,Sustainable Development Indicators in the State of Qatar - SDI11
Qatar,QA,QAT,634,Urban,6,Dry latrines - Ventilated Improved Pit latrine,0.0,Sustainable Development Indicators in the State of Qatar - SDI11
Qatar,QA,QAT,634,Urban,7,Dry latrines - Pit latrine with slab/covered latrine,0.0,Sustainable Development Indicators in the State of Qatar - SDI11
Qatar,QA,QAT,634,Urban,8,Dry latrines - Traditional latrine,0.0,Sustainable Development Indicators in the State of Qatar - SDI11
Qatar,QA,QAT,634,Urban,9,Dry latrines - Pit latrine without slab/open pit,0.0,Sustainable Development Indicators in the State of Qatar - SDI11
Qatar,QA,QAT,634,Urban,10,Dry latrines - Hanging toilet/hanging latrine,0.0,Sustainable Development Indicators in the State of Qatar - SDI11
Qatar,QA,QAT,634,Urban,11,Dry latrines - Bucket latrine,0.0,Sustainable Development Indicators in the State of Qatar - SDI11
Qatar,QA,QAT,634,Urban,12,Dry latrines - Other,0.0,Sustainable Development Indicators in the State of Qatar - SDI11
Qatar,QA,QAT,634,Urban,13,Composting toilets,0.0,Sustainable Development Indicators in the State of Qatar - SDI11
Qatar,QA,QAT,634,Urban,14,Other improved,0.0,Sustainable Development Indicators in the State of Qatar - SDI11
Qatar,QA,QAT,634,Urban,15,"No facility, bush, field",0.0,Sustainable Development Indicators in the State of Qatar - SDI11
Qatar,QA,QAT,634,Urban,16,Other unimproved,0.0,Sustainable Development Indicators in the State of Qatar - SDI11
Qatar,QA,QAT,634,Urban,17,DK/missing information,0.0,Sustainable Development Indicators in the State of Qatar - SDI11
Qatar,QA,QAT,634,Rural,1,Flush and pour flush - to piped sewer system,0.0,Sustainable Development Indicators in the State of Qatar - SDI11
Qatar,QA,QAT,634,Rural,2,Flush and pour flush - to septic tank,0.0,Sustainable Development Indicators in the State of Qatar - SDI11
Qatar,QA,QAT,634,Rural,3,Flush and pour flush - to pit,0.0,Sustainable Development Indicators in the State of Qatar - SDI11
Qatar,QA,QAT,634,Rural,4,Flush and pour flush - to unknown place/ not sure/DK,0.0,Sustainable Development Indicators in the State of Qatar - SDI11
Qatar,QA,QAT,634,Rural,5,Flush and pour flush - to elsewhere,0.0,Sustainable Development Indicators in the State of Qatar - SDI11
Qatar,QA,QAT,634,Rural,6,Dry latrines - Ventilated Improved Pit latrine,0.0,Sustainable Development Indicators in the State of Qatar - SDI11
Qatar,QA,QAT,634,Rural,7,Dry latrines - Pit latrine with slab/covered latrine,0.0,Sustainable Development Indicators in the State of Qatar - SDI11
Qatar,QA,QAT,634,Rural,8,Dry latrines - Traditional latrine,0.0,Sustainable Development Indicators in the State of Qatar - SDI11
Qatar,QA,QAT,634,Rural,9,Dry latrines - Pit latrine without slab/open pit,0.0,Sustainable Development Indicators in the State of Qatar - SDI11
Qatar,QA,QAT,634,Rural,10,Dry latrines - Hanging toilet/hanging latrine,0.0,Sustainable Development Indicators in the State of Qatar - SDI11
Qatar,QA,QAT,634,Rural,11,Dry latrines - Bucket latrine,0.0,Sustainable Development Indicators in the State of Qatar - SDI11
Qatar,QA,QAT,634,Rural,12,Dry latrines - Other,0.0,Sustainable Development Indicators in the State of Qatar - SDI11
Qatar,QA,QAT,634,Rural,13,Composting toilets,0.0,Sustainable Development Indicators in the State of Qatar - SDI11
Qatar,QA,QAT,634,Rural,14,Other improved,0.0,Sustainable Development Indicators in the State of Qatar - SDI11
Qatar,QA,QAT,634,Rural,15,"No facility, bush, field",0.0,Sustainable Development Indicators in the State of Qatar - SDI11
Qatar,QA,QAT,634,Rural,16,Other unimproved,0.0,Sustainable Development Indicators in the State of Qatar - SDI11
Qatar,QA,QAT,634,Rural,17,DK/missing information,0.0,Sustainable Development Indicators in the State of Qatar - SDI11
Qatar,QA,QAT,634,National,1,Flush and pour flush - to piped sewer system,0.0,Sustainable Development Indicators in the State of Qatar - SDI11
Qatar,QA,QAT,634,National,2,Flush and pour flush - to septic tank,0.0,Sustainable Development Indicators in the State of Qatar - SDI11
Qatar,QA,QAT,634,National,3,Flush and pour flush - to pit,0.0,Sustainable Development Indicators in the State of Qatar - SDI11
Qatar,QA,QAT,634,National,4,Flush and pour flush - to unknown place/ not sure/DK,0.0,Sustainable Development Indicators in the State of Qatar - SDI11
Qatar,QA,QAT,634,National,5,Flush and pour flush - to elsewhere,0.0,Sustainable Development Indicators in the State of Qatar - SDI11
Qatar,QA,QAT,634,National,6,Dry latrines - Ventilated Improved Pit latrine,0.0,Sustainable Development Indicators in the State of Qatar - SDI11
Qatar,QA,QAT,634,National,7,Dry latrines - Pit latrine with slab/covered latrine,0.0,Sustainable Development Indicators in the State of Qatar - SDI11
Qatar,QA,QAT,634,National,8,Dry latrines - Traditional latrine,0.0,Sustainable Development Indicators in the State of Qatar - SDI11
Qatar,QA,QAT,634,National,9,Dry latrines - Pit latrine without slab/open pit,0.0,Sustainable Development Indicators in the State of Qatar - SDI11
Qatar,QA,QAT,634,National,10,Dry latrines - Hanging toilet/hanging latrine,0.0,Sustainable Development Indicators in the State of Qatar - SDI11
Qatar,QA,QAT,634,National,11,Dry latrines - Bucket latrine,0.0,Sustainable Development Indicators in the State of Qatar - SDI11
Qatar,QA,QAT,634,National,12,Dry latrines - Other,0.0,Sustainable Development Indicators in the State of Qatar - SDI11
Qatar,QA,QAT,634,National,13,Composting toilets,0.0,Sustainable Development Indicators in the State of Qatar - SDI11
Qatar,QA,QAT,634,National,14,Other improved,1.0,Sustainable Development Indicators in the State of Qatar - SDI11
Qatar,QA,QAT,634,National,15,"No facility, bush, field",0.0,Sustainable Development Indicators in the State of Qatar - SDI11
Qatar,QA,QAT,634,National,16,Other unimproved,0.0,Sustainable Development Indicators in the State of Qatar - SDI11
Qatar,QA,QAT,634,National,17,DK/missing information,0.0,Sustainable Development Indicators in the State of Qatar - SDI11
Qatar,QA,QAT,634,Urban,1,Flush and pour flush - to piped sewer system,0.0,Sustainable Development Indicators in the State of Qatar - SDI12
Qatar,QA,QAT,634,Urban,2,Flush and pour flush - to septic tank,0.0,Sustainable Development Indicators in the State of Qatar - SDI12
Qatar,QA,QAT,634,Urban,3,Flush and pour flush - to pit,0.0,Sustainable Development Indicators in the State of Qatar - SDI12
Qatar,QA,QAT,634,Urban,4,Flush and pour flush - to unknown place/ not sure/DK,0.0,Sustainable Development Indicators in the State of Qatar - SDI12
Qatar,QA,QAT,634,Urban,5,Flush and pour flush - to elsewhere,0.0,Sustainable Development Indicators in the State of Qatar - SDI12
Qatar,QA,QAT,634,Urban,6,Dry latrines - Ventilated Improved Pit latrine,0.0,Sustainable Development Indicators in the State of Qatar - SDI12
Qatar,QA,QAT,634,Urban,7,Dry latrines - Pit latrine with slab/covered latrine,0.0,Sustainable Development Indicators in the State of Qatar - SDI12
Qatar,QA,QAT,634,Urban,8,Dry latrines - Traditional latrine,0.0,Sustainable Development Indicators in the State of Qatar - SDI12
Qatar,QA,QAT,634,Urban,9,Dry latrines - Pit latrine without slab/open pit,0.0,Sustainable Development Indicators in the State of Qatar - SDI12
Qatar,QA,QAT,634,Urban,10,Dry latrines - Hanging toilet/hanging latrine,0.0,Sustainable Development Indicators in the State of Qatar - SDI12
Qatar,QA,QAT,634,Urban,11,Dry latrines - Bucket latrine,0.0,Sustainable Development Indicators in the State of Qatar - SDI12
Qatar,QA,QAT,634,Urban,12,Dry latrines - Other,0.0,Sustainable Development Indicators in the State of Qatar - SDI12
Qatar,QA,QAT,634,Urban,13,Composting toilets,0.0,Sustainable Development Indicators in the State of Qatar - SDI12
Qatar,QA,QAT,634,Urban,14,Other improved,0.0,Sustainable Development Indicators in the State of Qatar - SDI12
Qatar,QA,QAT,634,Urban,15,"No facility, bush, field",0.0,Sustainable Development Indicators in the State of Qatar - SDI12
Qatar,QA,QAT,634,Urban,16,Other unimproved,0.0,Sustainable Development Indicators in the State of Qatar - SDI12
Qatar,QA,QAT,634,Urban,17,DK/missing information,0.0,Sustainable Development Indicators in the State of Qatar - SDI12
Qatar,QA,QAT,634,Rural,1,Flush and pour flush - to piped sewer system,0.0,Sustainable Development Indicators in the State of Qatar - SDI12
Qatar,QA,QAT,634,Rural,2,Flush and pour flush - to septic tank,0.0,Sustainable Development Indicators in the State of Qatar - SDI12
Qatar,QA,QAT,634,Rural,3,Flush and pour flush - to pit,0.0,Sustainable Development Indicators in the State of Qatar - SDI12
Qatar,QA,QAT,634,Rural,4,Flush and pour flush - to unknown place/ not sure/DK,0.0,Sustainable Development Indicators in the State of Qatar - SDI12
Qatar,QA,QAT,634,Rural,5,Flush and pour flush - to elsewhere,0.0,Sustainable Development Indicators in the State of Qatar - SDI12
Qatar,QA,QAT,634,Rural,6,Dry latrines - Ventilated Improved Pit latrine,0.0,Sustainable Development Indicators in the State of Qatar - SDI12
Qatar,QA,QAT,634,Rural,7,Dry latrines - Pit latrine with slab/covered latrine,0.0,Sustainable Development Indicators in the State of Qatar - SDI12
Qatar,QA,QAT,634,Rural,8,Dry latrines - Traditional latrine,0.0,Sustainable Development Indicators in the State of Qatar - SDI12
Qatar,QA,QAT,634,Rural,9,Dry latrines - Pit latrine without slab/open pit,0.0,Sustainable Development Indicators in the State of Qatar - SDI12
Qatar,QA,QAT,634,Rural,10,Dry latrines - Hanging toilet/hanging latrine,0.0,Sustainable Development Indicators in the State of Qatar - SDI12
Qatar,QA,QAT,634,Rural,11,Dry latrines - Bucket latrine,0.0,Sustainable Development Indicators in the State of Qatar - SDI12
Qatar,QA,QAT,634,Rural,12,Dry latrines - Other,0.0,Sustainable Development Indicators in the State of Qatar - SDI12
Qatar,QA,QAT,634,Rural,13,Composting toilets,0.0,Sustainable Development Indicators in the State of Qatar - SDI12
Qatar,QA,QAT,634,Rural,14,Other improved,0.0,Sustainable Development Indicators in the State of Qatar - SDI12
Qatar,QA,QAT,634,Rural,15,"No facility, bush, field",0.0,Sustainable Development Indicators in the State of Qatar - SDI12
Qatar,QA,QAT,634,Rural,16,Other unimproved,0.0,Sustainable Development Indicators in the State of Qatar - SDI12
Qatar,QA,QAT,634,Rural,17,DK/missing information,0.0,Sustainable Development Indicators in the State of Qatar - SDI12
Qatar,QA,QAT,634,National,1,Flush and pour flush - to piped sewer system,0.0,Sustainable Development Indicators in the State of Qatar - SDI12
Qatar,QA,QAT,634,National,2,Flush and pour flush - to septic tank,0.0,Sustainable Development Indicators in the State of Qatar - SDI12
Qatar,QA,QAT,634,National,3,Flush and pour flush - to pit,0.0,Sustainable Development Indicators in the State of Qatar - SDI12
Qatar,QA,QAT,634,National,4,Flush and pour flush - to unknown place/ not sure/DK,0.0,Sustainable Development Indicators in the State of Qatar - SDI12
Qatar,QA,QAT,634,National,5,Flush and pour flush - to elsewhere,0.0,Sustainable Development Indicators in the State of Qatar - SDI12
Qatar,QA,QAT,634,National,6,Dry latrines - Ventilated Improved Pit latrine,0.0,Sustainable Development Indicators in the State of Qatar - SDI12
Qatar,QA,QAT,634,National,7,Dry latrines - Pit latrine with slab/covered latrine,0.0,Sustainable Development Indicators in the State of Qatar - SDI12
Qatar,QA,QAT,634,National,8,Dry latrines - Traditional latrine,0.0,Sustainable Development Indicators in the State of Qatar - SDI12
Qatar,QA,QAT,634,National,9,Dry latrines - Pit latrine without slab/open pit,0.0,Sustainable Development Indicators in the State of Qatar - SDI12
Qatar,QA,QAT,634,National,10,Dry latrines - Hanging toilet/hanging latrine,0.0,Sustainable Development Indicators in the State of Qatar - SDI12
Qatar,QA,QAT,634,National,11,Dry latrines - Bucket latrine,0.0,Sustainable Development Indicators in the State of Qatar - SDI12
Qatar,QA,QAT,634,National,12,Dry latrines - Other,0.0,Sustainable Development Indicators in the State of Qatar - SDI12
Qatar,QA,QAT,634,National,13,Composting toilets,0.0,Sustainable Development Indicators in the State of Qatar - SDI12
Qatar,QA,QAT,634,National,14,Other improved,1.0,Sustainable Development Indicators in the State of Qatar - SDI12
Qatar,QA,QAT,634,National,15,"No facility, bush, field",0.0,Sustainable Development Indicators in the State of Qatar - SDI12
Qatar,QA,QAT,634,National,16,Other unimproved,0.0,Sustainable Development Indicators in the State of Qatar - SDI12
Qatar,QA,QAT,634,National,17,DK/missing information,0.0,Sustainable Development Indicators in the State of Qatar - SDI12
Qatar,QA,QAT,634,Urban,1,Flush and pour flush - to piped sewer system,0.0,Sustainable Development Indicators in the State of Qatar - SDI13
Qatar,QA,QAT,634,Urban,2,Flush and pour flush - to septic tank,0.0,Sustainable Development Indicators in the State of Qatar - SDI13
Qatar,QA,QAT,634,Urban,3,Flush and pour flush - to pit,0.0,Sustainable Development Indicators in the State of Qatar - SDI13
Qatar,QA,QAT,634,Urban,4,Flush and pour flush - to unknown place/ not sure/DK,0.0,Sustainable Development Indicators in the State of Qatar - SDI13
Qatar,QA,QAT,634,Urban,5,Flush and pour flush - to elsewhere,0.0,Sustainable Development Indicators in the State of Qatar - SDI13
Qatar,QA,QAT,634,Urban,6,Dry latrines - Ventilated Improved Pit latrine,0.0,Sustainable Development Indicators in the State of Qatar - SDI13
Qatar,QA,QAT,634,Urban,7,Dry latrines - Pit latrine with slab/covered latrine,0.0,Sustainable Development Indicators in the State of Qatar - SDI13
Qatar,QA,QAT,634,Urban,8,Dry latrines - Traditional latrine,0.0,Sustainable Development Indicators in the State of Qatar - SDI13
Qatar,QA,QAT,634,Urban,9,Dry latrines - Pit latrine without slab/open pit,0.0,Sustainable Development Indicators in the State of Qatar - SDI13
Qatar,QA,QAT,634,Urban,10,Dry latrines - Hanging toilet/hanging latrine,0.0,Sustainable Development Indicators in the State of Qatar - SDI13
Qatar,QA,QAT,634,Urban,11,Dry latrines - Bucket latrine,0.0,Sustainable Development Indicators in the State of Qatar - SDI13
Qatar,QA,QAT,634,Urban,12,Dry latrines - Other,0.0,Sustainable Development Indicators in the State of Qatar - SDI13
Qatar,QA,QAT,634,Urban,13,Composting toilets,0.0,Sustainable Development Indicators in the State of Qatar - SDI13
Qatar,QA,QAT,634,Urban,14,Other improved,0.0,Sustainable Development Indicators in the State of Qatar - SDI13
Qatar,QA,QAT,634,Urban,15,"No facility, bush, field",0.0,Sustainable Development Indicators in the State of Qatar - SDI13
Qatar,QA,QAT,634,Urban,16,Other unimproved,0.0,Sustainable Development Indicators in the State of Qatar - SDI13
Qatar,QA,QAT,634,Urban,17,DK/missing information,0.0,Sustainable Development Indicators in the State of Qatar - SDI13
Qatar,QA,QAT,634,Rural,1,Flush and pour flush - to piped sewer system,0.0,Sustainable Development Indicators in the State of Qatar - SDI13
Qatar,QA,QAT,634,Rural,2,Flush and pour flush - to septic tank,0.0,Sustainable Development Indicators in the State of Qatar - SDI13
Qatar,QA,QAT,634,Rural,3,Flush and pour flush - to pit,0.0,Sustainable Development Indicators in the State of Qatar - SDI13
Qatar,QA,QAT,634,Rural,4,Flush and pour flush - to unknown place/ not sure/DK,0.0,Sustainable Development Indicators in the State of Qatar - SDI13
Qatar,QA,QAT,634,Rural,5,Flush and pour flush - to elsewhere,0.0,Sustainable Development Indicators in the State of Qatar - SDI13
Qatar,QA,QAT,634,Rural,6,Dry latrines - Ventilated Improved Pit latrine,0.0,Sustainable Development Indicators in the State of Qatar - SDI13
Qatar,QA,QAT,634,Rural,7,Dry latrines - Pit latrine with slab/covered latrine,0.0,Sustainable Development Indicators in the State of Qatar - SDI13
Qatar,QA,QAT,634,Rural,8,Dry latrines - Traditional latrine,0.0,Sustainable Development Indicators in the State of Qatar - SDI13
Qatar,QA,QAT,634,Rural,9,Dry latrines - Pit latrine without slab/open pit,0.0,Sustainable Development Indicators in the State of Qatar - SDI13
Qatar,QA,QAT,634,Rural,10,Dry latrines - Hanging toilet/hanging latrine,0.0,Sustainable Development Indicators in the State of Qatar - SDI13
Qatar,QA,QAT,634,Rural,11,Dry latrines - Bucket latrine,0.0,Sustainable Development Indicators in the State of Qatar - SDI13
Qatar,QA,QAT,634,Rural,12,Dry latrines - Other,0.0,Sustainable Development Indicators in the State of Qatar - SDI13
Qatar,QA,QAT,634,Rural,13,Composting toilets,0.0,Sustainable Development Indicators in the State of Qatar - SDI13
Qatar,QA,QAT,634,Rural,14,Other improved,0.0,Sustainable Development Indicators in the State of Qatar - SDI13
Qatar,QA,QAT,634,Rural,15,"No facility, bush, field",0.0,Sustainable Development Indicators in the State of Qatar - SDI13
Qatar,QA,QAT,634,Rural,16,Other unimproved,0.0,Sustainable Development Indicators in the State of Qatar - SDI13
Qatar,QA,QAT,634,Rural,17,DK/missing information,0.0,Sustainable Development Indicators in the State of Qatar - SDI13
Qatar,QA,QAT,634,National,1,Flush and pour flush - to piped sewer system,0.0,Sustainable Development Indicators in the State of Qatar - SDI13
Qatar,QA,QAT,634,National,2,Flush and pour flush - to septic tank,0.0,Sustainable Development Indicators in the State of Qatar - SDI13
Qatar,QA,QAT,634,National,3,Flush and pour flush - to pit,0.0,Sustainable Development Indicators in the State of Qatar - SDI13
Qatar,QA,QAT,634,National,4,Flush and pour flush - to unknown place/ not sure/DK,0.0,Sustainable Development Indicators in the State of Qatar - SDI13
Qatar,QA,QAT,634,National,5,Flush and pour flush - to elsewhere,0.0,Sustainable Development Indicators in the State of Qatar - SDI13
Qatar,QA,QAT,634,National,6,Dry latrines - Ventilated Improved Pit latrine,0.0,Sustainable Development Indicators in the State of Qatar - SDI13
Qatar,QA,QAT,634,National,7,Dry latrines - Pit latrine with slab/covered latrine,0.0,Sustainable Development Indicators in the State of Qatar - SDI13
Qatar,QA,QAT,634,National,8,Dry latrines - Traditional latrine,0.0,Sustainable Development Indicators in the State of Qatar - SDI13
Qatar,QA,QAT,634,National,9,Dry latrines - Pit latrine without slab/open pit,0.0,Sustainable Development Indicators in the State of Qatar - SDI13
Qatar,QA,QAT,634,National,10,Dry latrines - Hanging toilet/hanging latrine,0.0,Sustainable Development Indicators in the State of Qatar - SDI13
Qatar,QA,QAT,634,National,11,Dry latrines - Bucket latrine,0.0,Sustainable Development Indicators in the State of Qatar - SDI13
Qatar,QA,QAT,634,National,12,Dry latrines - Other,0.0,Sustainable Development Indicators in the State of Qatar - SDI13
Qatar,QA,QAT,634,National,13,Composting toilets,0.0,Sustainable Development Indicators in the State of Qatar - SDI13
Qatar,QA,QAT,634,National,14,Other improved,1.0,Sustainable Development Indicators in the State of Qatar - SDI13
Qatar,QA,QAT,634,National,15,"No facility, bush, field",0.0,Sustainable Development Indicators in the State of Qatar - SDI13
Qatar,QA,QAT,634,National,16,Other unimproved,0.0,Sustainable Development Indicators in the State of Qatar - SDI13
Qatar,QA,QAT,634,National,17,DK/missing information,0.0,Sustainable Development Indicators in the State of Qatar - SDI13
Qatar,QA,QAT,634,Urban,1,Flush and pour flush - to piped sewer system,0.0,Sustainable Development Indicators in the State of Qatar - SDI14
Qatar,QA,QAT,634,Urban,2,Flush and pour flush - to septic tank,0.0,Sustainable Development Indicators in the State of Qatar - SDI14
Qatar,QA,QAT,634,Urban,3,Flush and pour flush - to pit,0.0,Sustainable Development Indicators in the State of Qatar - SDI14
Qatar,QA,QAT,634,Urban,4,Flush and pour flush - to unknown place/ not sure/DK,0.0,Sustainable Development Indicators in the State of Qatar - SDI14
Qatar,QA,QAT,634,Urban,5,Flush and pour flush - to elsewhere,0.0,Sustainable Development Indicators in the State of Qatar - SDI14
Qatar,QA,QAT,634,Urban,6,Dry latrines - Ventilated Improved Pit latrine,0.0,Sustainable Development Indicators in the State of Qatar - SDI14
Qatar,QA,QAT,634,Urban,7,Dry latrines - Pit latrine with slab/covered latrine,0.0,Sustainable Development Indicators in the State of Qatar - SDI14
Qatar,QA,QAT,634,Urban,8,Dry latrines - Traditional latrine,0.0,Sustainable Development Indicators in the State of Qatar - SDI14
Qatar,QA,QAT,634,Urban,9,Dry latrines - Pit latrine without slab/open pit,0.0,Sustainable Development Indicators in the State of Qatar - SDI14
Qatar,QA,QAT,634,Urban,10,Dry latrines - Hanging toilet/hanging latrine,0.0,Sustainable Development Indicators in the State of Qatar - SDI14
Qatar,QA,QAT,634,Urban,11,Dry latrines - Bucket latrine,0.0,Sustainable Development Indicators in the State of Qatar - SDI14
Qatar,QA,QAT,634,Urban,12,Dry latrines - Other,0.0,Sustainable Development Indicators in the State of Qatar - SDI14
Qatar,QA,QAT,634,Urban,13,Composting toilets,0.0,Sustainable Development Indicators in the State of Qatar - SDI14
Qatar,QA,QAT,634,Urban,14,Other improved,0.0,Sustainable Development Indicators in the State of Qatar - SDI14
Qatar,QA,QAT,634,Urban,15,"No facility, bush, field",0.0,Sustainable Development Indicators in the State of Qatar - SDI14
Qatar,QA,QAT,634,Urban,16,Other unimproved,0.0,Sustainable Development Indicators in the State of Qatar - SDI14
Qatar,QA,QAT,634,Urban,17,DK/missing information,0.0,Sustainable Development Indicators in the State of Qatar - SDI14
Qatar,QA,QAT,634,Rural,1,Flush and pour flush - to piped sewer system,0.0,Sustainable Development Indicators in the State of Qatar - SDI14
Qatar,QA,QAT,634,Rural,2,Flush and pour flush - to septic tank,0.0,Sustainable Development Indicators in the State of Qatar - SDI14
Qatar,QA,QAT,634,Rural,3,Flush and pour flush - to pit,0.0,Sustainable Development Indicators in the State of Qatar - SDI14
Qatar,QA,QAT,634,Rural,4,Flush and pour flush - to unknown place/ not sure/DK,0.0,Sustainable Development Indicators in the State of Qatar - SDI14
Qatar,QA,QAT,634,Rural,5,Flush and pour flush - to elsewhere,0.0,Sustainable Development Indicators in the State of Qatar - SDI14
Qatar,QA,QAT,634,Rural,6,Dry latrines - Ventilated Improved Pit latrine,0.0,Sustainable Development Indicators in the State of Qatar - SDI14
Qatar,QA,QAT,634,Rural,7,Dry latrines - Pit latrine with slab/covered latrine,0.0,Sustainable Development Indicators in the State of Qatar - SDI14
Qatar,QA,QAT,634,Rural,8,Dry latrines - Traditional latrine,0.0,Sustainable Development Indicators in the State of Qatar - SDI14
Qatar,QA,QAT,634,Rural,9,Dry latrines - Pit latrine without slab/open pit,0.0,Sustainable Development Indicators in the State of Qatar - SDI14
Qatar,QA,QAT,634,Rural,10,Dry latrines - Hanging toilet/hanging latrine,0.0,Sustainable Development Indicators in the State of Qatar - SDI14
Qatar,QA,QAT,634,Rural,11,Dry latrines - Bucket latrine,0.0,Sustainable Development Indicators in the State of Qatar - SDI14
Qatar,QA,QAT,634,Rural,12,Dry latrines - Other,0.0,Sustainable Development Indicators in the State of Qatar - SDI14
Qatar,QA,QAT,634,Rural,13,Composting toilets,0.0,Sustainable Development Indicators in the State of Qatar - SDI14
Qatar,QA,QAT,634,Rural,14,Other improved,0.0,Sustainable Development Indicators in the State of Qatar - SDI14
Qatar,QA,QAT,634,Rural,15,"No facility, bush, field",0.0,Sustainable Development Indicators in the State of Qatar - SDI14
Qatar,QA,QAT,634,Rural,16,Other unimproved,0.0,Sustainable Development Indicators in the State of Qatar - SDI14
Qatar,QA,QAT,634,Rural,17,DK/missing information,0.0,Sustainable Development Indicators in the State of Qatar - SDI14
Qatar,QA,QAT,634,National,1,Flush and pour flush - to piped sewer system,0.0,Sustainable Development Indicators in the State of Qatar - SDI14
Qatar,QA,QAT,634,National,2,Flush and pour flush - to septic tank,0.0,Sustainable Development Indicators in the State of Qatar - SDI14
Qatar,QA,QAT,634,National,3,Flush and pour flush - to pit,0.0,Sustainable Development Indicators in the State of Qatar - SDI14
Qatar,QA,QAT,634,National,4,Flush and pour flush - to unknown place/ not sure/DK,0.0,Sustainable Development Indicators in the State of Qatar - SDI14
Qatar,QA,QAT,634,National,5,Flush and pour flush - to elsewhere,0.0,Sustainable Development Indicators in the State of Qatar - SDI14
Qatar,QA,QAT,634,National,6,Dry latrines - Ventilated Improved Pit latrine,0.0,Sustainable Development Indicators in the State of Qatar - SDI14
Qatar,QA,QAT,634,National,7,Dry latrines - Pit latrine with slab/covered latrine,0.0,Sustainable Development Indicators in the State of Qatar - SDI14
Qatar,QA,QAT,634,National,8,Dry latrines - Traditional latrine,0.0,Sustainable Development Indicators in the State of Qatar - SDI14
Qatar,QA,QAT,634,National,9,Dry latrines - Pit latrine without slab/open pit,0.0,Sustainable Development Indicators in the State of Qatar - SDI14
Qatar,QA,QAT,634,National,10,Dry latrines - Hanging toilet/hanging latrine,0.0,Sustainable Development Indicators in the State of Qatar - SDI14
Qatar,QA,QAT,634,National,11,Dry latrines - Bucket latrine,0.0,Sustainable Development Indicators in the State of Qatar - SDI14
Qatar,QA,QAT,634,National,12,Dry latrines - Other,0.0,Sustainable Development Indicators in the State of Qatar - SDI14
Qatar,QA,QAT,634,National,13,Composting toilets,0.0,Sustainable Development Indicators in the State of Qatar - SDI14
Qatar,QA,QAT,634,National,14,Other improved,1.0,Sustainable Development Indicators in the State of Qatar - SDI14
Qatar,QA,QAT,634,National,15,"No facility, bush, field",0.0,Sustainable Development Indicators in the State of Qatar - SDI14
Qatar,QA,QAT,634,National,16,Other unimproved,0.0,Sustainable Development Indicators in the State of Qatar - SDI14
Qatar,QA,QAT,634,National,17,DK/missing information,0.0,Sustainable Development Indicators in the State of Qatar - SDI14
Qatar,QA,QAT,634,Urban,1,Flush and pour flush - to piped sewer system,0.0,Census - CEN15
Qatar,QA,QAT,634,Urban,2,Flush and pour flush - to septic tank,0.0,Census - CEN15
Qatar,QA,QAT,634,Urban,3,Flush and pour flush - to pit,0.0,Census - CEN15
Qatar,QA,QAT,634,Urban,4,Flush and pour flush - to unknown place/ not sure/DK,0.0,Census - CEN15
Qatar,QA,QAT,634,Urban,5,Flush and pour flush - to elsewhere,0.0,Census - CEN15
Qatar,QA,QAT,634,Urban,6,Dry latrines - Ventilated Improved Pit latrine,0.0,Census - CEN15
Qatar,QA,QAT,634,Urban,7,Dry latrines - Pit latrine with slab/covered latrine,0.0,Census - CEN15
Qatar,QA,QAT,634,Urban,8,Dry latrines - Traditional latrine,0.0,Census - CEN15
Qatar,QA,QAT,634,Urban,9,Dry latrines - Pit latrine without slab/open pit,0.0,Census - CEN15
Qatar,QA,QAT,634,Urban,10,Dry latrines - Hanging toilet/hanging latrine,0.0,Census - CEN15
Qatar,QA,QAT,634,Urban,11,Dry latrines - Bucket latrine,0.0,Census - CEN15
Qatar,QA,QAT,634,Urban,12,Dry latrines - Other,0.0,Census - CEN15
Qatar,QA,QAT,634,Urban,13,Composting toilets,0.0,Census - CEN15
Qatar,QA,QAT,634,Urban,14,Other improved,0.0,Census - CEN15
Qatar,QA,QAT,634,Urban,15,"No facility, bush, field",0.0,Census - CEN15
Qatar,QA,QAT,634,Urban,16,Other unimproved,0.0,Census - CEN15
Qatar,QA,QAT,634,Urban,17,DK/missing information,0.0,Census - CEN15
Qatar,QA,QAT,634,Rural,1,Flush and pour flush - to piped sewer system,0.0,Census - CEN15
Qatar,QA,QAT,634,Rural,2,Flush and pour flush - to septic tank,0.0,Census - CEN15
Qatar,QA,QAT,634,Rural,3,Flush and pour flush - to pit,0.0,Census - CEN15
Qatar,QA,QAT,634,Rural,4,Flush and pour flush - to unknown place/ not sure/DK,0.0,Census - CEN15
Qatar,QA,QAT,634,Rural,5,Flush and pour flush - to elsewhere,0.0,Census - CEN15
Qatar,QA,QAT,634,Rural,6,Dry latrines - Ventilated Improved Pit latrine,0.0,Census - CEN15
Qatar,QA,QAT,634,Rural,7,Dry latrines - Pit latrine with slab/covered latrine,0.0,Census - CEN15
Qatar,QA,QAT,634,Rural,8,Dry latrines - Traditional latrine,0.0,Census - CEN15
Qatar,QA,QAT,634,Rural,9,Dry latrines - Pit latrine without slab/open pit,0.0,Census - CEN15
Qatar,QA,QAT,634,Rural,10,Dry latrines - Hanging toilet/hanging latrine,0.0,Census - CEN15
Qatar,QA,QAT,634,Rural,11,Dry latrines - Bucket latrine,0.0,Census - CEN15
Qatar,QA,QAT,634,Rural,12,Dry latrines - Other,0.0,Census - CEN15
Qatar,QA,QAT,634,Rural,13,Composting toilets,0.0,Census - CEN15
Qatar,QA,QAT,634,Rural,14,Other improved,0.0,Census - CEN15
Qatar,QA,QAT,634,Rural,15,"No facility, bush, field",0.0,Census - CEN15
Qatar,QA,QAT,634,Rural,16,Other unimproved,0.0,Census - CEN15
Qatar,QA,QAT,634,Rural,17,DK/missing information,0.0,Census - CEN15
Qatar,QA,QAT,634,National,1,Flush and pour flush - to piped sewer system,0.877,Census - CEN15
Qatar,QA,QAT,634,National,2,Flush and pour flush - to septic tank,0.123,Census - CEN15
Qatar,QA,QAT,634,National,3,Flush and pour flush - to pit,0.0,Census - CEN15
Qatar,QA,QAT,634,National,4,Flush and pour flush - to unknown place/ not sure/DK,0.0,Census - CEN15
Qatar,QA,QAT,634,National,5,Flush and pour flush - to elsewhere,0.0,Census - CEN15
Qatar,QA,QAT,634,National,6,Dry latrines - Ventilated Improved Pit latrine,0.0,Census - CEN15
Qatar,QA,QAT,634,National,7,Dry latrines - Pit latrine with slab/covered latrine,0.0,Census - CEN15
Qatar,QA,QAT,634,National,8,Dry latrines - Traditional latrine,0.0,Census - CEN15
Qatar,QA,QAT,634,National,9,Dry latrines - Pit latrine without slab/open pit,0.0,Census - CEN15
Qatar,QA,QAT,634,National,10,Dry latrines - Hanging toilet/hanging latrine,0.0,Census - CEN15
Qatar,QA,QAT,634,National,11,Dry latrines - Bucket latrine,0.0,Census - CEN15
Qatar,QA,QAT,634,National,12,Dry latrines - Other,0.0,Census - CEN15
Qatar,QA,QAT,634,National,13,Composting toilets,0.0,Census - CEN15
Qatar,QA,QAT,634,National,14,Other improved,0.0,Census - CEN15
Qatar,QA,QAT,634,National,15,"No facility, bush, field",0.0,Census - CEN15
Qatar,QA,QAT,634,National,16,Other unimproved,0.0,Census - CEN15
Qatar,QA,QAT,634,National,17,DK/missing information,0.0,Census - CEN15
