country,alpha-2,alpha-3,numeric,context,classific_id,classification,percentage,source
Turks and Caicos Islands,TC,TCA,796,Urban,1,Flush and pour flush - to piped sewer system,0.0,Census - CEN01
Turks and Caicos Islands,TC,TCA,796,Urban,2,Flush and pour flush - to septic tank,0.0,Census - CEN01
Turks and Caicos Islands,TC,TCA,796,Urban,3,Flush and pour flush - to pit,0.0,Census - CEN01
Turks and Caicos Islands,TC,TCA,796,Urban,4,Flush and pour flush - to unknown place/ not sure/DK,0.0,Census - CEN01
Turks and Caicos Islands,TC,TCA,796,Urban,5,Flush and pour flush - to elsewhere,0.0,Census - CEN01
Turks and Caicos Islands,TC,TCA,796,Urban,6,Dry latrines - Ventilated Improved Pit latrine,0.0,Census - CEN01
Turks and Caicos Islands,TC,TCA,796,Urban,7,Dry latrines - Pit latrine with slab/covered latrine,0.0,Census - CEN01
Turks and Caicos Islands,TC,TCA,796,Urban,8,Dry latrines - Traditional latrine,0.0,Census - CEN01
Turks and Caicos Islands,TC,TCA,796,Urban,9,Dry latrines - Pit latrine without slab/open pit,0.0,Census - CEN01
Turks and Caicos Islands,TC,TCA,796,Urban,10,Dry latrines - Hanging toilet/hanging latrine,0.0,Census - CEN01
Turks and Caicos Islands,TC,TCA,796,Urban,11,Dry latrines - Bucket latrine,0.0,Census - CEN01
Turks and Caicos Islands,TC,TCA,796,Urban,12,Dry latrines - Other,0.0,Census - CEN01
Turks and Caicos Islands,TC,TCA,796,Urban,13,Composting toilets,0.0,Census - CEN01
Turks and Caicos Islands,TC,TCA,796,Urban,14,Other improved,0.0,Census - CEN01
Turks and Caicos Islands,TC,TCA,796,Urban,15,"No facility, bush, field",0.0,Census - CEN01
Turks and Caicos Islands,TC,TCA,796,Urban,16,Other unimproved,0.0,Census - CEN01
Turks and Caicos Islands,TC,TCA,796,Urban,17,DK/missing information,0.0,Census - CEN01
Turks and Caicos Islands,TC,TCA,796,Rural,1,Flush and pour flush - to piped sewer system,0.0,Census - CEN01
Turks and Caicos Islands,TC,TCA,796,Rural,2,Flush and pour flush - to septic tank,0.0,Census - CEN01
Turks and Caicos Islands,TC,TCA,796,Rural,3,Flush and pour flush - to pit,0.0,Census - CEN01
Turks and Caicos Islands,TC,TCA,796,Rural,4,Flush and pour flush - to unknown place/ not sure/DK,0.0,Census - CEN01
Turks and Caicos Islands,TC,TCA,796,Rural,5,Flush and pour flush - to elsewhere,0.0,Census - CEN01
Turks and Caicos Islands,TC,TCA,796,Rural,6,Dry latrines - Ventilated Improved Pit latrine,0.0,Census - CEN01
Turks and Caicos Islands,TC,TCA,796,Rural,7,Dry latrines - Pit latrine with slab/covered latrine,0.0,Census - CEN01
Turks and Caicos Islands,TC,TCA,796,Rural,8,Dry latrines - Traditional latrine,0.0,Census - CEN01
Turks and Caicos Islands,TC,TCA,796,Rural,9,Dry latrines - Pit latrine without slab/open pit,0.0,Census - CEN01
Turks and Caicos Islands,TC,TCA,796,Rural,10,Dry latrines - Hanging toilet/hanging latrine,0.0,Census - CEN01
Turks and Caicos Islands,TC,TCA,796,Rural,11,Dry latrines - Bucket latrine,0.0,Census - CEN01
Turks and Caicos Islands,TC,TCA,796,Rural,12,Dry latrines - Other,0.0,Census - CEN01
Turks and Caicos Islands,TC,TCA,796,Rural,13,Composting toilets,0.0,Census - CEN01
Turks and Caicos Islands,TC,TCA,796,Rural,14,Other improved,0.0,Census - CEN01
Turks and Caicos Islands,TC,TCA,796,Rural,15,"No facility, bush, field",0.0,Census - CEN01
Turks and Caicos Islands,TC,TCA,796,Rural,16,Other unimproved,0.0,Census - CEN01
Turks and Caicos Islands,TC,TCA,796,Rural,17,DK/missing information,0.0,Census - CEN01
Turks and Caicos Islands,TC,TCA,796,National,1,Flush and pour flush - to piped sewer system,0.0,Census - CEN01
Turks and Caicos Islands,TC,TCA,796,National,2,Flush and pour flush - to septic tank,0.683,Census - CEN01
Turks and Caicos Islands,TC,TCA,796,National,3,Flush and pour flush - to pit,0.0,Census - CEN01
Turks and Caicos Islands,TC,TCA,796,National,4,Flush and pour flush - to unknown place/ not sure/DK,0.0,Census - CEN01
Turks and Caicos Islands,TC,TCA,796,National,5,Flush and pour flush - to elsewhere,0.0,Census - CEN01
Turks and Caicos Islands,TC,TCA,796,National,6,Dry latrines - Ventilated Improved Pit latrine,0.0,Census - CEN01
Turks and Caicos Islands,TC,TCA,796,National,7,Dry latrines - Pit latrine with slab/covered latrine,0.0,Census - CEN01
Turks and Caicos Islands,TC,TCA,796,National,8,Dry latrines - Traditional latrine,0.276,Census - CEN01
Turks and Caicos Islands,TC,TCA,796,National,9,Dry latrines - Pit latrine without slab/open pit,0.0,Census - CEN01
Turks and Caicos Islands,TC,TCA,796,National,10,Dry latrines - Hanging toilet/hanging latrine,0.0,Census - CEN01
Turks and Caicos Islands,TC,TCA,796,National,11,Dry latrines - Bucket latrine,0.0,Census - CEN01
Turks and Caicos Islands,TC,TCA,796,National,12,Dry latrines - Other,0.0,Census - CEN01
Turks and Caicos Islands,TC,TCA,796,National,13,Composting toilets,0.0,Census - CEN01
Turks and Caicos Islands,TC,TCA,796,National,14,Other improved,0.0,Census - CEN01
Turks and Caicos Islands,TC,TCA,796,National,15,"No facility, bush, field",0.037,Census - CEN01
Turks and Caicos Islands,TC,TCA,796,National,16,Other unimproved,0.005,Census - CEN01
Turks and Caicos Islands,TC,TCA,796,National,17,DK/missing information,0.0,Census - CEN01
Turks and Caicos Islands,TC,TCA,796,Urban,1,Flush and pour flush - to piped sewer system,0.0,STANDARD OF LIVING ASSESSMENT - SLC01
Turks and Caicos Islands,TC,TCA,796,Urban,2,Flush and pour flush - to septic tank,0.0,STANDARD OF LIVING ASSESSMENT - SLC01
Turks and Caicos Islands,TC,TCA,796,Urban,3,Flush and pour flush - to pit,0.0,STANDARD OF LIVING ASSESSMENT - SLC01
Turks and Caicos Islands,TC,TCA,796,Urban,4,Flush and pour flush - to unknown place/ not sure/DK,0.0,STANDARD OF LIVING ASSESSMENT - SLC01
Turks and Caicos Islands,TC,TCA,796,Urban,5,Flush and pour flush - to elsewhere,0.0,STANDARD OF LIVING ASSESSMENT - SLC01
Turks and Caicos Islands,TC,TCA,796,Urban,6,Dry latrines - Ventilated Improved Pit latrine,0.0,STANDARD OF LIVING ASSESSMENT - SLC01
Turks and Caicos Islands,TC,TCA,796,Urban,7,Dry latrines - Pit latrine with slab/covered latrine,0.0,STANDARD OF LIVING ASSESSMENT - SLC01
Turks and Caicos Islands,TC,TCA,796,Urban,8,Dry latrines - Traditional latrine,0.0,STANDARD OF LIVING ASSESSMENT - SLC01
Turks and Caicos Islands,TC,TCA,796,Urban,9,Dry latrines - Pit latrine without slab/open pit,0.0,STANDARD OF LIVING ASSESSMENT - SLC01
Turks and Caicos Islands,TC,TCA,796,Urban,10,Dry latrines - Hanging toilet/hanging latrine,0.0,STANDARD OF LIVING ASSESSMENT - SLC01
Turks and Caicos Islands,TC,TCA,796,Urban,11,Dry latrines - Bucket latrine,0.0,STANDARD OF LIVING ASSESSMENT - SLC01
Turks and Caicos Islands,TC,TCA,796,Urban,12,Dry latrines - Other,0.0,STANDARD OF LIVING ASSESSMENT - SLC01
Turks and Caicos Islands,TC,TCA,796,Urban,13,Composting toilets,0.0,STANDARD OF LIVING ASSESSMENT - SLC01
Turks and Caicos Islands,TC,TCA,796,Urban,14,Other improved,0.0,STANDARD OF LIVING ASSESSMENT - SLC01
Turks and Caicos Islands,TC,TCA,796,Urban,15,"No facility, bush, field",0.0,STANDARD OF LIVING ASSESSMENT - SLC01
Turks and Caicos Islands,TC,TCA,796,Urban,16,Other unimproved,0.0,STANDARD OF LIVING ASSESSMENT - SLC01
Turks and Caicos Islands,TC,TCA,796,Urban,17,DK/missing information,0.0,STANDARD OF LIVING ASSESSMENT - SLC01
Turks and Caicos Islands,TC,TCA,796,Rural,1,Flush and pour flush - to piped sewer system,0.0,STANDARD OF LIVING ASSESSMENT - SLC01
Turks and Caicos Islands,TC,TCA,796,Rural,2,Flush and pour flush - to septic tank,0.0,STANDARD OF LIVING ASSESSMENT - SLC01
Turks and Caicos Islands,TC,TCA,796,Rural,3,Flush and pour flush - to pit,0.0,STANDARD OF LIVING ASSESSMENT - SLC01
Turks and Caicos Islands,TC,TCA,796,Rural,4,Flush and pour flush - to unknown place/ not sure/DK,0.0,STANDARD OF LIVING ASSESSMENT - SLC01
Turks and Caicos Islands,TC,TCA,796,Rural,5,Flush and pour flush - to elsewhere,0.0,STANDARD OF LIVING ASSESSMENT - SLC01
Turks and Caicos Islands,TC,TCA,796,Rural,6,Dry latrines - Ventilated Improved Pit latrine,0.0,STANDARD OF LIVING ASSESSMENT - SLC01
Turks and Caicos Islands,TC,TCA,796,Rural,7,Dry latrines - Pit latrine with slab/covered latrine,0.0,STANDARD OF LIVING ASSESSMENT - SLC01
Turks and Caicos Islands,TC,TCA,796,Rural,8,Dry latrines - Traditional latrine,0.0,STANDARD OF LIVING ASSESSMENT - SLC01
Turks and Caicos Islands,TC,TCA,796,Rural,9,Dry latrines - Pit latrine without slab/open pit,0.0,STANDARD OF LIVING ASSESSMENT - SLC01
Turks and Caicos Islands,TC,TCA,796,Rural,10,Dry latrines - Hanging toilet/hanging latrine,0.0,STANDARD OF LIVING ASSESSMENT - SLC01
Turks and Caicos Islands,TC,TCA,796,Rural,11,Dry latrines - Bucket latrine,0.0,STANDARD OF LIVING ASSESSMENT - SLC01
Turks and Caicos Islands,TC,TCA,796,Rural,12,Dry latrines - Other,0.0,STANDARD OF LIVING ASSESSMENT - SLC01
Turks and Caicos Islands,TC,TCA,796,Rural,13,Composting toilets,0.0,STANDARD OF LIVING ASSESSMENT - SLC01
Turks and Caicos Islands,TC,TCA,796,Rural,14,Other improved,0.0,STANDARD OF LIVING ASSESSMENT - SLC01
Turks and Caicos Islands,TC,TCA,796,Rural,15,"No facility, bush, field",0.0,STANDARD OF LIVING ASSESSMENT - SLC01
Turks and Caicos Islands,TC,TCA,796,Rural,16,Other unimproved,0.0,STANDARD OF LIVING ASSESSMENT - SLC01
Turks and Caicos Islands,TC,TCA,796,Rural,17,DK/missing information,0.0,STANDARD OF LIVING ASSESSMENT - SLC01
Turks and Caicos Islands,TC,TCA,796,National,1,Flush and pour flush - to piped sewer system,0.092,STANDARD OF LIVING ASSESSMENT - SLC01
Turks and Caicos Islands,TC,TCA,796,National,2,Flush and pour flush - to septic tank,0.544,STANDARD OF LIVING ASSESSMENT - SLC01
Turks and Caicos Islands,TC,TCA,796,National,3,Flush and pour flush - to pit,0.0,STANDARD OF LIVING ASSESSMENT - SLC01
Turks and Caicos Islands,TC,TCA,796,National,4,Flush and pour flush - to unknown place/ not sure/DK,0.0,STANDARD OF LIVING ASSESSMENT - SLC01
Turks and Caicos Islands,TC,TCA,796,National,5,Flush and pour flush - to elsewhere,0.0,STANDARD OF LIVING ASSESSMENT - SLC01
Turks and Caicos Islands,TC,TCA,796,National,6,Dry latrines - Ventilated Improved Pit latrine,0.0,STANDARD OF LIVING ASSESSMENT - SLC01
Turks and Caicos Islands,TC,TCA,796,National,7,Dry latrines - Pit latrine with slab/covered latrine,0.0,STANDARD OF LIVING ASSESSMENT - SLC01
Turks and Caicos Islands,TC,TCA,796,National,8,Dry latrines - Traditional latrine,0.342,STANDARD OF LIVING ASSESSMENT - SLC01
Turks and Caicos Islands,TC,TCA,796,National,9,Dry latrines - Pit latrine without slab/open pit,0.0,STANDARD OF LIVING ASSESSMENT - SLC01
Turks and Caicos Islands,TC,TCA,796,National,10,Dry latrines - Hanging toilet/hanging latrine,0.0,STANDARD OF LIVING ASSESSMENT - SLC01
Turks and Caicos Islands,TC,TCA,796,National,11,Dry latrines - Bucket latrine,0.0,STANDARD OF LIVING ASSESSMENT - SLC01
Turks and Caicos Islands,TC,TCA,796,National,12,Dry latrines - Other,0.0,STANDARD OF LIVING ASSESSMENT - SLC01
Turks and Caicos Islands,TC,TCA,796,National,13,Composting toilets,0.0,STANDARD OF LIVING ASSESSMENT - SLC01
Turks and Caicos Islands,TC,TCA,796,National,14,Other improved,0.0,STANDARD OF LIVING ASSESSMENT - SLC01
Turks and Caicos Islands,TC,TCA,796,National,15,"No facility, bush, field",0.014,STANDARD OF LIVING ASSESSMENT - SLC01
Turks and Caicos Islands,TC,TCA,796,National,16,Other unimproved,0.006,STANDARD OF LIVING ASSESSMENT - SLC01
Turks and Caicos Islands,TC,TCA,796,National,17,DK/missing information,0.002,STANDARD OF LIVING ASSESSMENT - SLC01
Turks and Caicos Islands,TC,TCA,796,Urban,1,Flush and pour flush - to piped sewer system,0.0,"Population and housing census, 2012 - CEN12"
Turks and Caicos Islands,TC,TCA,796,Urban,2,Flush and pour flush - to septic tank,0.0,"Population and housing census, 2012 - CEN12"
Turks and Caicos Islands,TC,TCA,796,Urban,3,Flush and pour flush - to pit,0.0,"Population and housing census, 2012 - CEN12"
Turks and Caicos Islands,TC,TCA,796,Urban,4,Flush and pour flush - to unknown place/ not sure/DK,0.0,"Population and housing census, 2012 - CEN12"
Turks and Caicos Islands,TC,TCA,796,Urban,5,Flush and pour flush - to elsewhere,0.0,"Population and housing census, 2012 - CEN12"
Turks and Caicos Islands,TC,TCA,796,Urban,6,Dry latrines - Ventilated Improved Pit latrine,0.0,"Population and housing census, 2012 - CEN12"
Turks and Caicos Islands,TC,TCA,796,Urban,7,Dry latrines - Pit latrine with slab/covered latrine,0.0,"Population and housing census, 2012 - CEN12"
Turks and Caicos Islands,TC,TCA,796,Urban,8,Dry latrines - Traditional latrine,0.0,"Population and housing census, 2012 - CEN12"
Turks and Caicos Islands,TC,TCA,796,Urban,9,Dry latrines - Pit latrine without slab/open pit,0.0,"Population and housing census, 2012 - CEN12"
Turks and Caicos Islands,TC,TCA,796,Urban,10,Dry latrines - Hanging toilet/hanging latrine,0.0,"Population and housing census, 2012 - CEN12"
Turks and Caicos Islands,TC,TCA,796,Urban,11,Dry latrines - Bucket latrine,0.0,"Population and housing census, 2012 - CEN12"
Turks and Caicos Islands,TC,TCA,796,Urban,12,Dry latrines - Other,0.0,"Population and housing census, 2012 - CEN12"
Turks and Caicos Islands,TC,TCA,796,Urban,13,Composting toilets,0.0,"Population and housing census, 2012 - CEN12"
Turks and Caicos Islands,TC,TCA,796,Urban,14,Other improved,0.0,"Population and housing census, 2012 - CEN12"
Turks and Caicos Islands,TC,TCA,796,Urban,15,"No facility, bush, field",0.0,"Population and housing census, 2012 - CEN12"
Turks and Caicos Islands,TC,TCA,796,Urban,16,Other unimproved,0.0,"Population and housing census, 2012 - CEN12"
Turks and Caicos Islands,TC,TCA,796,Urban,17,DK/missing information,0.0,"Population and housing census, 2012 - CEN12"
Turks and Caicos Islands,TC,TCA,796,Rural,1,Flush and pour flush - to piped sewer system,0.0,"Population and housing census, 2012 - CEN12"
Turks and Caicos Islands,TC,TCA,796,Rural,2,Flush and pour flush - to septic tank,0.0,"Population and housing census, 2012 - CEN12"
Turks and Caicos Islands,TC,TCA,796,Rural,3,Flush and pour flush - to pit,0.0,"Population and housing census, 2012 - CEN12"
Turks and Caicos Islands,TC,TCA,796,Rural,4,Flush and pour flush - to unknown place/ not sure/DK,0.0,"Population and housing census, 2012 - CEN12"
Turks and Caicos Islands,TC,TCA,796,Rural,5,Flush and pour flush - to elsewhere,0.0,"Population and housing census, 2012 - CEN12"
Turks and Caicos Islands,TC,TCA,796,Rural,6,Dry latrines - Ventilated Improved Pit latrine,0.0,"Population and housing census, 2012 - CEN12"
Turks and Caicos Islands,TC,TCA,796,Rural,7,Dry latrines - Pit latrine with slab/covered latrine,0.0,"Population and housing census, 2012 - CEN12"
Turks and Caicos Islands,TC,TCA,796,Rural,8,Dry latrines - Traditional latrine,0.0,"Population and housing census, 2012 - CEN12"
Turks and Caicos Islands,TC,TCA,796,Rural,9,Dry latrines - Pit latrine without slab/open pit,0.0,"Population and housing census, 2012 - CEN12"
Turks and Caicos Islands,TC,TCA,796,Rural,10,Dry latrines - Hanging toilet/hanging latrine,0.0,"Population and housing census, 2012 - CEN12"
Turks and Caicos Islands,TC,TCA,796,Rural,11,Dry latrines - Bucket latrine,0.0,"Population and housing census, 2012 - CEN12"
Turks and Caicos Islands,TC,TCA,796,Rural,12,Dry latrines - Other,0.0,"Population and housing census, 2012 - CEN12"
Turks and Caicos Islands,TC,TCA,796,Rural,13,Composting toilets,0.0,"Population and housing census, 2012 - CEN12"
Turks and Caicos Islands,TC,TCA,796,Rural,14,Other improved,0.0,"Population and housing census, 2012 - CEN12"
Turks and Caicos Islands,TC,TCA,796,Rural,15,"No facility, bush, field",0.0,"Population and housing census, 2012 - CEN12"
Turks and Caicos Islands,TC,TCA,796,Rural,16,Other unimproved,0.0,"Population and housing census, 2012 - CEN12"
Turks and Caicos Islands,TC,TCA,796,Rural,17,DK/missing information,0.0,"Population and housing census, 2012 - CEN12"
Turks and Caicos Islands,TC,TCA,796,National,1,Flush and pour flush - to piped sewer system,0.0,"Population and housing census, 2012 - CEN12"
Turks and Caicos Islands,TC,TCA,796,National,2,Flush and pour flush - to septic tank,0.0,"Population and housing census, 2012 - CEN12"
Turks and Caicos Islands,TC,TCA,796,National,3,Flush and pour flush - to pit,0.0,"Population and housing census, 2012 - CEN12"
Turks and Caicos Islands,TC,TCA,796,National,4,Flush and pour flush - to unknown place/ not sure/DK,0.0,"Population and housing census, 2012 - CEN12"
Turks and Caicos Islands,TC,TCA,796,National,5,Flush and pour flush - to elsewhere,0.0,"Population and housing census, 2012 - CEN12"
Turks and Caicos Islands,TC,TCA,796,National,6,Dry latrines - Ventilated Improved Pit latrine,0.0,"Population and housing census, 2012 - CEN12"
Turks and Caicos Islands,TC,TCA,796,National,7,Dry latrines - Pit latrine with slab/covered latrine,0.0,"Population and housing census, 2012 - CEN12"
Turks and Caicos Islands,TC,TCA,796,National,8,Dry latrines - Traditional latrine,0.251,"Population and housing census, 2012 - CEN12"
Turks and Caicos Islands,TC,TCA,796,National,9,Dry latrines - Pit latrine without slab/open pit,0.0,"Population and housing census, 2012 - CEN12"
Turks and Caicos Islands,TC,TCA,796,National,10,Dry latrines - Hanging toilet/hanging latrine,0.0,"Population and housing census, 2012 - CEN12"
Turks and Caicos Islands,TC,TCA,796,National,11,Dry latrines - Bucket latrine,0.0,"Population and housing census, 2012 - CEN12"
Turks and Caicos Islands,TC,TCA,796,National,12,Dry latrines - Other,0.0,"Population and housing census, 2012 - CEN12"
Turks and Caicos Islands,TC,TCA,796,National,13,Composting toilets,0.0,"Population and housing census, 2012 - CEN12"
Turks and Caicos Islands,TC,TCA,796,National,14,Other improved,0.0,"Population and housing census, 2012 - CEN12"
Turks and Caicos Islands,TC,TCA,796,National,15,"No facility, bush, field",0.005,"Population and housing census, 2012 - CEN12"
Turks and Caicos Islands,TC,TCA,796,National,16,Other unimproved,0.006,"Population and housing census, 2012 - CEN12"
Turks and Caicos Islands,TC,TCA,796,National,17,DK/missing information,0.01,"Population and housing census, 2012 - CEN12"
Turks and Caicos Islands,TC,TCA,796,Urban,1,Flush and pour flush - to piped sewer system,0.0,"Survey of Living Conditions, 2012 - SLC12"
Turks and Caicos Islands,TC,TCA,796,Urban,2,Flush and pour flush - to septic tank,0.0,"Survey of Living Conditions, 2012 - SLC12"
Turks and Caicos Islands,TC,TCA,796,Urban,3,Flush and pour flush - to pit,0.0,"Survey of Living Conditions, 2012 - SLC12"
Turks and Caicos Islands,TC,TCA,796,Urban,4,Flush and pour flush - to unknown place/ not sure/DK,0.0,"Survey of Living Conditions, 2012 - SLC12"
Turks and Caicos Islands,TC,TCA,796,Urban,5,Flush and pour flush - to elsewhere,0.0,"Survey of Living Conditions, 2012 - SLC12"
Turks and Caicos Islands,TC,TCA,796,Urban,6,Dry latrines - Ventilated Improved Pit latrine,0.0,"Survey of Living Conditions, 2012 - SLC12"
Turks and Caicos Islands,TC,TCA,796,Urban,7,Dry latrines - Pit latrine with slab/covered latrine,0.0,"Survey of Living Conditions, 2012 - SLC12"
Turks and Caicos Islands,TC,TCA,796,Urban,8,Dry latrines - Traditional latrine,0.0,"Survey of Living Conditions, 2012 - SLC12"
Turks and Caicos Islands,TC,TCA,796,Urban,9,Dry latrines - Pit latrine without slab/open pit,0.0,"Survey of Living Conditions, 2012 - SLC12"
Turks and Caicos Islands,TC,TCA,796,Urban,10,Dry latrines - Hanging toilet/hanging latrine,0.0,"Survey of Living Conditions, 2012 - SLC12"
Turks and Caicos Islands,TC,TCA,796,Urban,11,Dry latrines - Bucket latrine,0.0,"Survey of Living Conditions, 2012 - SLC12"
Turks and Caicos Islands,TC,TCA,796,Urban,12,Dry latrines - Other,0.0,"Survey of Living Conditions, 2012 - SLC12"
Turks and Caicos Islands,TC,TCA,796,Urban,13,Composting toilets,0.0,"Survey of Living Conditions, 2012 - SLC12"
Turks and Caicos Islands,TC,TCA,796,Urban,14,Other improved,0.0,"Survey of Living Conditions, 2012 - SLC12"
Turks and Caicos Islands,TC,TCA,796,Urban,15,"No facility, bush, field",0.0,"Survey of Living Conditions, 2012 - SLC12"
Turks and Caicos Islands,TC,TCA,796,Urban,16,Other unimproved,0.0,"Survey of Living Conditions, 2012 - SLC12"
Turks and Caicos Islands,TC,TCA,796,Urban,17,DK/missing information,0.0,"Survey of Living Conditions, 2012 - SLC12"
Turks and Caicos Islands,TC,TCA,796,Rural,1,Flush and pour flush - to piped sewer system,0.0,"Survey of Living Conditions, 2012 - SLC12"
Turks and Caicos Islands,TC,TCA,796,Rural,2,Flush and pour flush - to septic tank,0.0,"Survey of Living Conditions, 2012 - SLC12"
Turks and Caicos Islands,TC,TCA,796,Rural,3,Flush and pour flush - to pit,0.0,"Survey of Living Conditions, 2012 - SLC12"
Turks and Caicos Islands,TC,TCA,796,Rural,4,Flush and pour flush - to unknown place/ not sure/DK,0.0,"Survey of Living Conditions, 2012 - SLC12"
Turks and Caicos Islands,TC,TCA,796,Rural,5,Flush and pour flush - to elsewhere,0.0,"Survey of Living Conditions, 2012 - SLC12"
Turks and Caicos Islands,TC,TCA,796,Rural,6,Dry latrines - Ventilated Improved Pit latrine,0.0,"Survey of Living Conditions, 2012 - SLC12"
Turks and Caicos Islands,TC,TCA,796,Rural,7,Dry latrines - Pit latrine with slab/covered latrine,0.0,"Survey of Living Conditions, 2012 - SLC12"
Turks and Caicos Islands,TC,TCA,796,Rural,8,Dry latrines - Traditional latrine,0.0,"Survey of Living Conditions, 2012 - SLC12"
Turks and Caicos Islands,TC,TCA,796,Rural,9,Dry latrines - Pit latrine without slab/open pit,0.0,"Survey of Living Conditions, 2012 - SLC12"
Turks and Caicos Islands,TC,TCA,796,Rural,10,Dry latrines - Hanging toilet/hanging latrine,0.0,"Survey of Living Conditions, 2012 - SLC12"
Turks and Caicos Islands,TC,TCA,796,Rural,11,Dry latrines - Bucket latrine,0.0,"Survey of Living Conditions, 2012 - SLC12"
Turks and Caicos Islands,TC,TCA,796,Rural,12,Dry latrines - Other,0.0,"Survey of Living Conditions, 2012 - SLC12"
Turks and Caicos Islands,TC,TCA,796,Rural,13,Composting toilets,0.0,"Survey of Living Conditions, 2012 - SLC12"
Turks and Caicos Islands,TC,TCA,796,Rural,14,Other improved,0.0,"Survey of Living Conditions, 2012 - SLC12"
Turks and Caicos Islands,TC,TCA,796,Rural,15,"No facility, bush, field",0.0,"Survey of Living Conditions, 2012 - SLC12"
Turks and Caicos Islands,TC,TCA,796,Rural,16,Other unimproved,0.0,"Survey of Living Conditions, 2012 - SLC12"
Turks and Caicos Islands,TC,TCA,796,Rural,17,DK/missing information,0.0,"Survey of Living Conditions, 2012 - SLC12"
Turks and Caicos Islands,TC,TCA,796,National,1,Flush and pour flush - to piped sewer system,0.0,"Survey of Living Conditions, 2012 - SLC12"
Turks and Caicos Islands,TC,TCA,796,National,2,Flush and pour flush - to septic tank,0.0,"Survey of Living Conditions, 2012 - SLC12"
Turks and Caicos Islands,TC,TCA,796,National,3,Flush and pour flush - to pit,0.0,"Survey of Living Conditions, 2012 - SLC12"
Turks and Caicos Islands,TC,TCA,796,National,4,Flush and pour flush - to unknown place/ not sure/DK,0.0,"Survey of Living Conditions, 2012 - SLC12"
Turks and Caicos Islands,TC,TCA,796,National,5,Flush and pour flush - to elsewhere,0.0,"Survey of Living Conditions, 2012 - SLC12"
Turks and Caicos Islands,TC,TCA,796,National,6,Dry latrines - Ventilated Improved Pit latrine,0.0,"Survey of Living Conditions, 2012 - SLC12"
Turks and Caicos Islands,TC,TCA,796,National,7,Dry latrines - Pit latrine with slab/covered latrine,0.0,"Survey of Living Conditions, 2012 - SLC12"
Turks and Caicos Islands,TC,TCA,796,National,8,Dry latrines - Traditional latrine,0.13,"Survey of Living Conditions, 2012 - SLC12"
Turks and Caicos Islands,TC,TCA,796,National,9,Dry latrines - Pit latrine without slab/open pit,0.0,"Survey of Living Conditions, 2012 - SLC12"
Turks and Caicos Islands,TC,TCA,796,National,10,Dry latrines - Hanging toilet/hanging latrine,0.0,"Survey of Living Conditions, 2012 - SLC12"
Turks and Caicos Islands,TC,TCA,796,National,11,Dry latrines - Bucket latrine,0.0,"Survey of Living Conditions, 2012 - SLC12"
Turks and Caicos Islands,TC,TCA,796,National,12,Dry latrines - Other,0.0,"Survey of Living Conditions, 2012 - SLC12"
Turks and Caicos Islands,TC,TCA,796,National,13,Composting toilets,0.0,"Survey of Living Conditions, 2012 - SLC12"
Turks and Caicos Islands,TC,TCA,796,National,14,Other improved,0.0,"Survey of Living Conditions, 2012 - SLC12"
Turks and Caicos Islands,TC,TCA,796,National,15,"No facility, bush, field",0.03,"Survey of Living Conditions, 2012 - SLC12"
Turks and Caicos Islands,TC,TCA,796,National,16,Other unimproved,0.02,"Survey of Living Conditions, 2012 - SLC12"
Turks and Caicos Islands,TC,TCA,796,National,17,DK/missing information,0.0,"Survey of Living Conditions, 2012 - SLC12"
