country,alpha-2,alpha-3,numeric,context,classific_id,classification,percentage,source
Trinidad and Tobago,TT,TTO,780,Urban,1,Flush and pour flush - to piped sewer system,0.0,Multiple Indicator Cluster Survey - MICS00
Trinidad and Tobago,TT,TTO,780,Urban,2,Flush and pour flush - to septic tank,0.0,Multiple Indicator Cluster Survey - MICS00
Trinidad and Tobago,TT,TTO,780,Urban,3,Flush and pour flush - to pit,0.0,Multiple Indicator Cluster Survey - MICS00
Trinidad and Tobago,TT,TTO,780,Urban,4,Flush and pour flush - to unknown place/ not sure/DK,0.0,Multiple Indicator Cluster Survey - MICS00
Trinidad and Tobago,TT,TTO,780,Urban,5,Flush and pour flush - to elsewhere,0.0,Multiple Indicator Cluster Survey - MICS00
Trinidad and Tobago,TT,TTO,780,Urban,6,Dry latrines - Ventilated Improved Pit latrine,0.0,Multiple Indicator Cluster Survey - MICS00
Trinidad and Tobago,TT,TTO,780,Urban,7,Dry latrines - Pit latrine with slab/covered latrine,0.0,Multiple Indicator Cluster Survey - MICS00
Trinidad and Tobago,TT,TTO,780,Urban,8,Dry latrines - Traditional latrine,0.0,Multiple Indicator Cluster Survey - MICS00
Trinidad and Tobago,TT,TTO,780,Urban,9,Dry latrines - Pit latrine without slab/open pit,0.0,Multiple Indicator Cluster Survey - MICS00
Trinidad and Tobago,TT,TTO,780,Urban,10,Dry latrines - Hanging toilet/hanging latrine,0.0,Multiple Indicator Cluster Survey - MICS00
Trinidad and Tobago,TT,TTO,780,Urban,11,Dry latrines - Bucket latrine,0.0,Multiple Indicator Cluster Survey - MICS00
Trinidad and Tobago,TT,TTO,780,Urban,12,Dry latrines - Other,0.0,Multiple Indicator Cluster Survey - MICS00
Trinidad and Tobago,TT,TTO,780,Urban,13,Composting toilets,0.0,Multiple Indicator Cluster Survey - MICS00
Trinidad and Tobago,TT,TTO,780,Urban,14,Other improved,0.0,Multiple Indicator Cluster Survey - MICS00
Trinidad and Tobago,TT,TTO,780,Urban,15,"No facility, bush, field",0.0,Multiple Indicator Cluster Survey - MICS00
Trinidad and Tobago,TT,TTO,780,Urban,16,Other unimproved,0.0,Multiple Indicator Cluster Survey - MICS00
Trinidad and Tobago,TT,TTO,780,Urban,17,DK/missing information,0.0,Multiple Indicator Cluster Survey - MICS00
Trinidad and Tobago,TT,TTO,780,Rural,1,Flush and pour flush - to piped sewer system,0.0,Multiple Indicator Cluster Survey - MICS00
Trinidad and Tobago,TT,TTO,780,Rural,2,Flush and pour flush - to septic tank,0.0,Multiple Indicator Cluster Survey - MICS00
Trinidad and Tobago,TT,TTO,780,Rural,3,Flush and pour flush - to pit,0.0,Multiple Indicator Cluster Survey - MICS00
Trinidad and Tobago,TT,TTO,780,Rural,4,Flush and pour flush - to unknown place/ not sure/DK,0.0,Multiple Indicator Cluster Survey - MICS00
Trinidad and Tobago,TT,TTO,780,Rural,5,Flush and pour flush - to elsewhere,0.0,Multiple Indicator Cluster Survey - MICS00
Trinidad and Tobago,TT,TTO,780,Rural,6,Dry latrines - Ventilated Improved Pit latrine,0.0,Multiple Indicator Cluster Survey - MICS00
Trinidad and Tobago,TT,TTO,780,Rural,7,Dry latrines - Pit latrine with slab/covered latrine,0.0,Multiple Indicator Cluster Survey - MICS00
Trinidad and Tobago,TT,TTO,780,Rural,8,Dry latrines - Traditional latrine,0.0,Multiple Indicator Cluster Survey - MICS00
Trinidad and Tobago,TT,TTO,780,Rural,9,Dry latrines - Pit latrine without slab/open pit,0.0,Multiple Indicator Cluster Survey - MICS00
Trinidad and Tobago,TT,TTO,780,Rural,10,Dry latrines - Hanging toilet/hanging latrine,0.0,Multiple Indicator Cluster Survey - MICS00
Trinidad and Tobago,TT,TTO,780,Rural,11,Dry latrines - Bucket latrine,0.0,Multiple Indicator Cluster Survey - MICS00
Trinidad and Tobago,TT,TTO,780,Rural,12,Dry latrines - Other,0.0,Multiple Indicator Cluster Survey - MICS00
Trinidad and Tobago,TT,TTO,780,Rural,13,Composting toilets,0.0,Multiple Indicator Cluster Survey - MICS00
Trinidad and Tobago,TT,TTO,780,Rural,14,Other improved,0.0,Multiple Indicator Cluster Survey - MICS00
Trinidad and Tobago,TT,TTO,780,Rural,15,"No facility, bush, field",0.0,Multiple Indicator Cluster Survey - MICS00
Trinidad and Tobago,TT,TTO,780,Rural,16,Other unimproved,0.0,Multiple Indicator Cluster Survey - MICS00
Trinidad and Tobago,TT,TTO,780,Rural,17,DK/missing information,0.0,Multiple Indicator Cluster Survey - MICS00
Trinidad and Tobago,TT,TTO,780,National,1,Flush and pour flush - to piped sewer system,0.312,Multiple Indicator Cluster Survey - MICS00
Trinidad and Tobago,TT,TTO,780,National,2,Flush and pour flush - to septic tank,0.396,Multiple Indicator Cluster Survey - MICS00
Trinidad and Tobago,TT,TTO,780,National,3,Flush and pour flush - to pit,0.0,Multiple Indicator Cluster Survey - MICS00
Trinidad and Tobago,TT,TTO,780,National,4,Flush and pour flush - to unknown place/ not sure/DK,0.0,Multiple Indicator Cluster Survey - MICS00
Trinidad and Tobago,TT,TTO,780,National,5,Flush and pour flush - to elsewhere,0.0,Multiple Indicator Cluster Survey - MICS00
Trinidad and Tobago,TT,TTO,780,National,6,Dry latrines - Ventilated Improved Pit latrine,0.0,Multiple Indicator Cluster Survey - MICS00
Trinidad and Tobago,TT,TTO,780,National,7,Dry latrines - Pit latrine with slab/covered latrine,0.0,Multiple Indicator Cluster Survey - MICS00
Trinidad and Tobago,TT,TTO,780,National,8,Dry latrines - Traditional latrine,0.284,Multiple Indicator Cluster Survey - MICS00
Trinidad and Tobago,TT,TTO,780,National,9,Dry latrines - Pit latrine without slab/open pit,0.0,Multiple Indicator Cluster Survey - MICS00
Trinidad and Tobago,TT,TTO,780,National,10,Dry latrines - Hanging toilet/hanging latrine,0.0,Multiple Indicator Cluster Survey - MICS00
Trinidad and Tobago,TT,TTO,780,National,11,Dry latrines - Bucket latrine,0.0,Multiple Indicator Cluster Survey - MICS00
Trinidad and Tobago,TT,TTO,780,National,12,Dry latrines - Other,0.0,Multiple Indicator Cluster Survey - MICS00
Trinidad and Tobago,TT,TTO,780,National,13,Composting toilets,0.0,Multiple Indicator Cluster Survey - MICS00
Trinidad and Tobago,TT,TTO,780,National,14,Other improved,0.0,Multiple Indicator Cluster Survey - MICS00
Trinidad and Tobago,TT,TTO,780,National,15,"No facility, bush, field",0.001,Multiple Indicator Cluster Survey - MICS00
Trinidad and Tobago,TT,TTO,780,National,16,Other unimproved,0.001,Multiple Indicator Cluster Survey - MICS00
Trinidad and Tobago,TT,TTO,780,National,17,DK/missing information,0.005,Multiple Indicator Cluster Survey - MICS00
Trinidad and Tobago,TT,TTO,780,Urban,1,Flush and pour flush - to piped sewer system,0.0,Census - CEN00
Trinidad and Tobago,TT,TTO,780,Urban,2,Flush and pour flush - to septic tank,0.0,Census - CEN00
Trinidad and Tobago,TT,TTO,780,Urban,3,Flush and pour flush - to pit,0.0,Census - CEN00
Trinidad and Tobago,TT,TTO,780,Urban,4,Flush and pour flush - to unknown place/ not sure/DK,0.0,Census - CEN00
Trinidad and Tobago,TT,TTO,780,Urban,5,Flush and pour flush - to elsewhere,0.0,Census - CEN00
Trinidad and Tobago,TT,TTO,780,Urban,6,Dry latrines - Ventilated Improved Pit latrine,0.0,Census - CEN00
Trinidad and Tobago,TT,TTO,780,Urban,7,Dry latrines - Pit latrine with slab/covered latrine,0.0,Census - CEN00
Trinidad and Tobago,TT,TTO,780,Urban,8,Dry latrines - Traditional latrine,0.0,Census - CEN00
Trinidad and Tobago,TT,TTO,780,Urban,9,Dry latrines - Pit latrine without slab/open pit,0.0,Census - CEN00
Trinidad and Tobago,TT,TTO,780,Urban,10,Dry latrines - Hanging toilet/hanging latrine,0.0,Census - CEN00
Trinidad and Tobago,TT,TTO,780,Urban,11,Dry latrines - Bucket latrine,0.0,Census - CEN00
Trinidad and Tobago,TT,TTO,780,Urban,12,Dry latrines - Other,0.0,Census - CEN00
Trinidad and Tobago,TT,TTO,780,Urban,13,Composting toilets,0.0,Census - CEN00
Trinidad and Tobago,TT,TTO,780,Urban,14,Other improved,0.0,Census - CEN00
Trinidad and Tobago,TT,TTO,780,Urban,15,"No facility, bush, field",0.0,Census - CEN00
Trinidad and Tobago,TT,TTO,780,Urban,16,Other unimproved,0.0,Census - CEN00
Trinidad and Tobago,TT,TTO,780,Urban,17,DK/missing information,0.0,Census - CEN00
Trinidad and Tobago,TT,TTO,780,Rural,1,Flush and pour flush - to piped sewer system,0.0,Census - CEN00
Trinidad and Tobago,TT,TTO,780,Rural,2,Flush and pour flush - to septic tank,0.0,Census - CEN00
Trinidad and Tobago,TT,TTO,780,Rural,3,Flush and pour flush - to pit,0.0,Census - CEN00
Trinidad and Tobago,TT,TTO,780,Rural,4,Flush and pour flush - to unknown place/ not sure/DK,0.0,Census - CEN00
Trinidad and Tobago,TT,TTO,780,Rural,5,Flush and pour flush - to elsewhere,0.0,Census - CEN00
Trinidad and Tobago,TT,TTO,780,Rural,6,Dry latrines - Ventilated Improved Pit latrine,0.0,Census - CEN00
Trinidad and Tobago,TT,TTO,780,Rural,7,Dry latrines - Pit latrine with slab/covered latrine,0.0,Census - CEN00
Trinidad and Tobago,TT,TTO,780,Rural,8,Dry latrines - Traditional latrine,0.0,Census - CEN00
Trinidad and Tobago,TT,TTO,780,Rural,9,Dry latrines - Pit latrine without slab/open pit,0.0,Census - CEN00
Trinidad and Tobago,TT,TTO,780,Rural,10,Dry latrines - Hanging toilet/hanging latrine,0.0,Census - CEN00
Trinidad and Tobago,TT,TTO,780,Rural,11,Dry latrines - Bucket latrine,0.0,Census - CEN00
Trinidad and Tobago,TT,TTO,780,Rural,12,Dry latrines - Other,0.0,Census - CEN00
Trinidad and Tobago,TT,TTO,780,Rural,13,Composting toilets,0.0,Census - CEN00
Trinidad and Tobago,TT,TTO,780,Rural,14,Other improved,0.0,Census - CEN00
Trinidad and Tobago,TT,TTO,780,Rural,15,"No facility, bush, field",0.0,Census - CEN00
Trinidad and Tobago,TT,TTO,780,Rural,16,Other unimproved,0.0,Census - CEN00
Trinidad and Tobago,TT,TTO,780,Rural,17,DK/missing information,0.0,Census - CEN00
Trinidad and Tobago,TT,TTO,780,National,1,Flush and pour flush - to piped sewer system,0.217,Census - CEN00
Trinidad and Tobago,TT,TTO,780,National,2,Flush and pour flush - to septic tank,0.503,Census - CEN00
Trinidad and Tobago,TT,TTO,780,National,3,Flush and pour flush - to pit,0.0,Census - CEN00
Trinidad and Tobago,TT,TTO,780,National,4,Flush and pour flush - to unknown place/ not sure/DK,0.0,Census - CEN00
Trinidad and Tobago,TT,TTO,780,National,5,Flush and pour flush - to elsewhere,0.0,Census - CEN00
Trinidad and Tobago,TT,TTO,780,National,6,Dry latrines - Ventilated Improved Pit latrine,0.0,Census - CEN00
Trinidad and Tobago,TT,TTO,780,National,7,Dry latrines - Pit latrine with slab/covered latrine,0.0,Census - CEN00
Trinidad and Tobago,TT,TTO,780,National,8,Dry latrines - Traditional latrine,0.268,Census - CEN00
Trinidad and Tobago,TT,TTO,780,National,9,Dry latrines - Pit latrine without slab/open pit,0.0,Census - CEN00
Trinidad and Tobago,TT,TTO,780,National,10,Dry latrines - Hanging toilet/hanging latrine,0.0,Census - CEN00
Trinidad and Tobago,TT,TTO,780,National,11,Dry latrines - Bucket latrine,0.0,Census - CEN00
Trinidad and Tobago,TT,TTO,780,National,12,Dry latrines - Other,0.0,Census - CEN00
Trinidad and Tobago,TT,TTO,780,National,13,Composting toilets,0.0,Census - CEN00
Trinidad and Tobago,TT,TTO,780,National,14,Other improved,0.0,Census - CEN00
Trinidad and Tobago,TT,TTO,780,National,15,"No facility, bush, field",0.004,Census - CEN00
Trinidad and Tobago,TT,TTO,780,National,16,Other unimproved,0.001,Census - CEN00
Trinidad and Tobago,TT,TTO,780,National,17,DK/missing information,0.008,Census - CEN00
Trinidad and Tobago,TT,TTO,780,Urban,1,Flush and pour flush - to piped sewer system,0.0,Survey of Living Conditions - SLC05
Trinidad and Tobago,TT,TTO,780,Urban,2,Flush and pour flush - to septic tank,0.0,Survey of Living Conditions - SLC05
Trinidad and Tobago,TT,TTO,780,Urban,3,Flush and pour flush - to pit,0.0,Survey of Living Conditions - SLC05
Trinidad and Tobago,TT,TTO,780,Urban,4,Flush and pour flush - to unknown place/ not sure/DK,0.0,Survey of Living Conditions - SLC05
Trinidad and Tobago,TT,TTO,780,Urban,5,Flush and pour flush - to elsewhere,0.0,Survey of Living Conditions - SLC05
Trinidad and Tobago,TT,TTO,780,Urban,6,Dry latrines - Ventilated Improved Pit latrine,0.0,Survey of Living Conditions - SLC05
Trinidad and Tobago,TT,TTO,780,Urban,7,Dry latrines - Pit latrine with slab/covered latrine,0.0,Survey of Living Conditions - SLC05
Trinidad and Tobago,TT,TTO,780,Urban,8,Dry latrines - Traditional latrine,0.0,Survey of Living Conditions - SLC05
Trinidad and Tobago,TT,TTO,780,Urban,9,Dry latrines - Pit latrine without slab/open pit,0.0,Survey of Living Conditions - SLC05
Trinidad and Tobago,TT,TTO,780,Urban,10,Dry latrines - Hanging toilet/hanging latrine,0.0,Survey of Living Conditions - SLC05
Trinidad and Tobago,TT,TTO,780,Urban,11,Dry latrines - Bucket latrine,0.0,Survey of Living Conditions - SLC05
Trinidad and Tobago,TT,TTO,780,Urban,12,Dry latrines - Other,0.0,Survey of Living Conditions - SLC05
Trinidad and Tobago,TT,TTO,780,Urban,13,Composting toilets,0.0,Survey of Living Conditions - SLC05
Trinidad and Tobago,TT,TTO,780,Urban,14,Other improved,0.0,Survey of Living Conditions - SLC05
Trinidad and Tobago,TT,TTO,780,Urban,15,"No facility, bush, field",0.0,Survey of Living Conditions - SLC05
Trinidad and Tobago,TT,TTO,780,Urban,16,Other unimproved,0.0,Survey of Living Conditions - SLC05
Trinidad and Tobago,TT,TTO,780,Urban,17,DK/missing information,0.0,Survey of Living Conditions - SLC05
Trinidad and Tobago,TT,TTO,780,Rural,1,Flush and pour flush - to piped sewer system,0.0,Survey of Living Conditions - SLC05
Trinidad and Tobago,TT,TTO,780,Rural,2,Flush and pour flush - to septic tank,0.0,Survey of Living Conditions - SLC05
Trinidad and Tobago,TT,TTO,780,Rural,3,Flush and pour flush - to pit,0.0,Survey of Living Conditions - SLC05
Trinidad and Tobago,TT,TTO,780,Rural,4,Flush and pour flush - to unknown place/ not sure/DK,0.0,Survey of Living Conditions - SLC05
Trinidad and Tobago,TT,TTO,780,Rural,5,Flush and pour flush - to elsewhere,0.0,Survey of Living Conditions - SLC05
Trinidad and Tobago,TT,TTO,780,Rural,6,Dry latrines - Ventilated Improved Pit latrine,0.0,Survey of Living Conditions - SLC05
Trinidad and Tobago,TT,TTO,780,Rural,7,Dry latrines - Pit latrine with slab/covered latrine,0.0,Survey of Living Conditions - SLC05
Trinidad and Tobago,TT,TTO,780,Rural,8,Dry latrines - Traditional latrine,0.0,Survey of Living Conditions - SLC05
Trinidad and Tobago,TT,TTO,780,Rural,9,Dry latrines - Pit latrine without slab/open pit,0.0,Survey of Living Conditions - SLC05
Trinidad and Tobago,TT,TTO,780,Rural,10,Dry latrines - Hanging toilet/hanging latrine,0.0,Survey of Living Conditions - SLC05
Trinidad and Tobago,TT,TTO,780,Rural,11,Dry latrines - Bucket latrine,0.0,Survey of Living Conditions - SLC05
Trinidad and Tobago,TT,TTO,780,Rural,12,Dry latrines - Other,0.0,Survey of Living Conditions - SLC05
Trinidad and Tobago,TT,TTO,780,Rural,13,Composting toilets,0.0,Survey of Living Conditions - SLC05
Trinidad and Tobago,TT,TTO,780,Rural,14,Other improved,0.0,Survey of Living Conditions - SLC05
Trinidad and Tobago,TT,TTO,780,Rural,15,"No facility, bush, field",0.0,Survey of Living Conditions - SLC05
Trinidad and Tobago,TT,TTO,780,Rural,16,Other unimproved,0.0,Survey of Living Conditions - SLC05
Trinidad and Tobago,TT,TTO,780,Rural,17,DK/missing information,0.0,Survey of Living Conditions - SLC05
Trinidad and Tobago,TT,TTO,780,National,1,Flush and pour flush - to piped sewer system,0.183,Survey of Living Conditions - SLC05
Trinidad and Tobago,TT,TTO,780,National,2,Flush and pour flush - to septic tank,0.626,Survey of Living Conditions - SLC05
Trinidad and Tobago,TT,TTO,780,National,3,Flush and pour flush - to pit,0.0,Survey of Living Conditions - SLC05
Trinidad and Tobago,TT,TTO,780,National,4,Flush and pour flush - to unknown place/ not sure/DK,0.0,Survey of Living Conditions - SLC05
Trinidad and Tobago,TT,TTO,780,National,5,Flush and pour flush - to elsewhere,0.0,Survey of Living Conditions - SLC05
Trinidad and Tobago,TT,TTO,780,National,6,Dry latrines - Ventilated Improved Pit latrine,0.0,Survey of Living Conditions - SLC05
Trinidad and Tobago,TT,TTO,780,National,7,Dry latrines - Pit latrine with slab/covered latrine,0.0,Survey of Living Conditions - SLC05
Trinidad and Tobago,TT,TTO,780,National,8,Dry latrines - Traditional latrine,0.184,Survey of Living Conditions - SLC05
Trinidad and Tobago,TT,TTO,780,National,9,Dry latrines - Pit latrine without slab/open pit,0.0,Survey of Living Conditions - SLC05
Trinidad and Tobago,TT,TTO,780,National,10,Dry latrines - Hanging toilet/hanging latrine,0.0,Survey of Living Conditions - SLC05
Trinidad and Tobago,TT,TTO,780,National,11,Dry latrines - Bucket latrine,0.0,Survey of Living Conditions - SLC05
Trinidad and Tobago,TT,TTO,780,National,12,Dry latrines - Other,0.0,Survey of Living Conditions - SLC05
Trinidad and Tobago,TT,TTO,780,National,13,Composting toilets,0.0,Survey of Living Conditions - SLC05
Trinidad and Tobago,TT,TTO,780,National,14,Other improved,0.0,Survey of Living Conditions - SLC05
Trinidad and Tobago,TT,TTO,780,National,15,"No facility, bush, field",0.006,Survey of Living Conditions - SLC05
Trinidad and Tobago,TT,TTO,780,National,16,Other unimproved,0.0,Survey of Living Conditions - SLC05
Trinidad and Tobago,TT,TTO,780,National,17,DK/missing information,0.0,Survey of Living Conditions - SLC05
Trinidad and Tobago,TT,TTO,780,Urban,1,Flush and pour flush - to piped sewer system,0.0,Multiple Indicator Cluster Survey - MICS06
Trinidad and Tobago,TT,TTO,780,Urban,2,Flush and pour flush - to septic tank,0.0,Multiple Indicator Cluster Survey - MICS06
Trinidad and Tobago,TT,TTO,780,Urban,3,Flush and pour flush - to pit,0.0,Multiple Indicator Cluster Survey - MICS06
Trinidad and Tobago,TT,TTO,780,Urban,4,Flush and pour flush - to unknown place/ not sure/DK,0.0,Multiple Indicator Cluster Survey - MICS06
Trinidad and Tobago,TT,TTO,780,Urban,5,Flush and pour flush - to elsewhere,0.0,Multiple Indicator Cluster Survey - MICS06
Trinidad and Tobago,TT,TTO,780,Urban,6,Dry latrines - Ventilated Improved Pit latrine,0.0,Multiple Indicator Cluster Survey - MICS06
Trinidad and Tobago,TT,TTO,780,Urban,7,Dry latrines - Pit latrine with slab/covered latrine,0.0,Multiple Indicator Cluster Survey - MICS06
Trinidad and Tobago,TT,TTO,780,Urban,8,Dry latrines - Traditional latrine,0.0,Multiple Indicator Cluster Survey - MICS06
Trinidad and Tobago,TT,TTO,780,Urban,9,Dry latrines - Pit latrine without slab/open pit,0.0,Multiple Indicator Cluster Survey - MICS06
Trinidad and Tobago,TT,TTO,780,Urban,10,Dry latrines - Hanging toilet/hanging latrine,0.0,Multiple Indicator Cluster Survey - MICS06
Trinidad and Tobago,TT,TTO,780,Urban,11,Dry latrines - Bucket latrine,0.0,Multiple Indicator Cluster Survey - MICS06
Trinidad and Tobago,TT,TTO,780,Urban,12,Dry latrines - Other,0.0,Multiple Indicator Cluster Survey - MICS06
Trinidad and Tobago,TT,TTO,780,Urban,13,Composting toilets,0.0,Multiple Indicator Cluster Survey - MICS06
Trinidad and Tobago,TT,TTO,780,Urban,14,Other improved,0.0,Multiple Indicator Cluster Survey - MICS06
Trinidad and Tobago,TT,TTO,780,Urban,15,"No facility, bush, field",0.0,Multiple Indicator Cluster Survey - MICS06
Trinidad and Tobago,TT,TTO,780,Urban,16,Other unimproved,0.0,Multiple Indicator Cluster Survey - MICS06
Trinidad and Tobago,TT,TTO,780,Urban,17,DK/missing information,0.0,Multiple Indicator Cluster Survey - MICS06
Trinidad and Tobago,TT,TTO,780,Rural,1,Flush and pour flush - to piped sewer system,0.0,Multiple Indicator Cluster Survey - MICS06
Trinidad and Tobago,TT,TTO,780,Rural,2,Flush and pour flush - to septic tank,0.0,Multiple Indicator Cluster Survey - MICS06
Trinidad and Tobago,TT,TTO,780,Rural,3,Flush and pour flush - to pit,0.0,Multiple Indicator Cluster Survey - MICS06
Trinidad and Tobago,TT,TTO,780,Rural,4,Flush and pour flush - to unknown place/ not sure/DK,0.0,Multiple Indicator Cluster Survey - MICS06
Trinidad and Tobago,TT,TTO,780,Rural,5,Flush and pour flush - to elsewhere,0.0,Multiple Indicator Cluster Survey - MICS06
Trinidad and Tobago,TT,TTO,780,Rural,6,Dry latrines - Ventilated Improved Pit latrine,0.0,Multiple Indicator Cluster Survey - MICS06
Trinidad and Tobago,TT,TTO,780,Rural,7,Dry latrines - Pit latrine with slab/covered latrine,0.0,Multiple Indicator Cluster Survey - MICS06
Trinidad and Tobago,TT,TTO,780,Rural,8,Dry latrines - Traditional latrine,0.0,Multiple Indicator Cluster Survey - MICS06
Trinidad and Tobago,TT,TTO,780,Rural,9,Dry latrines - Pit latrine without slab/open pit,0.0,Multiple Indicator Cluster Survey - MICS06
Trinidad and Tobago,TT,TTO,780,Rural,10,Dry latrines - Hanging toilet/hanging latrine,0.0,Multiple Indicator Cluster Survey - MICS06
Trinidad and Tobago,TT,TTO,780,Rural,11,Dry latrines - Bucket latrine,0.0,Multiple Indicator Cluster Survey - MICS06
Trinidad and Tobago,TT,TTO,780,Rural,12,Dry latrines - Other,0.0,Multiple Indicator Cluster Survey - MICS06
Trinidad and Tobago,TT,TTO,780,Rural,13,Composting toilets,0.0,Multiple Indicator Cluster Survey - MICS06
Trinidad and Tobago,TT,TTO,780,Rural,14,Other improved,0.0,Multiple Indicator Cluster Survey - MICS06
Trinidad and Tobago,TT,TTO,780,Rural,15,"No facility, bush, field",0.0,Multiple Indicator Cluster Survey - MICS06
Trinidad and Tobago,TT,TTO,780,Rural,16,Other unimproved,0.0,Multiple Indicator Cluster Survey - MICS06
Trinidad and Tobago,TT,TTO,780,Rural,17,DK/missing information,0.0,Multiple Indicator Cluster Survey - MICS06
Trinidad and Tobago,TT,TTO,780,National,1,Flush and pour flush - to piped sewer system,0.191,Multiple Indicator Cluster Survey - MICS06
Trinidad and Tobago,TT,TTO,780,National,2,Flush and pour flush - to septic tank,0.653,Multiple Indicator Cluster Survey - MICS06
Trinidad and Tobago,TT,TTO,780,National,3,Flush and pour flush - to pit,0.0,Multiple Indicator Cluster Survey - MICS06
Trinidad and Tobago,TT,TTO,780,National,4,Flush and pour flush - to unknown place/ not sure/DK,0.002,Multiple Indicator Cluster Survey - MICS06
Trinidad and Tobago,TT,TTO,780,National,5,Flush and pour flush - to elsewhere,0.001,Multiple Indicator Cluster Survey - MICS06
Trinidad and Tobago,TT,TTO,780,National,6,Dry latrines - Ventilated Improved Pit latrine,0.015,Multiple Indicator Cluster Survey - MICS06
Trinidad and Tobago,TT,TTO,780,National,7,Dry latrines - Pit latrine with slab/covered latrine,0.127,Multiple Indicator Cluster Survey - MICS06
Trinidad and Tobago,TT,TTO,780,National,8,Dry latrines - Traditional latrine,0.0,Multiple Indicator Cluster Survey - MICS06
Trinidad and Tobago,TT,TTO,780,National,9,Dry latrines - Pit latrine without slab/open pit,0.008,Multiple Indicator Cluster Survey - MICS06
Trinidad and Tobago,TT,TTO,780,National,10,Dry latrines - Hanging toilet/hanging latrine,0.0,Multiple Indicator Cluster Survey - MICS06
Trinidad and Tobago,TT,TTO,780,National,11,Dry latrines - Bucket latrine,0.0,Multiple Indicator Cluster Survey - MICS06
Trinidad and Tobago,TT,TTO,780,National,12,Dry latrines - Other,0.0,Multiple Indicator Cluster Survey - MICS06
Trinidad and Tobago,TT,TTO,780,National,13,Composting toilets,0.0,Multiple Indicator Cluster Survey - MICS06
Trinidad and Tobago,TT,TTO,780,National,14,Other improved,0.0,Multiple Indicator Cluster Survey - MICS06
Trinidad and Tobago,TT,TTO,780,National,15,"No facility, bush, field",0.001,Multiple Indicator Cluster Survey - MICS06
Trinidad and Tobago,TT,TTO,780,National,16,Other unimproved,0.001,Multiple Indicator Cluster Survey - MICS06
Trinidad and Tobago,TT,TTO,780,National,17,DK/missing information,0.0,Multiple Indicator Cluster Survey - MICS06
Trinidad and Tobago,TT,TTO,780,Urban,1,Flush and pour flush - to piped sewer system,0.0,Household Budget Survey - HBS09
Trinidad and Tobago,TT,TTO,780,Urban,2,Flush and pour flush - to septic tank,0.0,Household Budget Survey - HBS09
Trinidad and Tobago,TT,TTO,780,Urban,3,Flush and pour flush - to pit,0.0,Household Budget Survey - HBS09
Trinidad and Tobago,TT,TTO,780,Urban,4,Flush and pour flush - to unknown place/ not sure/DK,0.0,Household Budget Survey - HBS09
Trinidad and Tobago,TT,TTO,780,Urban,5,Flush and pour flush - to elsewhere,0.0,Household Budget Survey - HBS09
Trinidad and Tobago,TT,TTO,780,Urban,6,Dry latrines - Ventilated Improved Pit latrine,0.0,Household Budget Survey - HBS09
Trinidad and Tobago,TT,TTO,780,Urban,7,Dry latrines - Pit latrine with slab/covered latrine,0.0,Household Budget Survey - HBS09
Trinidad and Tobago,TT,TTO,780,Urban,8,Dry latrines - Traditional latrine,0.0,Household Budget Survey - HBS09
Trinidad and Tobago,TT,TTO,780,Urban,9,Dry latrines - Pit latrine without slab/open pit,0.0,Household Budget Survey - HBS09
Trinidad and Tobago,TT,TTO,780,Urban,10,Dry latrines - Hanging toilet/hanging latrine,0.0,Household Budget Survey - HBS09
Trinidad and Tobago,TT,TTO,780,Urban,11,Dry latrines - Bucket latrine,0.0,Household Budget Survey - HBS09
Trinidad and Tobago,TT,TTO,780,Urban,12,Dry latrines - Other,0.0,Household Budget Survey - HBS09
Trinidad and Tobago,TT,TTO,780,Urban,13,Composting toilets,0.0,Household Budget Survey - HBS09
Trinidad and Tobago,TT,TTO,780,Urban,14,Other improved,0.0,Household Budget Survey - HBS09
Trinidad and Tobago,TT,TTO,780,Urban,15,"No facility, bush, field",0.0,Household Budget Survey - HBS09
Trinidad and Tobago,TT,TTO,780,Urban,16,Other unimproved,0.0,Household Budget Survey - HBS09
Trinidad and Tobago,TT,TTO,780,Urban,17,DK/missing information,0.0,Household Budget Survey - HBS09
Trinidad and Tobago,TT,TTO,780,Rural,1,Flush and pour flush - to piped sewer system,0.0,Household Budget Survey - HBS09
Trinidad and Tobago,TT,TTO,780,Rural,2,Flush and pour flush - to septic tank,0.0,Household Budget Survey - HBS09
Trinidad and Tobago,TT,TTO,780,Rural,3,Flush and pour flush - to pit,0.0,Household Budget Survey - HBS09
Trinidad and Tobago,TT,TTO,780,Rural,4,Flush and pour flush - to unknown place/ not sure/DK,0.0,Household Budget Survey - HBS09
Trinidad and Tobago,TT,TTO,780,Rural,5,Flush and pour flush - to elsewhere,0.0,Household Budget Survey - HBS09
Trinidad and Tobago,TT,TTO,780,Rural,6,Dry latrines - Ventilated Improved Pit latrine,0.0,Household Budget Survey - HBS09
Trinidad and Tobago,TT,TTO,780,Rural,7,Dry latrines - Pit latrine with slab/covered latrine,0.0,Household Budget Survey - HBS09
Trinidad and Tobago,TT,TTO,780,Rural,8,Dry latrines - Traditional latrine,0.0,Household Budget Survey - HBS09
Trinidad and Tobago,TT,TTO,780,Rural,9,Dry latrines - Pit latrine without slab/open pit,0.0,Household Budget Survey - HBS09
Trinidad and Tobago,TT,TTO,780,Rural,10,Dry latrines - Hanging toilet/hanging latrine,0.0,Household Budget Survey - HBS09
Trinidad and Tobago,TT,TTO,780,Rural,11,Dry latrines - Bucket latrine,0.0,Household Budget Survey - HBS09
Trinidad and Tobago,TT,TTO,780,Rural,12,Dry latrines - Other,0.0,Household Budget Survey - HBS09
Trinidad and Tobago,TT,TTO,780,Rural,13,Composting toilets,0.0,Household Budget Survey - HBS09
Trinidad and Tobago,TT,TTO,780,Rural,14,Other improved,0.0,Household Budget Survey - HBS09
Trinidad and Tobago,TT,TTO,780,Rural,15,"No facility, bush, field",0.0,Household Budget Survey - HBS09
Trinidad and Tobago,TT,TTO,780,Rural,16,Other unimproved,0.0,Household Budget Survey - HBS09
Trinidad and Tobago,TT,TTO,780,Rural,17,DK/missing information,0.0,Household Budget Survey - HBS09
Trinidad and Tobago,TT,TTO,780,National,1,Flush and pour flush - to piped sewer system,0.224,Household Budget Survey - HBS09
Trinidad and Tobago,TT,TTO,780,National,2,Flush and pour flush - to septic tank,0.64,Household Budget Survey - HBS09
Trinidad and Tobago,TT,TTO,780,National,3,Flush and pour flush - to pit,0.0,Household Budget Survey - HBS09
Trinidad and Tobago,TT,TTO,780,National,4,Flush and pour flush - to unknown place/ not sure/DK,0.0,Household Budget Survey - HBS09
Trinidad and Tobago,TT,TTO,780,National,5,Flush and pour flush - to elsewhere,0.0,Household Budget Survey - HBS09
Trinidad and Tobago,TT,TTO,780,National,6,Dry latrines - Ventilated Improved Pit latrine,0.0,Household Budget Survey - HBS09
Trinidad and Tobago,TT,TTO,780,National,7,Dry latrines - Pit latrine with slab/covered latrine,0.0,Household Budget Survey - HBS09
Trinidad and Tobago,TT,TTO,780,National,8,Dry latrines - Traditional latrine,0.131,Household Budget Survey - HBS09
Trinidad and Tobago,TT,TTO,780,National,9,Dry latrines - Pit latrine without slab/open pit,0.0,Household Budget Survey - HBS09
Trinidad and Tobago,TT,TTO,780,National,10,Dry latrines - Hanging toilet/hanging latrine,0.0,Household Budget Survey - HBS09
Trinidad and Tobago,TT,TTO,780,National,11,Dry latrines - Bucket latrine,0.0,Household Budget Survey - HBS09
Trinidad and Tobago,TT,TTO,780,National,12,Dry latrines - Other,0.0,Household Budget Survey - HBS09
Trinidad and Tobago,TT,TTO,780,National,13,Composting toilets,0.0,Household Budget Survey - HBS09
Trinidad and Tobago,TT,TTO,780,National,14,Other improved,0.0,Household Budget Survey - HBS09
Trinidad and Tobago,TT,TTO,780,National,15,"No facility, bush, field",0.002,Household Budget Survey - HBS09
Trinidad and Tobago,TT,TTO,780,National,16,Other unimproved,0.003,Household Budget Survey - HBS09
Trinidad and Tobago,TT,TTO,780,National,17,DK/missing information,0.0,Household Budget Survey - HBS09
Trinidad and Tobago,TT,TTO,780,Urban,1,Flush and pour flush - to piped sewer system,0.0,Census - CEN11
Trinidad and Tobago,TT,TTO,780,Urban,2,Flush and pour flush - to septic tank,0.0,Census - CEN11
Trinidad and Tobago,TT,TTO,780,Urban,3,Flush and pour flush - to pit,0.0,Census - CEN11
Trinidad and Tobago,TT,TTO,780,Urban,4,Flush and pour flush - to unknown place/ not sure/DK,0.0,Census - CEN11
Trinidad and Tobago,TT,TTO,780,Urban,5,Flush and pour flush - to elsewhere,0.0,Census - CEN11
Trinidad and Tobago,TT,TTO,780,Urban,6,Dry latrines - Ventilated Improved Pit latrine,0.0,Census - CEN11
Trinidad and Tobago,TT,TTO,780,Urban,7,Dry latrines - Pit latrine with slab/covered latrine,0.0,Census - CEN11
Trinidad and Tobago,TT,TTO,780,Urban,8,Dry latrines - Traditional latrine,0.0,Census - CEN11
Trinidad and Tobago,TT,TTO,780,Urban,9,Dry latrines - Pit latrine without slab/open pit,0.0,Census - CEN11
Trinidad and Tobago,TT,TTO,780,Urban,10,Dry latrines - Hanging toilet/hanging latrine,0.0,Census - CEN11
Trinidad and Tobago,TT,TTO,780,Urban,11,Dry latrines - Bucket latrine,0.0,Census - CEN11
Trinidad and Tobago,TT,TTO,780,Urban,12,Dry latrines - Other,0.0,Census - CEN11
Trinidad and Tobago,TT,TTO,780,Urban,13,Composting toilets,0.0,Census - CEN11
Trinidad and Tobago,TT,TTO,780,Urban,14,Other improved,0.0,Census - CEN11
Trinidad and Tobago,TT,TTO,780,Urban,15,"No facility, bush, field",0.0,Census - CEN11
Trinidad and Tobago,TT,TTO,780,Urban,16,Other unimproved,0.0,Census - CEN11
Trinidad and Tobago,TT,TTO,780,Urban,17,DK/missing information,0.0,Census - CEN11
Trinidad and Tobago,TT,TTO,780,Rural,1,Flush and pour flush - to piped sewer system,0.0,Census - CEN11
Trinidad and Tobago,TT,TTO,780,Rural,2,Flush and pour flush - to septic tank,0.0,Census - CEN11
Trinidad and Tobago,TT,TTO,780,Rural,3,Flush and pour flush - to pit,0.0,Census - CEN11
Trinidad and Tobago,TT,TTO,780,Rural,4,Flush and pour flush - to unknown place/ not sure/DK,0.0,Census - CEN11
Trinidad and Tobago,TT,TTO,780,Rural,5,Flush and pour flush - to elsewhere,0.0,Census - CEN11
Trinidad and Tobago,TT,TTO,780,Rural,6,Dry latrines - Ventilated Improved Pit latrine,0.0,Census - CEN11
Trinidad and Tobago,TT,TTO,780,Rural,7,Dry latrines - Pit latrine with slab/covered latrine,0.0,Census - CEN11
Trinidad and Tobago,TT,TTO,780,Rural,8,Dry latrines - Traditional latrine,0.0,Census - CEN11
Trinidad and Tobago,TT,TTO,780,Rural,9,Dry latrines - Pit latrine without slab/open pit,0.0,Census - CEN11
Trinidad and Tobago,TT,TTO,780,Rural,10,Dry latrines - Hanging toilet/hanging latrine,0.0,Census - CEN11
Trinidad and Tobago,TT,TTO,780,Rural,11,Dry latrines - Bucket latrine,0.0,Census - CEN11
Trinidad and Tobago,TT,TTO,780,Rural,12,Dry latrines - Other,0.0,Census - CEN11
Trinidad and Tobago,TT,TTO,780,Rural,13,Composting toilets,0.0,Census - CEN11
Trinidad and Tobago,TT,TTO,780,Rural,14,Other improved,0.0,Census - CEN11
Trinidad and Tobago,TT,TTO,780,Rural,15,"No facility, bush, field",0.0,Census - CEN11
Trinidad and Tobago,TT,TTO,780,Rural,16,Other unimproved,0.0,Census - CEN11
Trinidad and Tobago,TT,TTO,780,Rural,17,DK/missing information,0.0,Census - CEN11
Trinidad and Tobago,TT,TTO,780,National,1,Flush and pour flush - to piped sewer system,0.253,Census - CEN11
Trinidad and Tobago,TT,TTO,780,National,2,Flush and pour flush - to septic tank,0.637,Census - CEN11
Trinidad and Tobago,TT,TTO,780,National,3,Flush and pour flush - to pit,0.0,Census - CEN11
Trinidad and Tobago,TT,TTO,780,National,4,Flush and pour flush - to unknown place/ not sure/DK,0.0,Census - CEN11
Trinidad and Tobago,TT,TTO,780,National,5,Flush and pour flush - to elsewhere,0.0,Census - CEN11
Trinidad and Tobago,TT,TTO,780,National,6,Dry latrines - Ventilated Improved Pit latrine,0.0,Census - CEN11
Trinidad and Tobago,TT,TTO,780,National,7,Dry latrines - Pit latrine with slab/covered latrine,0.0,Census - CEN11
Trinidad and Tobago,TT,TTO,780,National,8,Dry latrines - Traditional latrine,0.11,Census - CEN11
Trinidad and Tobago,TT,TTO,780,National,9,Dry latrines - Pit latrine without slab/open pit,0.0,Census - CEN11
Trinidad and Tobago,TT,TTO,780,National,10,Dry latrines - Hanging toilet/hanging latrine,0.0,Census - CEN11
Trinidad and Tobago,TT,TTO,780,National,11,Dry latrines - Bucket latrine,0.0,Census - CEN11
Trinidad and Tobago,TT,TTO,780,National,12,Dry latrines - Other,0.0,Census - CEN11
Trinidad and Tobago,TT,TTO,780,National,13,Composting toilets,0.0,Census - CEN11
Trinidad and Tobago,TT,TTO,780,National,14,Other improved,0.0,Census - CEN11
Trinidad and Tobago,TT,TTO,780,National,15,"No facility, bush, field",0.0,Census - CEN11
Trinidad and Tobago,TT,TTO,780,National,16,Other unimproved,0.0,Census - CEN11
Trinidad and Tobago,TT,TTO,780,National,17,DK/missing information,0.0,Census - CEN11
Trinidad and Tobago,TT,TTO,780,Urban,1,Flush and pour flush - to piped sewer system,0.318,Multiple Indicator Cluster Survey - MICS11
Trinidad and Tobago,TT,TTO,780,Urban,2,Flush and pour flush - to septic tank,0.611,Multiple Indicator Cluster Survey - MICS11
Trinidad and Tobago,TT,TTO,780,Urban,3,Flush and pour flush - to pit,0.0,Multiple Indicator Cluster Survey - MICS11
Trinidad and Tobago,TT,TTO,780,Urban,4,Flush and pour flush - to unknown place/ not sure/DK,0.007,Multiple Indicator Cluster Survey - MICS11
Trinidad and Tobago,TT,TTO,780,Urban,5,Flush and pour flush - to elsewhere,0.001,Multiple Indicator Cluster Survey - MICS11
Trinidad and Tobago,TT,TTO,780,Urban,6,Dry latrines - Ventilated Improved Pit latrine,0.011,Multiple Indicator Cluster Survey - MICS11
Trinidad and Tobago,TT,TTO,780,Urban,7,Dry latrines - Pit latrine with slab/covered latrine,0.037,Multiple Indicator Cluster Survey - MICS11
Trinidad and Tobago,TT,TTO,780,Urban,8,Dry latrines - Traditional latrine,0.0,Multiple Indicator Cluster Survey - MICS11
Trinidad and Tobago,TT,TTO,780,Urban,9,Dry latrines - Pit latrine without slab/open pit,0.012,Multiple Indicator Cluster Survey - MICS11
Trinidad and Tobago,TT,TTO,780,Urban,10,Dry latrines - Hanging toilet/hanging latrine,0.0,Multiple Indicator Cluster Survey - MICS11
Trinidad and Tobago,TT,TTO,780,Urban,11,Dry latrines - Bucket latrine,0.0,Multiple Indicator Cluster Survey - MICS11
Trinidad and Tobago,TT,TTO,780,Urban,12,Dry latrines - Other,0.0,Multiple Indicator Cluster Survey - MICS11
Trinidad and Tobago,TT,TTO,780,Urban,13,Composting toilets,0.0,Multiple Indicator Cluster Survey - MICS11
Trinidad and Tobago,TT,TTO,780,Urban,14,Other improved,0.0,Multiple Indicator Cluster Survey - MICS11
Trinidad and Tobago,TT,TTO,780,Urban,15,"No facility, bush, field",0.001,Multiple Indicator Cluster Survey - MICS11
Trinidad and Tobago,TT,TTO,780,Urban,16,Other unimproved,0.0,Multiple Indicator Cluster Survey - MICS11
Trinidad and Tobago,TT,TTO,780,Urban,17,DK/missing information,0.002,Multiple Indicator Cluster Survey - MICS11
Trinidad and Tobago,TT,TTO,780,Rural,1,Flush and pour flush - to piped sewer system,0.028,Multiple Indicator Cluster Survey - MICS11
Trinidad and Tobago,TT,TTO,780,Rural,2,Flush and pour flush - to septic tank,0.833,Multiple Indicator Cluster Survey - MICS11
Trinidad and Tobago,TT,TTO,780,Rural,3,Flush and pour flush - to pit,0.0,Multiple Indicator Cluster Survey - MICS11
Trinidad and Tobago,TT,TTO,780,Rural,4,Flush and pour flush - to unknown place/ not sure/DK,0.0,Multiple Indicator Cluster Survey - MICS11
Trinidad and Tobago,TT,TTO,780,Rural,5,Flush and pour flush - to elsewhere,0.0,Multiple Indicator Cluster Survey - MICS11
Trinidad and Tobago,TT,TTO,780,Rural,6,Dry latrines - Ventilated Improved Pit latrine,0.041,Multiple Indicator Cluster Survey - MICS11
Trinidad and Tobago,TT,TTO,780,Rural,7,Dry latrines - Pit latrine with slab/covered latrine,0.093,Multiple Indicator Cluster Survey - MICS11
Trinidad and Tobago,TT,TTO,780,Rural,8,Dry latrines - Traditional latrine,0.0,Multiple Indicator Cluster Survey - MICS11
Trinidad and Tobago,TT,TTO,780,Rural,9,Dry latrines - Pit latrine without slab/open pit,0.004,Multiple Indicator Cluster Survey - MICS11
Trinidad and Tobago,TT,TTO,780,Rural,10,Dry latrines - Hanging toilet/hanging latrine,0.0,Multiple Indicator Cluster Survey - MICS11
Trinidad and Tobago,TT,TTO,780,Rural,11,Dry latrines - Bucket latrine,0.0,Multiple Indicator Cluster Survey - MICS11
Trinidad and Tobago,TT,TTO,780,Rural,12,Dry latrines - Other,0.0,Multiple Indicator Cluster Survey - MICS11
Trinidad and Tobago,TT,TTO,780,Rural,13,Composting toilets,0.0,Multiple Indicator Cluster Survey - MICS11
Trinidad and Tobago,TT,TTO,780,Rural,14,Other improved,0.0,Multiple Indicator Cluster Survey - MICS11
Trinidad and Tobago,TT,TTO,780,Rural,15,"No facility, bush, field",0.0,Multiple Indicator Cluster Survey - MICS11
Trinidad and Tobago,TT,TTO,780,Rural,16,Other unimproved,0.001,Multiple Indicator Cluster Survey - MICS11
Trinidad and Tobago,TT,TTO,780,Rural,17,DK/missing information,0.0,Multiple Indicator Cluster Survey - MICS11
Trinidad and Tobago,TT,TTO,780,National,1,Flush and pour flush - to piped sewer system,0.194,Multiple Indicator Cluster Survey - MICS11
Trinidad and Tobago,TT,TTO,780,National,2,Flush and pour flush - to septic tank,0.706,Multiple Indicator Cluster Survey - MICS11
Trinidad and Tobago,TT,TTO,780,National,3,Flush and pour flush - to pit,0.0,Multiple Indicator Cluster Survey - MICS11
Trinidad and Tobago,TT,TTO,780,National,4,Flush and pour flush - to unknown place/ not sure/DK,0.004,Multiple Indicator Cluster Survey - MICS11
Trinidad and Tobago,TT,TTO,780,National,5,Flush and pour flush - to elsewhere,0.0,Multiple Indicator Cluster Survey - MICS11
Trinidad and Tobago,TT,TTO,780,National,6,Dry latrines - Ventilated Improved Pit latrine,0.024,Multiple Indicator Cluster Survey - MICS11
Trinidad and Tobago,TT,TTO,780,National,7,Dry latrines - Pit latrine with slab/covered latrine,0.061,Multiple Indicator Cluster Survey - MICS11
Trinidad and Tobago,TT,TTO,780,National,8,Dry latrines - Traditional latrine,0.0,Multiple Indicator Cluster Survey - MICS11
Trinidad and Tobago,TT,TTO,780,National,9,Dry latrines - Pit latrine without slab/open pit,0.008,Multiple Indicator Cluster Survey - MICS11
Trinidad and Tobago,TT,TTO,780,National,10,Dry latrines - Hanging toilet/hanging latrine,0.0,Multiple Indicator Cluster Survey - MICS11
Trinidad and Tobago,TT,TTO,780,National,11,Dry latrines - Bucket latrine,0.0,Multiple Indicator Cluster Survey - MICS11
Trinidad and Tobago,TT,TTO,780,National,12,Dry latrines - Other,0.0,Multiple Indicator Cluster Survey - MICS11
Trinidad and Tobago,TT,TTO,780,National,13,Composting toilets,0.0,Multiple Indicator Cluster Survey - MICS11
Trinidad and Tobago,TT,TTO,780,National,14,Other improved,0.0,Multiple Indicator Cluster Survey - MICS11
Trinidad and Tobago,TT,TTO,780,National,15,"No facility, bush, field",0.001,Multiple Indicator Cluster Survey - MICS11
Trinidad and Tobago,TT,TTO,780,National,16,Other unimproved,0.0,Multiple Indicator Cluster Survey - MICS11
Trinidad and Tobago,TT,TTO,780,National,17,DK/missing information,0.001,Multiple Indicator Cluster Survey - MICS11
