country,alpha-2,alpha-3,numeric,context,classific_id,classification,percentage,source
Zambia,ZM,ZMB,894,Urban,1,Flush and pour flush - to piped sewer system,0.0,Demographic and Health Survey - DHS02
Zambia,ZM,ZMB,894,Urban,2,Flush and pour flush - to septic tank,0.0,Demographic and Health Survey - DHS02
Zambia,ZM,ZMB,894,Urban,3,Flush and pour flush - to pit,0.0,Demographic and Health Survey - DHS02
Zambia,ZM,ZMB,894,Urban,4,Flush and pour flush - to unknown place/ not sure/DK,0.0,Demographic and Health Survey - DHS02
Zambia,ZM,ZMB,894,Urban,5,Flush and pour flush - to elsewhere,0.0,Demographic and Health Survey - DHS02
Zambia,ZM,ZMB,894,Urban,6,Dry latrines - Ventilated Improved Pit latrine,0.025,Demographic and Health Survey - DHS02
Zambia,ZM,ZMB,894,Urban,7,Dry latrines - Pit latrine with slab/covered latrine,0.0,Demographic and Health Survey - DHS02
Zambia,ZM,ZMB,894,Urban,8,Dry latrines - Traditional latrine,0.499,Demographic and Health Survey - DHS02
Zambia,ZM,ZMB,894,Urban,9,Dry latrines - Pit latrine without slab/open pit,0.0,Demographic and Health Survey - DHS02
Zambia,ZM,ZMB,894,Urban,10,Dry latrines - Hanging toilet/hanging latrine,0.0,Demographic and Health Survey - DHS02
Zambia,ZM,ZMB,894,Urban,11,Dry latrines - Bucket latrine,0.0,Demographic and Health Survey - DHS02
Zambia,ZM,ZMB,894,Urban,12,Dry latrines - Other,0.0,Demographic and Health Survey - DHS02
Zambia,ZM,ZMB,894,Urban,13,Composting toilets,0.0,Demographic and Health Survey - DHS02
Zambia,ZM,ZMB,894,Urban,14,Other improved,0.0,Demographic and Health Survey - DHS02
Zambia,ZM,ZMB,894,Urban,15,"No facility, bush, field",0.049,Demographic and Health Survey - DHS02
Zambia,ZM,ZMB,894,Urban,16,Other unimproved,0.001,Demographic and Health Survey - DHS02
Zambia,ZM,ZMB,894,Urban,17,DK/missing information,0.003,Demographic and Health Survey - DHS02
Zambia,ZM,ZMB,894,Rural,1,Flush and pour flush - to piped sewer system,0.0,Demographic and Health Survey - DHS02
Zambia,ZM,ZMB,894,Rural,2,Flush and pour flush - to septic tank,0.0,Demographic and Health Survey - DHS02
Zambia,ZM,ZMB,894,Rural,3,Flush and pour flush - to pit,0.0,Demographic and Health Survey - DHS02
Zambia,ZM,ZMB,894,Rural,4,Flush and pour flush - to unknown place/ not sure/DK,0.0,Demographic and Health Survey - DHS02
Zambia,ZM,ZMB,894,Rural,5,Flush and pour flush - to elsewhere,0.0,Demographic and Health Survey - DHS02
Zambia,ZM,ZMB,894,Rural,6,Dry latrines - Ventilated Improved Pit latrine,0.01,Demographic and Health Survey - DHS02
Zambia,ZM,ZMB,894,Rural,7,Dry latrines - Pit latrine with slab/covered latrine,0.0,Demographic and Health Survey - DHS02
Zambia,ZM,ZMB,894,Rural,8,Dry latrines - Traditional latrine,0.546,Demographic and Health Survey - DHS02
Zambia,ZM,ZMB,894,Rural,9,Dry latrines - Pit latrine without slab/open pit,0.0,Demographic and Health Survey - DHS02
Zambia,ZM,ZMB,894,Rural,10,Dry latrines - Hanging toilet/hanging latrine,0.0,Demographic and Health Survey - DHS02
Zambia,ZM,ZMB,894,Rural,11,Dry latrines - Bucket latrine,0.0,Demographic and Health Survey - DHS02
Zambia,ZM,ZMB,894,Rural,12,Dry latrines - Other,0.0,Demographic and Health Survey - DHS02
Zambia,ZM,ZMB,894,Rural,13,Composting toilets,0.0,Demographic and Health Survey - DHS02
Zambia,ZM,ZMB,894,Rural,14,Other improved,0.0,Demographic and Health Survey - DHS02
Zambia,ZM,ZMB,894,Rural,15,"No facility, bush, field",0.425,Demographic and Health Survey - DHS02
Zambia,ZM,ZMB,894,Rural,16,Other unimproved,0.0,Demographic and Health Survey - DHS02
Zambia,ZM,ZMB,894,Rural,17,DK/missing information,0.0,Demographic and Health Survey - DHS02
Zambia,ZM,ZMB,894,National,1,Flush and pour flush - to piped sewer system,0.0,Demographic and Health Survey - DHS02
Zambia,ZM,ZMB,894,National,2,Flush and pour flush - to septic tank,0.0,Demographic and Health Survey - DHS02
Zambia,ZM,ZMB,894,National,3,Flush and pour flush - to pit,0.0,Demographic and Health Survey - DHS02
Zambia,ZM,ZMB,894,National,4,Flush and pour flush - to unknown place/ not sure/DK,0.0,Demographic and Health Survey - DHS02
Zambia,ZM,ZMB,894,National,5,Flush and pour flush - to elsewhere,0.0,Demographic and Health Survey - DHS02
Zambia,ZM,ZMB,894,National,6,Dry latrines - Ventilated Improved Pit latrine,0.0,Demographic and Health Survey - DHS02
Zambia,ZM,ZMB,894,National,7,Dry latrines - Pit latrine with slab/covered latrine,0.0,Demographic and Health Survey - DHS02
Zambia,ZM,ZMB,894,National,8,Dry latrines - Traditional latrine,0.0,Demographic and Health Survey - DHS02
Zambia,ZM,ZMB,894,National,9,Dry latrines - Pit latrine without slab/open pit,0.0,Demographic and Health Survey - DHS02
Zambia,ZM,ZMB,894,National,10,Dry latrines - Hanging toilet/hanging latrine,0.0,Demographic and Health Survey - DHS02
Zambia,ZM,ZMB,894,National,11,Dry latrines - Bucket latrine,0.0,Demographic and Health Survey - DHS02
Zambia,ZM,ZMB,894,National,12,Dry latrines - Other,0.0,Demographic and Health Survey - DHS02
Zambia,ZM,ZMB,894,National,13,Composting toilets,0.0,Demographic and Health Survey - DHS02
Zambia,ZM,ZMB,894,National,14,Other improved,0.0,Demographic and Health Survey - DHS02
Zambia,ZM,ZMB,894,National,15,"No facility, bush, field",0.0,Demographic and Health Survey - DHS02
Zambia,ZM,ZMB,894,National,16,Other unimproved,0.0,Demographic and Health Survey - DHS02
Zambia,ZM,ZMB,894,National,17,DK/missing information,0.0,Demographic and Health Survey - DHS02
Zambia,ZM,ZMB,894,Urban,1,Flush and pour flush - to piped sewer system,0.0,Living Conditions Monitoring Survey - LCMS02
Zambia,ZM,ZMB,894,Urban,2,Flush and pour flush - to septic tank,0.0,Living Conditions Monitoring Survey - LCMS02
Zambia,ZM,ZMB,894,Urban,3,Flush and pour flush - to pit,0.0,Living Conditions Monitoring Survey - LCMS02
Zambia,ZM,ZMB,894,Urban,4,Flush and pour flush - to unknown place/ not sure/DK,0.0,Living Conditions Monitoring Survey - LCMS02
Zambia,ZM,ZMB,894,Urban,5,Flush and pour flush - to elsewhere,0.0,Living Conditions Monitoring Survey - LCMS02
Zambia,ZM,ZMB,894,Urban,6,Dry latrines - Ventilated Improved Pit latrine,0.0,Living Conditions Monitoring Survey - LCMS02
Zambia,ZM,ZMB,894,Urban,7,Dry latrines - Pit latrine with slab/covered latrine,0.0,Living Conditions Monitoring Survey - LCMS02
Zambia,ZM,ZMB,894,Urban,8,Dry latrines - Traditional latrine,0.56,Living Conditions Monitoring Survey - LCMS02
Zambia,ZM,ZMB,894,Urban,8,Dry latrines - Traditional latrine,0.4,Living Conditions Monitoring Survey - LCMS02
Zambia,ZM,ZMB,894,Urban,8,Dry latrines - Traditional latrine,0.16,Living Conditions Monitoring Survey - LCMS02
Zambia,ZM,ZMB,894,Urban,9,Dry latrines - Pit latrine without slab/open pit,0.0,Living Conditions Monitoring Survey - LCMS02
Zambia,ZM,ZMB,894,Urban,10,Dry latrines - Hanging toilet/hanging latrine,0.0,Living Conditions Monitoring Survey - LCMS02
Zambia,ZM,ZMB,894,Urban,11,Dry latrines - Bucket latrine,0.0,Living Conditions Monitoring Survey - LCMS02
Zambia,ZM,ZMB,894,Urban,12,Dry latrines - Other,0.0,Living Conditions Monitoring Survey - LCMS02
Zambia,ZM,ZMB,894,Urban,13,Composting toilets,0.0,Living Conditions Monitoring Survey - LCMS02
Zambia,ZM,ZMB,894,Urban,14,Other improved,0.01,Living Conditions Monitoring Survey - LCMS02
Zambia,ZM,ZMB,894,Urban,15,"No facility, bush, field",0.01,Living Conditions Monitoring Survey - LCMS02
Zambia,ZM,ZMB,894,Urban,16,Other unimproved,0.0,Living Conditions Monitoring Survey - LCMS02
Zambia,ZM,ZMB,894,Urban,17,DK/missing information,0.0,Living Conditions Monitoring Survey - LCMS02
Zambia,ZM,ZMB,894,Rural,1,Flush and pour flush - to piped sewer system,0.0,Living Conditions Monitoring Survey - LCMS02
Zambia,ZM,ZMB,894,Rural,2,Flush and pour flush - to septic tank,0.0,Living Conditions Monitoring Survey - LCMS02
Zambia,ZM,ZMB,894,Rural,3,Flush and pour flush - to pit,0.0,Living Conditions Monitoring Survey - LCMS02
Zambia,ZM,ZMB,894,Rural,4,Flush and pour flush - to unknown place/ not sure/DK,0.0,Living Conditions Monitoring Survey - LCMS02
Zambia,ZM,ZMB,894,Rural,5,Flush and pour flush - to elsewhere,0.0,Living Conditions Monitoring Survey - LCMS02
Zambia,ZM,ZMB,894,Rural,6,Dry latrines - Ventilated Improved Pit latrine,0.0,Living Conditions Monitoring Survey - LCMS02
Zambia,ZM,ZMB,894,Rural,7,Dry latrines - Pit latrine with slab/covered latrine,0.0,Living Conditions Monitoring Survey - LCMS02
Zambia,ZM,ZMB,894,Rural,8,Dry latrines - Traditional latrine,0.65,Living Conditions Monitoring Survey - LCMS02
Zambia,ZM,ZMB,894,Rural,8,Dry latrines - Traditional latrine,0.56,Living Conditions Monitoring Survey - LCMS02
Zambia,ZM,ZMB,894,Rural,8,Dry latrines - Traditional latrine,0.09,Living Conditions Monitoring Survey - LCMS02
Zambia,ZM,ZMB,894,Rural,9,Dry latrines - Pit latrine without slab/open pit,0.0,Living Conditions Monitoring Survey - LCMS02
Zambia,ZM,ZMB,894,Rural,10,Dry latrines - Hanging toilet/hanging latrine,0.0,Living Conditions Monitoring Survey - LCMS02
Zambia,ZM,ZMB,894,Rural,11,Dry latrines - Bucket latrine,0.0,Living Conditions Monitoring Survey - LCMS02
Zambia,ZM,ZMB,894,Rural,12,Dry latrines - Other,0.0,Living Conditions Monitoring Survey - LCMS02
Zambia,ZM,ZMB,894,Rural,13,Composting toilets,0.0,Living Conditions Monitoring Survey - LCMS02
Zambia,ZM,ZMB,894,Rural,14,Other improved,0.0,Living Conditions Monitoring Survey - LCMS02
Zambia,ZM,ZMB,894,Rural,15,"No facility, bush, field",0.33,Living Conditions Monitoring Survey - LCMS02
Zambia,ZM,ZMB,894,Rural,16,Other unimproved,0.01,Living Conditions Monitoring Survey - LCMS02
Zambia,ZM,ZMB,894,Rural,17,DK/missing information,0.0,Living Conditions Monitoring Survey - LCMS02
Zambia,ZM,ZMB,894,National,1,Flush and pour flush - to piped sewer system,0.0,Living Conditions Monitoring Survey - LCMS02
Zambia,ZM,ZMB,894,National,2,Flush and pour flush - to septic tank,0.0,Living Conditions Monitoring Survey - LCMS02
Zambia,ZM,ZMB,894,National,3,Flush and pour flush - to pit,0.0,Living Conditions Monitoring Survey - LCMS02
Zambia,ZM,ZMB,894,National,4,Flush and pour flush - to unknown place/ not sure/DK,0.0,Living Conditions Monitoring Survey - LCMS02
Zambia,ZM,ZMB,894,National,5,Flush and pour flush - to elsewhere,0.0,Living Conditions Monitoring Survey - LCMS02
Zambia,ZM,ZMB,894,National,6,Dry latrines - Ventilated Improved Pit latrine,0.0,Living Conditions Monitoring Survey - LCMS02
Zambia,ZM,ZMB,894,National,7,Dry latrines - Pit latrine with slab/covered latrine,0.0,Living Conditions Monitoring Survey - LCMS02
Zambia,ZM,ZMB,894,National,8,Dry latrines - Traditional latrine,0.0,Living Conditions Monitoring Survey - LCMS02
Zambia,ZM,ZMB,894,National,9,Dry latrines - Pit latrine without slab/open pit,0.0,Living Conditions Monitoring Survey - LCMS02
Zambia,ZM,ZMB,894,National,10,Dry latrines - Hanging toilet/hanging latrine,0.0,Living Conditions Monitoring Survey - LCMS02
Zambia,ZM,ZMB,894,National,11,Dry latrines - Bucket latrine,0.0,Living Conditions Monitoring Survey - LCMS02
Zambia,ZM,ZMB,894,National,12,Dry latrines - Other,0.0,Living Conditions Monitoring Survey - LCMS02
Zambia,ZM,ZMB,894,National,13,Composting toilets,0.0,Living Conditions Monitoring Survey - LCMS02
Zambia,ZM,ZMB,894,National,14,Other improved,0.0,Living Conditions Monitoring Survey - LCMS02
Zambia,ZM,ZMB,894,National,15,"No facility, bush, field",0.0,Living Conditions Monitoring Survey - LCMS02
Zambia,ZM,ZMB,894,National,16,Other unimproved,0.0,Living Conditions Monitoring Survey - LCMS02
Zambia,ZM,ZMB,894,National,17,DK/missing information,0.0,Living Conditions Monitoring Survey - LCMS02
Zambia,ZM,ZMB,894,Urban,1,Flush and pour flush - to piped sewer system,0.0,Living Conditions Monitoring Survey - LCMS04
Zambia,ZM,ZMB,894,Urban,2,Flush and pour flush - to septic tank,0.0,Living Conditions Monitoring Survey - LCMS04
Zambia,ZM,ZMB,894,Urban,3,Flush and pour flush - to pit,0.0,Living Conditions Monitoring Survey - LCMS04
Zambia,ZM,ZMB,894,Urban,4,Flush and pour flush - to unknown place/ not sure/DK,0.0,Living Conditions Monitoring Survey - LCMS04
Zambia,ZM,ZMB,894,Urban,5,Flush and pour flush - to elsewhere,0.0,Living Conditions Monitoring Survey - LCMS04
Zambia,ZM,ZMB,894,Urban,6,Dry latrines - Ventilated Improved Pit latrine,0.0,Living Conditions Monitoring Survey - LCMS04
Zambia,ZM,ZMB,894,Urban,7,Dry latrines - Pit latrine with slab/covered latrine,0.0,Living Conditions Monitoring Survey - LCMS04
Zambia,ZM,ZMB,894,Urban,8,Dry latrines - Traditional latrine,0.588,Living Conditions Monitoring Survey - LCMS04
Zambia,ZM,ZMB,894,Urban,9,Dry latrines - Pit latrine without slab/open pit,0.0,Living Conditions Monitoring Survey - LCMS04
Zambia,ZM,ZMB,894,Urban,10,Dry latrines - Hanging toilet/hanging latrine,0.0,Living Conditions Monitoring Survey - LCMS04
Zambia,ZM,ZMB,894,Urban,11,Dry latrines - Bucket latrine,0.003,Living Conditions Monitoring Survey - LCMS04
Zambia,ZM,ZMB,894,Urban,8,Dry latrines - Traditional latrine,0.466,Living Conditions Monitoring Survey - LCMS04
Zambia,ZM,ZMB,894,Urban,8,Dry latrines - Traditional latrine,0.122,Living Conditions Monitoring Survey - LCMS04
Zambia,ZM,ZMB,894,Urban,9,Dry latrines - Pit latrine without slab/open pit,0.0,Living Conditions Monitoring Survey - LCMS04
Zambia,ZM,ZMB,894,Urban,10,Dry latrines - Hanging toilet/hanging latrine,0.0,Living Conditions Monitoring Survey - LCMS04
Zambia,ZM,ZMB,894,Urban,11,Dry latrines - Bucket latrine,0.0,Living Conditions Monitoring Survey - LCMS04
Zambia,ZM,ZMB,894,Urban,12,Dry latrines - Other,0.0,Living Conditions Monitoring Survey - LCMS04
Zambia,ZM,ZMB,894,Urban,13,Composting toilets,0.0,Living Conditions Monitoring Survey - LCMS04
Zambia,ZM,ZMB,894,Urban,14,Other improved,0.0,Living Conditions Monitoring Survey - LCMS04
Zambia,ZM,ZMB,894,Urban,15,"No facility, bush, field",0.004,Living Conditions Monitoring Survey - LCMS04
Zambia,ZM,ZMB,894,Urban,16,Other unimproved,0.056,Living Conditions Monitoring Survey - LCMS04
Zambia,ZM,ZMB,894,Urban,17,DK/missing information,0.0,Living Conditions Monitoring Survey - LCMS04
Zambia,ZM,ZMB,894,Rural,1,Flush and pour flush - to piped sewer system,0.0,Living Conditions Monitoring Survey - LCMS04
Zambia,ZM,ZMB,894,Rural,2,Flush and pour flush - to septic tank,0.0,Living Conditions Monitoring Survey - LCMS04
Zambia,ZM,ZMB,894,Rural,3,Flush and pour flush - to pit,0.0,Living Conditions Monitoring Survey - LCMS04
Zambia,ZM,ZMB,894,Rural,4,Flush and pour flush - to unknown place/ not sure/DK,0.0,Living Conditions Monitoring Survey - LCMS04
Zambia,ZM,ZMB,894,Rural,5,Flush and pour flush - to elsewhere,0.0,Living Conditions Monitoring Survey - LCMS04
Zambia,ZM,ZMB,894,Rural,6,Dry latrines - Ventilated Improved Pit latrine,0.0,Living Conditions Monitoring Survey - LCMS04
Zambia,ZM,ZMB,894,Rural,7,Dry latrines - Pit latrine with slab/covered latrine,0.0,Living Conditions Monitoring Survey - LCMS04
Zambia,ZM,ZMB,894,Rural,8,Dry latrines - Traditional latrine,0.665,Living Conditions Monitoring Survey - LCMS04
Zambia,ZM,ZMB,894,Rural,9,Dry latrines - Pit latrine without slab/open pit,0.0,Living Conditions Monitoring Survey - LCMS04
Zambia,ZM,ZMB,894,Rural,10,Dry latrines - Hanging toilet/hanging latrine,0.0,Living Conditions Monitoring Survey - LCMS04
Zambia,ZM,ZMB,894,Rural,11,Dry latrines - Bucket latrine,0.0,Living Conditions Monitoring Survey - LCMS04
Zambia,ZM,ZMB,894,Rural,8,Dry latrines - Traditional latrine,0.624,Living Conditions Monitoring Survey - LCMS04
Zambia,ZM,ZMB,894,Rural,8,Dry latrines - Traditional latrine,0.041,Living Conditions Monitoring Survey - LCMS04
Zambia,ZM,ZMB,894,Rural,9,Dry latrines - Pit latrine without slab/open pit,0.0,Living Conditions Monitoring Survey - LCMS04
Zambia,ZM,ZMB,894,Rural,10,Dry latrines - Hanging toilet/hanging latrine,0.0,Living Conditions Monitoring Survey - LCMS04
Zambia,ZM,ZMB,894,Rural,11,Dry latrines - Bucket latrine,0.0,Living Conditions Monitoring Survey - LCMS04
Zambia,ZM,ZMB,894,Rural,12,Dry latrines - Other,0.0,Living Conditions Monitoring Survey - LCMS04
Zambia,ZM,ZMB,894,Rural,13,Composting toilets,0.0,Living Conditions Monitoring Survey - LCMS04
Zambia,ZM,ZMB,894,Rural,14,Other improved,0.0,Living Conditions Monitoring Survey - LCMS04
Zambia,ZM,ZMB,894,Rural,15,"No facility, bush, field",0.212,Living Conditions Monitoring Survey - LCMS04
Zambia,ZM,ZMB,894,Rural,16,Other unimproved,0.103,Living Conditions Monitoring Survey - LCMS04
Zambia,ZM,ZMB,894,Rural,17,DK/missing information,0.0,Living Conditions Monitoring Survey - LCMS04
Zambia,ZM,ZMB,894,National,1,Flush and pour flush - to piped sewer system,0.0,Living Conditions Monitoring Survey - LCMS04
Zambia,ZM,ZMB,894,National,2,Flush and pour flush - to septic tank,0.0,Living Conditions Monitoring Survey - LCMS04
Zambia,ZM,ZMB,894,National,3,Flush and pour flush - to pit,0.0,Living Conditions Monitoring Survey - LCMS04
Zambia,ZM,ZMB,894,National,4,Flush and pour flush - to unknown place/ not sure/DK,0.0,Living Conditions Monitoring Survey - LCMS04
Zambia,ZM,ZMB,894,National,5,Flush and pour flush - to elsewhere,0.0,Living Conditions Monitoring Survey - LCMS04
Zambia,ZM,ZMB,894,National,6,Dry latrines - Ventilated Improved Pit latrine,0.0,Living Conditions Monitoring Survey - LCMS04
Zambia,ZM,ZMB,894,National,7,Dry latrines - Pit latrine with slab/covered latrine,0.0,Living Conditions Monitoring Survey - LCMS04
Zambia,ZM,ZMB,894,National,8,Dry latrines - Traditional latrine,0.636,Living Conditions Monitoring Survey - LCMS04
Zambia,ZM,ZMB,894,National,8,Dry latrines - Traditional latrine,0.563,Living Conditions Monitoring Survey - LCMS04
Zambia,ZM,ZMB,894,National,8,Dry latrines - Traditional latrine,0.073,Living Conditions Monitoring Survey - LCMS04
Zambia,ZM,ZMB,894,National,9,Dry latrines - Pit latrine without slab/open pit,0.0,Living Conditions Monitoring Survey - LCMS04
Zambia,ZM,ZMB,894,National,10,Dry latrines - Hanging toilet/hanging latrine,0.0,Living Conditions Monitoring Survey - LCMS04
Zambia,ZM,ZMB,894,National,11,Dry latrines - Bucket latrine,0.0,Living Conditions Monitoring Survey - LCMS04
Zambia,ZM,ZMB,894,National,12,Dry latrines - Other,0.0,Living Conditions Monitoring Survey - LCMS04
Zambia,ZM,ZMB,894,National,13,Composting toilets,0.0,Living Conditions Monitoring Survey - LCMS04
Zambia,ZM,ZMB,894,National,14,Other improved,0.0,Living Conditions Monitoring Survey - LCMS04
Zambia,ZM,ZMB,894,National,15,"No facility, bush, field",0.132,Living Conditions Monitoring Survey - LCMS04
Zambia,ZM,ZMB,894,National,16,Other unimproved,0.085,Living Conditions Monitoring Survey - LCMS04
Zambia,ZM,ZMB,894,National,17,DK/missing information,0.0,Living Conditions Monitoring Survey - LCMS04
Zambia,ZM,ZMB,894,Urban,1,Flush and pour flush - to piped sewer system,0.0,Living Conditions and Monitoring Survey - LCMS06
Zambia,ZM,ZMB,894,Urban,2,Flush and pour flush - to septic tank,0.005,Living Conditions and Monitoring Survey - LCMS06
Zambia,ZM,ZMB,894,Urban,3,Flush and pour flush - to pit,0.0,Living Conditions and Monitoring Survey - LCMS06
Zambia,ZM,ZMB,894,Urban,4,Flush and pour flush - to unknown place/ not sure/DK,0.0,Living Conditions and Monitoring Survey - LCMS06
Zambia,ZM,ZMB,894,Urban,5,Flush and pour flush - to elsewhere,0.0,Living Conditions and Monitoring Survey - LCMS06
Zambia,ZM,ZMB,894,Urban,6,Dry latrines - Ventilated Improved Pit latrine,0.0,Living Conditions and Monitoring Survey - LCMS06
Zambia,ZM,ZMB,894,Urban,7,Dry latrines - Pit latrine with slab/covered latrine,0.0,Living Conditions and Monitoring Survey - LCMS06
Zambia,ZM,ZMB,894,Urban,8,Dry latrines - Traditional latrine,0.566,Living Conditions and Monitoring Survey - LCMS06
Zambia,ZM,ZMB,894,Urban,9,Dry latrines - Pit latrine without slab/open pit,0.0,Living Conditions and Monitoring Survey - LCMS06
Zambia,ZM,ZMB,894,Urban,10,Dry latrines - Hanging toilet/hanging latrine,0.0,Living Conditions and Monitoring Survey - LCMS06
Zambia,ZM,ZMB,894,Urban,11,Dry latrines - Bucket latrine,0.0,Living Conditions and Monitoring Survey - LCMS06
Zambia,ZM,ZMB,894,Urban,12,Dry latrines - Other,0.032,Living Conditions and Monitoring Survey - LCMS06
Zambia,ZM,ZMB,894,Urban,8,Dry latrines - Traditional latrine,0.432,Living Conditions and Monitoring Survey - LCMS06
Zambia,ZM,ZMB,894,Urban,9,Dry latrines - Pit latrine without slab/open pit,0.0,Living Conditions and Monitoring Survey - LCMS06
Zambia,ZM,ZMB,894,Urban,10,Dry latrines - Hanging toilet/hanging latrine,0.0,Living Conditions and Monitoring Survey - LCMS06
Zambia,ZM,ZMB,894,Urban,11,Dry latrines - Bucket latrine,0.0,Living Conditions and Monitoring Survey - LCMS06
Zambia,ZM,ZMB,894,Urban,8,Dry latrines - Traditional latrine,0.134,Living Conditions and Monitoring Survey - LCMS06
Zambia,ZM,ZMB,894,Urban,9,Dry latrines - Pit latrine without slab/open pit,0.0,Living Conditions and Monitoring Survey - LCMS06
Zambia,ZM,ZMB,894,Urban,10,Dry latrines - Hanging toilet/hanging latrine,0.0,Living Conditions and Monitoring Survey - LCMS06
Zambia,ZM,ZMB,894,Urban,11,Dry latrines - Bucket latrine,0.0,Living Conditions and Monitoring Survey - LCMS06
Zambia,ZM,ZMB,894,Urban,12,Dry latrines - Other,0.032,Living Conditions and Monitoring Survey - LCMS06
Zambia,ZM,ZMB,894,Urban,13,Composting toilets,0.0,Living Conditions and Monitoring Survey - LCMS06
Zambia,ZM,ZMB,894,Urban,14,Other improved,0.0,Living Conditions and Monitoring Survey - LCMS06
Zambia,ZM,ZMB,894,Urban,15,"No facility, bush, field",0.01,Living Conditions and Monitoring Survey - LCMS06
Zambia,ZM,ZMB,894,Urban,16,Other unimproved,0.001,Living Conditions and Monitoring Survey - LCMS06
Zambia,ZM,ZMB,894,Urban,17,DK/missing information,0.0,Living Conditions and Monitoring Survey - LCMS06
Zambia,ZM,ZMB,894,Rural,1,Flush and pour flush - to piped sewer system,0.0,Living Conditions and Monitoring Survey - LCMS06
Zambia,ZM,ZMB,894,Rural,2,Flush and pour flush - to septic tank,0.001,Living Conditions and Monitoring Survey - LCMS06
Zambia,ZM,ZMB,894,Rural,3,Flush and pour flush - to pit,0.0,Living Conditions and Monitoring Survey - LCMS06
Zambia,ZM,ZMB,894,Rural,4,Flush and pour flush - to unknown place/ not sure/DK,0.0,Living Conditions and Monitoring Survey - LCMS06
Zambia,ZM,ZMB,894,Rural,5,Flush and pour flush - to elsewhere,0.0,Living Conditions and Monitoring Survey - LCMS06
Zambia,ZM,ZMB,894,Rural,6,Dry latrines - Ventilated Improved Pit latrine,0.0,Living Conditions and Monitoring Survey - LCMS06
Zambia,ZM,ZMB,894,Rural,7,Dry latrines - Pit latrine with slab/covered latrine,0.0,Living Conditions and Monitoring Survey - LCMS06
Zambia,ZM,ZMB,894,Rural,8,Dry latrines - Traditional latrine,0.714,Living Conditions and Monitoring Survey - LCMS06
Zambia,ZM,ZMB,894,Rural,9,Dry latrines - Pit latrine without slab/open pit,0.0,Living Conditions and Monitoring Survey - LCMS06
Zambia,ZM,ZMB,894,Rural,10,Dry latrines - Hanging toilet/hanging latrine,0.0,Living Conditions and Monitoring Survey - LCMS06
Zambia,ZM,ZMB,894,Rural,11,Dry latrines - Bucket latrine,0.001,Living Conditions and Monitoring Survey - LCMS06
Zambia,ZM,ZMB,894,Rural,12,Dry latrines - Other,0.054,Living Conditions and Monitoring Survey - LCMS06
Zambia,ZM,ZMB,894,Rural,8,Dry latrines - Traditional latrine,0.674,Living Conditions and Monitoring Survey - LCMS06
Zambia,ZM,ZMB,894,Rural,9,Dry latrines - Pit latrine without slab/open pit,0.0,Living Conditions and Monitoring Survey - LCMS06
Zambia,ZM,ZMB,894,Rural,10,Dry latrines - Hanging toilet/hanging latrine,0.0,Living Conditions and Monitoring Survey - LCMS06
Zambia,ZM,ZMB,894,Rural,11,Dry latrines - Bucket latrine,0.001,Living Conditions and Monitoring Survey - LCMS06
Zambia,ZM,ZMB,894,Rural,8,Dry latrines - Traditional latrine,0.04,Living Conditions and Monitoring Survey - LCMS06
Zambia,ZM,ZMB,894,Rural,9,Dry latrines - Pit latrine without slab/open pit,0.0,Living Conditions and Monitoring Survey - LCMS06
Zambia,ZM,ZMB,894,Rural,10,Dry latrines - Hanging toilet/hanging latrine,0.0,Living Conditions and Monitoring Survey - LCMS06
Zambia,ZM,ZMB,894,Rural,11,Dry latrines - Bucket latrine,0.0,Living Conditions and Monitoring Survey - LCMS06
Zambia,ZM,ZMB,894,Rural,12,Dry latrines - Other,0.054,Living Conditions and Monitoring Survey - LCMS06
Zambia,ZM,ZMB,894,Rural,13,Composting toilets,0.0,Living Conditions and Monitoring Survey - LCMS06
Zambia,ZM,ZMB,894,Rural,14,Other improved,0.0,Living Conditions and Monitoring Survey - LCMS06
Zambia,ZM,ZMB,894,Rural,15,"No facility, bush, field",0.188,Living Conditions and Monitoring Survey - LCMS06
Zambia,ZM,ZMB,894,Rural,16,Other unimproved,0.021,Living Conditions and Monitoring Survey - LCMS06
Zambia,ZM,ZMB,894,Rural,17,DK/missing information,0.0,Living Conditions and Monitoring Survey - LCMS06
Zambia,ZM,ZMB,894,National,1,Flush and pour flush - to piped sewer system,0.0,Living Conditions and Monitoring Survey - LCMS06
Zambia,ZM,ZMB,894,National,2,Flush and pour flush - to septic tank,0.002,Living Conditions and Monitoring Survey - LCMS06
Zambia,ZM,ZMB,894,National,3,Flush and pour flush - to pit,0.0,Living Conditions and Monitoring Survey - LCMS06
Zambia,ZM,ZMB,894,National,4,Flush and pour flush - to unknown place/ not sure/DK,0.0,Living Conditions and Monitoring Survey - LCMS06
Zambia,ZM,ZMB,894,National,5,Flush and pour flush - to elsewhere,0.0,Living Conditions and Monitoring Survey - LCMS06
Zambia,ZM,ZMB,894,National,6,Dry latrines - Ventilated Improved Pit latrine,0.0,Living Conditions and Monitoring Survey - LCMS06
Zambia,ZM,ZMB,894,National,7,Dry latrines - Pit latrine with slab/covered latrine,0.0,Living Conditions and Monitoring Survey - LCMS06
Zambia,ZM,ZMB,894,National,8,Dry latrines - Traditional latrine,0.663,Living Conditions and Monitoring Survey - LCMS06
Zambia,ZM,ZMB,894,National,9,Dry latrines - Pit latrine without slab/open pit,0.0,Living Conditions and Monitoring Survey - LCMS06
Zambia,ZM,ZMB,894,National,10,Dry latrines - Hanging toilet/hanging latrine,0.0,Living Conditions and Monitoring Survey - LCMS06
Zambia,ZM,ZMB,894,National,11,Dry latrines - Bucket latrine,0.0,Living Conditions and Monitoring Survey - LCMS06
Zambia,ZM,ZMB,894,National,12,Dry latrines - Other,0.046,Living Conditions and Monitoring Survey - LCMS06
Zambia,ZM,ZMB,894,National,8,Dry latrines - Traditional latrine,0.59,Living Conditions and Monitoring Survey - LCMS06
Zambia,ZM,ZMB,894,National,9,Dry latrines - Pit latrine without slab/open pit,0.0,Living Conditions and Monitoring Survey - LCMS06
Zambia,ZM,ZMB,894,National,10,Dry latrines - Hanging toilet/hanging latrine,0.0,Living Conditions and Monitoring Survey - LCMS06
Zambia,ZM,ZMB,894,National,11,Dry latrines - Bucket latrine,0.0,Living Conditions and Monitoring Survey - LCMS06
Zambia,ZM,ZMB,894,National,8,Dry latrines - Traditional latrine,0.073,Living Conditions and Monitoring Survey - LCMS06
Zambia,ZM,ZMB,894,National,9,Dry latrines - Pit latrine without slab/open pit,0.0,Living Conditions and Monitoring Survey - LCMS06
Zambia,ZM,ZMB,894,National,10,Dry latrines - Hanging toilet/hanging latrine,0.0,Living Conditions and Monitoring Survey - LCMS06
Zambia,ZM,ZMB,894,National,11,Dry latrines - Bucket latrine,0.0,Living Conditions and Monitoring Survey - LCMS06
Zambia,ZM,ZMB,894,National,12,Dry latrines - Other,0.046,Living Conditions and Monitoring Survey - LCMS06
Zambia,ZM,ZMB,894,National,13,Composting toilets,0.0,Living Conditions and Monitoring Survey - LCMS06
Zambia,ZM,ZMB,894,National,14,Other improved,0.0,Living Conditions and Monitoring Survey - LCMS06
Zambia,ZM,ZMB,894,National,15,"No facility, bush, field",0.126,Living Conditions and Monitoring Survey - LCMS06
Zambia,ZM,ZMB,894,National,16,Other unimproved,0.014,Living Conditions and Monitoring Survey - LCMS06
Zambia,ZM,ZMB,894,National,17,DK/missing information,0.0,Living Conditions and Monitoring Survey - LCMS06
Zambia,ZM,ZMB,894,Urban,1,Flush and pour flush - to piped sewer system,0.313,Malaria Indicator Survey - MIS06
Zambia,ZM,ZMB,894,Urban,2,Flush and pour flush - to septic tank,0.045,Malaria Indicator Survey - MIS06
Zambia,ZM,ZMB,894,Urban,3,Flush and pour flush - to pit,0.021,Malaria Indicator Survey - MIS06
Zambia,ZM,ZMB,894,Urban,4,Flush and pour flush - to unknown place/ not sure/DK,0.0,Malaria Indicator Survey - MIS06
Zambia,ZM,ZMB,894,Urban,5,Flush and pour flush - to elsewhere,0.002,Malaria Indicator Survey - MIS06
Zambia,ZM,ZMB,894,Urban,6,Dry latrines - Ventilated Improved Pit latrine,0.009,Malaria Indicator Survey - MIS06
Zambia,ZM,ZMB,894,Urban,7,Dry latrines - Pit latrine with slab/covered latrine,0.267,Malaria Indicator Survey - MIS06
Zambia,ZM,ZMB,894,Urban,8,Dry latrines - Traditional latrine,0.0,Malaria Indicator Survey - MIS06
Zambia,ZM,ZMB,894,Urban,9,Dry latrines - Pit latrine without slab/open pit,0.288,Malaria Indicator Survey - MIS06
Zambia,ZM,ZMB,894,Urban,10,Dry latrines - Hanging toilet/hanging latrine,0.008,Malaria Indicator Survey - MIS06
Zambia,ZM,ZMB,894,Urban,11,Dry latrines - Bucket latrine,0.0,Malaria Indicator Survey - MIS06
Zambia,ZM,ZMB,894,Urban,12,Dry latrines - Other,0.0,Malaria Indicator Survey - MIS06
Zambia,ZM,ZMB,894,Urban,13,Composting toilets,0.0,Malaria Indicator Survey - MIS06
Zambia,ZM,ZMB,894,Urban,14,Other improved,0.0,Malaria Indicator Survey - MIS06
Zambia,ZM,ZMB,894,Urban,15,"No facility, bush, field",0.048,Malaria Indicator Survey - MIS06
Zambia,ZM,ZMB,894,Urban,16,Other unimproved,0.0,Malaria Indicator Survey - MIS06
Zambia,ZM,ZMB,894,Urban,17,DK/missing information,0.0,Malaria Indicator Survey - MIS06
Zambia,ZM,ZMB,894,Rural,1,Flush and pour flush - to piped sewer system,0.006,Malaria Indicator Survey - MIS06
Zambia,ZM,ZMB,894,Rural,2,Flush and pour flush - to septic tank,0.01,Malaria Indicator Survey - MIS06
Zambia,ZM,ZMB,894,Rural,3,Flush and pour flush - to pit,0.0,Malaria Indicator Survey - MIS06
Zambia,ZM,ZMB,894,Rural,4,Flush and pour flush - to unknown place/ not sure/DK,0.0,Malaria Indicator Survey - MIS06
Zambia,ZM,ZMB,894,Rural,5,Flush and pour flush - to elsewhere,0.0,Malaria Indicator Survey - MIS06
Zambia,ZM,ZMB,894,Rural,6,Dry latrines - Ventilated Improved Pit latrine,0.016,Malaria Indicator Survey - MIS06
Zambia,ZM,ZMB,894,Rural,7,Dry latrines - Pit latrine with slab/covered latrine,0.091,Malaria Indicator Survey - MIS06
Zambia,ZM,ZMB,894,Rural,8,Dry latrines - Traditional latrine,0.0,Malaria Indicator Survey - MIS06
Zambia,ZM,ZMB,894,Rural,9,Dry latrines - Pit latrine without slab/open pit,0.484,Malaria Indicator Survey - MIS06
Zambia,ZM,ZMB,894,Rural,10,Dry latrines - Hanging toilet/hanging latrine,0.007,Malaria Indicator Survey - MIS06
Zambia,ZM,ZMB,894,Rural,11,Dry latrines - Bucket latrine,0.0,Malaria Indicator Survey - MIS06
Zambia,ZM,ZMB,894,Rural,12,Dry latrines - Other,0.0,Malaria Indicator Survey - MIS06
Zambia,ZM,ZMB,894,Rural,13,Composting toilets,0.0,Malaria Indicator Survey - MIS06
Zambia,ZM,ZMB,894,Rural,14,Other improved,0.0,Malaria Indicator Survey - MIS06
Zambia,ZM,ZMB,894,Rural,15,"No facility, bush, field",0.383,Malaria Indicator Survey - MIS06
Zambia,ZM,ZMB,894,Rural,16,Other unimproved,0.002,Malaria Indicator Survey - MIS06
Zambia,ZM,ZMB,894,Rural,17,DK/missing information,0.0,Malaria Indicator Survey - MIS06
Zambia,ZM,ZMB,894,National,1,Flush and pour flush - to piped sewer system,0.112,Malaria Indicator Survey - MIS06
Zambia,ZM,ZMB,894,National,2,Flush and pour flush - to septic tank,0.022,Malaria Indicator Survey - MIS06
Zambia,ZM,ZMB,894,National,3,Flush and pour flush - to pit,0.007,Malaria Indicator Survey - MIS06
Zambia,ZM,ZMB,894,National,4,Flush and pour flush - to unknown place/ not sure/DK,0.0,Malaria Indicator Survey - MIS06
Zambia,ZM,ZMB,894,National,5,Flush and pour flush - to elsewhere,0.001,Malaria Indicator Survey - MIS06
Zambia,ZM,ZMB,894,National,6,Dry latrines - Ventilated Improved Pit latrine,0.014,Malaria Indicator Survey - MIS06
Zambia,ZM,ZMB,894,National,7,Dry latrines - Pit latrine with slab/covered latrine,0.152,Malaria Indicator Survey - MIS06
Zambia,ZM,ZMB,894,National,8,Dry latrines - Traditional latrine,0.0,Malaria Indicator Survey - MIS06
Zambia,ZM,ZMB,894,National,9,Dry latrines - Pit latrine without slab/open pit,0.417,Malaria Indicator Survey - MIS06
Zambia,ZM,ZMB,894,National,10,Dry latrines - Hanging toilet/hanging latrine,0.007,Malaria Indicator Survey - MIS06
Zambia,ZM,ZMB,894,National,11,Dry latrines - Bucket latrine,0.0,Malaria Indicator Survey - MIS06
Zambia,ZM,ZMB,894,National,12,Dry latrines - Other,0.0,Malaria Indicator Survey - MIS06
Zambia,ZM,ZMB,894,National,13,Composting toilets,0.0,Malaria Indicator Survey - MIS06
Zambia,ZM,ZMB,894,National,14,Other improved,0.0,Malaria Indicator Survey - MIS06
Zambia,ZM,ZMB,894,National,15,"No facility, bush, field",0.268,Malaria Indicator Survey - MIS06
Zambia,ZM,ZMB,894,National,16,Other unimproved,0.002,Malaria Indicator Survey - MIS06
Zambia,ZM,ZMB,894,National,17,DK/missing information,0.0,Malaria Indicator Survey - MIS06
Zambia,ZM,ZMB,894,Urban,1,Flush and pour flush - to piped sewer system,0.281,Demographic and Health Survey - DHS07
Zambia,ZM,ZMB,894,Urban,2,Flush and pour flush - to septic tank,0.086,Demographic and Health Survey - DHS07
Zambia,ZM,ZMB,894,Urban,3,Flush and pour flush - to pit,0.009,Demographic and Health Survey - DHS07
Zambia,ZM,ZMB,894,Urban,4,Flush and pour flush - to unknown place/ not sure/DK,0.001,Demographic and Health Survey - DHS07
Zambia,ZM,ZMB,894,Urban,5,Flush and pour flush - to elsewhere,0.002,Demographic and Health Survey - DHS07
Zambia,ZM,ZMB,894,Urban,6,Dry latrines - Ventilated Improved Pit latrine,0.07,Demographic and Health Survey - DHS07
Zambia,ZM,ZMB,894,Urban,7,Dry latrines - Pit latrine with slab/covered latrine,0.27,Demographic and Health Survey - DHS07
Zambia,ZM,ZMB,894,Urban,8,Dry latrines - Traditional latrine,0.0,Demographic and Health Survey - DHS07
Zambia,ZM,ZMB,894,Urban,9,Dry latrines - Pit latrine without slab/open pit,0.259,Demographic and Health Survey - DHS07
Zambia,ZM,ZMB,894,Urban,10,Dry latrines - Hanging toilet/hanging latrine,0.0,Demographic and Health Survey - DHS07
Zambia,ZM,ZMB,894,Urban,11,Dry latrines - Bucket latrine,0.0,Demographic and Health Survey - DHS07
Zambia,ZM,ZMB,894,Urban,12,Dry latrines - Other,0.0,Demographic and Health Survey - DHS07
Zambia,ZM,ZMB,894,Urban,13,Composting toilets,0.001,Demographic and Health Survey - DHS07
Zambia,ZM,ZMB,894,Urban,14,Other improved,0.0,Demographic and Health Survey - DHS07
Zambia,ZM,ZMB,894,Urban,15,"No facility, bush, field",0.018,Demographic and Health Survey - DHS07
Zambia,ZM,ZMB,894,Urban,16,Other unimproved,0.003,Demographic and Health Survey - DHS07
Zambia,ZM,ZMB,894,Urban,17,DK/missing information,0.0,Demographic and Health Survey - DHS07
Zambia,ZM,ZMB,894,Rural,1,Flush and pour flush - to piped sewer system,0.004,Demographic and Health Survey - DHS07
Zambia,ZM,ZMB,894,Rural,2,Flush and pour flush - to septic tank,0.006,Demographic and Health Survey - DHS07
Zambia,ZM,ZMB,894,Rural,3,Flush and pour flush - to pit,0.002,Demographic and Health Survey - DHS07
Zambia,ZM,ZMB,894,Rural,4,Flush and pour flush - to unknown place/ not sure/DK,0.0,Demographic and Health Survey - DHS07
Zambia,ZM,ZMB,894,Rural,5,Flush and pour flush - to elsewhere,0.0,Demographic and Health Survey - DHS07
Zambia,ZM,ZMB,894,Rural,6,Dry latrines - Ventilated Improved Pit latrine,0.086,Demographic and Health Survey - DHS07
Zambia,ZM,ZMB,894,Rural,7,Dry latrines - Pit latrine with slab/covered latrine,0.086,Demographic and Health Survey - DHS07
Zambia,ZM,ZMB,894,Rural,8,Dry latrines - Traditional latrine,0.0,Demographic and Health Survey - DHS07
Zambia,ZM,ZMB,894,Rural,9,Dry latrines - Pit latrine without slab/open pit,0.454,Demographic and Health Survey - DHS07
Zambia,ZM,ZMB,894,Rural,10,Dry latrines - Hanging toilet/hanging latrine,0.001,Demographic and Health Survey - DHS07
Zambia,ZM,ZMB,894,Rural,11,Dry latrines - Bucket latrine,0.0,Demographic and Health Survey - DHS07
Zambia,ZM,ZMB,894,Rural,12,Dry latrines - Other,0.0,Demographic and Health Survey - DHS07
Zambia,ZM,ZMB,894,Rural,13,Composting toilets,0.0,Demographic and Health Survey - DHS07
Zambia,ZM,ZMB,894,Rural,14,Other improved,0.0,Demographic and Health Survey - DHS07
Zambia,ZM,ZMB,894,Rural,15,"No facility, bush, field",0.354,Demographic and Health Survey - DHS07
Zambia,ZM,ZMB,894,Rural,16,Other unimproved,0.007,Demographic and Health Survey - DHS07
Zambia,ZM,ZMB,894,Rural,17,DK/missing information,0.0,Demographic and Health Survey - DHS07
Zambia,ZM,ZMB,894,National,1,Flush and pour flush - to piped sewer system,0.103,Demographic and Health Survey - DHS07
Zambia,ZM,ZMB,894,National,2,Flush and pour flush - to septic tank,0.034,Demographic and Health Survey - DHS07
Zambia,ZM,ZMB,894,National,3,Flush and pour flush - to pit,0.005,Demographic and Health Survey - DHS07
Zambia,ZM,ZMB,894,National,4,Flush and pour flush - to unknown place/ not sure/DK,0.0,Demographic and Health Survey - DHS07
Zambia,ZM,ZMB,894,National,5,Flush and pour flush - to elsewhere,0.001,Demographic and Health Survey - DHS07
Zambia,ZM,ZMB,894,National,6,Dry latrines - Ventilated Improved Pit latrine,0.08,Demographic and Health Survey - DHS07
Zambia,ZM,ZMB,894,National,7,Dry latrines - Pit latrine with slab/covered latrine,0.152,Demographic and Health Survey - DHS07
Zambia,ZM,ZMB,894,National,8,Dry latrines - Traditional latrine,0.0,Demographic and Health Survey - DHS07
Zambia,ZM,ZMB,894,National,9,Dry latrines - Pit latrine without slab/open pit,0.385,Demographic and Health Survey - DHS07
Zambia,ZM,ZMB,894,National,10,Dry latrines - Hanging toilet/hanging latrine,0.0,Demographic and Health Survey - DHS07
Zambia,ZM,ZMB,894,National,11,Dry latrines - Bucket latrine,0.0,Demographic and Health Survey - DHS07
Zambia,ZM,ZMB,894,National,12,Dry latrines - Other,0.0,Demographic and Health Survey - DHS07
Zambia,ZM,ZMB,894,National,13,Composting toilets,0.001,Demographic and Health Survey - DHS07
Zambia,ZM,ZMB,894,National,14,Other improved,0.0,Demographic and Health Survey - DHS07
Zambia,ZM,ZMB,894,National,15,"No facility, bush, field",0.235,Demographic and Health Survey - DHS07
Zambia,ZM,ZMB,894,National,16,Other unimproved,0.005,Demographic and Health Survey - DHS07
Zambia,ZM,ZMB,894,National,17,DK/missing information,0.0,Demographic and Health Survey - DHS07
Zambia,ZM,ZMB,894,Urban,1,Flush and pour flush - to piped sewer system,0.269,Malaria Indicator Survey - MIS08
Zambia,ZM,ZMB,894,Urban,2,Flush and pour flush - to septic tank,0.088,Malaria Indicator Survey - MIS08
Zambia,ZM,ZMB,894,Urban,3,Flush and pour flush - to pit,0.002,Malaria Indicator Survey - MIS08
Zambia,ZM,ZMB,894,Urban,4,Flush and pour flush - to unknown place/ not sure/DK,0.0,Malaria Indicator Survey - MIS08
Zambia,ZM,ZMB,894,Urban,5,Flush and pour flush - to elsewhere,0.004,Malaria Indicator Survey - MIS08
Zambia,ZM,ZMB,894,Urban,6,Dry latrines - Ventilated Improved Pit latrine,0.006,Malaria Indicator Survey - MIS08
Zambia,ZM,ZMB,894,Urban,7,Dry latrines - Pit latrine with slab/covered latrine,0.29,Malaria Indicator Survey - MIS08
Zambia,ZM,ZMB,894,Urban,8,Dry latrines - Traditional latrine,0.0,Malaria Indicator Survey - MIS08
Zambia,ZM,ZMB,894,Urban,9,Dry latrines - Pit latrine without slab/open pit,0.254,Malaria Indicator Survey - MIS08
Zambia,ZM,ZMB,894,Urban,10,Dry latrines - Hanging toilet/hanging latrine,0.001,Malaria Indicator Survey - MIS08
Zambia,ZM,ZMB,894,Urban,11,Dry latrines - Bucket latrine,0.0,Malaria Indicator Survey - MIS08
Zambia,ZM,ZMB,894,Urban,12,Dry latrines - Other,0.0,Malaria Indicator Survey - MIS08
Zambia,ZM,ZMB,894,Urban,13,Composting toilets,0.0,Malaria Indicator Survey - MIS08
Zambia,ZM,ZMB,894,Urban,14,Other improved,0.0,Malaria Indicator Survey - MIS08
Zambia,ZM,ZMB,894,Urban,15,"No facility, bush, field",0.038,Malaria Indicator Survey - MIS08
Zambia,ZM,ZMB,894,Urban,16,Other unimproved,0.002,Malaria Indicator Survey - MIS08
Zambia,ZM,ZMB,894,Urban,17,DK/missing information,0.0,Malaria Indicator Survey - MIS08
Zambia,ZM,ZMB,894,Rural,1,Flush and pour flush - to piped sewer system,0.004,Malaria Indicator Survey - MIS08
Zambia,ZM,ZMB,894,Rural,2,Flush and pour flush - to septic tank,0.001,Malaria Indicator Survey - MIS08
Zambia,ZM,ZMB,894,Rural,3,Flush and pour flush - to pit,0.017,Malaria Indicator Survey - MIS08
Zambia,ZM,ZMB,894,Rural,4,Flush and pour flush - to unknown place/ not sure/DK,0.0,Malaria Indicator Survey - MIS08
Zambia,ZM,ZMB,894,Rural,5,Flush and pour flush - to elsewhere,0.0,Malaria Indicator Survey - MIS08
Zambia,ZM,ZMB,894,Rural,6,Dry latrines - Ventilated Improved Pit latrine,0.009,Malaria Indicator Survey - MIS08
Zambia,ZM,ZMB,894,Rural,7,Dry latrines - Pit latrine with slab/covered latrine,0.184,Malaria Indicator Survey - MIS08
Zambia,ZM,ZMB,894,Rural,8,Dry latrines - Traditional latrine,0.0,Malaria Indicator Survey - MIS08
Zambia,ZM,ZMB,894,Rural,9,Dry latrines - Pit latrine without slab/open pit,0.416,Malaria Indicator Survey - MIS08
Zambia,ZM,ZMB,894,Rural,10,Dry latrines - Hanging toilet/hanging latrine,0.002,Malaria Indicator Survey - MIS08
Zambia,ZM,ZMB,894,Rural,11,Dry latrines - Bucket latrine,0.0,Malaria Indicator Survey - MIS08
Zambia,ZM,ZMB,894,Rural,12,Dry latrines - Other,0.0,Malaria Indicator Survey - MIS08
Zambia,ZM,ZMB,894,Rural,13,Composting toilets,0.0,Malaria Indicator Survey - MIS08
Zambia,ZM,ZMB,894,Rural,14,Other improved,0.0,Malaria Indicator Survey - MIS08
Zambia,ZM,ZMB,894,Rural,15,"No facility, bush, field",0.372,Malaria Indicator Survey - MIS08
Zambia,ZM,ZMB,894,Rural,16,Other unimproved,0.004,Malaria Indicator Survey - MIS08
Zambia,ZM,ZMB,894,Rural,17,DK/missing information,0.0,Malaria Indicator Survey - MIS08
Zambia,ZM,ZMB,894,National,1,Flush and pour flush - to piped sewer system,0.085,Malaria Indicator Survey - MIS08
Zambia,ZM,ZMB,894,National,2,Flush and pour flush - to septic tank,0.027,Malaria Indicator Survey - MIS08
Zambia,ZM,ZMB,894,National,3,Flush and pour flush - to pit,0.007,Malaria Indicator Survey - MIS08
Zambia,ZM,ZMB,894,National,4,Flush and pour flush - to unknown place/ not sure/DK,0.0,Malaria Indicator Survey - MIS08
Zambia,ZM,ZMB,894,National,5,Flush and pour flush - to elsewhere,0.001,Malaria Indicator Survey - MIS08
Zambia,ZM,ZMB,894,National,6,Dry latrines - Ventilated Improved Pit latrine,0.008,Malaria Indicator Survey - MIS08
Zambia,ZM,ZMB,894,National,7,Dry latrines - Pit latrine with slab/covered latrine,0.217,Malaria Indicator Survey - MIS08
Zambia,ZM,ZMB,894,National,8,Dry latrines - Traditional latrine,0.0,Malaria Indicator Survey - MIS08
Zambia,ZM,ZMB,894,National,9,Dry latrines - Pit latrine without slab/open pit,0.366,Malaria Indicator Survey - MIS08
Zambia,ZM,ZMB,894,National,10,Dry latrines - Hanging toilet/hanging latrine,0.002,Malaria Indicator Survey - MIS08
Zambia,ZM,ZMB,894,National,11,Dry latrines - Bucket latrine,0.0,Malaria Indicator Survey - MIS08
Zambia,ZM,ZMB,894,National,12,Dry latrines - Other,0.0,Malaria Indicator Survey - MIS08
Zambia,ZM,ZMB,894,National,13,Composting toilets,0.0,Malaria Indicator Survey - MIS08
Zambia,ZM,ZMB,894,National,14,Other improved,0.0,Malaria Indicator Survey - MIS08
Zambia,ZM,ZMB,894,National,15,"No facility, bush, field",0.269,Malaria Indicator Survey - MIS08
Zambia,ZM,ZMB,894,National,16,Other unimproved,0.003,Malaria Indicator Survey - MIS08
Zambia,ZM,ZMB,894,National,17,DK/missing information,0.0,Malaria Indicator Survey - MIS08
Zambia,ZM,ZMB,894,Urban,1,Flush and pour flush - to piped sewer system,0.0,"Zambia Sexual Behaviour Survey, 2009 - ZSBS09"
Zambia,ZM,ZMB,894,Urban,2,Flush and pour flush - to septic tank,0.0,"Zambia Sexual Behaviour Survey, 2009 - ZSBS09"
Zambia,ZM,ZMB,894,Urban,3,Flush and pour flush - to pit,0.0,"Zambia Sexual Behaviour Survey, 2009 - ZSBS09"
Zambia,ZM,ZMB,894,Urban,4,Flush and pour flush - to unknown place/ not sure/DK,0.0,"Zambia Sexual Behaviour Survey, 2009 - ZSBS09"
Zambia,ZM,ZMB,894,Urban,5,Flush and pour flush - to elsewhere,0.0,"Zambia Sexual Behaviour Survey, 2009 - ZSBS09"
Zambia,ZM,ZMB,894,Urban,6,Dry latrines - Ventilated Improved Pit latrine,0.005,"Zambia Sexual Behaviour Survey, 2009 - ZSBS09"
Zambia,ZM,ZMB,894,Urban,7,Dry latrines - Pit latrine with slab/covered latrine,0.0,"Zambia Sexual Behaviour Survey, 2009 - ZSBS09"
Zambia,ZM,ZMB,894,Urban,8,Dry latrines - Traditional latrine,0.557,"Zambia Sexual Behaviour Survey, 2009 - ZSBS09"
Zambia,ZM,ZMB,894,Urban,9,Dry latrines - Pit latrine without slab/open pit,0.0,"Zambia Sexual Behaviour Survey, 2009 - ZSBS09"
Zambia,ZM,ZMB,894,Urban,10,Dry latrines - Hanging toilet/hanging latrine,0.0,"Zambia Sexual Behaviour Survey, 2009 - ZSBS09"
Zambia,ZM,ZMB,894,Urban,11,Dry latrines - Bucket latrine,0.0,"Zambia Sexual Behaviour Survey, 2009 - ZSBS09"
Zambia,ZM,ZMB,894,Urban,12,Dry latrines - Other,0.0,"Zambia Sexual Behaviour Survey, 2009 - ZSBS09"
Zambia,ZM,ZMB,894,Urban,13,Composting toilets,0.0,"Zambia Sexual Behaviour Survey, 2009 - ZSBS09"
Zambia,ZM,ZMB,894,Urban,14,Other improved,0.0,"Zambia Sexual Behaviour Survey, 2009 - ZSBS09"
Zambia,ZM,ZMB,894,Urban,15,"No facility, bush, field",0.037,"Zambia Sexual Behaviour Survey, 2009 - ZSBS09"
Zambia,ZM,ZMB,894,Urban,16,Other unimproved,0.036,"Zambia Sexual Behaviour Survey, 2009 - ZSBS09"
Zambia,ZM,ZMB,894,Urban,17,DK/missing information,0.0,"Zambia Sexual Behaviour Survey, 2009 - ZSBS09"
Zambia,ZM,ZMB,894,Rural,1,Flush and pour flush - to piped sewer system,0.0,"Zambia Sexual Behaviour Survey, 2009 - ZSBS09"
Zambia,ZM,ZMB,894,Rural,2,Flush and pour flush - to septic tank,0.0,"Zambia Sexual Behaviour Survey, 2009 - ZSBS09"
Zambia,ZM,ZMB,894,Rural,3,Flush and pour flush - to pit,0.0,"Zambia Sexual Behaviour Survey, 2009 - ZSBS09"
Zambia,ZM,ZMB,894,Rural,4,Flush and pour flush - to unknown place/ not sure/DK,0.0,"Zambia Sexual Behaviour Survey, 2009 - ZSBS09"
Zambia,ZM,ZMB,894,Rural,5,Flush and pour flush - to elsewhere,0.0,"Zambia Sexual Behaviour Survey, 2009 - ZSBS09"
Zambia,ZM,ZMB,894,Rural,6,Dry latrines - Ventilated Improved Pit latrine,0.008,"Zambia Sexual Behaviour Survey, 2009 - ZSBS09"
Zambia,ZM,ZMB,894,Rural,7,Dry latrines - Pit latrine with slab/covered latrine,0.0,"Zambia Sexual Behaviour Survey, 2009 - ZSBS09"
Zambia,ZM,ZMB,894,Rural,8,Dry latrines - Traditional latrine,0.646,"Zambia Sexual Behaviour Survey, 2009 - ZSBS09"
Zambia,ZM,ZMB,894,Rural,9,Dry latrines - Pit latrine without slab/open pit,0.0,"Zambia Sexual Behaviour Survey, 2009 - ZSBS09"
Zambia,ZM,ZMB,894,Rural,10,Dry latrines - Hanging toilet/hanging latrine,0.0,"Zambia Sexual Behaviour Survey, 2009 - ZSBS09"
Zambia,ZM,ZMB,894,Rural,11,Dry latrines - Bucket latrine,0.0,"Zambia Sexual Behaviour Survey, 2009 - ZSBS09"
Zambia,ZM,ZMB,894,Rural,12,Dry latrines - Other,0.0,"Zambia Sexual Behaviour Survey, 2009 - ZSBS09"
Zambia,ZM,ZMB,894,Rural,13,Composting toilets,0.0,"Zambia Sexual Behaviour Survey, 2009 - ZSBS09"
Zambia,ZM,ZMB,894,Rural,14,Other improved,0.0,"Zambia Sexual Behaviour Survey, 2009 - ZSBS09"
Zambia,ZM,ZMB,894,Rural,15,"No facility, bush, field",0.324,"Zambia Sexual Behaviour Survey, 2009 - ZSBS09"
Zambia,ZM,ZMB,894,Rural,16,Other unimproved,0.002,"Zambia Sexual Behaviour Survey, 2009 - ZSBS09"
Zambia,ZM,ZMB,894,Rural,17,DK/missing information,0.0,"Zambia Sexual Behaviour Survey, 2009 - ZSBS09"
Zambia,ZM,ZMB,894,National,1,Flush and pour flush - to piped sewer system,0.0,"Zambia Sexual Behaviour Survey, 2009 - ZSBS09"
Zambia,ZM,ZMB,894,National,2,Flush and pour flush - to septic tank,0.0,"Zambia Sexual Behaviour Survey, 2009 - ZSBS09"
Zambia,ZM,ZMB,894,National,3,Flush and pour flush - to pit,0.0,"Zambia Sexual Behaviour Survey, 2009 - ZSBS09"
Zambia,ZM,ZMB,894,National,4,Flush and pour flush - to unknown place/ not sure/DK,0.0,"Zambia Sexual Behaviour Survey, 2009 - ZSBS09"
Zambia,ZM,ZMB,894,National,5,Flush and pour flush - to elsewhere,0.0,"Zambia Sexual Behaviour Survey, 2009 - ZSBS09"
Zambia,ZM,ZMB,894,National,6,Dry latrines - Ventilated Improved Pit latrine,0.007,"Zambia Sexual Behaviour Survey, 2009 - ZSBS09"
Zambia,ZM,ZMB,894,National,7,Dry latrines - Pit latrine with slab/covered latrine,0.0,"Zambia Sexual Behaviour Survey, 2009 - ZSBS09"
Zambia,ZM,ZMB,894,National,8,Dry latrines - Traditional latrine,0.616,"Zambia Sexual Behaviour Survey, 2009 - ZSBS09"
Zambia,ZM,ZMB,894,National,9,Dry latrines - Pit latrine without slab/open pit,0.0,"Zambia Sexual Behaviour Survey, 2009 - ZSBS09"
Zambia,ZM,ZMB,894,National,10,Dry latrines - Hanging toilet/hanging latrine,0.0,"Zambia Sexual Behaviour Survey, 2009 - ZSBS09"
Zambia,ZM,ZMB,894,National,11,Dry latrines - Bucket latrine,0.0,"Zambia Sexual Behaviour Survey, 2009 - ZSBS09"
Zambia,ZM,ZMB,894,National,12,Dry latrines - Other,0.0,"Zambia Sexual Behaviour Survey, 2009 - ZSBS09"
Zambia,ZM,ZMB,894,National,13,Composting toilets,0.0,"Zambia Sexual Behaviour Survey, 2009 - ZSBS09"
Zambia,ZM,ZMB,894,National,14,Other improved,0.0,"Zambia Sexual Behaviour Survey, 2009 - ZSBS09"
Zambia,ZM,ZMB,894,National,15,"No facility, bush, field",0.229,"Zambia Sexual Behaviour Survey, 2009 - ZSBS09"
Zambia,ZM,ZMB,894,National,16,Other unimproved,0.013,"Zambia Sexual Behaviour Survey, 2009 - ZSBS09"
Zambia,ZM,ZMB,894,National,17,DK/missing information,0.0,"Zambia Sexual Behaviour Survey, 2009 - ZSBS09"
Zambia,ZM,ZMB,894,Urban,1,Flush and pour flush - to piped sewer system,0.256,Living Conditions and Monitoring Survey - LCMS10
Zambia,ZM,ZMB,894,Urban,2,Flush and pour flush - to septic tank,0.077,Living Conditions and Monitoring Survey - LCMS10
Zambia,ZM,ZMB,894,Urban,3,Flush and pour flush - to pit,0.003,Living Conditions and Monitoring Survey - LCMS10
Zambia,ZM,ZMB,894,Urban,4,Flush and pour flush - to unknown place/ not sure/DK,0.002,Living Conditions and Monitoring Survey - LCMS10
Zambia,ZM,ZMB,894,Urban,5,Flush and pour flush - to elsewhere,0.0,Living Conditions and Monitoring Survey - LCMS10
Zambia,ZM,ZMB,894,Urban,6,Dry latrines - Ventilated Improved Pit latrine,0.0,Living Conditions and Monitoring Survey - LCMS10
Zambia,ZM,ZMB,894,Urban,7,Dry latrines - Pit latrine with slab/covered latrine,0.201,Living Conditions and Monitoring Survey - LCMS10
Zambia,ZM,ZMB,894,Urban,8,Dry latrines - Traditional latrine,0.0,Living Conditions and Monitoring Survey - LCMS10
Zambia,ZM,ZMB,894,Urban,9,Dry latrines - Pit latrine without slab/open pit,0.27,Living Conditions and Monitoring Survey - LCMS10
Zambia,ZM,ZMB,894,Urban,10,Dry latrines - Hanging toilet/hanging latrine,0.0,Living Conditions and Monitoring Survey - LCMS10
Zambia,ZM,ZMB,894,Urban,11,Dry latrines - Bucket latrine,0.0,Living Conditions and Monitoring Survey - LCMS10
Zambia,ZM,ZMB,894,Urban,12,Dry latrines - Other,0.055,Living Conditions and Monitoring Survey - LCMS10
Zambia,ZM,ZMB,894,Urban,7,Dry latrines - Pit latrine with slab/covered latrine,0.124,Living Conditions and Monitoring Survey - LCMS10
Zambia,ZM,ZMB,894,Urban,8,Dry latrines - Traditional latrine,0.0,Living Conditions and Monitoring Survey - LCMS10
Zambia,ZM,ZMB,894,Urban,9,Dry latrines - Pit latrine without slab/open pit,0.24,Living Conditions and Monitoring Survey - LCMS10
Zambia,ZM,ZMB,894,Urban,7,Dry latrines - Pit latrine with slab/covered latrine,0.077,Living Conditions and Monitoring Survey - LCMS10
Zambia,ZM,ZMB,894,Urban,8,Dry latrines - Traditional latrine,0.0,Living Conditions and Monitoring Survey - LCMS10
Zambia,ZM,ZMB,894,Urban,9,Dry latrines - Pit latrine without slab/open pit,0.03,Living Conditions and Monitoring Survey - LCMS10
Zambia,ZM,ZMB,894,Urban,10,Dry latrines - Hanging toilet/hanging latrine,0.0,Living Conditions and Monitoring Survey - LCMS10
Zambia,ZM,ZMB,894,Urban,11,Dry latrines - Bucket latrine,0.0,Living Conditions and Monitoring Survey - LCMS10
Zambia,ZM,ZMB,894,Urban,12,Dry latrines - Other,0.055,Living Conditions and Monitoring Survey - LCMS10
Zambia,ZM,ZMB,894,Urban,13,Composting toilets,0.0,Living Conditions and Monitoring Survey - LCMS10
Zambia,ZM,ZMB,894,Urban,14,Other improved,0.118,Living Conditions and Monitoring Survey - LCMS10
Zambia,ZM,ZMB,894,Urban,15,"No facility, bush, field",0.005,Living Conditions and Monitoring Survey - LCMS10
Zambia,ZM,ZMB,894,Urban,16,Other unimproved,0.007,Living Conditions and Monitoring Survey - LCMS10
Zambia,ZM,ZMB,894,Urban,17,DK/missing information,0.002,Living Conditions and Monitoring Survey - LCMS10
Zambia,ZM,ZMB,894,Rural,1,Flush and pour flush - to piped sewer system,0.008,Living Conditions and Monitoring Survey - LCMS10
Zambia,ZM,ZMB,894,Rural,2,Flush and pour flush - to septic tank,0.006,Living Conditions and Monitoring Survey - LCMS10
Zambia,ZM,ZMB,894,Rural,3,Flush and pour flush - to pit,0.001,Living Conditions and Monitoring Survey - LCMS10
Zambia,ZM,ZMB,894,Rural,4,Flush and pour flush - to unknown place/ not sure/DK,0.0,Living Conditions and Monitoring Survey - LCMS10
Zambia,ZM,ZMB,894,Rural,5,Flush and pour flush - to elsewhere,0.0,Living Conditions and Monitoring Survey - LCMS10
Zambia,ZM,ZMB,894,Rural,6,Dry latrines - Ventilated Improved Pit latrine,0.0,Living Conditions and Monitoring Survey - LCMS10
Zambia,ZM,ZMB,894,Rural,7,Dry latrines - Pit latrine with slab/covered latrine,0.076,Living Conditions and Monitoring Survey - LCMS10
Zambia,ZM,ZMB,894,Rural,8,Dry latrines - Traditional latrine,0.0,Living Conditions and Monitoring Survey - LCMS10
Zambia,ZM,ZMB,894,Rural,9,Dry latrines - Pit latrine without slab/open pit,0.568,Living Conditions and Monitoring Survey - LCMS10
Zambia,ZM,ZMB,894,Rural,10,Dry latrines - Hanging toilet/hanging latrine,0.0,Living Conditions and Monitoring Survey - LCMS10
Zambia,ZM,ZMB,894,Rural,11,Dry latrines - Bucket latrine,0.0,Living Conditions and Monitoring Survey - LCMS10
Zambia,ZM,ZMB,894,Rural,12,Dry latrines - Other,0.084,Living Conditions and Monitoring Survey - LCMS10
Zambia,ZM,ZMB,894,Rural,7,Dry latrines - Pit latrine with slab/covered latrine,0.066,Living Conditions and Monitoring Survey - LCMS10
Zambia,ZM,ZMB,894,Rural,8,Dry latrines - Traditional latrine,0.0,Living Conditions and Monitoring Survey - LCMS10
Zambia,ZM,ZMB,894,Rural,9,Dry latrines - Pit latrine without slab/open pit,0.557,Living Conditions and Monitoring Survey - LCMS10
Zambia,ZM,ZMB,894,Rural,7,Dry latrines - Pit latrine with slab/covered latrine,0.01,Living Conditions and Monitoring Survey - LCMS10
Zambia,ZM,ZMB,894,Rural,8,Dry latrines - Traditional latrine,0.0,Living Conditions and Monitoring Survey - LCMS10
Zambia,ZM,ZMB,894,Rural,9,Dry latrines - Pit latrine without slab/open pit,0.011,Living Conditions and Monitoring Survey - LCMS10
Zambia,ZM,ZMB,894,Rural,10,Dry latrines - Hanging toilet/hanging latrine,0.0,Living Conditions and Monitoring Survey - LCMS10
Zambia,ZM,ZMB,894,Rural,11,Dry latrines - Bucket latrine,0.0,Living Conditions and Monitoring Survey - LCMS10
Zambia,ZM,ZMB,894,Rural,12,Dry latrines - Other,0.084,Living Conditions and Monitoring Survey - LCMS10
Zambia,ZM,ZMB,894,Rural,13,Composting toilets,0.0,Living Conditions and Monitoring Survey - LCMS10
Zambia,ZM,ZMB,894,Rural,14,Other improved,0.05,Living Conditions and Monitoring Survey - LCMS10
Zambia,ZM,ZMB,894,Rural,15,"No facility, bush, field",0.183,Living Conditions and Monitoring Survey - LCMS10
Zambia,ZM,ZMB,894,Rural,16,Other unimproved,0.023,Living Conditions and Monitoring Survey - LCMS10
Zambia,ZM,ZMB,894,Rural,17,DK/missing information,0.003,Living Conditions and Monitoring Survey - LCMS10
Zambia,ZM,ZMB,894,National,1,Flush and pour flush - to piped sewer system,0.096,Living Conditions and Monitoring Survey - LCMS10
Zambia,ZM,ZMB,894,National,2,Flush and pour flush - to septic tank,0.031,Living Conditions and Monitoring Survey - LCMS10
Zambia,ZM,ZMB,894,National,3,Flush and pour flush - to pit,0.002,Living Conditions and Monitoring Survey - LCMS10
Zambia,ZM,ZMB,894,National,4,Flush and pour flush - to unknown place/ not sure/DK,0.001,Living Conditions and Monitoring Survey - LCMS10
Zambia,ZM,ZMB,894,National,5,Flush and pour flush - to elsewhere,0.0,Living Conditions and Monitoring Survey - LCMS10
Zambia,ZM,ZMB,894,National,6,Dry latrines - Ventilated Improved Pit latrine,0.0,Living Conditions and Monitoring Survey - LCMS10
Zambia,ZM,ZMB,894,National,7,Dry latrines - Pit latrine with slab/covered latrine,0.121,Living Conditions and Monitoring Survey - LCMS10
Zambia,ZM,ZMB,894,National,8,Dry latrines - Traditional latrine,0.0,Living Conditions and Monitoring Survey - LCMS10
Zambia,ZM,ZMB,894,National,9,Dry latrines - Pit latrine without slab/open pit,0.461,Living Conditions and Monitoring Survey - LCMS10
Zambia,ZM,ZMB,894,National,10,Dry latrines - Hanging toilet/hanging latrine,0.0,Living Conditions and Monitoring Survey - LCMS10
Zambia,ZM,ZMB,894,National,11,Dry latrines - Bucket latrine,0.0,Living Conditions and Monitoring Survey - LCMS10
Zambia,ZM,ZMB,894,National,12,Dry latrines - Other,0.074,Living Conditions and Monitoring Survey - LCMS10
Zambia,ZM,ZMB,894,National,7,Dry latrines - Pit latrine with slab/covered latrine,0.087,Living Conditions and Monitoring Survey - LCMS10
Zambia,ZM,ZMB,894,National,8,Dry latrines - Traditional latrine,0.0,Living Conditions and Monitoring Survey - LCMS10
Zambia,ZM,ZMB,894,National,9,Dry latrines - Pit latrine without slab/open pit,0.443,Living Conditions and Monitoring Survey - LCMS10
Zambia,ZM,ZMB,894,National,7,Dry latrines - Pit latrine with slab/covered latrine,0.034,Living Conditions and Monitoring Survey - LCMS10
Zambia,ZM,ZMB,894,National,8,Dry latrines - Traditional latrine,0.0,Living Conditions and Monitoring Survey - LCMS10
Zambia,ZM,ZMB,894,National,9,Dry latrines - Pit latrine without slab/open pit,0.018,Living Conditions and Monitoring Survey - LCMS10
Zambia,ZM,ZMB,894,National,10,Dry latrines - Hanging toilet/hanging latrine,0.0,Living Conditions and Monitoring Survey - LCMS10
Zambia,ZM,ZMB,894,National,11,Dry latrines - Bucket latrine,0.0,Living Conditions and Monitoring Survey - LCMS10
Zambia,ZM,ZMB,894,National,12,Dry latrines - Other,0.074,Living Conditions and Monitoring Survey - LCMS10
Zambia,ZM,ZMB,894,National,13,Composting toilets,0.0,Living Conditions and Monitoring Survey - LCMS10
Zambia,ZM,ZMB,894,National,14,Other improved,0.074,Living Conditions and Monitoring Survey - LCMS10
Zambia,ZM,ZMB,894,National,15,"No facility, bush, field",0.119,Living Conditions and Monitoring Survey - LCMS10
Zambia,ZM,ZMB,894,National,16,Other unimproved,0.017,Living Conditions and Monitoring Survey - LCMS10
Zambia,ZM,ZMB,894,National,17,DK/missing information,0.003,Living Conditions and Monitoring Survey - LCMS10
Zambia,ZM,ZMB,894,Urban,1,Flush and pour flush - to piped sewer system,0.287,Malaria Indicator Survey - MIS10
Zambia,ZM,ZMB,894,Urban,2,Flush and pour flush - to septic tank,0.044,Malaria Indicator Survey - MIS10
Zambia,ZM,ZMB,894,Urban,3,Flush and pour flush - to pit,0.008,Malaria Indicator Survey - MIS10
Zambia,ZM,ZMB,894,Urban,4,Flush and pour flush - to unknown place/ not sure/DK,0.0,Malaria Indicator Survey - MIS10
Zambia,ZM,ZMB,894,Urban,5,Flush and pour flush - to elsewhere,0.004,Malaria Indicator Survey - MIS10
Zambia,ZM,ZMB,894,Urban,6,Dry latrines - Ventilated Improved Pit latrine,0.01,Malaria Indicator Survey - MIS10
Zambia,ZM,ZMB,894,Urban,7,Dry latrines - Pit latrine with slab/covered latrine,0.293,Malaria Indicator Survey - MIS10
Zambia,ZM,ZMB,894,Urban,8,Dry latrines - Traditional latrine,0.0,Malaria Indicator Survey - MIS10
Zambia,ZM,ZMB,894,Urban,9,Dry latrines - Pit latrine without slab/open pit,0.314,Malaria Indicator Survey - MIS10
Zambia,ZM,ZMB,894,Urban,10,Dry latrines - Hanging toilet/hanging latrine,0.0,Malaria Indicator Survey - MIS10
Zambia,ZM,ZMB,894,Urban,11,Dry latrines - Bucket latrine,0.0,Malaria Indicator Survey - MIS10
Zambia,ZM,ZMB,894,Urban,12,Dry latrines - Other,0.0,Malaria Indicator Survey - MIS10
Zambia,ZM,ZMB,894,Urban,13,Composting toilets,0.0,Malaria Indicator Survey - MIS10
Zambia,ZM,ZMB,894,Urban,14,Other improved,0.0,Malaria Indicator Survey - MIS10
Zambia,ZM,ZMB,894,Urban,15,"No facility, bush, field",0.034,Malaria Indicator Survey - MIS10
Zambia,ZM,ZMB,894,Urban,16,Other unimproved,0.008,Malaria Indicator Survey - MIS10
Zambia,ZM,ZMB,894,Urban,17,DK/missing information,0.0,Malaria Indicator Survey - MIS10
Zambia,ZM,ZMB,894,Rural,1,Flush and pour flush - to piped sewer system,0.016,Malaria Indicator Survey - MIS10
Zambia,ZM,ZMB,894,Rural,2,Flush and pour flush - to septic tank,0.007,Malaria Indicator Survey - MIS10
Zambia,ZM,ZMB,894,Rural,3,Flush and pour flush - to pit,0.001,Malaria Indicator Survey - MIS10
Zambia,ZM,ZMB,894,Rural,4,Flush and pour flush - to unknown place/ not sure/DK,0.0,Malaria Indicator Survey - MIS10
Zambia,ZM,ZMB,894,Rural,5,Flush and pour flush - to elsewhere,0.001,Malaria Indicator Survey - MIS10
Zambia,ZM,ZMB,894,Rural,6,Dry latrines - Ventilated Improved Pit latrine,0.007,Malaria Indicator Survey - MIS10
Zambia,ZM,ZMB,894,Rural,7,Dry latrines - Pit latrine with slab/covered latrine,0.17,Malaria Indicator Survey - MIS10
Zambia,ZM,ZMB,894,Rural,8,Dry latrines - Traditional latrine,0.0,Malaria Indicator Survey - MIS10
Zambia,ZM,ZMB,894,Rural,9,Dry latrines - Pit latrine without slab/open pit,0.373,Malaria Indicator Survey - MIS10
Zambia,ZM,ZMB,894,Rural,10,Dry latrines - Hanging toilet/hanging latrine,0.003,Malaria Indicator Survey - MIS10
Zambia,ZM,ZMB,894,Rural,11,Dry latrines - Bucket latrine,0.0,Malaria Indicator Survey - MIS10
Zambia,ZM,ZMB,894,Rural,12,Dry latrines - Other,0.0,Malaria Indicator Survey - MIS10
Zambia,ZM,ZMB,894,Rural,13,Composting toilets,0.0,Malaria Indicator Survey - MIS10
Zambia,ZM,ZMB,894,Rural,14,Other improved,0.0,Malaria Indicator Survey - MIS10
Zambia,ZM,ZMB,894,Rural,15,"No facility, bush, field",0.41,Malaria Indicator Survey - MIS10
Zambia,ZM,ZMB,894,Rural,16,Other unimproved,0.012,Malaria Indicator Survey - MIS10
Zambia,ZM,ZMB,894,Rural,17,DK/missing information,0.0,Malaria Indicator Survey - MIS10
Zambia,ZM,ZMB,894,National,1,Flush and pour flush - to piped sewer system,0.115,Malaria Indicator Survey - MIS10
Zambia,ZM,ZMB,894,National,2,Flush and pour flush - to septic tank,0.02,Malaria Indicator Survey - MIS10
Zambia,ZM,ZMB,894,National,3,Flush and pour flush - to pit,0.003,Malaria Indicator Survey - MIS10
Zambia,ZM,ZMB,894,National,4,Flush and pour flush - to unknown place/ not sure/DK,0.0,Malaria Indicator Survey - MIS10
Zambia,ZM,ZMB,894,National,5,Flush and pour flush - to elsewhere,0.002,Malaria Indicator Survey - MIS10
Zambia,ZM,ZMB,894,National,6,Dry latrines - Ventilated Improved Pit latrine,0.008,Malaria Indicator Survey - MIS10
Zambia,ZM,ZMB,894,National,7,Dry latrines - Pit latrine with slab/covered latrine,0.215,Malaria Indicator Survey - MIS10
Zambia,ZM,ZMB,894,National,8,Dry latrines - Traditional latrine,0.0,Malaria Indicator Survey - MIS10
Zambia,ZM,ZMB,894,National,9,Dry latrines - Pit latrine without slab/open pit,0.352,Malaria Indicator Survey - MIS10
Zambia,ZM,ZMB,894,National,10,Dry latrines - Hanging toilet/hanging latrine,0.002,Malaria Indicator Survey - MIS10
Zambia,ZM,ZMB,894,National,11,Dry latrines - Bucket latrine,0.0,Malaria Indicator Survey - MIS10
Zambia,ZM,ZMB,894,National,12,Dry latrines - Other,0.0,Malaria Indicator Survey - MIS10
Zambia,ZM,ZMB,894,National,13,Composting toilets,0.0,Malaria Indicator Survey - MIS10
Zambia,ZM,ZMB,894,National,14,Other improved,0.0,Malaria Indicator Survey - MIS10
Zambia,ZM,ZMB,894,National,15,"No facility, bush, field",0.272,Malaria Indicator Survey - MIS10
Zambia,ZM,ZMB,894,National,16,Other unimproved,0.011,Malaria Indicator Survey - MIS10
Zambia,ZM,ZMB,894,National,17,DK/missing information,0.0,Malaria Indicator Survey - MIS10
Zambia,ZM,ZMB,894,Urban,1,Flush and pour flush - to piped sewer system,0.214,Malaria Indicator Survey - MIS13
Zambia,ZM,ZMB,894,Urban,2,Flush and pour flush - to septic tank,0.127,Malaria Indicator Survey - MIS13
Zambia,ZM,ZMB,894,Urban,3,Flush and pour flush - to pit,0.012,Malaria Indicator Survey - MIS13
Zambia,ZM,ZMB,894,Urban,4,Flush and pour flush - to unknown place/ not sure/DK,0.0,Malaria Indicator Survey - MIS13
Zambia,ZM,ZMB,894,Urban,5,Flush and pour flush - to elsewhere,0.003,Malaria Indicator Survey - MIS13
Zambia,ZM,ZMB,894,Urban,6,Dry latrines - Ventilated Improved Pit latrine,0.035,Malaria Indicator Survey - MIS13
Zambia,ZM,ZMB,894,Urban,7,Dry latrines - Pit latrine with slab/covered latrine,0.399,Malaria Indicator Survey - MIS13
Zambia,ZM,ZMB,894,Urban,8,Dry latrines - Traditional latrine,0.0,Malaria Indicator Survey - MIS13
Zambia,ZM,ZMB,894,Urban,9,Dry latrines - Pit latrine without slab/open pit,0.177,Malaria Indicator Survey - MIS13
Zambia,ZM,ZMB,894,Urban,10,Dry latrines - Hanging toilet/hanging latrine,0.0,Malaria Indicator Survey - MIS13
Zambia,ZM,ZMB,894,Urban,11,Dry latrines - Bucket latrine,0.0,Malaria Indicator Survey - MIS13
Zambia,ZM,ZMB,894,Urban,12,Dry latrines - Other,0.0,Malaria Indicator Survey - MIS13
Zambia,ZM,ZMB,894,Urban,13,Composting toilets,0.0,Malaria Indicator Survey - MIS13
Zambia,ZM,ZMB,894,Urban,14,Other improved,0.0,Malaria Indicator Survey - MIS13
Zambia,ZM,ZMB,894,Urban,15,"No facility, bush, field",0.029,Malaria Indicator Survey - MIS13
Zambia,ZM,ZMB,894,Urban,16,Other unimproved,0.004,Malaria Indicator Survey - MIS13
Zambia,ZM,ZMB,894,Urban,17,DK/missing information,0.0,Malaria Indicator Survey - MIS13
Zambia,ZM,ZMB,894,Rural,1,Flush and pour flush - to piped sewer system,0.006,Malaria Indicator Survey - MIS13
Zambia,ZM,ZMB,894,Rural,2,Flush and pour flush - to septic tank,0.005,Malaria Indicator Survey - MIS13
Zambia,ZM,ZMB,894,Rural,3,Flush and pour flush - to pit,0.001,Malaria Indicator Survey - MIS13
Zambia,ZM,ZMB,894,Rural,4,Flush and pour flush - to unknown place/ not sure/DK,0.0,Malaria Indicator Survey - MIS13
Zambia,ZM,ZMB,894,Rural,5,Flush and pour flush - to elsewhere,0.001,Malaria Indicator Survey - MIS13
Zambia,ZM,ZMB,894,Rural,6,Dry latrines - Ventilated Improved Pit latrine,0.009,Malaria Indicator Survey - MIS13
Zambia,ZM,ZMB,894,Rural,7,Dry latrines - Pit latrine with slab/covered latrine,0.121,Malaria Indicator Survey - MIS13
Zambia,ZM,ZMB,894,Rural,8,Dry latrines - Traditional latrine,0.0,Malaria Indicator Survey - MIS13
Zambia,ZM,ZMB,894,Rural,9,Dry latrines - Pit latrine without slab/open pit,0.506,Malaria Indicator Survey - MIS13
Zambia,ZM,ZMB,894,Rural,10,Dry latrines - Hanging toilet/hanging latrine,0.004,Malaria Indicator Survey - MIS13
Zambia,ZM,ZMB,894,Rural,11,Dry latrines - Bucket latrine,0.0,Malaria Indicator Survey - MIS13
Zambia,ZM,ZMB,894,Rural,12,Dry latrines - Other,0.0,Malaria Indicator Survey - MIS13
Zambia,ZM,ZMB,894,Rural,13,Composting toilets,0.0,Malaria Indicator Survey - MIS13
Zambia,ZM,ZMB,894,Rural,14,Other improved,0.0,Malaria Indicator Survey - MIS13
Zambia,ZM,ZMB,894,Rural,15,"No facility, bush, field",0.338,Malaria Indicator Survey - MIS13
Zambia,ZM,ZMB,894,Rural,16,Other unimproved,0.008,Malaria Indicator Survey - MIS13
Zambia,ZM,ZMB,894,Rural,17,DK/missing information,0.0,Malaria Indicator Survey - MIS13
Zambia,ZM,ZMB,894,National,1,Flush and pour flush - to piped sewer system,0.09,Malaria Indicator Survey - MIS13
Zambia,ZM,ZMB,894,National,2,Flush and pour flush - to septic tank,0.055,Malaria Indicator Survey - MIS13
Zambia,ZM,ZMB,894,National,3,Flush and pour flush - to pit,0.005,Malaria Indicator Survey - MIS13
Zambia,ZM,ZMB,894,National,4,Flush and pour flush - to unknown place/ not sure/DK,0.0,Malaria Indicator Survey - MIS13
Zambia,ZM,ZMB,894,National,5,Flush and pour flush - to elsewhere,0.002,Malaria Indicator Survey - MIS13
Zambia,ZM,ZMB,894,National,6,Dry latrines - Ventilated Improved Pit latrine,0.019,Malaria Indicator Survey - MIS13
Zambia,ZM,ZMB,894,National,7,Dry latrines - Pit latrine with slab/covered latrine,0.234,Malaria Indicator Survey - MIS13
Zambia,ZM,ZMB,894,National,8,Dry latrines - Traditional latrine,0.0,Malaria Indicator Survey - MIS13
Zambia,ZM,ZMB,894,National,9,Dry latrines - Pit latrine without slab/open pit,0.373,Malaria Indicator Survey - MIS13
Zambia,ZM,ZMB,894,National,10,Dry latrines - Hanging toilet/hanging latrine,0.003,Malaria Indicator Survey - MIS13
Zambia,ZM,ZMB,894,National,11,Dry latrines - Bucket latrine,0.0,Malaria Indicator Survey - MIS13
Zambia,ZM,ZMB,894,National,12,Dry latrines - Other,0.0,Malaria Indicator Survey - MIS13
Zambia,ZM,ZMB,894,National,13,Composting toilets,0.0,Malaria Indicator Survey - MIS13
Zambia,ZM,ZMB,894,National,14,Other improved,0.0,Malaria Indicator Survey - MIS13
Zambia,ZM,ZMB,894,National,15,"No facility, bush, field",0.213,Malaria Indicator Survey - MIS13
Zambia,ZM,ZMB,894,National,16,Other unimproved,0.006,Malaria Indicator Survey - MIS13
Zambia,ZM,ZMB,894,National,17,DK/missing information,0.0,Malaria Indicator Survey - MIS13
Zambia,ZM,ZMB,894,Urban,1,Flush and pour flush - to piped sewer system,0.248,Demographic and Health Surveys 2013-2014 - DHS14
Zambia,ZM,ZMB,894,Urban,2,Flush and pour flush - to septic tank,0.101,Demographic and Health Surveys 2013-2014 - DHS14
Zambia,ZM,ZMB,894,Urban,3,Flush and pour flush - to pit,0.016,Demographic and Health Surveys 2013-2014 - DHS14
Zambia,ZM,ZMB,894,Urban,4,Flush and pour flush - to unknown place/ not sure/DK,0.0,Demographic and Health Surveys 2013-2014 - DHS14
Zambia,ZM,ZMB,894,Urban,5,Flush and pour flush - to elsewhere,0.0,Demographic and Health Surveys 2013-2014 - DHS14
Zambia,ZM,ZMB,894,Urban,6,Dry latrines - Ventilated Improved Pit latrine,0.103,Demographic and Health Surveys 2013-2014 - DHS14
Zambia,ZM,ZMB,894,Urban,7,Dry latrines - Pit latrine with slab/covered latrine,0.261,Demographic and Health Surveys 2013-2014 - DHS14
Zambia,ZM,ZMB,894,Urban,8,Dry latrines - Traditional latrine,0.0,Demographic and Health Surveys 2013-2014 - DHS14
Zambia,ZM,ZMB,894,Urban,9,Dry latrines - Pit latrine without slab/open pit,0.251,Demographic and Health Surveys 2013-2014 - DHS14
Zambia,ZM,ZMB,894,Urban,10,Dry latrines - Hanging toilet/hanging latrine,0.0,Demographic and Health Surveys 2013-2014 - DHS14
Zambia,ZM,ZMB,894,Urban,6,Dry latrines - Ventilated Improved Pit latrine,0.036,Demographic and Health Surveys 2013-2014 - DHS14
Zambia,ZM,ZMB,894,Urban,7,Dry latrines - Pit latrine with slab/covered latrine,0.083,Demographic and Health Surveys 2013-2014 - DHS14
Zambia,ZM,ZMB,894,Urban,6,Dry latrines - Ventilated Improved Pit latrine,0.067,Demographic and Health Surveys 2013-2014 - DHS14
Zambia,ZM,ZMB,894,Urban,7,Dry latrines - Pit latrine with slab/covered latrine,0.178,Demographic and Health Surveys 2013-2014 - DHS14
Zambia,ZM,ZMB,894,Urban,8,Dry latrines - Traditional latrine,0.0,Demographic and Health Surveys 2013-2014 - DHS14
Zambia,ZM,ZMB,894,Urban,9,Dry latrines - Pit latrine without slab/open pit,0.0,Demographic and Health Surveys 2013-2014 - DHS14
Zambia,ZM,ZMB,894,Urban,10,Dry latrines - Hanging toilet/hanging latrine,0.0,Demographic and Health Surveys 2013-2014 - DHS14
Zambia,ZM,ZMB,894,Urban,11,Dry latrines - Bucket latrine,0.0,Demographic and Health Surveys 2013-2014 - DHS14
Zambia,ZM,ZMB,894,Urban,12,Dry latrines - Other,0.0,Demographic and Health Surveys 2013-2014 - DHS14
Zambia,ZM,ZMB,894,Urban,13,Composting toilets,0.0,Demographic and Health Surveys 2013-2014 - DHS14
Zambia,ZM,ZMB,894,Urban,14,Other improved,0.0,Demographic and Health Surveys 2013-2014 - DHS14
Zambia,ZM,ZMB,894,Urban,15,"No facility, bush, field",0.014,Demographic and Health Surveys 2013-2014 - DHS14
Zambia,ZM,ZMB,894,Urban,16,Other unimproved,0.0,Demographic and Health Surveys 2013-2014 - DHS14
Zambia,ZM,ZMB,894,Urban,17,DK/missing information,0.0,Demographic and Health Surveys 2013-2014 - DHS14
Zambia,ZM,ZMB,894,Rural,1,Flush and pour flush - to piped sewer system,0.004,Demographic and Health Surveys 2013-2014 - DHS14
Zambia,ZM,ZMB,894,Rural,2,Flush and pour flush - to septic tank,0.007,Demographic and Health Surveys 2013-2014 - DHS14
Zambia,ZM,ZMB,894,Rural,3,Flush and pour flush - to pit,0.002,Demographic and Health Surveys 2013-2014 - DHS14
Zambia,ZM,ZMB,894,Rural,4,Flush and pour flush - to unknown place/ not sure/DK,0.0,Demographic and Health Surveys 2013-2014 - DHS14
Zambia,ZM,ZMB,894,Rural,5,Flush and pour flush - to elsewhere,0.0,Demographic and Health Surveys 2013-2014 - DHS14
Zambia,ZM,ZMB,894,Rural,6,Dry latrines - Ventilated Improved Pit latrine,0.134,Demographic and Health Surveys 2013-2014 - DHS14
Zambia,ZM,ZMB,894,Rural,7,Dry latrines - Pit latrine with slab/covered latrine,0.115,Demographic and Health Surveys 2013-2014 - DHS14
Zambia,ZM,ZMB,894,Rural,8,Dry latrines - Traditional latrine,0.0,Demographic and Health Surveys 2013-2014 - DHS14
Zambia,ZM,ZMB,894,Rural,9,Dry latrines - Pit latrine without slab/open pit,0.478,Demographic and Health Surveys 2013-2014 - DHS14
Zambia,ZM,ZMB,894,Rural,10,Dry latrines - Hanging toilet/hanging latrine,0.002,Demographic and Health Surveys 2013-2014 - DHS14
Zambia,ZM,ZMB,894,Rural,6,Dry latrines - Ventilated Improved Pit latrine,0.101,Demographic and Health Surveys 2013-2014 - DHS14
Zambia,ZM,ZMB,894,Rural,7,Dry latrines - Pit latrine with slab/covered latrine,0.086,Demographic and Health Surveys 2013-2014 - DHS14
Zambia,ZM,ZMB,894,Rural,6,Dry latrines - Ventilated Improved Pit latrine,0.033,Demographic and Health Surveys 2013-2014 - DHS14
Zambia,ZM,ZMB,894,Rural,7,Dry latrines - Pit latrine with slab/covered latrine,0.029,Demographic and Health Surveys 2013-2014 - DHS14
Zambia,ZM,ZMB,894,Rural,8,Dry latrines - Traditional latrine,0.0,Demographic and Health Surveys 2013-2014 - DHS14
Zambia,ZM,ZMB,894,Rural,9,Dry latrines - Pit latrine without slab/open pit,0.0,Demographic and Health Surveys 2013-2014 - DHS14
Zambia,ZM,ZMB,894,Rural,10,Dry latrines - Hanging toilet/hanging latrine,0.0,Demographic and Health Surveys 2013-2014 - DHS14
Zambia,ZM,ZMB,894,Rural,11,Dry latrines - Bucket latrine,0.0,Demographic and Health Surveys 2013-2014 - DHS14
Zambia,ZM,ZMB,894,Rural,12,Dry latrines - Other,0.0,Demographic and Health Surveys 2013-2014 - DHS14
Zambia,ZM,ZMB,894,Rural,13,Composting toilets,0.0,Demographic and Health Surveys 2013-2014 - DHS14
Zambia,ZM,ZMB,894,Rural,14,Other improved,0.0,Demographic and Health Surveys 2013-2014 - DHS14
Zambia,ZM,ZMB,894,Rural,15,"No facility, bush, field",0.257,Demographic and Health Surveys 2013-2014 - DHS14
Zambia,ZM,ZMB,894,Rural,16,Other unimproved,0.0,Demographic and Health Surveys 2013-2014 - DHS14
Zambia,ZM,ZMB,894,Rural,17,DK/missing information,0.0,Demographic and Health Surveys 2013-2014 - DHS14
Zambia,ZM,ZMB,894,National,1,Flush and pour flush - to piped sewer system,0.1,Demographic and Health Surveys 2013-2014 - DHS14
Zambia,ZM,ZMB,894,National,2,Flush and pour flush - to septic tank,0.044,Demographic and Health Surveys 2013-2014 - DHS14
Zambia,ZM,ZMB,894,National,3,Flush and pour flush - to pit,0.007,Demographic and Health Surveys 2013-2014 - DHS14
Zambia,ZM,ZMB,894,National,4,Flush and pour flush - to unknown place/ not sure/DK,0.0,Demographic and Health Surveys 2013-2014 - DHS14
Zambia,ZM,ZMB,894,National,5,Flush and pour flush - to elsewhere,0.0,Demographic and Health Surveys 2013-2014 - DHS14
Zambia,ZM,ZMB,894,National,6,Dry latrines - Ventilated Improved Pit latrine,0.121,Demographic and Health Surveys 2013-2014 - DHS14
Zambia,ZM,ZMB,894,National,7,Dry latrines - Pit latrine with slab/covered latrine,0.172,Demographic and Health Surveys 2013-2014 - DHS14
Zambia,ZM,ZMB,894,National,8,Dry latrines - Traditional latrine,0.0,Demographic and Health Surveys 2013-2014 - DHS14
Zambia,ZM,ZMB,894,National,9,Dry latrines - Pit latrine without slab/open pit,0.389,Demographic and Health Surveys 2013-2014 - DHS14
Zambia,ZM,ZMB,894,National,10,Dry latrines - Hanging toilet/hanging latrine,0.001,Demographic and Health Surveys 2013-2014 - DHS14
Zambia,ZM,ZMB,894,National,6,Dry latrines - Ventilated Improved Pit latrine,0.075,Demographic and Health Surveys 2013-2014 - DHS14
Zambia,ZM,ZMB,894,National,7,Dry latrines - Pit latrine with slab/covered latrine,0.085,Demographic and Health Surveys 2013-2014 - DHS14
Zambia,ZM,ZMB,894,National,6,Dry latrines - Ventilated Improved Pit latrine,0.046,Demographic and Health Surveys 2013-2014 - DHS14
Zambia,ZM,ZMB,894,National,7,Dry latrines - Pit latrine with slab/covered latrine,0.087,Demographic and Health Surveys 2013-2014 - DHS14
Zambia,ZM,ZMB,894,National,8,Dry latrines - Traditional latrine,0.0,Demographic and Health Surveys 2013-2014 - DHS14
Zambia,ZM,ZMB,894,National,9,Dry latrines - Pit latrine without slab/open pit,0.0,Demographic and Health Surveys 2013-2014 - DHS14
Zambia,ZM,ZMB,894,National,10,Dry latrines - Hanging toilet/hanging latrine,0.0,Demographic and Health Surveys 2013-2014 - DHS14
Zambia,ZM,ZMB,894,National,11,Dry latrines - Bucket latrine,0.0,Demographic and Health Surveys 2013-2014 - DHS14
Zambia,ZM,ZMB,894,National,12,Dry latrines - Other,0.0,Demographic and Health Surveys 2013-2014 - DHS14
Zambia,ZM,ZMB,894,National,13,Composting toilets,0.0,Demographic and Health Surveys 2013-2014 - DHS14
Zambia,ZM,ZMB,894,National,14,Other improved,0.0,Demographic and Health Surveys 2013-2014 - DHS14
Zambia,ZM,ZMB,894,National,15,"No facility, bush, field",0.162,Demographic and Health Surveys 2013-2014 - DHS14
Zambia,ZM,ZMB,894,National,16,Other unimproved,0.0,Demographic and Health Surveys 2013-2014 - DHS14
Zambia,ZM,ZMB,894,National,17,DK/missing information,0.0,Demographic and Health Surveys 2013-2014 - DHS14
Zambia,ZM,ZMB,894,Urban,1,Flush and pour flush - to piped sewer system,0.25,Living Conditions and Monitoring Survey - LCMS15
Zambia,ZM,ZMB,894,Urban,2,Flush and pour flush - to septic tank,0.098,Living Conditions and Monitoring Survey - LCMS15
Zambia,ZM,ZMB,894,Urban,3,Flush and pour flush - to pit,0.004,Living Conditions and Monitoring Survey - LCMS15
Zambia,ZM,ZMB,894,Urban,4,Flush and pour flush - to unknown place/ not sure/DK,0.002,Living Conditions and Monitoring Survey - LCMS15
Zambia,ZM,ZMB,894,Urban,5,Flush and pour flush - to elsewhere,0.0,Living Conditions and Monitoring Survey - LCMS15
Zambia,ZM,ZMB,894,Urban,6,Dry latrines - Ventilated Improved Pit latrine,0.0,Living Conditions and Monitoring Survey - LCMS15
Zambia,ZM,ZMB,894,Urban,7,Dry latrines - Pit latrine with slab/covered latrine,0.35,Living Conditions and Monitoring Survey - LCMS15
Zambia,ZM,ZMB,894,Urban,8,Dry latrines - Traditional latrine,0.0,Living Conditions and Monitoring Survey - LCMS15
Zambia,ZM,ZMB,894,Urban,9,Dry latrines - Pit latrine without slab/open pit,0.191,Living Conditions and Monitoring Survey - LCMS15
Zambia,ZM,ZMB,894,Urban,10,Dry latrines - Hanging toilet/hanging latrine,0.0,Living Conditions and Monitoring Survey - LCMS15
Zambia,ZM,ZMB,894,Urban,11,Dry latrines - Bucket latrine,0.001,Living Conditions and Monitoring Survey - LCMS15
Zambia,ZM,ZMB,894,Urban,12,Dry latrines - Other,0.064,Living Conditions and Monitoring Survey - LCMS15
Zambia,ZM,ZMB,894,Urban,7,Dry latrines - Pit latrine with slab/covered latrine,0.248,Living Conditions and Monitoring Survey - LCMS15
Zambia,ZM,ZMB,894,Urban,8,Dry latrines - Traditional latrine,0.0,Living Conditions and Monitoring Survey - LCMS15
Zambia,ZM,ZMB,894,Urban,9,Dry latrines - Pit latrine without slab/open pit,0.157,Living Conditions and Monitoring Survey - LCMS15
Zambia,ZM,ZMB,894,Urban,10,Dry latrines - Hanging toilet/hanging latrine,0.0,Living Conditions and Monitoring Survey - LCMS15
Zambia,ZM,ZMB,894,Urban,11,Dry latrines - Bucket latrine,0.0,Living Conditions and Monitoring Survey - LCMS15
Zambia,ZM,ZMB,894,Urban,12,Dry latrines - Other,0.064,Living Conditions and Monitoring Survey - LCMS15
Zambia,ZM,ZMB,894,Urban,7,Dry latrines - Pit latrine with slab/covered latrine,0.102,Living Conditions and Monitoring Survey - LCMS15
Zambia,ZM,ZMB,894,Urban,8,Dry latrines - Traditional latrine,0.0,Living Conditions and Monitoring Survey - LCMS15
Zambia,ZM,ZMB,894,Urban,9,Dry latrines - Pit latrine without slab/open pit,0.034,Living Conditions and Monitoring Survey - LCMS15
Zambia,ZM,ZMB,894,Urban,10,Dry latrines - Hanging toilet/hanging latrine,0.0,Living Conditions and Monitoring Survey - LCMS15
Zambia,ZM,ZMB,894,Urban,11,Dry latrines - Bucket latrine,0.001,Living Conditions and Monitoring Survey - LCMS15
Zambia,ZM,ZMB,894,Urban,12,Dry latrines - Other,0.0,Living Conditions and Monitoring Survey - LCMS15
Zambia,ZM,ZMB,894,Urban,13,Composting toilets,0.0,Living Conditions and Monitoring Survey - LCMS15
Zambia,ZM,ZMB,894,Urban,14,Other improved,0.034,Living Conditions and Monitoring Survey - LCMS15
Zambia,ZM,ZMB,894,Urban,15,"No facility, bush, field",0.004,Living Conditions and Monitoring Survey - LCMS15
Zambia,ZM,ZMB,894,Urban,16,Other unimproved,0.003,Living Conditions and Monitoring Survey - LCMS15
Zambia,ZM,ZMB,894,Urban,17,DK/missing information,0.0,Living Conditions and Monitoring Survey - LCMS15
Zambia,ZM,ZMB,894,Rural,1,Flush and pour flush - to piped sewer system,0.005,Living Conditions and Monitoring Survey - LCMS15
Zambia,ZM,ZMB,894,Rural,2,Flush and pour flush - to septic tank,0.009,Living Conditions and Monitoring Survey - LCMS15
Zambia,ZM,ZMB,894,Rural,3,Flush and pour flush - to pit,0.0,Living Conditions and Monitoring Survey - LCMS15
Zambia,ZM,ZMB,894,Rural,4,Flush and pour flush - to unknown place/ not sure/DK,0.0,Living Conditions and Monitoring Survey - LCMS15
Zambia,ZM,ZMB,894,Rural,5,Flush and pour flush - to elsewhere,0.0,Living Conditions and Monitoring Survey - LCMS15
Zambia,ZM,ZMB,894,Rural,6,Dry latrines - Ventilated Improved Pit latrine,0.0,Living Conditions and Monitoring Survey - LCMS15
Zambia,ZM,ZMB,894,Rural,7,Dry latrines - Pit latrine with slab/covered latrine,0.132,Living Conditions and Monitoring Survey - LCMS15
Zambia,ZM,ZMB,894,Rural,8,Dry latrines - Traditional latrine,0.0,Living Conditions and Monitoring Survey - LCMS15
Zambia,ZM,ZMB,894,Rural,9,Dry latrines - Pit latrine without slab/open pit,0.541,Living Conditions and Monitoring Survey - LCMS15
Zambia,ZM,ZMB,894,Rural,10,Dry latrines - Hanging toilet/hanging latrine,0.0,Living Conditions and Monitoring Survey - LCMS15
Zambia,ZM,ZMB,894,Rural,11,Dry latrines - Bucket latrine,0.001,Living Conditions and Monitoring Survey - LCMS15
Zambia,ZM,ZMB,894,Rural,12,Dry latrines - Other,0.191,Living Conditions and Monitoring Survey - LCMS15
Zambia,ZM,ZMB,894,Rural,7,Dry latrines - Pit latrine with slab/covered latrine,0.111,Living Conditions and Monitoring Survey - LCMS15
Zambia,ZM,ZMB,894,Rural,8,Dry latrines - Traditional latrine,0.0,Living Conditions and Monitoring Survey - LCMS15
Zambia,ZM,ZMB,894,Rural,9,Dry latrines - Pit latrine without slab/open pit,0.494,Living Conditions and Monitoring Survey - LCMS15
Zambia,ZM,ZMB,894,Rural,10,Dry latrines - Hanging toilet/hanging latrine,0.0,Living Conditions and Monitoring Survey - LCMS15
Zambia,ZM,ZMB,894,Rural,11,Dry latrines - Bucket latrine,0.0,Living Conditions and Monitoring Survey - LCMS15
Zambia,ZM,ZMB,894,Rural,12,Dry latrines - Other,0.191,Living Conditions and Monitoring Survey - LCMS15
Zambia,ZM,ZMB,894,Rural,7,Dry latrines - Pit latrine with slab/covered latrine,0.02,Living Conditions and Monitoring Survey - LCMS15
Zambia,ZM,ZMB,894,Rural,8,Dry latrines - Traditional latrine,0.0,Living Conditions and Monitoring Survey - LCMS15
Zambia,ZM,ZMB,894,Rural,9,Dry latrines - Pit latrine without slab/open pit,0.047,Living Conditions and Monitoring Survey - LCMS15
Zambia,ZM,ZMB,894,Rural,10,Dry latrines - Hanging toilet/hanging latrine,0.0,Living Conditions and Monitoring Survey - LCMS15
Zambia,ZM,ZMB,894,Rural,11,Dry latrines - Bucket latrine,0.001,Living Conditions and Monitoring Survey - LCMS15
Zambia,ZM,ZMB,894,Rural,12,Dry latrines - Other,0.0,Living Conditions and Monitoring Survey - LCMS15
Zambia,ZM,ZMB,894,Rural,13,Composting toilets,0.0,Living Conditions and Monitoring Survey - LCMS15
Zambia,ZM,ZMB,894,Rural,14,Other improved,0.014,Living Conditions and Monitoring Survey - LCMS15
Zambia,ZM,ZMB,894,Rural,15,"No facility, bush, field",0.061,Living Conditions and Monitoring Survey - LCMS15
Zambia,ZM,ZMB,894,Rural,16,Other unimproved,0.044,Living Conditions and Monitoring Survey - LCMS15
Zambia,ZM,ZMB,894,Rural,17,DK/missing information,0.0,Living Conditions and Monitoring Survey - LCMS15
Zambia,ZM,ZMB,894,National,1,Flush and pour flush - to piped sewer system,0.108,Living Conditions and Monitoring Survey - LCMS15
Zambia,ZM,ZMB,894,National,2,Flush and pour flush - to septic tank,0.046,Living Conditions and Monitoring Survey - LCMS15
Zambia,ZM,ZMB,894,National,3,Flush and pour flush - to pit,0.002,Living Conditions and Monitoring Survey - LCMS15
Zambia,ZM,ZMB,894,National,4,Flush and pour flush - to unknown place/ not sure/DK,0.001,Living Conditions and Monitoring Survey - LCMS15
Zambia,ZM,ZMB,894,National,5,Flush and pour flush - to elsewhere,0.0,Living Conditions and Monitoring Survey - LCMS15
Zambia,ZM,ZMB,894,National,6,Dry latrines - Ventilated Improved Pit latrine,0.0,Living Conditions and Monitoring Survey - LCMS15
Zambia,ZM,ZMB,894,National,7,Dry latrines - Pit latrine with slab/covered latrine,0.223,Living Conditions and Monitoring Survey - LCMS15
Zambia,ZM,ZMB,894,National,8,Dry latrines - Traditional latrine,0.0,Living Conditions and Monitoring Survey - LCMS15
Zambia,ZM,ZMB,894,National,9,Dry latrines - Pit latrine without slab/open pit,0.395,Living Conditions and Monitoring Survey - LCMS15
Zambia,ZM,ZMB,894,National,10,Dry latrines - Hanging toilet/hanging latrine,0.0,Living Conditions and Monitoring Survey - LCMS15
Zambia,ZM,ZMB,894,National,11,Dry latrines - Bucket latrine,0.001,Living Conditions and Monitoring Survey - LCMS15
Zambia,ZM,ZMB,894,National,12,Dry latrines - Other,0.138,Living Conditions and Monitoring Survey - LCMS15
Zambia,ZM,ZMB,894,National,7,Dry latrines - Pit latrine with slab/covered latrine,0.169,Living Conditions and Monitoring Survey - LCMS15
Zambia,ZM,ZMB,894,National,8,Dry latrines - Traditional latrine,0.0,Living Conditions and Monitoring Survey - LCMS15
Zambia,ZM,ZMB,894,National,9,Dry latrines - Pit latrine without slab/open pit,0.353,Living Conditions and Monitoring Survey - LCMS15
Zambia,ZM,ZMB,894,National,10,Dry latrines - Hanging toilet/hanging latrine,0.0,Living Conditions and Monitoring Survey - LCMS15
Zambia,ZM,ZMB,894,National,11,Dry latrines - Bucket latrine,0.0,Living Conditions and Monitoring Survey - LCMS15
Zambia,ZM,ZMB,894,National,12,Dry latrines - Other,0.138,Living Conditions and Monitoring Survey - LCMS15
Zambia,ZM,ZMB,894,National,7,Dry latrines - Pit latrine with slab/covered latrine,0.055,Living Conditions and Monitoring Survey - LCMS15
Zambia,ZM,ZMB,894,National,8,Dry latrines - Traditional latrine,0.0,Living Conditions and Monitoring Survey - LCMS15
Zambia,ZM,ZMB,894,National,9,Dry latrines - Pit latrine without slab/open pit,0.042,Living Conditions and Monitoring Survey - LCMS15
Zambia,ZM,ZMB,894,National,10,Dry latrines - Hanging toilet/hanging latrine,0.0,Living Conditions and Monitoring Survey - LCMS15
Zambia,ZM,ZMB,894,National,11,Dry latrines - Bucket latrine,0.001,Living Conditions and Monitoring Survey - LCMS15
Zambia,ZM,ZMB,894,National,12,Dry latrines - Other,0.0,Living Conditions and Monitoring Survey - LCMS15
Zambia,ZM,ZMB,894,National,13,Composting toilets,0.0,Living Conditions and Monitoring Survey - LCMS15
Zambia,ZM,ZMB,894,National,14,Other improved,0.022,Living Conditions and Monitoring Survey - LCMS15
Zambia,ZM,ZMB,894,National,15,"No facility, bush, field",0.037,Living Conditions and Monitoring Survey - LCMS15
Zambia,ZM,ZMB,894,National,16,Other unimproved,0.027,Living Conditions and Monitoring Survey - LCMS15
Zambia,ZM,ZMB,894,National,17,DK/missing information,0.0,Living Conditions and Monitoring Survey - LCMS15
